task_name,base_task,category,add,initstate,language,layout,light,noise,table,view
pick_up_the_alphabet_soup_and_place_it_in_the_basket_table_1,pick_up_the_alphabet_soup_and_place_it_in_the_basket,Background Textures,,,,,,,table_1,
pick_up_the_alphabet_soup_and_place_it_in_the_basket_table_10,pick_up_the_alphabet_soup_and_place_it_in_the_basket,Background Textures,,,,,,,table_10,
pick_up_the_alphabet_soup_and_place_it_in_the_basket_table_12,pick_up_the_alphabet_soup_and_place_it_in_the_basket,Background Textures,,,,,,,table_12,
pick_up_the_alphabet_soup_and_place_it_in_the_basket_table_13,pick_up_the_alphabet_soup_and_place_it_in_the_basket,Background Textures,,,,,,,table_13,
pick_up_the_alphabet_soup_and_place_it_in_the_basket_table_14,pick_up_the_alphabet_soup_and_place_it_in_the_basket,Background Textures,,,,,,,table_14,
pick_up_the_alphabet_soup_and_place_it_in_the_basket_table_15,pick_up_the_alphabet_soup_and_place_it_in_the_basket,Background Textures,,,,,,,table_15,
pick_up_the_alphabet_soup_and_place_it_in_the_basket_table_16,pick_up_the_alphabet_soup_and_place_it_in_the_basket,Background Textures,,,,,,,table_16,
pick_up_the_alphabet_soup_and_place_it_in_the_basket_table_17,pick_up_the_alphabet_soup_and_place_it_in_the_basket,Background Textures,,,,,,,table_17,
pick_up_the_alphabet_soup_and_place_it_in_the_basket_table_18,pick_up_the_alphabet_soup_and_place_it_in_the_basket,Background Textures,,,,,,,table_18,
pick_up_the_alphabet_soup_and_place_it_in_the_basket_table_19,pick_up_the_alphabet_soup_and_place_it_in_the_basket,Background Textures,,,,,,,table_19,
pick_up_the_alphabet_soup_and_place_it_in_the_basket_table_2,pick_up_the_alphabet_soup_and_place_it_in_the_basket,Background Textures,,,,,,,table_2,
pick_up_the_alphabet_soup_and_place_it_in_the_basket_table_20,pick_up_the_alphabet_soup_and_place_it_in_the_basket,Background Textures,,,,,,,table_20,
pick_up_the_alphabet_soup_and_place_it_in_the_basket_table_21,pick_up_the_alphabet_soup_and_place_it_in_the_basket,Background Textures,,,,,,,table_21,
pick_up_the_alphabet_soup_and_place_it_in_the_basket_table_22,pick_up_the_alphabet_soup_and_place_it_in_the_basket,Background Textures,,,,,,,table_22,
pick_up_the_alphabet_soup_and_place_it_in_the_basket_table_24,pick_up_the_alphabet_soup_and_place_it_in_the_basket,Background Textures,,,,,,,table_24,
pick_up_the_alphabet_soup_and_place_it_in_the_basket_table_27,pick_up_the_alphabet_soup_and_place_it_in_the_basket,Background Textures,,,,,,,table_27,
pick_up_the_alphabet_soup_and_place_it_in_the_basket_table_28,pick_up_the_alphabet_soup_and_place_it_in_the_basket,Background Textures,,,,,,,table_28,
pick_up_the_alphabet_soup_and_place_it_in_the_basket_table_5,pick_up_the_alphabet_soup_and_place_it_in_the_basket,Background Textures,,,,,,,table_5,
pick_up_the_alphabet_soup_and_place_it_in_the_basket_table_8,pick_up_the_alphabet_soup_and_place_it_in_the_basket,Background Textures,,,,,,,table_8,
pick_up_the_alphabet_soup_and_place_it_in_the_basket_table_9,pick_up_the_alphabet_soup_and_place_it_in_the_basket,Background Textures,,,,,,,table_9,
pick_up_the_alphabet_soup_and_place_it_in_the_basket_tb_10,pick_up_the_alphabet_soup_and_place_it_in_the_basket,Background Textures,,,,,,,tb_10,
pick_up_the_alphabet_soup_and_place_it_in_the_basket_tb_12,pick_up_the_alphabet_soup_and_place_it_in_the_basket,Background Textures,,,,,,,tb_12,
pick_up_the_alphabet_soup_and_place_it_in_the_basket_tb_18,pick_up_the_alphabet_soup_and_place_it_in_the_basket,Background Textures,,,,,,,tb_18,
pick_up_the_alphabet_soup_and_place_it_in_the_basket_tb_2,pick_up_the_alphabet_soup_and_place_it_in_the_basket,Background Textures,,,,,,,tb_2,
pick_up_the_alphabet_soup_and_place_it_in_the_basket_tb_20,pick_up_the_alphabet_soup_and_place_it_in_the_basket,Background Textures,,,,,,,tb_20,
pick_up_the_alphabet_soup_and_place_it_in_the_basket_tb_21,pick_up_the_alphabet_soup_and_place_it_in_the_basket,Background Textures,,,,,,,tb_21,
pick_up_the_alphabet_soup_and_place_it_in_the_basket_tb_22,pick_up_the_alphabet_soup_and_place_it_in_the_basket,Background Textures,,,,,,,tb_22,
pick_up_the_alphabet_soup_and_place_it_in_the_basket_tb_5,pick_up_the_alphabet_soup_and_place_it_in_the_basket,Background Textures,,,,,,,tb_5,
pick_up_the_alphabet_soup_and_place_it_in_the_basket_tb_6,pick_up_the_alphabet_soup_and_place_it_in_the_basket,Background Textures,,,,,,,tb_6,
pick_up_the_alphabet_soup_and_place_it_in_the_basket_tb_7,pick_up_the_alphabet_soup_and_place_it_in_the_basket,Background Textures,,,,,,,tb_7,
pick_up_the_alphabet_soup_and_place_it_in_the_basket_tb_8,pick_up_the_alphabet_soup_and_place_it_in_the_basket,Background Textures,,,,,,,tb_8,
pick_up_the_alphabet_soup_and_place_it_in_the_basket_tb_9,pick_up_the_alphabet_soup_and_place_it_in_the_basket,Background Textures,,,,,,,tb_9,
pick_up_the_alphabet_soup_and_place_it_in_the_basket_view_0_0_100_0_0_initstate_11,pick_up_the_alphabet_soup_and_place_it_in_the_basket,Robot Initial States,,initstate_11,,,,,,view_0
pick_up_the_alphabet_soup_and_place_it_in_the_basket_view_0_0_100_0_0_initstate_51,pick_up_the_alphabet_soup_and_place_it_in_the_basket,Robot Initial States,,initstate_51,,,,,,view_0
pick_up_the_alphabet_soup_and_place_it_in_the_basket_view_0_0_100_0_0_initstate_71,pick_up_the_alphabet_soup_and_place_it_in_the_basket,Robot Initial States,,initstate_71,,,,,,view_0
pick_up_the_alphabet_soup_and_place_it_in_the_basket_view_0_0_100_0_0_initstate_81,pick_up_the_alphabet_soup_and_place_it_in_the_basket,Robot Initial States,,initstate_81,,,,,,view_0
pick_up_the_alphabet_soup_and_place_it_in_the_basket_view_0_0_100_0_0_initstate_101,pick_up_the_alphabet_soup_and_place_it_in_the_basket,Robot Initial States,,initstate_101,,,,,,view_0
pick_up_the_alphabet_soup_and_place_it_in_the_basket_view_0_0_100_0_0_initstate_121,pick_up_the_alphabet_soup_and_place_it_in_the_basket,Robot Initial States,,initstate_121,,,,,,view_0
pick_up_the_alphabet_soup_and_place_it_in_the_basket_view_0_0_100_0_0_initstate_131,pick_up_the_alphabet_soup_and_place_it_in_the_basket,Robot Initial States,,initstate_131,,,,,,view_0
pick_up_the_alphabet_soup_and_place_it_in_the_basket_view_0_0_100_0_0_initstate_141,pick_up_the_alphabet_soup_and_place_it_in_the_basket,Robot Initial States,,initstate_141,,,,,,view_0
pick_up_the_alphabet_soup_and_place_it_in_the_basket_view_0_0_100_0_0_initstate_161,pick_up_the_alphabet_soup_and_place_it_in_the_basket,Robot Initial States,,initstate_161,,,,,,view_0
pick_up_the_alphabet_soup_and_place_it_in_the_basket_view_0_0_100_0_0_initstate_171,pick_up_the_alphabet_soup_and_place_it_in_the_basket,Robot Initial States,,initstate_171,,,,,,view_0
pick_up_the_alphabet_soup_and_place_it_in_the_basket_view_0_0_100_0_0_initstate_181,pick_up_the_alphabet_soup_and_place_it_in_the_basket,Robot Initial States,,initstate_181,,,,,,view_0
pick_up_the_alphabet_soup_and_place_it_in_the_basket_view_0_0_100_0_0_initstate_191,pick_up_the_alphabet_soup_and_place_it_in_the_basket,Robot Initial States,,initstate_191,,,,,,view_0
pick_up_the_alphabet_soup_and_place_it_in_the_basket_view_0_0_100_0_0_initstate_201,pick_up_the_alphabet_soup_and_place_it_in_the_basket,Robot Initial States,,initstate_201,,,,,,view_0
pick_up_the_alphabet_soup_and_place_it_in_the_basket_view_0_0_100_0_0_initstate_211,pick_up_the_alphabet_soup_and_place_it_in_the_basket,Robot Initial States,,initstate_211,,,,,,view_0
pick_up_the_alphabet_soup_and_place_it_in_the_basket_view_0_0_100_0_0_initstate_221,pick_up_the_alphabet_soup_and_place_it_in_the_basket,Robot Initial States,,initstate_221,,,,,,view_0
pick_up_the_alphabet_soup_and_place_it_in_the_basket_view_0_0_100_0_0_initstate_231,pick_up_the_alphabet_soup_and_place_it_in_the_basket,Robot Initial States,,initstate_231,,,,,,view_0
pick_up_the_alphabet_soup_and_place_it_in_the_basket_view_0_0_100_0_0_initstate_241,pick_up_the_alphabet_soup_and_place_it_in_the_basket,Robot Initial States,,initstate_241,,,,,,view_0
pick_up_the_alphabet_soup_and_place_it_in_the_basket_view_0_0_100_0_0_initstate_251,pick_up_the_alphabet_soup_and_place_it_in_the_basket,Robot Initial States,,initstate_251,,,,,,view_0
pick_up_the_alphabet_soup_and_place_it_in_the_basket_view_0_0_100_0_0_initstate_261,pick_up_the_alphabet_soup_and_place_it_in_the_basket,Robot Initial States,,initstate_261,,,,,,view_0
pick_up_the_alphabet_soup_and_place_it_in_the_basket_view_0_0_100_0_0_initstate_271,pick_up_the_alphabet_soup_and_place_it_in_the_basket,Robot Initial States,,initstate_271,,,,,,view_0
pick_up_the_alphabet_soup_and_place_it_in_the_basket_view_0_0_100_0_0_initstate_281,pick_up_the_alphabet_soup_and_place_it_in_the_basket,Robot Initial States,,initstate_281,,,,,,view_0
pick_up_the_alphabet_soup_and_place_it_in_the_basket_view_0_0_100_0_0_initstate_291,pick_up_the_alphabet_soup_and_place_it_in_the_basket,Robot Initial States,,initstate_291,,,,,,view_0
pick_up_the_alphabet_soup_and_place_it_in_the_basket_view_0_0_100_0_0_initstate_301,pick_up_the_alphabet_soup_and_place_it_in_the_basket,Robot Initial States,,initstate_301,,,,,,view_0
pick_up_the_alphabet_soup_and_place_it_in_the_basket_view_0_0_100_0_0_initstate_311,pick_up_the_alphabet_soup_and_place_it_in_the_basket,Robot Initial States,,initstate_311,,,,,,view_0
pick_up_the_alphabet_soup_and_place_it_in_the_basket_view_0_0_100_0_0_initstate_321,pick_up_the_alphabet_soup_and_place_it_in_the_basket,Robot Initial States,,initstate_321,,,,,,view_0
pick_up_the_alphabet_soup_and_place_it_in_the_basket_view_0_0_100_0_0_initstate_331,pick_up_the_alphabet_soup_and_place_it_in_the_basket,Robot Initial States,,initstate_331,,,,,,view_0
pick_up_the_alphabet_soup_and_place_it_in_the_basket_view_0_0_100_0_0_initstate_341,pick_up_the_alphabet_soup_and_place_it_in_the_basket,Robot Initial States,,initstate_341,,,,,,view_0
pick_up_the_alphabet_soup_and_place_it_in_the_basket_view_0_0_100_0_0_initstate_351,pick_up_the_alphabet_soup_and_place_it_in_the_basket,Robot Initial States,,initstate_351,,,,,,view_0
pick_up_the_alphabet_soup_and_place_it_in_the_basket_view_0_0_100_0_0_initstate_361,pick_up_the_alphabet_soup_and_place_it_in_the_basket,Robot Initial States,,initstate_361,,,,,,view_0
pick_up_the_alphabet_soup_and_place_it_in_the_basket_view_0_0_100_0_0_initstate_371,pick_up_the_alphabet_soup_and_place_it_in_the_basket,Robot Initial States,,initstate_371,,,,,,view_0
pick_up_the_alphabet_soup_and_place_it_in_the_basket_view_0_0_100_0_0_initstate_381,pick_up_the_alphabet_soup_and_place_it_in_the_basket,Robot Initial States,,initstate_381,,,,,,view_0
pick_up_the_alphabet_soup_and_place_it_in_the_basket_view_0_0_100_0_0_initstate_391,pick_up_the_alphabet_soup_and_place_it_in_the_basket,Robot Initial States,,initstate_391,,,,,,view_0
pick_up_the_alphabet_soup_and_place_it_in_the_basket_view_0_0_100_0_0_initstate_401,pick_up_the_alphabet_soup_and_place_it_in_the_basket,Robot Initial States,,initstate_401,,,,,,view_0
pick_up_the_alphabet_soup_and_place_it_in_the_basket_view_0_0_100_0_0_initstate_411,pick_up_the_alphabet_soup_and_place_it_in_the_basket,Robot Initial States,,initstate_411,,,,,,view_0
pick_up_the_alphabet_soup_and_place_it_in_the_basket_view_0_0_100_0_0_initstate_421,pick_up_the_alphabet_soup_and_place_it_in_the_basket,Robot Initial States,,initstate_421,,,,,,view_0
pick_up_the_alphabet_soup_and_place_it_in_the_basket_view_0_0_100_0_0_initstate_431,pick_up_the_alphabet_soup_and_place_it_in_the_basket,Robot Initial States,,initstate_431,,,,,,view_0
pick_up_the_alphabet_soup_and_place_it_in_the_basket_view_0_0_100_0_0_initstate_441,pick_up_the_alphabet_soup_and_place_it_in_the_basket,Robot Initial States,,initstate_441,,,,,,view_0
pick_up_the_alphabet_soup_and_place_it_in_the_basket_view_0_0_100_0_0_initstate_451,pick_up_the_alphabet_soup_and_place_it_in_the_basket,Robot Initial States,,initstate_451,,,,,,view_0
pick_up_the_alphabet_soup_and_place_it_in_the_basket_view_0_0_100_0_0_initstate_461,pick_up_the_alphabet_soup_and_place_it_in_the_basket,Robot Initial States,,initstate_461,,,,,,view_0
pick_up_the_alphabet_soup_and_place_it_in_the_basket_view_0_0_100_0_0_initstate_471,pick_up_the_alphabet_soup_and_place_it_in_the_basket,Robot Initial States,,initstate_471,,,,,,view_0
pick_up_the_alphabet_soup_and_place_it_in_the_basket_view_0_0_100_0_0_initstate_481,pick_up_the_alphabet_soup_and_place_it_in_the_basket,Robot Initial States,,initstate_481,,,,,,view_0
pick_up_the_alphabet_soup_and_place_it_in_the_basket_view_0_0_100_0_0_initstate_491,pick_up_the_alphabet_soup_and_place_it_in_the_basket,Robot Initial States,,initstate_491,,,,,,view_0
pick_up_the_alphabet_soup_and_place_it_in_the_basket_view_0_0_100_2_4_initstate_0,pick_up_the_alphabet_soup_and_place_it_in_the_basket,Camera Viewpoints,,initstate_0,,,,,,view_0
pick_up_the_alphabet_soup_and_place_it_in_the_basket_view_0_0_100_2_6_initstate_0,pick_up_the_alphabet_soup_and_place_it_in_the_basket,Camera Viewpoints,,initstate_0,,,,,,view_0
pick_up_the_alphabet_soup_and_place_it_in_the_basket_view_0_0_100_2_8_initstate_0,pick_up_the_alphabet_soup_and_place_it_in_the_basket,Camera Viewpoints,,initstate_0,,,,,,view_0
pick_up_the_alphabet_soup_and_place_it_in_the_basket_view_0_0_100_2_10_initstate_0,pick_up_the_alphabet_soup_and_place_it_in_the_basket,Camera Viewpoints,,initstate_0,,,,,,view_0
pick_up_the_alphabet_soup_and_place_it_in_the_basket_view_0_0_100_2_350_initstate_0,pick_up_the_alphabet_soup_and_place_it_in_the_basket,Camera Viewpoints,,initstate_0,,,,,,view_0
pick_up_the_alphabet_soup_and_place_it_in_the_basket_view_0_0_100_2_352_initstate_0,pick_up_the_alphabet_soup_and_place_it_in_the_basket,Camera Viewpoints,,initstate_0,,,,,,view_0
pick_up_the_alphabet_soup_and_place_it_in_the_basket_view_0_0_100_2_354_initstate_0,pick_up_the_alphabet_soup_and_place_it_in_the_basket,Camera Viewpoints,,initstate_0,,,,,,view_0
pick_up_the_alphabet_soup_and_place_it_in_the_basket_view_1_15_100_0_0_initstate_0,pick_up_the_alphabet_soup_and_place_it_in_the_basket,Camera Viewpoints,,initstate_0,,,,,,view_1
pick_up_the_alphabet_soup_and_place_it_in_the_basket_view_2_15_100_0_0_initstate_0,pick_up_the_alphabet_soup_and_place_it_in_the_basket,Camera Viewpoints,,initstate_0,,,,,,view_2
pick_up_the_alphabet_soup_and_place_it_in_the_basket_view_4_15_100_0_0_initstate_0,pick_up_the_alphabet_soup_and_place_it_in_the_basket,Camera Viewpoints,,initstate_0,,,,,,view_4
pick_up_the_alphabet_soup_and_place_it_in_the_basket_view_5_15_100_0_0_initstate_0,pick_up_the_alphabet_soup_and_place_it_in_the_basket,Camera Viewpoints,,initstate_0,,,,,,view_5
pick_up_the_alphabet_soup_and_place_it_in_the_basket_view_6_15_100_0_0_initstate_0,pick_up_the_alphabet_soup_and_place_it_in_the_basket,Camera Viewpoints,,initstate_0,,,,,,view_6
pick_up_the_alphabet_soup_and_place_it_in_the_basket_view_7_15_100_0_0_initstate_0,pick_up_the_alphabet_soup_and_place_it_in_the_basket,Camera Viewpoints,,initstate_0,,,,,,view_7
pick_up_the_alphabet_soup_and_place_it_in_the_basket_view_8_15_100_0_0_initstate_0,pick_up_the_alphabet_soup_and_place_it_in_the_basket,Camera Viewpoints,,initstate_0,,,,,,view_8
pick_up_the_alphabet_soup_and_place_it_in_the_basket_view_9_15_100_0_0_initstate_0,pick_up_the_alphabet_soup_and_place_it_in_the_basket,Camera Viewpoints,,initstate_0,,,,,,view_9
pick_up_the_alphabet_soup_and_place_it_in_the_basket_view_10_15_100_0_0_initstate_0,pick_up_the_alphabet_soup_and_place_it_in_the_basket,Camera Viewpoints,,initstate_0,,,,,,view_10
pick_up_the_alphabet_soup_and_place_it_in_the_basket_view_11_15_100_0_0_initstate_0,pick_up_the_alphabet_soup_and_place_it_in_the_basket,Camera Viewpoints,,initstate_0,,,,,,view_11
pick_up_the_alphabet_soup_and_place_it_in_the_basket_view_12_15_100_0_0_initstate_0,pick_up_the_alphabet_soup_and_place_it_in_the_basket,Camera Viewpoints,,initstate_0,,,,,,view_12
pick_up_the_alphabet_soup_and_place_it_in_the_basket_view_13_15_100_0_0_initstate_0,pick_up_the_alphabet_soup_and_place_it_in_the_basket,Camera Viewpoints,,initstate_0,,,,,,view_13
pick_up_the_alphabet_soup_and_place_it_in_the_basket_view_14_15_100_0_0_initstate_0,pick_up_the_alphabet_soup_and_place_it_in_the_basket,Camera Viewpoints,,initstate_0,,,,,,view_14
pick_up_the_alphabet_soup_and_place_it_in_the_basket_view_15_15_100_0_0_initstate_0,pick_up_the_alphabet_soup_and_place_it_in_the_basket,Camera Viewpoints,,initstate_0,,,,,,view_15
pick_up_the_alphabet_soup_and_place_it_in_the_basket_language_2_view_0_0_100_0_0_initstate_0,pick_up_the_alphabet_soup_and_place_it_in_the_basket,Language Instructions,,initstate_0,language_2,,,,,view_0
pick_up_the_alphabet_soup_and_place_it_in_the_basket_language_5_view_0_0_100_0_0_initstate_0,pick_up_the_alphabet_soup_and_place_it_in_the_basket,Language Instructions,,initstate_0,language_5,,,,,view_0
pick_up_the_alphabet_soup_and_place_it_in_the_basket_language_8_view_0_0_100_0_0_initstate_0,pick_up_the_alphabet_soup_and_place_it_in_the_basket,Language Instructions,,initstate_0,language_8,,,,,view_0
pick_up_the_alphabet_soup_and_place_it_in_the_basket_language_11_view_0_0_100_0_0_initstate_0,pick_up_the_alphabet_soup_and_place_it_in_the_basket,Language Instructions,,initstate_0,language_11,,,,,view_0
pick_up_the_alphabet_soup_and_place_it_in_the_basket_language_12_view_0_0_100_0_0_initstate_0,pick_up_the_alphabet_soup_and_place_it_in_the_basket,Language Instructions,,initstate_0,language_12,,,,,view_0
pick_up_the_alphabet_soup_and_place_it_in_the_basket_language_14_view_0_0_100_0_0_initstate_0,pick_up_the_alphabet_soup_and_place_it_in_the_basket,Language Instructions,,initstate_0,language_14,,,,,view_0
pick_up_the_alphabet_soup_and_place_it_in_the_basket_language_15_view_0_0_100_0_0_initstate_0,pick_up_the_alphabet_soup_and_place_it_in_the_basket,Language Instructions,,initstate_0,language_15,,,,,view_0
pick_up_the_alphabet_soup_and_place_it_in_the_basket_language_20_view_0_0_100_0_0_initstate_0,pick_up_the_alphabet_soup_and_place_it_in_the_basket,Language Instructions,,initstate_0,language_20,,,,,view_0
pick_up_the_alphabet_soup_and_place_it_in_the_basket_language_22_view_0_0_100_0_0_initstate_0,pick_up_the_alphabet_soup_and_place_it_in_the_basket,Language Instructions,,initstate_0,language_22,,,,,view_0
pick_up_the_alphabet_soup_and_place_it_in_the_basket_language_23_view_0_0_100_0_0_initstate_0,pick_up_the_alphabet_soup_and_place_it_in_the_basket,Language Instructions,,initstate_0,language_23,,,,,view_0
pick_up_the_alphabet_soup_and_place_it_in_the_basket_language_24_view_0_0_100_0_0_initstate_0,pick_up_the_alphabet_soup_and_place_it_in_the_basket,Language Instructions,,initstate_0,language_24,,,,,view_0
pick_up_the_alphabet_soup_and_place_it_in_the_basket_language_32_view_0_0_100_0_0_initstate_0,pick_up_the_alphabet_soup_and_place_it_in_the_basket,Language Instructions,,initstate_0,language_32,,,,,view_0
pick_up_the_alphabet_soup_and_place_it_in_the_basket_language_33_view_0_0_100_0_0_initstate_0,pick_up_the_alphabet_soup_and_place_it_in_the_basket,Language Instructions,,initstate_0,language_33,,,,,view_0
pick_up_the_alphabet_soup_and_place_it_in_the_basket_language_34_view_0_0_100_0_0_initstate_0,pick_up_the_alphabet_soup_and_place_it_in_the_basket,Language Instructions,,initstate_0,language_34,,,,,view_0
pick_up_the_alphabet_soup_and_place_it_in_the_basket_language_36_view_0_0_100_0_0_initstate_0,pick_up_the_alphabet_soup_and_place_it_in_the_basket,Language Instructions,,initstate_0,language_36,,,,,view_0
pick_up_the_alphabet_soup_and_place_it_in_the_basket_language_38_view_0_0_100_0_0_initstate_0,pick_up_the_alphabet_soup_and_place_it_in_the_basket,Language Instructions,,initstate_0,language_38,,,,,view_0
pick_up_the_alphabet_soup_and_place_it_in_the_basket_language_39_view_0_0_100_0_0_initstate_0,pick_up_the_alphabet_soup_and_place_it_in_the_basket,Language Instructions,,initstate_0,language_39,,,,,view_0
pick_up_the_alphabet_soup_and_place_it_in_the_basket_language_40_view_0_0_100_0_0_initstate_0,pick_up_the_alphabet_soup_and_place_it_in_the_basket,Language Instructions,,initstate_0,language_40,,,,,view_0
pick_up_the_alphabet_soup_and_place_it_in_the_basket_language_41_view_0_0_100_0_0_initstate_0,pick_up_the_alphabet_soup_and_place_it_in_the_basket,Language Instructions,,initstate_0,language_41,,,,,view_0
pick_up_the_alphabet_soup_and_place_it_in_the_basket_language_43_view_0_0_100_0_0_initstate_0,pick_up_the_alphabet_soup_and_place_it_in_the_basket,Language Instructions,,initstate_0,language_43,,,,,view_0
pick_up_the_alphabet_soup_and_place_it_in_the_basket_language_46_view_0_0_100_0_0_initstate_0,pick_up_the_alphabet_soup_and_place_it_in_the_basket,Language Instructions,,initstate_0,language_46,,,,,view_0
pick_up_the_alphabet_soup_and_place_it_in_the_basket_language_49_view_0_0_100_0_0_initstate_0,pick_up_the_alphabet_soup_and_place_it_in_the_basket,Language Instructions,,initstate_0,language_49,,,,,view_0
pick_up_the_alphabet_soup_and_place_it_in_the_basket_language_50_view_0_0_100_0_0_initstate_0,pick_up_the_alphabet_soup_and_place_it_in_the_basket,Language Instructions,,initstate_0,language_50,,,,,view_0
pick_up_the_alphabet_soup_and_place_it_in_the_basket_view_0_0_100_0_0_initstate_0_noise_2,pick_up_the_alphabet_soup_and_place_it_in_the_basket,Sensor Noise,,initstate_0,,,,noise_2,,view_0
pick_up_the_alphabet_soup_and_place_it_in_the_basket_view_0_0_100_0_0_initstate_0_noise_3,pick_up_the_alphabet_soup_and_place_it_in_the_basket,Sensor Noise,,initstate_0,,,,noise_3,,view_0
pick_up_the_alphabet_soup_and_place_it_in_the_basket_view_0_0_100_0_0_initstate_0_noise_4,pick_up_the_alphabet_soup_and_place_it_in_the_basket,Sensor Noise,,initstate_0,,,,noise_4,,view_0
pick_up_the_alphabet_soup_and_place_it_in_the_basket_view_0_0_100_0_0_initstate_0_noise_5,pick_up_the_alphabet_soup_and_place_it_in_the_basket,Sensor Noise,,initstate_0,,,,noise_5,,view_0
pick_up_the_alphabet_soup_and_place_it_in_the_basket_view_0_0_100_0_0_initstate_0_noise_6,pick_up_the_alphabet_soup_and_place_it_in_the_basket,Sensor Noise,,initstate_0,,,,noise_6,,view_0
pick_up_the_alphabet_soup_and_place_it_in_the_basket_view_0_0_100_0_0_initstate_0_noise_7,pick_up_the_alphabet_soup_and_place_it_in_the_basket,Sensor Noise,,initstate_0,,,,noise_7,,view_0
pick_up_the_alphabet_soup_and_place_it_in_the_basket_view_0_0_100_0_0_initstate_0_noise_8,pick_up_the_alphabet_soup_and_place_it_in_the_basket,Sensor Noise,,initstate_0,,,,noise_8,,view_0
pick_up_the_alphabet_soup_and_place_it_in_the_basket_view_0_0_100_0_0_initstate_0_noise_9,pick_up_the_alphabet_soup_and_place_it_in_the_basket,Sensor Noise,,initstate_0,,,,noise_9,,view_0
pick_up_the_alphabet_soup_and_place_it_in_the_basket_view_0_0_100_0_0_initstate_0_noise_10,pick_up_the_alphabet_soup_and_place_it_in_the_basket,Sensor Noise,,initstate_0,,,,noise_10,,view_0
pick_up_the_alphabet_soup_and_place_it_in_the_basket_view_0_0_100_0_0_initstate_0_noise_12,pick_up_the_alphabet_soup_and_place_it_in_the_basket,Sensor Noise,,initstate_0,,,,noise_12,,view_0
pick_up_the_alphabet_soup_and_place_it_in_the_basket_view_0_0_100_0_0_initstate_0_noise_13,pick_up_the_alphabet_soup_and_place_it_in_the_basket,Sensor Noise,,initstate_0,,,,noise_13,,view_0
pick_up_the_alphabet_soup_and_place_it_in_the_basket_view_0_0_100_0_0_initstate_0_noise_14,pick_up_the_alphabet_soup_and_place_it_in_the_basket,Sensor Noise,,initstate_0,,,,noise_14,,view_0
pick_up_the_alphabet_soup_and_place_it_in_the_basket_view_0_0_100_0_0_initstate_0_noise_15,pick_up_the_alphabet_soup_and_place_it_in_the_basket,Sensor Noise,,initstate_0,,,,noise_15,,view_0
pick_up_the_alphabet_soup_and_place_it_in_the_basket_view_0_0_100_0_0_initstate_0_noise_16,pick_up_the_alphabet_soup_and_place_it_in_the_basket,Sensor Noise,,initstate_0,,,,noise_16,,view_0
pick_up_the_alphabet_soup_and_place_it_in_the_basket_view_0_0_100_0_0_initstate_0_noise_17,pick_up_the_alphabet_soup_and_place_it_in_the_basket,Sensor Noise,,initstate_0,,,,noise_17,,view_0
pick_up_the_alphabet_soup_and_place_it_in_the_basket_view_0_0_100_0_0_initstate_0_noise_18,pick_up_the_alphabet_soup_and_place_it_in_the_basket,Sensor Noise,,initstate_0,,,,noise_18,,view_0
pick_up_the_alphabet_soup_and_place_it_in_the_basket_view_0_0_100_0_0_initstate_0_noise_19,pick_up_the_alphabet_soup_and_place_it_in_the_basket,Sensor Noise,,initstate_0,,,,noise_19,,view_0
pick_up_the_alphabet_soup_and_place_it_in_the_basket_view_0_0_100_0_0_initstate_0_noise_20,pick_up_the_alphabet_soup_and_place_it_in_the_basket,Sensor Noise,,initstate_0,,,,noise_20,,view_0
pick_up_the_alphabet_soup_and_place_it_in_the_basket_view_0_0_100_0_0_initstate_0_noise_22,pick_up_the_alphabet_soup_and_place_it_in_the_basket,Sensor Noise,,initstate_0,,,,noise_22,,view_0
pick_up_the_alphabet_soup_and_place_it_in_the_basket_view_0_0_100_0_0_initstate_0_noise_24,pick_up_the_alphabet_soup_and_place_it_in_the_basket,Sensor Noise,,initstate_0,,,,noise_24,,view_0
pick_up_the_alphabet_soup_and_place_it_in_the_basket_view_0_0_100_0_0_initstate_0_noise_25,pick_up_the_alphabet_soup_and_place_it_in_the_basket,Sensor Noise,,initstate_0,,,,noise_25,,view_0
pick_up_the_alphabet_soup_and_place_it_in_the_basket_view_0_0_100_0_0_initstate_0_noise_26,pick_up_the_alphabet_soup_and_place_it_in_the_basket,Sensor Noise,,initstate_0,,,,noise_26,,view_0
pick_up_the_alphabet_soup_and_place_it_in_the_basket_view_0_0_100_0_0_initstate_0_noise_27,pick_up_the_alphabet_soup_and_place_it_in_the_basket,Sensor Noise,,initstate_0,,,,noise_27,,view_0
pick_up_the_alphabet_soup_and_place_it_in_the_basket_view_0_0_100_0_0_initstate_0_noise_28,pick_up_the_alphabet_soup_and_place_it_in_the_basket,Sensor Noise,,initstate_0,,,,noise_28,,view_0
pick_up_the_alphabet_soup_and_place_it_in_the_basket_view_0_0_100_0_0_initstate_0_noise_29,pick_up_the_alphabet_soup_and_place_it_in_the_basket,Sensor Noise,,initstate_0,,,,noise_29,,view_0
pick_up_the_alphabet_soup_and_place_it_in_the_basket_view_0_0_100_0_0_initstate_0_noise_30,pick_up_the_alphabet_soup_and_place_it_in_the_basket,Sensor Noise,,initstate_0,,,,noise_30,,view_0
pick_up_the_alphabet_soup_and_place_it_in_the_basket_view_0_0_100_0_0_initstate_0_noise_35,pick_up_the_alphabet_soup_and_place_it_in_the_basket,Sensor Noise,,initstate_0,,,,noise_35,,view_0
pick_up_the_alphabet_soup_and_place_it_in_the_basket_view_0_0_100_0_0_initstate_0_noise_36,pick_up_the_alphabet_soup_and_place_it_in_the_basket,Sensor Noise,,initstate_0,,,,noise_36,,view_0
pick_up_the_alphabet_soup_and_place_it_in_the_basket_view_0_0_100_0_0_initstate_0_noise_37,pick_up_the_alphabet_soup_and_place_it_in_the_basket,Sensor Noise,,initstate_0,,,,noise_37,,view_0
pick_up_the_alphabet_soup_and_place_it_in_the_basket_view_0_0_100_0_0_initstate_0_noise_38,pick_up_the_alphabet_soup_and_place_it_in_the_basket,Sensor Noise,,initstate_0,,,,noise_38,,view_0
pick_up_the_alphabet_soup_and_place_it_in_the_basket_view_0_0_100_0_0_initstate_0_noise_39,pick_up_the_alphabet_soup_and_place_it_in_the_basket,Sensor Noise,,initstate_0,,,,noise_39,,view_0
pick_up_the_alphabet_soup_and_place_it_in_the_basket_view_0_0_100_0_0_initstate_0_noise_40,pick_up_the_alphabet_soup_and_place_it_in_the_basket,Sensor Noise,,initstate_0,,,,noise_40,,view_0
pick_up_the_alphabet_soup_and_place_it_in_the_basket_view_0_0_100_0_0_initstate_0_noise_41,pick_up_the_alphabet_soup_and_place_it_in_the_basket,Sensor Noise,,initstate_0,,,,noise_41,,view_0
pick_up_the_alphabet_soup_and_place_it_in_the_basket_view_0_0_100_0_0_initstate_0_noise_42,pick_up_the_alphabet_soup_and_place_it_in_the_basket,Sensor Noise,,initstate_0,,,,noise_42,,view_0
pick_up_the_alphabet_soup_and_place_it_in_the_basket_view_0_0_100_0_0_initstate_0_noise_43,pick_up_the_alphabet_soup_and_place_it_in_the_basket,Sensor Noise,,initstate_0,,,,noise_43,,view_0
pick_up_the_alphabet_soup_and_place_it_in_the_basket_view_0_0_100_0_0_initstate_0_noise_44,pick_up_the_alphabet_soup_and_place_it_in_the_basket,Sensor Noise,,initstate_0,,,,noise_44,,view_0
pick_up_the_alphabet_soup_and_place_it_in_the_basket_view_0_0_100_0_0_initstate_0_noise_45,pick_up_the_alphabet_soup_and_place_it_in_the_basket,Sensor Noise,,initstate_0,,,,noise_45,,view_0
pick_up_the_alphabet_soup_and_place_it_in_the_basket_view_0_0_100_0_0_initstate_0_noise_46,pick_up_the_alphabet_soup_and_place_it_in_the_basket,Sensor Noise,,initstate_0,,,,noise_46,,view_0
pick_up_the_alphabet_soup_and_place_it_in_the_basket_view_0_0_100_0_0_initstate_0_noise_47,pick_up_the_alphabet_soup_and_place_it_in_the_basket,Sensor Noise,,initstate_0,,,,noise_47,,view_0
pick_up_the_alphabet_soup_and_place_it_in_the_basket_view_0_0_100_0_0_initstate_0_noise_48,pick_up_the_alphabet_soup_and_place_it_in_the_basket,Sensor Noise,,initstate_0,,,,noise_48,,view_0
pick_up_the_alphabet_soup_and_place_it_in_the_basket_view_0_0_100_0_0_initstate_0_noise_49,pick_up_the_alphabet_soup_and_place_it_in_the_basket,Sensor Noise,,initstate_0,,,,noise_49,,view_0
pick_up_the_alphabet_soup_and_place_it_in_the_basket_view_0_0_100_0_0_initstate_0_noise_50,pick_up_the_alphabet_soup_and_place_it_in_the_basket,Sensor Noise,,initstate_0,,,,noise_50,,view_0
pick_up_the_alphabet_soup_and_place_it_in_the_basket_add_10,pick_up_the_alphabet_soup_and_place_it_in_the_basket,Objects Layout,add_10,,,,,,,
pick_up_the_alphabet_soup_and_place_it_in_the_basket_add_11,pick_up_the_alphabet_soup_and_place_it_in_the_basket,Objects Layout,add_11,,,,,,,
pick_up_the_alphabet_soup_and_place_it_in_the_basket_add_12,pick_up_the_alphabet_soup_and_place_it_in_the_basket,Objects Layout,add_12,,,,,,,
pick_up_the_alphabet_soup_and_place_it_in_the_basket_add_14,pick_up_the_alphabet_soup_and_place_it_in_the_basket,Objects Layout,add_14,,,,,,,
pick_up_the_alphabet_soup_and_place_it_in_the_basket_add_15,pick_up_the_alphabet_soup_and_place_it_in_the_basket,Objects Layout,add_15,,,,,,,
pick_up_the_alphabet_soup_and_place_it_in_the_basket_add_16,pick_up_the_alphabet_soup_and_place_it_in_the_basket,Objects Layout,add_16,,,,,,,
pick_up_the_alphabet_soup_and_place_it_in_the_basket_add_18,pick_up_the_alphabet_soup_and_place_it_in_the_basket,Objects Layout,add_18,,,,,,,
pick_up_the_alphabet_soup_and_place_it_in_the_basket_add_19,pick_up_the_alphabet_soup_and_place_it_in_the_basket,Objects Layout,add_19,,,,,,,
pick_up_the_alphabet_soup_and_place_it_in_the_basket_add_2,pick_up_the_alphabet_soup_and_place_it_in_the_basket,Objects Layout,add_2,,,,,,,
pick_up_the_alphabet_soup_and_place_it_in_the_basket_add_20,pick_up_the_alphabet_soup_and_place_it_in_the_basket,Objects Layout,add_20,,,,,,,
pick_up_the_alphabet_soup_and_place_it_in_the_basket_add_21,pick_up_the_alphabet_soup_and_place_it_in_the_basket,Objects Layout,add_21,,,,,,,
pick_up_the_alphabet_soup_and_place_it_in_the_basket_add_22,pick_up_the_alphabet_soup_and_place_it_in_the_basket,Objects Layout,add_22,,,,,,,
pick_up_the_alphabet_soup_and_place_it_in_the_basket_add_24,pick_up_the_alphabet_soup_and_place_it_in_the_basket,Objects Layout,add_24,,,,,,,
pick_up_the_alphabet_soup_and_place_it_in_the_basket_add_25,pick_up_the_alphabet_soup_and_place_it_in_the_basket,Objects Layout,add_25,,,,,,,
pick_up_the_alphabet_soup_and_place_it_in_the_basket_add_27,pick_up_the_alphabet_soup_and_place_it_in_the_basket,Objects Layout,add_27,,,,,,,
pick_up_the_alphabet_soup_and_place_it_in_the_basket_add_28,pick_up_the_alphabet_soup_and_place_it_in_the_basket,Objects Layout,add_28,,,,,,,
pick_up_the_alphabet_soup_and_place_it_in_the_basket_add_29,pick_up_the_alphabet_soup_and_place_it_in_the_basket,Objects Layout,add_29,,,,,,,
pick_up_the_alphabet_soup_and_place_it_in_the_basket_add_30,pick_up_the_alphabet_soup_and_place_it_in_the_basket,Objects Layout,add_30,,,,,,,
pick_up_the_alphabet_soup_and_place_it_in_the_basket_add_5,pick_up_the_alphabet_soup_and_place_it_in_the_basket,Objects Layout,add_5,,,,,,,
pick_up_the_alphabet_soup_and_place_it_in_the_basket_add_7,pick_up_the_alphabet_soup_and_place_it_in_the_basket,Objects Layout,add_7,,,,,,,
pick_up_the_alphabet_soup_and_place_it_in_the_basket_add_9,pick_up_the_alphabet_soup_and_place_it_in_the_basket,Objects Layout,add_9,,,,,,,
pick_up_the_alphabet_soup_and_place_it_in_the_basket_level1_sample1,pick_up_the_alphabet_soup_and_place_it_in_the_basket,Objects Layout,,,,level1_sample1,,,,
pick_up_the_alphabet_soup_and_place_it_in_the_basket_level1_sample2,pick_up_the_alphabet_soup_and_place_it_in_the_basket,Objects Layout,,,,level1_sample2,,,,
pick_up_the_alphabet_soup_and_place_it_in_the_basket_level1_sample3,pick_up_the_alphabet_soup_and_place_it_in_the_basket,Objects Layout,,,,level1_sample3,,,,
pick_up_the_alphabet_soup_and_place_it_in_the_basket_level1_sample4,pick_up_the_alphabet_soup_and_place_it_in_the_basket,Objects Layout,,,,level1_sample4,,,,
pick_up_the_alphabet_soup_and_place_it_in_the_basket_level2_sample1,pick_up_the_alphabet_soup_and_place_it_in_the_basket,Objects Layout,,,,level2_sample1,,,,
pick_up_the_alphabet_soup_and_place_it_in_the_basket_level2_sample2,pick_up_the_alphabet_soup_and_place_it_in_the_basket,Objects Layout,,,,level2_sample2,,,,
pick_up_the_alphabet_soup_and_place_it_in_the_basket_level2_sample3,pick_up_the_alphabet_soup_and_place_it_in_the_basket,Objects Layout,,,,level2_sample3,,,,
pick_up_the_alphabet_soup_and_place_it_in_the_basket_level2_sample4,pick_up_the_alphabet_soup_and_place_it_in_the_basket,Objects Layout,,,,level2_sample4,,,,
pick_up_the_alphabet_soup_and_place_it_in_the_basket_level3_sample1,pick_up_the_alphabet_soup_and_place_it_in_the_basket,Objects Layout,,,,level3_sample1,,,,
pick_up_the_alphabet_soup_and_place_it_in_the_basket_level3_sample2,pick_up_the_alphabet_soup_and_place_it_in_the_basket,Objects Layout,,,,level3_sample2,,,,
pick_up_the_alphabet_soup_and_place_it_in_the_basket_level3_sample3,pick_up_the_alphabet_soup_and_place_it_in_the_basket,Objects Layout,,,,level3_sample3,,,,
pick_up_the_alphabet_soup_and_place_it_in_the_basket_level3_sample4,pick_up_the_alphabet_soup_and_place_it_in_the_basket,Objects Layout,,,,level3_sample4,,,,
pick_up_the_alphabet_soup_and_place_it_in_the_basket_level4_sample1,pick_up_the_alphabet_soup_and_place_it_in_the_basket,Objects Layout,,,,level4_sample1,,,,
pick_up_the_alphabet_soup_and_place_it_in_the_basket_level4_sample2,pick_up_the_alphabet_soup_and_place_it_in_the_basket,Objects Layout,,,,level4_sample2,,,,
pick_up_the_alphabet_soup_and_place_it_in_the_basket_level4_sample3,pick_up_the_alphabet_soup_and_place_it_in_the_basket,Objects Layout,,,,level4_sample3,,,,
pick_up_the_alphabet_soup_and_place_it_in_the_basket_level4_sample4,pick_up_the_alphabet_soup_and_place_it_in_the_basket,Objects Layout,,,,level4_sample4,,,,
pick_up_the_alphabet_soup_and_place_it_in_the_basket_level5_sample1,pick_up_the_alphabet_soup_and_place_it_in_the_basket,Objects Layout,,,,level5_sample1,,,,
pick_up_the_alphabet_soup_and_place_it_in_the_basket_level5_sample2,pick_up_the_alphabet_soup_and_place_it_in_the_basket,Objects Layout,,,,level5_sample2,,,,
pick_up_the_alphabet_soup_and_place_it_in_the_basket_level5_sample3,pick_up_the_alphabet_soup_and_place_it_in_the_basket,Objects Layout,,,,level5_sample3,,,,
pick_up_the_alphabet_soup_and_place_it_in_the_basket_level5_sample4,pick_up_the_alphabet_soup_and_place_it_in_the_basket,Objects Layout,,,,level5_sample4,,,,
pick_up_the_alphabet_soup_and_place_it_in_the_basket_light_1,pick_up_the_alphabet_soup_and_place_it_in_the_basket,Light Conditions,,,,,light_1,,,
pick_up_the_alphabet_soup_and_place_it_in_the_basket_light_10,pick_up_the_alphabet_soup_and_place_it_in_the_basket,Light Conditions,,,,,light_10,,,
pick_up_the_alphabet_soup_and_place_it_in_the_basket_light_11,pick_up_the_alphabet_soup_and_place_it_in_the_basket,Light Conditions,,,,,light_11,,,
pick_up_the_alphabet_soup_and_place_it_in_the_basket_light_12,pick_up_the_alphabet_soup_and_place_it_in_the_basket,Light Conditions,,,,,light_12,,,
pick_up_the_alphabet_soup_and_place_it_in_the_basket_light_13,pick_up_the_alphabet_soup_and_place_it_in_the_basket,Light Conditions,,,,,light_13,,,
pick_up_the_alphabet_soup_and_place_it_in_the_basket_light_14,pick_up_the_alphabet_soup_and_place_it_in_the_basket,Light Conditions,,,,,light_14,,,
pick_up_the_alphabet_soup_and_place_it_in_the_basket_light_15,pick_up_the_alphabet_soup_and_place_it_in_the_basket,Light Conditions,,,,,light_15,,,
pick_up_the_alphabet_soup_and_place_it_in_the_basket_light_16,pick_up_the_alphabet_soup_and_place_it_in_the_basket,Light Conditions,,,,,light_16,,,
pick_up_the_alphabet_soup_and_place_it_in_the_basket_light_17,pick_up_the_alphabet_soup_and_place_it_in_the_basket,Light Conditions,,,,,light_17,,,
pick_up_the_alphabet_soup_and_place_it_in_the_basket_light_18,pick_up_the_alphabet_soup_and_place_it_in_the_basket,Light Conditions,,,,,light_18,,,
pick_up_the_alphabet_soup_and_place_it_in_the_basket_light_19,pick_up_the_alphabet_soup_and_place_it_in_the_basket,Light Conditions,,,,,light_19,,,
pick_up_the_alphabet_soup_and_place_it_in_the_basket_light_2,pick_up_the_alphabet_soup_and_place_it_in_the_basket,Light Conditions,,,,,light_2,,,
pick_up_the_alphabet_soup_and_place_it_in_the_basket_light_20,pick_up_the_alphabet_soup_and_place_it_in_the_basket,Light Conditions,,,,,light_20,,,
pick_up_the_alphabet_soup_and_place_it_in_the_basket_light_21,pick_up_the_alphabet_soup_and_place_it_in_the_basket,Light Conditions,,,,,light_21,,,
pick_up_the_alphabet_soup_and_place_it_in_the_basket_light_24,pick_up_the_alphabet_soup_and_place_it_in_the_basket,Light Conditions,,,,,light_24,,,
pick_up_the_alphabet_soup_and_place_it_in_the_basket_light_25,pick_up_the_alphabet_soup_and_place_it_in_the_basket,Light Conditions,,,,,light_25,,,
pick_up_the_alphabet_soup_and_place_it_in_the_basket_light_26,pick_up_the_alphabet_soup_and_place_it_in_the_basket,Light Conditions,,,,,light_26,,,
pick_up_the_alphabet_soup_and_place_it_in_the_basket_light_27,pick_up_the_alphabet_soup_and_place_it_in_the_basket,Light Conditions,,,,,light_27,,,
pick_up_the_alphabet_soup_and_place_it_in_the_basket_light_28,pick_up_the_alphabet_soup_and_place_it_in_the_basket,Light Conditions,,,,,light_28,,,
pick_up_the_alphabet_soup_and_place_it_in_the_basket_light_29,pick_up_the_alphabet_soup_and_place_it_in_the_basket,Light Conditions,,,,,light_29,,,
pick_up_the_alphabet_soup_and_place_it_in_the_basket_light_3,pick_up_the_alphabet_soup_and_place_it_in_the_basket,Light Conditions,,,,,light_3,,,
pick_up_the_alphabet_soup_and_place_it_in_the_basket_light_30,pick_up_the_alphabet_soup_and_place_it_in_the_basket,Light Conditions,,,,,light_30,,,
pick_up_the_alphabet_soup_and_place_it_in_the_basket_light_31,pick_up_the_alphabet_soup_and_place_it_in_the_basket,Light Conditions,,,,,light_31,,,
pick_up_the_alphabet_soup_and_place_it_in_the_basket_light_33,pick_up_the_alphabet_soup_and_place_it_in_the_basket,Light Conditions,,,,,light_33,,,
pick_up_the_alphabet_soup_and_place_it_in_the_basket_light_35,pick_up_the_alphabet_soup_and_place_it_in_the_basket,Light Conditions,,,,,light_35,,,
pick_up_the_alphabet_soup_and_place_it_in_the_basket_light_36,pick_up_the_alphabet_soup_and_place_it_in_the_basket,Light Conditions,,,,,light_36,,,
pick_up_the_alphabet_soup_and_place_it_in_the_basket_light_38,pick_up_the_alphabet_soup_and_place_it_in_the_basket,Light Conditions,,,,,light_38,,,
pick_up_the_alphabet_soup_and_place_it_in_the_basket_light_4,pick_up_the_alphabet_soup_and_place_it_in_the_basket,Light Conditions,,,,,light_4,,,
pick_up_the_alphabet_soup_and_place_it_in_the_basket_light_41,pick_up_the_alphabet_soup_and_place_it_in_the_basket,Light Conditions,,,,,light_41,,,
pick_up_the_alphabet_soup_and_place_it_in_the_basket_light_42,pick_up_the_alphabet_soup_and_place_it_in_the_basket,Light Conditions,,,,,light_42,,,
pick_up_the_alphabet_soup_and_place_it_in_the_basket_light_43,pick_up_the_alphabet_soup_and_place_it_in_the_basket,Light Conditions,,,,,light_43,,,
pick_up_the_alphabet_soup_and_place_it_in_the_basket_light_45,pick_up_the_alphabet_soup_and_place_it_in_the_basket,Light Conditions,,,,,light_45,,,
pick_up_the_alphabet_soup_and_place_it_in_the_basket_light_46,pick_up_the_alphabet_soup_and_place_it_in_the_basket,Light Conditions,,,,,light_46,,,
pick_up_the_alphabet_soup_and_place_it_in_the_basket_light_47,pick_up_the_alphabet_soup_and_place_it_in_the_basket,Light Conditions,,,,,light_47,,,
pick_up_the_alphabet_soup_and_place_it_in_the_basket_light_48,pick_up_the_alphabet_soup_and_place_it_in_the_basket,Light Conditions,,,,,light_48,,,
pick_up_the_alphabet_soup_and_place_it_in_the_basket_light_49,pick_up_the_alphabet_soup_and_place_it_in_the_basket,Light Conditions,,,,,light_49,,,
pick_up_the_alphabet_soup_and_place_it_in_the_basket_light_5,pick_up_the_alphabet_soup_and_place_it_in_the_basket,Light Conditions,,,,,light_5,,,
pick_up_the_alphabet_soup_and_place_it_in_the_basket_light_50,pick_up_the_alphabet_soup_and_place_it_in_the_basket,Light Conditions,,,,,light_50,,,
pick_up_the_alphabet_soup_and_place_it_in_the_basket_light_7,pick_up_the_alphabet_soup_and_place_it_in_the_basket,Light Conditions,,,,,light_7,,,
pick_up_the_alphabet_soup_and_place_it_in_the_basket_light_8,pick_up_the_alphabet_soup_and_place_it_in_the_basket,Light Conditions,,,,,light_8,,,
pick_up_the_alphabet_soup_and_place_it_in_the_basket_light_9,pick_up_the_alphabet_soup_and_place_it_in_the_basket,Light Conditions,,,,,light_9,,,
pick_up_the_bbq_sauce_and_place_it_in_the_basket_table_1,pick_up_the_bbq_sauce_and_place_it_in_the_basket,Background Textures,,,,,,,table_1,
pick_up_the_bbq_sauce_and_place_it_in_the_basket_table_11,pick_up_the_bbq_sauce_and_place_it_in_the_basket,Background Textures,,,,,,,table_11,
pick_up_the_bbq_sauce_and_place_it_in_the_basket_table_12,pick_up_the_bbq_sauce_and_place_it_in_the_basket,Background Textures,,,,,,,table_12,
pick_up_the_bbq_sauce_and_place_it_in_the_basket_table_13,pick_up_the_bbq_sauce_and_place_it_in_the_basket,Background Textures,,,,,,,table_13,
pick_up_the_bbq_sauce_and_place_it_in_the_basket_table_14,pick_up_the_bbq_sauce_and_place_it_in_the_basket,Background Textures,,,,,,,table_14,
pick_up_the_bbq_sauce_and_place_it_in_the_basket_table_15,pick_up_the_bbq_sauce_and_place_it_in_the_basket,Background Textures,,,,,,,table_15,
pick_up_the_bbq_sauce_and_place_it_in_the_basket_table_16,pick_up_the_bbq_sauce_and_place_it_in_the_basket,Background Textures,,,,,,,table_16,
pick_up_the_bbq_sauce_and_place_it_in_the_basket_table_17,pick_up_the_bbq_sauce_and_place_it_in_the_basket,Background Textures,,,,,,,table_17,
pick_up_the_bbq_sauce_and_place_it_in_the_basket_table_18,pick_up_the_bbq_sauce_and_place_it_in_the_basket,Background Textures,,,,,,,table_18,
pick_up_the_bbq_sauce_and_place_it_in_the_basket_table_19,pick_up_the_bbq_sauce_and_place_it_in_the_basket,Background Textures,,,,,,,table_19,
pick_up_the_bbq_sauce_and_place_it_in_the_basket_table_2,pick_up_the_bbq_sauce_and_place_it_in_the_basket,Background Textures,,,,,,,table_2,
pick_up_the_bbq_sauce_and_place_it_in_the_basket_table_20,pick_up_the_bbq_sauce_and_place_it_in_the_basket,Background Textures,,,,,,,table_20,
pick_up_the_bbq_sauce_and_place_it_in_the_basket_table_21,pick_up_the_bbq_sauce_and_place_it_in_the_basket,Background Textures,,,,,,,table_21,
pick_up_the_bbq_sauce_and_place_it_in_the_basket_table_22,pick_up_the_bbq_sauce_and_place_it_in_the_basket,Background Textures,,,,,,,table_22,
pick_up_the_bbq_sauce_and_place_it_in_the_basket_table_23,pick_up_the_bbq_sauce_and_place_it_in_the_basket,Background Textures,,,,,,,table_23,
pick_up_the_bbq_sauce_and_place_it_in_the_basket_table_24,pick_up_the_bbq_sauce_and_place_it_in_the_basket,Background Textures,,,,,,,table_24,
pick_up_the_bbq_sauce_and_place_it_in_the_basket_table_25,pick_up_the_bbq_sauce_and_place_it_in_the_basket,Background Textures,,,,,,,table_25,
pick_up_the_bbq_sauce_and_place_it_in_the_basket_table_26,pick_up_the_bbq_sauce_and_place_it_in_the_basket,Background Textures,,,,,,,table_26,
pick_up_the_bbq_sauce_and_place_it_in_the_basket_table_27,pick_up_the_bbq_sauce_and_place_it_in_the_basket,Background Textures,,,,,,,table_27,
pick_up_the_bbq_sauce_and_place_it_in_the_basket_table_28,pick_up_the_bbq_sauce_and_place_it_in_the_basket,Background Textures,,,,,,,table_28,
pick_up_the_bbq_sauce_and_place_it_in_the_basket_table_3,pick_up_the_bbq_sauce_and_place_it_in_the_basket,Background Textures,,,,,,,table_3,
pick_up_the_bbq_sauce_and_place_it_in_the_basket_table_4,pick_up_the_bbq_sauce_and_place_it_in_the_basket,Background Textures,,,,,,,table_4,
pick_up_the_bbq_sauce_and_place_it_in_the_basket_table_5,pick_up_the_bbq_sauce_and_place_it_in_the_basket,Background Textures,,,,,,,table_5,
pick_up_the_bbq_sauce_and_place_it_in_the_basket_table_6,pick_up_the_bbq_sauce_and_place_it_in_the_basket,Background Textures,,,,,,,table_6,
pick_up_the_bbq_sauce_and_place_it_in_the_basket_table_7,pick_up_the_bbq_sauce_and_place_it_in_the_basket,Background Textures,,,,,,,table_7,
pick_up_the_bbq_sauce_and_place_it_in_the_basket_table_9,pick_up_the_bbq_sauce_and_place_it_in_the_basket,Background Textures,,,,,,,table_9,
pick_up_the_bbq_sauce_and_place_it_in_the_basket_tb_1,pick_up_the_bbq_sauce_and_place_it_in_the_basket,Background Textures,,,,,,,tb_1,
pick_up_the_bbq_sauce_and_place_it_in_the_basket_tb_10,pick_up_the_bbq_sauce_and_place_it_in_the_basket,Background Textures,,,,,,,tb_10,
pick_up_the_bbq_sauce_and_place_it_in_the_basket_tb_11,pick_up_the_bbq_sauce_and_place_it_in_the_basket,Background Textures,,,,,,,tb_11,
pick_up_the_bbq_sauce_and_place_it_in_the_basket_tb_12,pick_up_the_bbq_sauce_and_place_it_in_the_basket,Background Textures,,,,,,,tb_12,
pick_up_the_bbq_sauce_and_place_it_in_the_basket_tb_13,pick_up_the_bbq_sauce_and_place_it_in_the_basket,Background Textures,,,,,,,tb_13,
pick_up_the_bbq_sauce_and_place_it_in_the_basket_tb_14,pick_up_the_bbq_sauce_and_place_it_in_the_basket,Background Textures,,,,,,,tb_14,
pick_up_the_bbq_sauce_and_place_it_in_the_basket_tb_15,pick_up_the_bbq_sauce_and_place_it_in_the_basket,Background Textures,,,,,,,tb_15,
pick_up_the_bbq_sauce_and_place_it_in_the_basket_tb_16,pick_up_the_bbq_sauce_and_place_it_in_the_basket,Background Textures,,,,,,,tb_16,
pick_up_the_bbq_sauce_and_place_it_in_the_basket_tb_17,pick_up_the_bbq_sauce_and_place_it_in_the_basket,Background Textures,,,,,,,tb_17,
pick_up_the_bbq_sauce_and_place_it_in_the_basket_tb_18,pick_up_the_bbq_sauce_and_place_it_in_the_basket,Background Textures,,,,,,,tb_18,
pick_up_the_bbq_sauce_and_place_it_in_the_basket_tb_19,pick_up_the_bbq_sauce_and_place_it_in_the_basket,Background Textures,,,,,,,tb_19,
pick_up_the_bbq_sauce_and_place_it_in_the_basket_tb_2,pick_up_the_bbq_sauce_and_place_it_in_the_basket,Background Textures,,,,,,,tb_2,
pick_up_the_bbq_sauce_and_place_it_in_the_basket_tb_21,pick_up_the_bbq_sauce_and_place_it_in_the_basket,Background Textures,,,,,,,tb_21,
pick_up_the_bbq_sauce_and_place_it_in_the_basket_tb_22,pick_up_the_bbq_sauce_and_place_it_in_the_basket,Background Textures,,,,,,,tb_22,
pick_up_the_bbq_sauce_and_place_it_in_the_basket_tb_3,pick_up_the_bbq_sauce_and_place_it_in_the_basket,Background Textures,,,,,,,tb_3,
pick_up_the_bbq_sauce_and_place_it_in_the_basket_tb_4,pick_up_the_bbq_sauce_and_place_it_in_the_basket,Background Textures,,,,,,,tb_4,
pick_up_the_bbq_sauce_and_place_it_in_the_basket_tb_5,pick_up_the_bbq_sauce_and_place_it_in_the_basket,Background Textures,,,,,,,tb_5,
pick_up_the_bbq_sauce_and_place_it_in_the_basket_tb_6,pick_up_the_bbq_sauce_and_place_it_in_the_basket,Background Textures,,,,,,,tb_6,
pick_up_the_bbq_sauce_and_place_it_in_the_basket_tb_7,pick_up_the_bbq_sauce_and_place_it_in_the_basket,Background Textures,,,,,,,tb_7,
pick_up_the_bbq_sauce_and_place_it_in_the_basket_tb_8,pick_up_the_bbq_sauce_and_place_it_in_the_basket,Background Textures,,,,,,,tb_8,
pick_up_the_bbq_sauce_and_place_it_in_the_basket_tb_9,pick_up_the_bbq_sauce_and_place_it_in_the_basket,Background Textures,,,,,,,tb_9,
pick_up_the_bbq_sauce_and_place_it_in_the_basket_view_0_0_100_0_0_initstate_4,pick_up_the_bbq_sauce_and_place_it_in_the_basket,Robot Initial States,,initstate_4,,,,,,view_0
pick_up_the_bbq_sauce_and_place_it_in_the_basket_view_0_0_100_0_0_initstate_74,pick_up_the_bbq_sauce_and_place_it_in_the_basket,Robot Initial States,,initstate_74,,,,,,view_0
pick_up_the_bbq_sauce_and_place_it_in_the_basket_view_0_0_100_0_0_initstate_114,pick_up_the_bbq_sauce_and_place_it_in_the_basket,Robot Initial States,,initstate_114,,,,,,view_0
pick_up_the_bbq_sauce_and_place_it_in_the_basket_view_0_0_100_0_0_initstate_124,pick_up_the_bbq_sauce_and_place_it_in_the_basket,Robot Initial States,,initstate_124,,,,,,view_0
pick_up_the_bbq_sauce_and_place_it_in_the_basket_view_0_0_100_0_0_initstate_144,pick_up_the_bbq_sauce_and_place_it_in_the_basket,Robot Initial States,,initstate_144,,,,,,view_0
pick_up_the_bbq_sauce_and_place_it_in_the_basket_view_0_0_100_0_0_initstate_154,pick_up_the_bbq_sauce_and_place_it_in_the_basket,Robot Initial States,,initstate_154,,,,,,view_0
pick_up_the_bbq_sauce_and_place_it_in_the_basket_view_0_0_100_0_0_initstate_164,pick_up_the_bbq_sauce_and_place_it_in_the_basket,Robot Initial States,,initstate_164,,,,,,view_0
pick_up_the_bbq_sauce_and_place_it_in_the_basket_view_0_0_100_0_0_initstate_184,pick_up_the_bbq_sauce_and_place_it_in_the_basket,Robot Initial States,,initstate_184,,,,,,view_0
pick_up_the_bbq_sauce_and_place_it_in_the_basket_view_0_0_100_0_0_initstate_194,pick_up_the_bbq_sauce_and_place_it_in_the_basket,Robot Initial States,,initstate_194,,,,,,view_0
pick_up_the_bbq_sauce_and_place_it_in_the_basket_view_0_0_100_0_0_initstate_204,pick_up_the_bbq_sauce_and_place_it_in_the_basket,Robot Initial States,,initstate_204,,,,,,view_0
pick_up_the_bbq_sauce_and_place_it_in_the_basket_view_0_0_100_0_0_initstate_214,pick_up_the_bbq_sauce_and_place_it_in_the_basket,Robot Initial States,,initstate_214,,,,,,view_0
pick_up_the_bbq_sauce_and_place_it_in_the_basket_view_0_0_100_0_0_initstate_224,pick_up_the_bbq_sauce_and_place_it_in_the_basket,Robot Initial States,,initstate_224,,,,,,view_0
pick_up_the_bbq_sauce_and_place_it_in_the_basket_view_0_0_100_0_0_initstate_234,pick_up_the_bbq_sauce_and_place_it_in_the_basket,Robot Initial States,,initstate_234,,,,,,view_0
pick_up_the_bbq_sauce_and_place_it_in_the_basket_view_0_0_100_0_0_initstate_254,pick_up_the_bbq_sauce_and_place_it_in_the_basket,Robot Initial States,,initstate_254,,,,,,view_0
pick_up_the_bbq_sauce_and_place_it_in_the_basket_view_0_0_100_0_0_initstate_264,pick_up_the_bbq_sauce_and_place_it_in_the_basket,Robot Initial States,,initstate_264,,,,,,view_0
pick_up_the_bbq_sauce_and_place_it_in_the_basket_view_0_0_100_0_0_initstate_274,pick_up_the_bbq_sauce_and_place_it_in_the_basket,Robot Initial States,,initstate_274,,,,,,view_0
pick_up_the_bbq_sauce_and_place_it_in_the_basket_view_0_0_100_0_0_initstate_284,pick_up_the_bbq_sauce_and_place_it_in_the_basket,Robot Initial States,,initstate_284,,,,,,view_0
pick_up_the_bbq_sauce_and_place_it_in_the_basket_view_0_0_100_0_0_initstate_294,pick_up_the_bbq_sauce_and_place_it_in_the_basket,Robot Initial States,,initstate_294,,,,,,view_0
pick_up_the_bbq_sauce_and_place_it_in_the_basket_view_0_0_100_0_0_initstate_304,pick_up_the_bbq_sauce_and_place_it_in_the_basket,Robot Initial States,,initstate_304,,,,,,view_0
pick_up_the_bbq_sauce_and_place_it_in_the_basket_view_0_0_100_0_0_initstate_314,pick_up_the_bbq_sauce_and_place_it_in_the_basket,Robot Initial States,,initstate_314,,,,,,view_0
pick_up_the_bbq_sauce_and_place_it_in_the_basket_view_0_0_100_0_0_initstate_324,pick_up_the_bbq_sauce_and_place_it_in_the_basket,Robot Initial States,,initstate_324,,,,,,view_0
pick_up_the_bbq_sauce_and_place_it_in_the_basket_view_0_0_100_0_0_initstate_334,pick_up_the_bbq_sauce_and_place_it_in_the_basket,Robot Initial States,,initstate_334,,,,,,view_0
pick_up_the_bbq_sauce_and_place_it_in_the_basket_view_0_0_100_0_0_initstate_344,pick_up_the_bbq_sauce_and_place_it_in_the_basket,Robot Initial States,,initstate_344,,,,,,view_0
pick_up_the_bbq_sauce_and_place_it_in_the_basket_view_0_0_100_0_0_initstate_354,pick_up_the_bbq_sauce_and_place_it_in_the_basket,Robot Initial States,,initstate_354,,,,,,view_0
pick_up_the_bbq_sauce_and_place_it_in_the_basket_view_0_0_100_0_0_initstate_364,pick_up_the_bbq_sauce_and_place_it_in_the_basket,Robot Initial States,,initstate_364,,,,,,view_0
pick_up_the_bbq_sauce_and_place_it_in_the_basket_view_0_0_100_0_0_initstate_374,pick_up_the_bbq_sauce_and_place_it_in_the_basket,Robot Initial States,,initstate_374,,,,,,view_0
pick_up_the_bbq_sauce_and_place_it_in_the_basket_view_0_0_100_0_0_initstate_384,pick_up_the_bbq_sauce_and_place_it_in_the_basket,Robot Initial States,,initstate_384,,,,,,view_0
pick_up_the_bbq_sauce_and_place_it_in_the_basket_view_0_0_100_0_0_initstate_394,pick_up_the_bbq_sauce_and_place_it_in_the_basket,Robot Initial States,,initstate_394,,,,,,view_0
pick_up_the_bbq_sauce_and_place_it_in_the_basket_view_0_0_100_0_0_initstate_404,pick_up_the_bbq_sauce_and_place_it_in_the_basket,Robot Initial States,,initstate_404,,,,,,view_0
pick_up_the_bbq_sauce_and_place_it_in_the_basket_view_0_0_100_0_0_initstate_414,pick_up_the_bbq_sauce_and_place_it_in_the_basket,Robot Initial States,,initstate_414,,,,,,view_0
pick_up_the_bbq_sauce_and_place_it_in_the_basket_view_0_0_100_0_0_initstate_424,pick_up_the_bbq_sauce_and_place_it_in_the_basket,Robot Initial States,,initstate_424,,,,,,view_0
pick_up_the_bbq_sauce_and_place_it_in_the_basket_view_0_0_100_0_0_initstate_434,pick_up_the_bbq_sauce_and_place_it_in_the_basket,Robot Initial States,,initstate_434,,,,,,view_0
pick_up_the_bbq_sauce_and_place_it_in_the_basket_view_0_0_100_0_0_initstate_444,pick_up_the_bbq_sauce_and_place_it_in_the_basket,Robot Initial States,,initstate_444,,,,,,view_0
pick_up_the_bbq_sauce_and_place_it_in_the_basket_view_0_0_100_0_0_initstate_454,pick_up_the_bbq_sauce_and_place_it_in_the_basket,Robot Initial States,,initstate_454,,,,,,view_0
pick_up_the_bbq_sauce_and_place_it_in_the_basket_view_0_0_100_0_0_initstate_464,pick_up_the_bbq_sauce_and_place_it_in_the_basket,Robot Initial States,,initstate_464,,,,,,view_0
pick_up_the_bbq_sauce_and_place_it_in_the_basket_view_0_0_100_0_0_initstate_474,pick_up_the_bbq_sauce_and_place_it_in_the_basket,Robot Initial States,,initstate_474,,,,,,view_0
pick_up_the_bbq_sauce_and_place_it_in_the_basket_view_0_0_100_0_0_initstate_484,pick_up_the_bbq_sauce_and_place_it_in_the_basket,Robot Initial States,,initstate_484,,,,,,view_0
pick_up_the_bbq_sauce_and_place_it_in_the_basket_view_0_0_100_0_0_initstate_494,pick_up_the_bbq_sauce_and_place_it_in_the_basket,Robot Initial States,,initstate_494,,,,,,view_0
pick_up_the_bbq_sauce_and_place_it_in_the_basket_view_0_0_132_0_0_initstate_0,pick_up_the_bbq_sauce_and_place_it_in_the_basket,Camera Viewpoints,,initstate_0,,,,,,view_0
pick_up_the_bbq_sauce_and_place_it_in_the_basket_view_0_0_133_0_0_initstate_0,pick_up_the_bbq_sauce_and_place_it_in_the_basket,Camera Viewpoints,,initstate_0,,,,,,view_0
pick_up_the_bbq_sauce_and_place_it_in_the_basket_view_0_0_134_0_0_initstate_0,pick_up_the_bbq_sauce_and_place_it_in_the_basket,Camera Viewpoints,,initstate_0,,,,,,view_0
pick_up_the_bbq_sauce_and_place_it_in_the_basket_view_0_0_135_0_0_initstate_0,pick_up_the_bbq_sauce_and_place_it_in_the_basket,Camera Viewpoints,,initstate_0,,,,,,view_0
pick_up_the_bbq_sauce_and_place_it_in_the_basket_view_0_0_136_0_0_initstate_0,pick_up_the_bbq_sauce_and_place_it_in_the_basket,Camera Viewpoints,,initstate_0,,,,,,view_0
pick_up_the_bbq_sauce_and_place_it_in_the_basket_view_0_0_137_0_0_initstate_0,pick_up_the_bbq_sauce_and_place_it_in_the_basket,Camera Viewpoints,,initstate_0,,,,,,view_0
pick_up_the_bbq_sauce_and_place_it_in_the_basket_view_0_0_138_0_0_initstate_0,pick_up_the_bbq_sauce_and_place_it_in_the_basket,Camera Viewpoints,,initstate_0,,,,,,view_0
pick_up_the_bbq_sauce_and_place_it_in_the_basket_view_0_0_139_0_0_initstate_0,pick_up_the_bbq_sauce_and_place_it_in_the_basket,Camera Viewpoints,,initstate_0,,,,,,view_0
pick_up_the_bbq_sauce_and_place_it_in_the_basket_view_0_0_140_0_0_initstate_0,pick_up_the_bbq_sauce_and_place_it_in_the_basket,Camera Viewpoints,,initstate_0,,,,,,view_0
pick_up_the_bbq_sauce_and_place_it_in_the_basket_view_0_0_100_8_2_initstate_0,pick_up_the_bbq_sauce_and_place_it_in_the_basket,Camera Viewpoints,,initstate_0,,,,,,view_0
pick_up_the_bbq_sauce_and_place_it_in_the_basket_view_0_0_100_8_4_initstate_0,pick_up_the_bbq_sauce_and_place_it_in_the_basket,Camera Viewpoints,,initstate_0,,,,,,view_0
pick_up_the_bbq_sauce_and_place_it_in_the_basket_view_0_0_100_8_6_initstate_0,pick_up_the_bbq_sauce_and_place_it_in_the_basket,Camera Viewpoints,,initstate_0,,,,,,view_0
pick_up_the_bbq_sauce_and_place_it_in_the_basket_view_0_0_100_8_8_initstate_0,pick_up_the_bbq_sauce_and_place_it_in_the_basket,Camera Viewpoints,,initstate_0,,,,,,view_0
pick_up_the_bbq_sauce_and_place_it_in_the_basket_view_0_0_100_8_10_initstate_0,pick_up_the_bbq_sauce_and_place_it_in_the_basket,Camera Viewpoints,,initstate_0,,,,,,view_0
pick_up_the_bbq_sauce_and_place_it_in_the_basket_view_0_0_100_8_350_initstate_0,pick_up_the_bbq_sauce_and_place_it_in_the_basket,Camera Viewpoints,,initstate_0,,,,,,view_0
pick_up_the_bbq_sauce_and_place_it_in_the_basket_view_0_0_100_8_352_initstate_0,pick_up_the_bbq_sauce_and_place_it_in_the_basket,Camera Viewpoints,,initstate_0,,,,,,view_0
pick_up_the_bbq_sauce_and_place_it_in_the_basket_view_0_0_100_8_354_initstate_0,pick_up_the_bbq_sauce_and_place_it_in_the_basket,Camera Viewpoints,,initstate_0,,,,,,view_0
pick_up_the_bbq_sauce_and_place_it_in_the_basket_view_0_0_100_8_358_initstate_0,pick_up_the_bbq_sauce_and_place_it_in_the_basket,Camera Viewpoints,,initstate_0,,,,,,view_0
pick_up_the_bbq_sauce_and_place_it_in_the_basket_view_46_0_100_0_0_initstate_0,pick_up_the_bbq_sauce_and_place_it_in_the_basket,Camera Viewpoints,,initstate_0,,,,,,view_46
pick_up_the_bbq_sauce_and_place_it_in_the_basket_view_46_15_100_0_0_initstate_0,pick_up_the_bbq_sauce_and_place_it_in_the_basket,Camera Viewpoints,,initstate_0,,,,,,view_46
pick_up_the_bbq_sauce_and_place_it_in_the_basket_view_47_0_100_0_0_initstate_0,pick_up_the_bbq_sauce_and_place_it_in_the_basket,Camera Viewpoints,,initstate_0,,,,,,view_47
pick_up_the_bbq_sauce_and_place_it_in_the_basket_view_47_15_100_0_0_initstate_0,pick_up_the_bbq_sauce_and_place_it_in_the_basket,Camera Viewpoints,,initstate_0,,,,,,view_47
pick_up_the_bbq_sauce_and_place_it_in_the_basket_view_48_0_100_0_0_initstate_0,pick_up_the_bbq_sauce_and_place_it_in_the_basket,Camera Viewpoints,,initstate_0,,,,,,view_48
pick_up_the_bbq_sauce_and_place_it_in_the_basket_view_48_15_100_0_0_initstate_0,pick_up_the_bbq_sauce_and_place_it_in_the_basket,Camera Viewpoints,,initstate_0,,,,,,view_48
pick_up_the_bbq_sauce_and_place_it_in_the_basket_view_49_0_100_0_0_initstate_0,pick_up_the_bbq_sauce_and_place_it_in_the_basket,Camera Viewpoints,,initstate_0,,,,,,view_49
pick_up_the_bbq_sauce_and_place_it_in_the_basket_view_49_15_100_0_0_initstate_0,pick_up_the_bbq_sauce_and_place_it_in_the_basket,Camera Viewpoints,,initstate_0,,,,,,view_49
pick_up_the_bbq_sauce_and_place_it_in_the_basket_view_50_0_100_0_0_initstate_0,pick_up_the_bbq_sauce_and_place_it_in_the_basket,Camera Viewpoints,,initstate_0,,,,,,view_50
pick_up_the_bbq_sauce_and_place_it_in_the_basket_view_51_0_100_0_0_initstate_0,pick_up_the_bbq_sauce_and_place_it_in_the_basket,Camera Viewpoints,,initstate_0,,,,,,view_51
pick_up_the_bbq_sauce_and_place_it_in_the_basket_view_51_15_100_0_0_initstate_0,pick_up_the_bbq_sauce_and_place_it_in_the_basket,Camera Viewpoints,,initstate_0,,,,,,view_51
pick_up_the_bbq_sauce_and_place_it_in_the_basket_view_52_0_100_0_0_initstate_0,pick_up_the_bbq_sauce_and_place_it_in_the_basket,Camera Viewpoints,,initstate_0,,,,,,view_52
pick_up_the_bbq_sauce_and_place_it_in_the_basket_view_52_15_100_0_0_initstate_0,pick_up_the_bbq_sauce_and_place_it_in_the_basket,Camera Viewpoints,,initstate_0,,,,,,view_52
pick_up_the_bbq_sauce_and_place_it_in_the_basket_view_53_0_100_0_0_initstate_0,pick_up_the_bbq_sauce_and_place_it_in_the_basket,Camera Viewpoints,,initstate_0,,,,,,view_53
pick_up_the_bbq_sauce_and_place_it_in_the_basket_view_53_15_100_0_0_initstate_0,pick_up_the_bbq_sauce_and_place_it_in_the_basket,Camera Viewpoints,,initstate_0,,,,,,view_53
pick_up_the_bbq_sauce_and_place_it_in_the_basket_view_54_0_100_0_0_initstate_0,pick_up_the_bbq_sauce_and_place_it_in_the_basket,Camera Viewpoints,,initstate_0,,,,,,view_54
pick_up_the_bbq_sauce_and_place_it_in_the_basket_view_54_15_100_0_0_initstate_0,pick_up_the_bbq_sauce_and_place_it_in_the_basket,Camera Viewpoints,,initstate_0,,,,,,view_54
pick_up_the_bbq_sauce_and_place_it_in_the_basket_view_55_0_100_0_0_initstate_0,pick_up_the_bbq_sauce_and_place_it_in_the_basket,Camera Viewpoints,,initstate_0,,,,,,view_55
pick_up_the_bbq_sauce_and_place_it_in_the_basket_view_55_15_100_0_0_initstate_0,pick_up_the_bbq_sauce_and_place_it_in_the_basket,Camera Viewpoints,,initstate_0,,,,,,view_55
pick_up_the_bbq_sauce_and_place_it_in_the_basket_view_56_0_100_0_0_initstate_0,pick_up_the_bbq_sauce_and_place_it_in_the_basket,Camera Viewpoints,,initstate_0,,,,,,view_56
pick_up_the_bbq_sauce_and_place_it_in_the_basket_view_56_15_100_0_0_initstate_0,pick_up_the_bbq_sauce_and_place_it_in_the_basket,Camera Viewpoints,,initstate_0,,,,,,view_56
pick_up_the_bbq_sauce_and_place_it_in_the_basket_view_57_0_100_0_0_initstate_0,pick_up_the_bbq_sauce_and_place_it_in_the_basket,Camera Viewpoints,,initstate_0,,,,,,view_57
pick_up_the_bbq_sauce_and_place_it_in_the_basket_view_57_15_100_0_0_initstate_0,pick_up_the_bbq_sauce_and_place_it_in_the_basket,Camera Viewpoints,,initstate_0,,,,,,view_57
pick_up_the_bbq_sauce_and_place_it_in_the_basket_view_58_0_100_0_0_initstate_0,pick_up_the_bbq_sauce_and_place_it_in_the_basket,Camera Viewpoints,,initstate_0,,,,,,view_58
pick_up_the_bbq_sauce_and_place_it_in_the_basket_view_58_15_100_0_0_initstate_0,pick_up_the_bbq_sauce_and_place_it_in_the_basket,Camera Viewpoints,,initstate_0,,,,,,view_58
pick_up_the_bbq_sauce_and_place_it_in_the_basket_view_59_0_100_0_0_initstate_0,pick_up_the_bbq_sauce_and_place_it_in_the_basket,Camera Viewpoints,,initstate_0,,,,,,view_59
pick_up_the_bbq_sauce_and_place_it_in_the_basket_view_59_15_100_0_0_initstate_0,pick_up_the_bbq_sauce_and_place_it_in_the_basket,Camera Viewpoints,,initstate_0,,,,,,view_59
pick_up_the_bbq_sauce_and_place_it_in_the_basket_view_60_0_100_0_0_initstate_0,pick_up_the_bbq_sauce_and_place_it_in_the_basket,Camera Viewpoints,,initstate_0,,,,,,view_60
pick_up_the_bbq_sauce_and_place_it_in_the_basket_view_60_15_100_0_0_initstate_0,pick_up_the_bbq_sauce_and_place_it_in_the_basket,Camera Viewpoints,,initstate_0,,,,,,view_60
pick_up_the_bbq_sauce_and_place_it_in_the_basket_language_2_view_0_0_100_0_0_initstate_0,pick_up_the_bbq_sauce_and_place_it_in_the_basket,Language Instructions,,initstate_0,language_2,,,,,view_0
pick_up_the_bbq_sauce_and_place_it_in_the_basket_language_4_view_0_0_100_0_0_initstate_0,pick_up_the_bbq_sauce_and_place_it_in_the_basket,Language Instructions,,initstate_0,language_4,,,,,view_0
pick_up_the_bbq_sauce_and_place_it_in_the_basket_language_5_view_0_0_100_0_0_initstate_0,pick_up_the_bbq_sauce_and_place_it_in_the_basket,Language Instructions,,initstate_0,language_5,,,,,view_0
pick_up_the_bbq_sauce_and_place_it_in_the_basket_language_6_view_0_0_100_0_0_initstate_0,pick_up_the_bbq_sauce_and_place_it_in_the_basket,Language Instructions,,initstate_0,language_6,,,,,view_0
pick_up_the_bbq_sauce_and_place_it_in_the_basket_language_10_view_0_0_100_0_0_initstate_0,pick_up_the_bbq_sauce_and_place_it_in_the_basket,Language Instructions,,initstate_0,language_10,,,,,view_0
pick_up_the_bbq_sauce_and_place_it_in_the_basket_language_15_view_0_0_100_0_0_initstate_0,pick_up_the_bbq_sauce_and_place_it_in_the_basket,Language Instructions,,initstate_0,language_15,,,,,view_0
pick_up_the_bbq_sauce_and_place_it_in_the_basket_language_16_view_0_0_100_0_0_initstate_0,pick_up_the_bbq_sauce_and_place_it_in_the_basket,Language Instructions,,initstate_0,language_16,,,,,view_0
pick_up_the_bbq_sauce_and_place_it_in_the_basket_language_18_view_0_0_100_0_0_initstate_0,pick_up_the_bbq_sauce_and_place_it_in_the_basket,Language Instructions,,initstate_0,language_18,,,,,view_0
pick_up_the_bbq_sauce_and_place_it_in_the_basket_language_19_view_0_0_100_0_0_initstate_0,pick_up_the_bbq_sauce_and_place_it_in_the_basket,Language Instructions,,initstate_0,language_19,,,,,view_0
pick_up_the_bbq_sauce_and_place_it_in_the_basket_language_22_view_0_0_100_0_0_initstate_0,pick_up_the_bbq_sauce_and_place_it_in_the_basket,Language Instructions,,initstate_0,language_22,,,,,view_0
pick_up_the_bbq_sauce_and_place_it_in_the_basket_language_25_view_0_0_100_0_0_initstate_0,pick_up_the_bbq_sauce_and_place_it_in_the_basket,Language Instructions,,initstate_0,language_25,,,,,view_0
pick_up_the_bbq_sauce_and_place_it_in_the_basket_language_26_view_0_0_100_0_0_initstate_0,pick_up_the_bbq_sauce_and_place_it_in_the_basket,Language Instructions,,initstate_0,language_26,,,,,view_0
pick_up_the_bbq_sauce_and_place_it_in_the_basket_language_28_view_0_0_100_0_0_initstate_0,pick_up_the_bbq_sauce_and_place_it_in_the_basket,Language Instructions,,initstate_0,language_28,,,,,view_0
pick_up_the_bbq_sauce_and_place_it_in_the_basket_language_30_view_0_0_100_0_0_initstate_0,pick_up_the_bbq_sauce_and_place_it_in_the_basket,Language Instructions,,initstate_0,language_30,,,,,view_0
pick_up_the_bbq_sauce_and_place_it_in_the_basket_language_31_view_0_0_100_0_0_initstate_0,pick_up_the_bbq_sauce_and_place_it_in_the_basket,Language Instructions,,initstate_0,language_31,,,,,view_0
pick_up_the_bbq_sauce_and_place_it_in_the_basket_language_32_view_0_0_100_0_0_initstate_0,pick_up_the_bbq_sauce_and_place_it_in_the_basket,Language Instructions,,initstate_0,language_32,,,,,view_0
pick_up_the_bbq_sauce_and_place_it_in_the_basket_language_35_view_0_0_100_0_0_initstate_0,pick_up_the_bbq_sauce_and_place_it_in_the_basket,Language Instructions,,initstate_0,language_35,,,,,view_0
pick_up_the_bbq_sauce_and_place_it_in_the_basket_language_39_view_0_0_100_0_0_initstate_0,pick_up_the_bbq_sauce_and_place_it_in_the_basket,Language Instructions,,initstate_0,language_39,,,,,view_0
pick_up_the_bbq_sauce_and_place_it_in_the_basket_language_42_view_0_0_100_0_0_initstate_0,pick_up_the_bbq_sauce_and_place_it_in_the_basket,Language Instructions,,initstate_0,language_42,,,,,view_0
pick_up_the_bbq_sauce_and_place_it_in_the_basket_language_43_view_0_0_100_0_0_initstate_0,pick_up_the_bbq_sauce_and_place_it_in_the_basket,Language Instructions,,initstate_0,language_43,,,,,view_0
pick_up_the_bbq_sauce_and_place_it_in_the_basket_language_44_view_0_0_100_0_0_initstate_0,pick_up_the_bbq_sauce_and_place_it_in_the_basket,Language Instructions,,initstate_0,language_44,,,,,view_0
pick_up_the_bbq_sauce_and_place_it_in_the_basket_language_45_view_0_0_100_0_0_initstate_0,pick_up_the_bbq_sauce_and_place_it_in_the_basket,Language Instructions,,initstate_0,language_45,,,,,view_0
pick_up_the_bbq_sauce_and_place_it_in_the_basket_language_47_view_0_0_100_0_0_initstate_0,pick_up_the_bbq_sauce_and_place_it_in_the_basket,Language Instructions,,initstate_0,language_47,,,,,view_0
pick_up_the_bbq_sauce_and_place_it_in_the_basket_language_48_view_0_0_100_0_0_initstate_0,pick_up_the_bbq_sauce_and_place_it_in_the_basket,Language Instructions,,initstate_0,language_48,,,,,view_0
pick_up_the_bbq_sauce_and_place_it_in_the_basket_language_49_view_0_0_100_0_0_initstate_0,pick_up_the_bbq_sauce_and_place_it_in_the_basket,Language Instructions,,initstate_0,language_49,,,,,view_0
pick_up_the_bbq_sauce_and_place_it_in_the_basket_language_50_view_0_0_100_0_0_initstate_0,pick_up_the_bbq_sauce_and_place_it_in_the_basket,Language Instructions,,initstate_0,language_50,,,,,view_0
pick_up_the_bbq_sauce_and_place_it_in_the_basket_view_0_0_100_0_0_initstate_0_noise_2,pick_up_the_bbq_sauce_and_place_it_in_the_basket,Sensor Noise,,initstate_0,,,,noise_2,,view_0
pick_up_the_bbq_sauce_and_place_it_in_the_basket_view_0_0_100_0_0_initstate_0_noise_3,pick_up_the_bbq_sauce_and_place_it_in_the_basket,Sensor Noise,,initstate_0,,,,noise_3,,view_0
pick_up_the_bbq_sauce_and_place_it_in_the_basket_view_0_0_100_0_0_initstate_0_noise_4,pick_up_the_bbq_sauce_and_place_it_in_the_basket,Sensor Noise,,initstate_0,,,,noise_4,,view_0
pick_up_the_bbq_sauce_and_place_it_in_the_basket_view_0_0_100_0_0_initstate_0_noise_5,pick_up_the_bbq_sauce_and_place_it_in_the_basket,Sensor Noise,,initstate_0,,,,noise_5,,view_0
pick_up_the_bbq_sauce_and_place_it_in_the_basket_view_0_0_100_0_0_initstate_0_noise_6,pick_up_the_bbq_sauce_and_place_it_in_the_basket,Sensor Noise,,initstate_0,,,,noise_6,,view_0
pick_up_the_bbq_sauce_and_place_it_in_the_basket_view_0_0_100_0_0_initstate_0_noise_7,pick_up_the_bbq_sauce_and_place_it_in_the_basket,Sensor Noise,,initstate_0,,,,noise_7,,view_0
pick_up_the_bbq_sauce_and_place_it_in_the_basket_view_0_0_100_0_0_initstate_0_noise_8,pick_up_the_bbq_sauce_and_place_it_in_the_basket,Sensor Noise,,initstate_0,,,,noise_8,,view_0
pick_up_the_bbq_sauce_and_place_it_in_the_basket_view_0_0_100_0_0_initstate_0_noise_10,pick_up_the_bbq_sauce_and_place_it_in_the_basket,Sensor Noise,,initstate_0,,,,noise_10,,view_0
pick_up_the_bbq_sauce_and_place_it_in_the_basket_view_0_0_100_0_0_initstate_0_noise_12,pick_up_the_bbq_sauce_and_place_it_in_the_basket,Sensor Noise,,initstate_0,,,,noise_12,,view_0
pick_up_the_bbq_sauce_and_place_it_in_the_basket_view_0_0_100_0_0_initstate_0_noise_13,pick_up_the_bbq_sauce_and_place_it_in_the_basket,Sensor Noise,,initstate_0,,,,noise_13,,view_0
pick_up_the_bbq_sauce_and_place_it_in_the_basket_view_0_0_100_0_0_initstate_0_noise_14,pick_up_the_bbq_sauce_and_place_it_in_the_basket,Sensor Noise,,initstate_0,,,,noise_14,,view_0
pick_up_the_bbq_sauce_and_place_it_in_the_basket_view_0_0_100_0_0_initstate_0_noise_15,pick_up_the_bbq_sauce_and_place_it_in_the_basket,Sensor Noise,,initstate_0,,,,noise_15,,view_0
pick_up_the_bbq_sauce_and_place_it_in_the_basket_view_0_0_100_0_0_initstate_0_noise_16,pick_up_the_bbq_sauce_and_place_it_in_the_basket,Sensor Noise,,initstate_0,,,,noise_16,,view_0
pick_up_the_bbq_sauce_and_place_it_in_the_basket_view_0_0_100_0_0_initstate_0_noise_17,pick_up_the_bbq_sauce_and_place_it_in_the_basket,Sensor Noise,,initstate_0,,,,noise_17,,view_0
pick_up_the_bbq_sauce_and_place_it_in_the_basket_view_0_0_100_0_0_initstate_0_noise_18,pick_up_the_bbq_sauce_and_place_it_in_the_basket,Sensor Noise,,initstate_0,,,,noise_18,,view_0
pick_up_the_bbq_sauce_and_place_it_in_the_basket_view_0_0_100_0_0_initstate_0_noise_19,pick_up_the_bbq_sauce_and_place_it_in_the_basket,Sensor Noise,,initstate_0,,,,noise_19,,view_0
pick_up_the_bbq_sauce_and_place_it_in_the_basket_view_0_0_100_0_0_initstate_0_noise_20,pick_up_the_bbq_sauce_and_place_it_in_the_basket,Sensor Noise,,initstate_0,,,,noise_20,,view_0
pick_up_the_bbq_sauce_and_place_it_in_the_basket_view_0_0_100_0_0_initstate_0_noise_24,pick_up_the_bbq_sauce_and_place_it_in_the_basket,Sensor Noise,,initstate_0,,,,noise_24,,view_0
pick_up_the_bbq_sauce_and_place_it_in_the_basket_view_0_0_100_0_0_initstate_0_noise_25,pick_up_the_bbq_sauce_and_place_it_in_the_basket,Sensor Noise,,initstate_0,,,,noise_25,,view_0
pick_up_the_bbq_sauce_and_place_it_in_the_basket_view_0_0_100_0_0_initstate_0_noise_26,pick_up_the_bbq_sauce_and_place_it_in_the_basket,Sensor Noise,,initstate_0,,,,noise_26,,view_0
pick_up_the_bbq_sauce_and_place_it_in_the_basket_view_0_0_100_0_0_initstate_0_noise_27,pick_up_the_bbq_sauce_and_place_it_in_the_basket,Sensor Noise,,initstate_0,,,,noise_27,,view_0
pick_up_the_bbq_sauce_and_place_it_in_the_basket_view_0_0_100_0_0_initstate_0_noise_28,pick_up_the_bbq_sauce_and_place_it_in_the_basket,Sensor Noise,,initstate_0,,,,noise_28,,view_0
pick_up_the_bbq_sauce_and_place_it_in_the_basket_view_0_0_100_0_0_initstate_0_noise_29,pick_up_the_bbq_sauce_and_place_it_in_the_basket,Sensor Noise,,initstate_0,,,,noise_29,,view_0
pick_up_the_bbq_sauce_and_place_it_in_the_basket_view_0_0_100_0_0_initstate_0_noise_30,pick_up_the_bbq_sauce_and_place_it_in_the_basket,Sensor Noise,,initstate_0,,,,noise_30,,view_0
pick_up_the_bbq_sauce_and_place_it_in_the_basket_view_0_0_100_0_0_initstate_0_noise_34,pick_up_the_bbq_sauce_and_place_it_in_the_basket,Sensor Noise,,initstate_0,,,,noise_34,,view_0
pick_up_the_bbq_sauce_and_place_it_in_the_basket_view_0_0_100_0_0_initstate_0_noise_35,pick_up_the_bbq_sauce_and_place_it_in_the_basket,Sensor Noise,,initstate_0,,,,noise_35,,view_0
pick_up_the_bbq_sauce_and_place_it_in_the_basket_view_0_0_100_0_0_initstate_0_noise_36,pick_up_the_bbq_sauce_and_place_it_in_the_basket,Sensor Noise,,initstate_0,,,,noise_36,,view_0
pick_up_the_bbq_sauce_and_place_it_in_the_basket_view_0_0_100_0_0_initstate_0_noise_37,pick_up_the_bbq_sauce_and_place_it_in_the_basket,Sensor Noise,,initstate_0,,,,noise_37,,view_0
pick_up_the_bbq_sauce_and_place_it_in_the_basket_view_0_0_100_0_0_initstate_0_noise_38,pick_up_the_bbq_sauce_and_place_it_in_the_basket,Sensor Noise,,initstate_0,,,,noise_38,,view_0
pick_up_the_bbq_sauce_and_place_it_in_the_basket_view_0_0_100_0_0_initstate_0_noise_39,pick_up_the_bbq_sauce_and_place_it_in_the_basket,Sensor Noise,,initstate_0,,,,noise_39,,view_0
pick_up_the_bbq_sauce_and_place_it_in_the_basket_view_0_0_100_0_0_initstate_0_noise_40,pick_up_the_bbq_sauce_and_place_it_in_the_basket,Sensor Noise,,initstate_0,,,,noise_40,,view_0
pick_up_the_bbq_sauce_and_place_it_in_the_basket_view_0_0_100_0_0_initstate_0_noise_41,pick_up_the_bbq_sauce_and_place_it_in_the_basket,Sensor Noise,,initstate_0,,,,noise_41,,view_0
pick_up_the_bbq_sauce_and_place_it_in_the_basket_view_0_0_100_0_0_initstate_0_noise_42,pick_up_the_bbq_sauce_and_place_it_in_the_basket,Sensor Noise,,initstate_0,,,,noise_42,,view_0
pick_up_the_bbq_sauce_and_place_it_in_the_basket_view_0_0_100_0_0_initstate_0_noise_43,pick_up_the_bbq_sauce_and_place_it_in_the_basket,Sensor Noise,,initstate_0,,,,noise_43,,view_0
pick_up_the_bbq_sauce_and_place_it_in_the_basket_view_0_0_100_0_0_initstate_0_noise_44,pick_up_the_bbq_sauce_and_place_it_in_the_basket,Sensor Noise,,initstate_0,,,,noise_44,,view_0
pick_up_the_bbq_sauce_and_place_it_in_the_basket_view_0_0_100_0_0_initstate_0_noise_45,pick_up_the_bbq_sauce_and_place_it_in_the_basket,Sensor Noise,,initstate_0,,,,noise_45,,view_0
pick_up_the_bbq_sauce_and_place_it_in_the_basket_view_0_0_100_0_0_initstate_0_noise_46,pick_up_the_bbq_sauce_and_place_it_in_the_basket,Sensor Noise,,initstate_0,,,,noise_46,,view_0
pick_up_the_bbq_sauce_and_place_it_in_the_basket_view_0_0_100_0_0_initstate_0_noise_47,pick_up_the_bbq_sauce_and_place_it_in_the_basket,Sensor Noise,,initstate_0,,,,noise_47,,view_0
pick_up_the_bbq_sauce_and_place_it_in_the_basket_view_0_0_100_0_0_initstate_0_noise_48,pick_up_the_bbq_sauce_and_place_it_in_the_basket,Sensor Noise,,initstate_0,,,,noise_48,,view_0
pick_up_the_bbq_sauce_and_place_it_in_the_basket_view_0_0_100_0_0_initstate_0_noise_49,pick_up_the_bbq_sauce_and_place_it_in_the_basket,Sensor Noise,,initstate_0,,,,noise_49,,view_0
pick_up_the_bbq_sauce_and_place_it_in_the_basket_view_0_0_100_0_0_initstate_0_noise_50,pick_up_the_bbq_sauce_and_place_it_in_the_basket,Sensor Noise,,initstate_0,,,,noise_50,,view_0
pick_up_the_bbq_sauce_and_place_it_in_the_basket_add_10,pick_up_the_bbq_sauce_and_place_it_in_the_basket,Objects Layout,add_10,,,,,,,
pick_up_the_bbq_sauce_and_place_it_in_the_basket_add_11,pick_up_the_bbq_sauce_and_place_it_in_the_basket,Objects Layout,add_11,,,,,,,
pick_up_the_bbq_sauce_and_place_it_in_the_basket_add_13,pick_up_the_bbq_sauce_and_place_it_in_the_basket,Objects Layout,add_13,,,,,,,
pick_up_the_bbq_sauce_and_place_it_in_the_basket_add_14,pick_up_the_bbq_sauce_and_place_it_in_the_basket,Objects Layout,add_14,,,,,,,
pick_up_the_bbq_sauce_and_place_it_in_the_basket_add_15,pick_up_the_bbq_sauce_and_place_it_in_the_basket,Objects Layout,add_15,,,,,,,
pick_up_the_bbq_sauce_and_place_it_in_the_basket_add_16,pick_up_the_bbq_sauce_and_place_it_in_the_basket,Objects Layout,add_16,,,,,,,
pick_up_the_bbq_sauce_and_place_it_in_the_basket_add_17,pick_up_the_bbq_sauce_and_place_it_in_the_basket,Objects Layout,add_17,,,,,,,
pick_up_the_bbq_sauce_and_place_it_in_the_basket_add_18,pick_up_the_bbq_sauce_and_place_it_in_the_basket,Objects Layout,add_18,,,,,,,
pick_up_the_bbq_sauce_and_place_it_in_the_basket_add_19,pick_up_the_bbq_sauce_and_place_it_in_the_basket,Objects Layout,add_19,,,,,,,
pick_up_the_bbq_sauce_and_place_it_in_the_basket_add_21,pick_up_the_bbq_sauce_and_place_it_in_the_basket,Objects Layout,add_21,,,,,,,
pick_up_the_bbq_sauce_and_place_it_in_the_basket_add_22,pick_up_the_bbq_sauce_and_place_it_in_the_basket,Objects Layout,add_22,,,,,,,
pick_up_the_bbq_sauce_and_place_it_in_the_basket_add_23,pick_up_the_bbq_sauce_and_place_it_in_the_basket,Objects Layout,add_23,,,,,,,
pick_up_the_bbq_sauce_and_place_it_in_the_basket_add_24,pick_up_the_bbq_sauce_and_place_it_in_the_basket,Objects Layout,add_24,,,,,,,
pick_up_the_bbq_sauce_and_place_it_in_the_basket_add_26,pick_up_the_bbq_sauce_and_place_it_in_the_basket,Objects Layout,add_26,,,,,,,
pick_up_the_bbq_sauce_and_place_it_in_the_basket_add_27,pick_up_the_bbq_sauce_and_place_it_in_the_basket,Objects Layout,add_27,,,,,,,
pick_up_the_bbq_sauce_and_place_it_in_the_basket_add_28,pick_up_the_bbq_sauce_and_place_it_in_the_basket,Objects Layout,add_28,,,,,,,
pick_up_the_bbq_sauce_and_place_it_in_the_basket_add_3,pick_up_the_bbq_sauce_and_place_it_in_the_basket,Objects Layout,add_3,,,,,,,
pick_up_the_bbq_sauce_and_place_it_in_the_basket_add_30,pick_up_the_bbq_sauce_and_place_it_in_the_basket,Objects Layout,add_30,,,,,,,
pick_up_the_bbq_sauce_and_place_it_in_the_basket_add_4,pick_up_the_bbq_sauce_and_place_it_in_the_basket,Objects Layout,add_4,,,,,,,
pick_up_the_bbq_sauce_and_place_it_in_the_basket_add_5,pick_up_the_bbq_sauce_and_place_it_in_the_basket,Objects Layout,add_5,,,,,,,
pick_up_the_bbq_sauce_and_place_it_in_the_basket_add_6,pick_up_the_bbq_sauce_and_place_it_in_the_basket,Objects Layout,add_6,,,,,,,
pick_up_the_bbq_sauce_and_place_it_in_the_basket_add_7,pick_up_the_bbq_sauce_and_place_it_in_the_basket,Objects Layout,add_7,,,,,,,
pick_up_the_bbq_sauce_and_place_it_in_the_basket_add_8,pick_up_the_bbq_sauce_and_place_it_in_the_basket,Objects Layout,add_8,,,,,,,
pick_up_the_bbq_sauce_and_place_it_in_the_basket_add_9,pick_up_the_bbq_sauce_and_place_it_in_the_basket,Objects Layout,add_9,,,,,,,
pick_up_the_bbq_sauce_and_place_it_in_the_basket_level1_sample1,pick_up_the_bbq_sauce_and_place_it_in_the_basket,Objects Layout,,,,level1_sample1,,,,
pick_up_the_bbq_sauce_and_place_it_in_the_basket_level1_sample2,pick_up_the_bbq_sauce_and_place_it_in_the_basket,Objects Layout,,,,level1_sample2,,,,
pick_up_the_bbq_sauce_and_place_it_in_the_basket_level1_sample3,pick_up_the_bbq_sauce_and_place_it_in_the_basket,Objects Layout,,,,level1_sample3,,,,
pick_up_the_bbq_sauce_and_place_it_in_the_basket_level1_sample4,pick_up_the_bbq_sauce_and_place_it_in_the_basket,Objects Layout,,,,level1_sample4,,,,
pick_up_the_bbq_sauce_and_place_it_in_the_basket_level2_sample1,pick_up_the_bbq_sauce_and_place_it_in_the_basket,Objects Layout,,,,level2_sample1,,,,
pick_up_the_bbq_sauce_and_place_it_in_the_basket_level2_sample2,pick_up_the_bbq_sauce_and_place_it_in_the_basket,Objects Layout,,,,level2_sample2,,,,
pick_up_the_bbq_sauce_and_place_it_in_the_basket_level2_sample3,pick_up_the_bbq_sauce_and_place_it_in_the_basket,Objects Layout,,,,level2_sample3,,,,
pick_up_the_bbq_sauce_and_place_it_in_the_basket_level2_sample4,pick_up_the_bbq_sauce_and_place_it_in_the_basket,Objects Layout,,,,level2_sample4,,,,
pick_up_the_bbq_sauce_and_place_it_in_the_basket_level3_sample1,pick_up_the_bbq_sauce_and_place_it_in_the_basket,Objects Layout,,,,level3_sample1,,,,
pick_up_the_bbq_sauce_and_place_it_in_the_basket_level3_sample2,pick_up_the_bbq_sauce_and_place_it_in_the_basket,Objects Layout,,,,level3_sample2,,,,
pick_up_the_bbq_sauce_and_place_it_in_the_basket_level3_sample3,pick_up_the_bbq_sauce_and_place_it_in_the_basket,Objects Layout,,,,level3_sample3,,,,
pick_up_the_bbq_sauce_and_place_it_in_the_basket_level3_sample4,pick_up_the_bbq_sauce_and_place_it_in_the_basket,Objects Layout,,,,level3_sample4,,,,
pick_up_the_bbq_sauce_and_place_it_in_the_basket_level4_sample1,pick_up_the_bbq_sauce_and_place_it_in_the_basket,Objects Layout,,,,level4_sample1,,,,
pick_up_the_bbq_sauce_and_place_it_in_the_basket_level4_sample2,pick_up_the_bbq_sauce_and_place_it_in_the_basket,Objects Layout,,,,level4_sample2,,,,
pick_up_the_bbq_sauce_and_place_it_in_the_basket_level4_sample3,pick_up_the_bbq_sauce_and_place_it_in_the_basket,Objects Layout,,,,level4_sample3,,,,
pick_up_the_bbq_sauce_and_place_it_in_the_basket_level4_sample4,pick_up_the_bbq_sauce_and_place_it_in_the_basket,Objects Layout,,,,level4_sample4,,,,
pick_up_the_bbq_sauce_and_place_it_in_the_basket_level5_sample1,pick_up_the_bbq_sauce_and_place_it_in_the_basket,Objects Layout,,,,level5_sample1,,,,
pick_up_the_bbq_sauce_and_place_it_in_the_basket_level5_sample2,pick_up_the_bbq_sauce_and_place_it_in_the_basket,Objects Layout,,,,level5_sample2,,,,
pick_up_the_bbq_sauce_and_place_it_in_the_basket_level5_sample3,pick_up_the_bbq_sauce_and_place_it_in_the_basket,Objects Layout,,,,level5_sample3,,,,
pick_up_the_bbq_sauce_and_place_it_in_the_basket_level5_sample4,pick_up_the_bbq_sauce_and_place_it_in_the_basket,Objects Layout,,,,level5_sample4,,,,
pick_up_the_bbq_sauce_and_place_it_in_the_basket_light_1,pick_up_the_bbq_sauce_and_place_it_in_the_basket,Light Conditions,,,,,light_1,,,
pick_up_the_bbq_sauce_and_place_it_in_the_basket_light_10,pick_up_the_bbq_sauce_and_place_it_in_the_basket,Light Conditions,,,,,light_10,,,
pick_up_the_bbq_sauce_and_place_it_in_the_basket_light_11,pick_up_the_bbq_sauce_and_place_it_in_the_basket,Light Conditions,,,,,light_11,,,
pick_up_the_bbq_sauce_and_place_it_in_the_basket_light_12,pick_up_the_bbq_sauce_and_place_it_in_the_basket,Light Conditions,,,,,light_12,,,
pick_up_the_bbq_sauce_and_place_it_in_the_basket_light_13,pick_up_the_bbq_sauce_and_place_it_in_the_basket,Light Conditions,,,,,light_13,,,
pick_up_the_bbq_sauce_and_place_it_in_the_basket_light_14,pick_up_the_bbq_sauce_and_place_it_in_the_basket,Light Conditions,,,,,light_14,,,
pick_up_the_bbq_sauce_and_place_it_in_the_basket_light_15,pick_up_the_bbq_sauce_and_place_it_in_the_basket,Light Conditions,,,,,light_15,,,
pick_up_the_bbq_sauce_and_place_it_in_the_basket_light_16,pick_up_the_bbq_sauce_and_place_it_in_the_basket,Light Conditions,,,,,light_16,,,
pick_up_the_bbq_sauce_and_place_it_in_the_basket_light_17,pick_up_the_bbq_sauce_and_place_it_in_the_basket,Light Conditions,,,,,light_17,,,
pick_up_the_bbq_sauce_and_place_it_in_the_basket_light_18,pick_up_the_bbq_sauce_and_place_it_in_the_basket,Light Conditions,,,,,light_18,,,
pick_up_the_bbq_sauce_and_place_it_in_the_basket_light_19,pick_up_the_bbq_sauce_and_place_it_in_the_basket,Light Conditions,,,,,light_19,,,
pick_up_the_bbq_sauce_and_place_it_in_the_basket_light_2,pick_up_the_bbq_sauce_and_place_it_in_the_basket,Light Conditions,,,,,light_2,,,
pick_up_the_bbq_sauce_and_place_it_in_the_basket_light_20,pick_up_the_bbq_sauce_and_place_it_in_the_basket,Light Conditions,,,,,light_20,,,
pick_up_the_bbq_sauce_and_place_it_in_the_basket_light_21,pick_up_the_bbq_sauce_and_place_it_in_the_basket,Light Conditions,,,,,light_21,,,
pick_up_the_bbq_sauce_and_place_it_in_the_basket_light_22,pick_up_the_bbq_sauce_and_place_it_in_the_basket,Light Conditions,,,,,light_22,,,
pick_up_the_bbq_sauce_and_place_it_in_the_basket_light_23,pick_up_the_bbq_sauce_and_place_it_in_the_basket,Light Conditions,,,,,light_23,,,
pick_up_the_bbq_sauce_and_place_it_in_the_basket_light_24,pick_up_the_bbq_sauce_and_place_it_in_the_basket,Light Conditions,,,,,light_24,,,
pick_up_the_bbq_sauce_and_place_it_in_the_basket_light_25,pick_up_the_bbq_sauce_and_place_it_in_the_basket,Light Conditions,,,,,light_25,,,
pick_up_the_bbq_sauce_and_place_it_in_the_basket_light_26,pick_up_the_bbq_sauce_and_place_it_in_the_basket,Light Conditions,,,,,light_26,,,
pick_up_the_bbq_sauce_and_place_it_in_the_basket_light_27,pick_up_the_bbq_sauce_and_place_it_in_the_basket,Light Conditions,,,,,light_27,,,
pick_up_the_bbq_sauce_and_place_it_in_the_basket_light_28,pick_up_the_bbq_sauce_and_place_it_in_the_basket,Light Conditions,,,,,light_28,,,
pick_up_the_bbq_sauce_and_place_it_in_the_basket_light_29,pick_up_the_bbq_sauce_and_place_it_in_the_basket,Light Conditions,,,,,light_29,,,
pick_up_the_bbq_sauce_and_place_it_in_the_basket_light_3,pick_up_the_bbq_sauce_and_place_it_in_the_basket,Light Conditions,,,,,light_3,,,
pick_up_the_bbq_sauce_and_place_it_in_the_basket_light_30,pick_up_the_bbq_sauce_and_place_it_in_the_basket,Light Conditions,,,,,light_30,,,
pick_up_the_bbq_sauce_and_place_it_in_the_basket_light_31,pick_up_the_bbq_sauce_and_place_it_in_the_basket,Light Conditions,,,,,light_31,,,
pick_up_the_bbq_sauce_and_place_it_in_the_basket_light_32,pick_up_the_bbq_sauce_and_place_it_in_the_basket,Light Conditions,,,,,light_32,,,
pick_up_the_bbq_sauce_and_place_it_in_the_basket_light_33,pick_up_the_bbq_sauce_and_place_it_in_the_basket,Light Conditions,,,,,light_33,,,
pick_up_the_bbq_sauce_and_place_it_in_the_basket_light_34,pick_up_the_bbq_sauce_and_place_it_in_the_basket,Light Conditions,,,,,light_34,,,
pick_up_the_bbq_sauce_and_place_it_in_the_basket_light_35,pick_up_the_bbq_sauce_and_place_it_in_the_basket,Light Conditions,,,,,light_35,,,
pick_up_the_bbq_sauce_and_place_it_in_the_basket_light_36,pick_up_the_bbq_sauce_and_place_it_in_the_basket,Light Conditions,,,,,light_36,,,
pick_up_the_bbq_sauce_and_place_it_in_the_basket_light_37,pick_up_the_bbq_sauce_and_place_it_in_the_basket,Light Conditions,,,,,light_37,,,
pick_up_the_bbq_sauce_and_place_it_in_the_basket_light_38,pick_up_the_bbq_sauce_and_place_it_in_the_basket,Light Conditions,,,,,light_38,,,
pick_up_the_bbq_sauce_and_place_it_in_the_basket_light_39,pick_up_the_bbq_sauce_and_place_it_in_the_basket,Light Conditions,,,,,light_39,,,
pick_up_the_bbq_sauce_and_place_it_in_the_basket_light_4,pick_up_the_bbq_sauce_and_place_it_in_the_basket,Light Conditions,,,,,light_4,,,
pick_up_the_bbq_sauce_and_place_it_in_the_basket_light_40,pick_up_the_bbq_sauce_and_place_it_in_the_basket,Light Conditions,,,,,light_40,,,
pick_up_the_bbq_sauce_and_place_it_in_the_basket_light_41,pick_up_the_bbq_sauce_and_place_it_in_the_basket,Light Conditions,,,,,light_41,,,
pick_up_the_bbq_sauce_and_place_it_in_the_basket_light_42,pick_up_the_bbq_sauce_and_place_it_in_the_basket,Light Conditions,,,,,light_42,,,
pick_up_the_bbq_sauce_and_place_it_in_the_basket_light_43,pick_up_the_bbq_sauce_and_place_it_in_the_basket,Light Conditions,,,,,light_43,,,
pick_up_the_bbq_sauce_and_place_it_in_the_basket_light_44,pick_up_the_bbq_sauce_and_place_it_in_the_basket,Light Conditions,,,,,light_44,,,
pick_up_the_bbq_sauce_and_place_it_in_the_basket_light_45,pick_up_the_bbq_sauce_and_place_it_in_the_basket,Light Conditions,,,,,light_45,,,
pick_up_the_bbq_sauce_and_place_it_in_the_basket_light_46,pick_up_the_bbq_sauce_and_place_it_in_the_basket,Light Conditions,,,,,light_46,,,
pick_up_the_bbq_sauce_and_place_it_in_the_basket_light_47,pick_up_the_bbq_sauce_and_place_it_in_the_basket,Light Conditions,,,,,light_47,,,
pick_up_the_bbq_sauce_and_place_it_in_the_basket_light_48,pick_up_the_bbq_sauce_and_place_it_in_the_basket,Light Conditions,,,,,light_48,,,
pick_up_the_bbq_sauce_and_place_it_in_the_basket_light_49,pick_up_the_bbq_sauce_and_place_it_in_the_basket,Light Conditions,,,,,light_49,,,
pick_up_the_bbq_sauce_and_place_it_in_the_basket_light_5,pick_up_the_bbq_sauce_and_place_it_in_the_basket,Light Conditions,,,,,light_5,,,
pick_up_the_bbq_sauce_and_place_it_in_the_basket_light_50,pick_up_the_bbq_sauce_and_place_it_in_the_basket,Light Conditions,,,,,light_50,,,
pick_up_the_bbq_sauce_and_place_it_in_the_basket_light_6,pick_up_the_bbq_sauce_and_place_it_in_the_basket,Light Conditions,,,,,light_6,,,
pick_up_the_bbq_sauce_and_place_it_in_the_basket_light_7,pick_up_the_bbq_sauce_and_place_it_in_the_basket,Light Conditions,,,,,light_7,,,
pick_up_the_bbq_sauce_and_place_it_in_the_basket_light_9,pick_up_the_bbq_sauce_and_place_it_in_the_basket,Light Conditions,,,,,light_9,,,
pick_up_the_butter_and_place_it_in_the_basket_table_12,pick_up_the_butter_and_place_it_in_the_basket,Background Textures,,,,,,,table_12,
pick_up_the_butter_and_place_it_in_the_basket_table_14,pick_up_the_butter_and_place_it_in_the_basket,Background Textures,,,,,,,table_14,
pick_up_the_butter_and_place_it_in_the_basket_table_15,pick_up_the_butter_and_place_it_in_the_basket,Background Textures,,,,,,,table_15,
pick_up_the_butter_and_place_it_in_the_basket_table_17,pick_up_the_butter_and_place_it_in_the_basket,Background Textures,,,,,,,table_17,
pick_up_the_butter_and_place_it_in_the_basket_table_19,pick_up_the_butter_and_place_it_in_the_basket,Background Textures,,,,,,,table_19,
pick_up_the_butter_and_place_it_in_the_basket_table_2,pick_up_the_butter_and_place_it_in_the_basket,Background Textures,,,,,,,table_2,
pick_up_the_butter_and_place_it_in_the_basket_table_22,pick_up_the_butter_and_place_it_in_the_basket,Background Textures,,,,,,,table_22,
pick_up_the_butter_and_place_it_in_the_basket_table_24,pick_up_the_butter_and_place_it_in_the_basket,Background Textures,,,,,,,table_24,
pick_up_the_butter_and_place_it_in_the_basket_table_25,pick_up_the_butter_and_place_it_in_the_basket,Background Textures,,,,,,,table_25,
pick_up_the_butter_and_place_it_in_the_basket_table_26,pick_up_the_butter_and_place_it_in_the_basket,Background Textures,,,,,,,table_26,
pick_up_the_butter_and_place_it_in_the_basket_table_27,pick_up_the_butter_and_place_it_in_the_basket,Background Textures,,,,,,,table_27,
pick_up_the_butter_and_place_it_in_the_basket_table_3,pick_up_the_butter_and_place_it_in_the_basket,Background Textures,,,,,,,table_3,
pick_up_the_butter_and_place_it_in_the_basket_table_4,pick_up_the_butter_and_place_it_in_the_basket,Background Textures,,,,,,,table_4,
pick_up_the_butter_and_place_it_in_the_basket_table_5,pick_up_the_butter_and_place_it_in_the_basket,Background Textures,,,,,,,table_5,
pick_up_the_butter_and_place_it_in_the_basket_table_6,pick_up_the_butter_and_place_it_in_the_basket,Background Textures,,,,,,,table_6,
pick_up_the_butter_and_place_it_in_the_basket_table_7,pick_up_the_butter_and_place_it_in_the_basket,Background Textures,,,,,,,table_7,
pick_up_the_butter_and_place_it_in_the_basket_table_8,pick_up_the_butter_and_place_it_in_the_basket,Background Textures,,,,,,,table_8,
pick_up_the_butter_and_place_it_in_the_basket_table_9,pick_up_the_butter_and_place_it_in_the_basket,Background Textures,,,,,,,table_9,
pick_up_the_butter_and_place_it_in_the_basket_tb_19,pick_up_the_butter_and_place_it_in_the_basket,Background Textures,,,,,,,tb_19,
pick_up_the_butter_and_place_it_in_the_basket_tb_21,pick_up_the_butter_and_place_it_in_the_basket,Background Textures,,,,,,,tb_21,
pick_up_the_butter_and_place_it_in_the_basket_tb_22,pick_up_the_butter_and_place_it_in_the_basket,Background Textures,,,,,,,tb_22,
pick_up_the_butter_and_place_it_in_the_basket_view_0_0_100_0_0_initstate_17,pick_up_the_butter_and_place_it_in_the_basket,Robot Initial States,,initstate_17,,,,,,view_0
pick_up_the_butter_and_place_it_in_the_basket_view_0_0_100_0_0_initstate_47,pick_up_the_butter_and_place_it_in_the_basket,Robot Initial States,,initstate_47,,,,,,view_0
pick_up_the_butter_and_place_it_in_the_basket_view_0_0_100_0_0_initstate_67,pick_up_the_butter_and_place_it_in_the_basket,Robot Initial States,,initstate_67,,,,,,view_0
pick_up_the_butter_and_place_it_in_the_basket_view_0_0_100_0_0_initstate_77,pick_up_the_butter_and_place_it_in_the_basket,Robot Initial States,,initstate_77,,,,,,view_0
pick_up_the_butter_and_place_it_in_the_basket_view_0_0_100_0_0_initstate_107,pick_up_the_butter_and_place_it_in_the_basket,Robot Initial States,,initstate_107,,,,,,view_0
pick_up_the_butter_and_place_it_in_the_basket_view_0_0_100_0_0_initstate_117,pick_up_the_butter_and_place_it_in_the_basket,Robot Initial States,,initstate_117,,,,,,view_0
pick_up_the_butter_and_place_it_in_the_basket_view_0_0_100_0_0_initstate_127,pick_up_the_butter_and_place_it_in_the_basket,Robot Initial States,,initstate_127,,,,,,view_0
pick_up_the_butter_and_place_it_in_the_basket_view_0_0_100_0_0_initstate_137,pick_up_the_butter_and_place_it_in_the_basket,Robot Initial States,,initstate_137,,,,,,view_0
pick_up_the_butter_and_place_it_in_the_basket_view_0_0_100_0_0_initstate_147,pick_up_the_butter_and_place_it_in_the_basket,Robot Initial States,,initstate_147,,,,,,view_0
pick_up_the_butter_and_place_it_in_the_basket_view_0_0_100_0_0_initstate_157,pick_up_the_butter_and_place_it_in_the_basket,Robot Initial States,,initstate_157,,,,,,view_0
pick_up_the_butter_and_place_it_in_the_basket_view_0_0_100_0_0_initstate_167,pick_up_the_butter_and_place_it_in_the_basket,Robot Initial States,,initstate_167,,,,,,view_0
pick_up_the_butter_and_place_it_in_the_basket_view_0_0_100_0_0_initstate_177,pick_up_the_butter_and_place_it_in_the_basket,Robot Initial States,,initstate_177,,,,,,view_0
pick_up_the_butter_and_place_it_in_the_basket_view_0_0_100_0_0_initstate_197,pick_up_the_butter_and_place_it_in_the_basket,Robot Initial States,,initstate_197,,,,,,view_0
pick_up_the_butter_and_place_it_in_the_basket_view_0_0_100_0_0_initstate_207,pick_up_the_butter_and_place_it_in_the_basket,Robot Initial States,,initstate_207,,,,,,view_0
pick_up_the_butter_and_place_it_in_the_basket_view_0_0_100_0_0_initstate_217,pick_up_the_butter_and_place_it_in_the_basket,Robot Initial States,,initstate_217,,,,,,view_0
pick_up_the_butter_and_place_it_in_the_basket_view_0_0_100_0_0_initstate_237,pick_up_the_butter_and_place_it_in_the_basket,Robot Initial States,,initstate_237,,,,,,view_0
pick_up_the_butter_and_place_it_in_the_basket_view_0_0_100_0_0_initstate_247,pick_up_the_butter_and_place_it_in_the_basket,Robot Initial States,,initstate_247,,,,,,view_0
pick_up_the_butter_and_place_it_in_the_basket_view_0_0_100_0_0_initstate_257,pick_up_the_butter_and_place_it_in_the_basket,Robot Initial States,,initstate_257,,,,,,view_0
pick_up_the_butter_and_place_it_in_the_basket_view_0_0_100_0_0_initstate_267,pick_up_the_butter_and_place_it_in_the_basket,Robot Initial States,,initstate_267,,,,,,view_0
pick_up_the_butter_and_place_it_in_the_basket_view_0_0_100_0_0_initstate_277,pick_up_the_butter_and_place_it_in_the_basket,Robot Initial States,,initstate_277,,,,,,view_0
pick_up_the_butter_and_place_it_in_the_basket_view_0_0_100_0_0_initstate_287,pick_up_the_butter_and_place_it_in_the_basket,Robot Initial States,,initstate_287,,,,,,view_0
pick_up_the_butter_and_place_it_in_the_basket_view_0_0_100_0_0_initstate_297,pick_up_the_butter_and_place_it_in_the_basket,Robot Initial States,,initstate_297,,,,,,view_0
pick_up_the_butter_and_place_it_in_the_basket_view_0_0_100_0_0_initstate_307,pick_up_the_butter_and_place_it_in_the_basket,Robot Initial States,,initstate_307,,,,,,view_0
pick_up_the_butter_and_place_it_in_the_basket_view_0_0_100_0_0_initstate_317,pick_up_the_butter_and_place_it_in_the_basket,Robot Initial States,,initstate_317,,,,,,view_0
pick_up_the_butter_and_place_it_in_the_basket_view_0_0_100_0_0_initstate_327,pick_up_the_butter_and_place_it_in_the_basket,Robot Initial States,,initstate_327,,,,,,view_0
pick_up_the_butter_and_place_it_in_the_basket_view_0_0_100_0_0_initstate_337,pick_up_the_butter_and_place_it_in_the_basket,Robot Initial States,,initstate_337,,,,,,view_0
pick_up_the_butter_and_place_it_in_the_basket_view_0_0_100_0_0_initstate_347,pick_up_the_butter_and_place_it_in_the_basket,Robot Initial States,,initstate_347,,,,,,view_0
pick_up_the_butter_and_place_it_in_the_basket_view_0_0_100_0_0_initstate_357,pick_up_the_butter_and_place_it_in_the_basket,Robot Initial States,,initstate_357,,,,,,view_0
pick_up_the_butter_and_place_it_in_the_basket_view_0_0_100_0_0_initstate_367,pick_up_the_butter_and_place_it_in_the_basket,Robot Initial States,,initstate_367,,,,,,view_0
pick_up_the_butter_and_place_it_in_the_basket_view_0_0_100_0_0_initstate_377,pick_up_the_butter_and_place_it_in_the_basket,Robot Initial States,,initstate_377,,,,,,view_0
pick_up_the_butter_and_place_it_in_the_basket_view_0_0_100_0_0_initstate_387,pick_up_the_butter_and_place_it_in_the_basket,Robot Initial States,,initstate_387,,,,,,view_0
pick_up_the_butter_and_place_it_in_the_basket_view_0_0_100_0_0_initstate_397,pick_up_the_butter_and_place_it_in_the_basket,Robot Initial States,,initstate_397,,,,,,view_0
pick_up_the_butter_and_place_it_in_the_basket_view_0_0_100_0_0_initstate_407,pick_up_the_butter_and_place_it_in_the_basket,Robot Initial States,,initstate_407,,,,,,view_0
pick_up_the_butter_and_place_it_in_the_basket_view_0_0_100_0_0_initstate_417,pick_up_the_butter_and_place_it_in_the_basket,Robot Initial States,,initstate_417,,,,,,view_0
pick_up_the_butter_and_place_it_in_the_basket_view_0_0_100_0_0_initstate_427,pick_up_the_butter_and_place_it_in_the_basket,Robot Initial States,,initstate_427,,,,,,view_0
pick_up_the_butter_and_place_it_in_the_basket_view_0_0_100_0_0_initstate_437,pick_up_the_butter_and_place_it_in_the_basket,Robot Initial States,,initstate_437,,,,,,view_0
pick_up_the_butter_and_place_it_in_the_basket_view_0_0_100_0_0_initstate_447,pick_up_the_butter_and_place_it_in_the_basket,Robot Initial States,,initstate_447,,,,,,view_0
pick_up_the_butter_and_place_it_in_the_basket_view_0_0_100_0_0_initstate_457,pick_up_the_butter_and_place_it_in_the_basket,Robot Initial States,,initstate_457,,,,,,view_0
pick_up_the_butter_and_place_it_in_the_basket_view_0_0_100_0_0_initstate_467,pick_up_the_butter_and_place_it_in_the_basket,Robot Initial States,,initstate_467,,,,,,view_0
pick_up_the_butter_and_place_it_in_the_basket_view_0_0_100_0_0_initstate_477,pick_up_the_butter_and_place_it_in_the_basket,Robot Initial States,,initstate_477,,,,,,view_0
pick_up_the_butter_and_place_it_in_the_basket_view_0_0_100_0_0_initstate_487,pick_up_the_butter_and_place_it_in_the_basket,Robot Initial States,,initstate_487,,,,,,view_0
pick_up_the_butter_and_place_it_in_the_basket_view_0_0_100_0_0_initstate_497,pick_up_the_butter_and_place_it_in_the_basket,Robot Initial States,,initstate_497,,,,,,view_0
pick_up_the_butter_and_place_it_in_the_basket_view_0_0_161_0_0_initstate_0,pick_up_the_butter_and_place_it_in_the_basket,Camera Viewpoints,,initstate_0,,,,,,view_0
pick_up_the_butter_and_place_it_in_the_basket_view_0_0_162_0_0_initstate_0,pick_up_the_butter_and_place_it_in_the_basket,Camera Viewpoints,,initstate_0,,,,,,view_0
pick_up_the_butter_and_place_it_in_the_basket_view_0_0_163_0_0_initstate_0,pick_up_the_butter_and_place_it_in_the_basket,Camera Viewpoints,,initstate_0,,,,,,view_0
pick_up_the_butter_and_place_it_in_the_basket_view_0_0_164_0_0_initstate_0,pick_up_the_butter_and_place_it_in_the_basket,Camera Viewpoints,,initstate_0,,,,,,view_0
pick_up_the_butter_and_place_it_in_the_basket_view_0_0_165_0_0_initstate_0,pick_up_the_butter_and_place_it_in_the_basket,Camera Viewpoints,,initstate_0,,,,,,view_0
pick_up_the_butter_and_place_it_in_the_basket_view_0_0_166_0_0_initstate_0,pick_up_the_butter_and_place_it_in_the_basket,Camera Viewpoints,,initstate_0,,,,,,view_0
pick_up_the_butter_and_place_it_in_the_basket_view_0_0_167_0_0_initstate_0,pick_up_the_butter_and_place_it_in_the_basket,Camera Viewpoints,,initstate_0,,,,,,view_0
pick_up_the_butter_and_place_it_in_the_basket_view_0_0_168_0_0_initstate_0,pick_up_the_butter_and_place_it_in_the_basket,Camera Viewpoints,,initstate_0,,,,,,view_0
pick_up_the_butter_and_place_it_in_the_basket_view_0_0_169_0_0_initstate_0,pick_up_the_butter_and_place_it_in_the_basket,Camera Viewpoints,,initstate_0,,,,,,view_0
pick_up_the_butter_and_place_it_in_the_basket_view_0_0_170_0_0_initstate_0,pick_up_the_butter_and_place_it_in_the_basket,Camera Viewpoints,,initstate_0,,,,,,view_0
pick_up_the_butter_and_place_it_in_the_basket_view_0_0_100_352_2_initstate_0,pick_up_the_butter_and_place_it_in_the_basket,Camera Viewpoints,,initstate_0,,,,,,view_0
pick_up_the_butter_and_place_it_in_the_basket_view_0_0_100_352_4_initstate_0,pick_up_the_butter_and_place_it_in_the_basket,Camera Viewpoints,,initstate_0,,,,,,view_0
pick_up_the_butter_and_place_it_in_the_basket_view_0_0_100_352_6_initstate_0,pick_up_the_butter_and_place_it_in_the_basket,Camera Viewpoints,,initstate_0,,,,,,view_0
pick_up_the_butter_and_place_it_in_the_basket_view_0_0_100_352_10_initstate_0,pick_up_the_butter_and_place_it_in_the_basket,Camera Viewpoints,,initstate_0,,,,,,view_0
pick_up_the_butter_and_place_it_in_the_basket_view_0_0_100_352_350_initstate_0,pick_up_the_butter_and_place_it_in_the_basket,Camera Viewpoints,,initstate_0,,,,,,view_0
pick_up_the_butter_and_place_it_in_the_basket_view_0_0_100_352_352_initstate_0,pick_up_the_butter_and_place_it_in_the_basket,Camera Viewpoints,,initstate_0,,,,,,view_0
pick_up_the_butter_and_place_it_in_the_basket_view_0_0_100_352_354_initstate_0,pick_up_the_butter_and_place_it_in_the_basket,Camera Viewpoints,,initstate_0,,,,,,view_0
pick_up_the_butter_and_place_it_in_the_basket_view_0_0_100_352_356_initstate_0,pick_up_the_butter_and_place_it_in_the_basket,Camera Viewpoints,,initstate_0,,,,,,view_0
pick_up_the_butter_and_place_it_in_the_basket_view_0_0_100_352_358_initstate_0,pick_up_the_butter_and_place_it_in_the_basket,Camera Viewpoints,,initstate_0,,,,,,view_0
pick_up_the_butter_and_place_it_in_the_basket_view_300_0_100_0_0_initstate_0,pick_up_the_butter_and_place_it_in_the_basket,Camera Viewpoints,,initstate_0,,,,,,view_300
pick_up_the_butter_and_place_it_in_the_basket_view_300_15_100_0_0_initstate_0,pick_up_the_butter_and_place_it_in_the_basket,Camera Viewpoints,,initstate_0,,,,,,view_300
pick_up_the_butter_and_place_it_in_the_basket_view_301_0_100_0_0_initstate_0,pick_up_the_butter_and_place_it_in_the_basket,Camera Viewpoints,,initstate_0,,,,,,view_301
pick_up_the_butter_and_place_it_in_the_basket_view_301_15_100_0_0_initstate_0,pick_up_the_butter_and_place_it_in_the_basket,Camera Viewpoints,,initstate_0,,,,,,view_301
pick_up_the_butter_and_place_it_in_the_basket_view_302_0_100_0_0_initstate_0,pick_up_the_butter_and_place_it_in_the_basket,Camera Viewpoints,,initstate_0,,,,,,view_302
pick_up_the_butter_and_place_it_in_the_basket_view_302_15_100_0_0_initstate_0,pick_up_the_butter_and_place_it_in_the_basket,Camera Viewpoints,,initstate_0,,,,,,view_302
pick_up_the_butter_and_place_it_in_the_basket_view_303_0_100_0_0_initstate_0,pick_up_the_butter_and_place_it_in_the_basket,Camera Viewpoints,,initstate_0,,,,,,view_303
pick_up_the_butter_and_place_it_in_the_basket_view_303_15_100_0_0_initstate_0,pick_up_the_butter_and_place_it_in_the_basket,Camera Viewpoints,,initstate_0,,,,,,view_303
pick_up_the_butter_and_place_it_in_the_basket_view_304_0_100_0_0_initstate_0,pick_up_the_butter_and_place_it_in_the_basket,Camera Viewpoints,,initstate_0,,,,,,view_304
pick_up_the_butter_and_place_it_in_the_basket_view_304_15_100_0_0_initstate_0,pick_up_the_butter_and_place_it_in_the_basket,Camera Viewpoints,,initstate_0,,,,,,view_304
pick_up_the_butter_and_place_it_in_the_basket_view_305_0_100_0_0_initstate_0,pick_up_the_butter_and_place_it_in_the_basket,Camera Viewpoints,,initstate_0,,,,,,view_305
pick_up_the_butter_and_place_it_in_the_basket_view_305_15_100_0_0_initstate_0,pick_up_the_butter_and_place_it_in_the_basket,Camera Viewpoints,,initstate_0,,,,,,view_305
pick_up_the_butter_and_place_it_in_the_basket_view_306_0_100_0_0_initstate_0,pick_up_the_butter_and_place_it_in_the_basket,Camera Viewpoints,,initstate_0,,,,,,view_306
pick_up_the_butter_and_place_it_in_the_basket_view_306_15_100_0_0_initstate_0,pick_up_the_butter_and_place_it_in_the_basket,Camera Viewpoints,,initstate_0,,,,,,view_306
pick_up_the_butter_and_place_it_in_the_basket_view_307_0_100_0_0_initstate_0,pick_up_the_butter_and_place_it_in_the_basket,Camera Viewpoints,,initstate_0,,,,,,view_307
pick_up_the_butter_and_place_it_in_the_basket_view_307_15_100_0_0_initstate_0,pick_up_the_butter_and_place_it_in_the_basket,Camera Viewpoints,,initstate_0,,,,,,view_307
pick_up_the_butter_and_place_it_in_the_basket_view_308_0_100_0_0_initstate_0,pick_up_the_butter_and_place_it_in_the_basket,Camera Viewpoints,,initstate_0,,,,,,view_308
pick_up_the_butter_and_place_it_in_the_basket_view_308_15_100_0_0_initstate_0,pick_up_the_butter_and_place_it_in_the_basket,Camera Viewpoints,,initstate_0,,,,,,view_308
pick_up_the_butter_and_place_it_in_the_basket_view_309_0_100_0_0_initstate_0,pick_up_the_butter_and_place_it_in_the_basket,Camera Viewpoints,,initstate_0,,,,,,view_309
pick_up_the_butter_and_place_it_in_the_basket_view_309_15_100_0_0_initstate_0,pick_up_the_butter_and_place_it_in_the_basket,Camera Viewpoints,,initstate_0,,,,,,view_309
pick_up_the_butter_and_place_it_in_the_basket_view_310_0_100_0_0_initstate_0,pick_up_the_butter_and_place_it_in_the_basket,Camera Viewpoints,,initstate_0,,,,,,view_310
pick_up_the_butter_and_place_it_in_the_basket_view_310_15_100_0_0_initstate_0,pick_up_the_butter_and_place_it_in_the_basket,Camera Viewpoints,,initstate_0,,,,,,view_310
pick_up_the_butter_and_place_it_in_the_basket_view_311_0_100_0_0_initstate_0,pick_up_the_butter_and_place_it_in_the_basket,Camera Viewpoints,,initstate_0,,,,,,view_311
pick_up_the_butter_and_place_it_in_the_basket_view_311_15_100_0_0_initstate_0,pick_up_the_butter_and_place_it_in_the_basket,Camera Viewpoints,,initstate_0,,,,,,view_311
pick_up_the_butter_and_place_it_in_the_basket_view_312_0_100_0_0_initstate_0,pick_up_the_butter_and_place_it_in_the_basket,Camera Viewpoints,,initstate_0,,,,,,view_312
pick_up_the_butter_and_place_it_in_the_basket_view_312_15_100_0_0_initstate_0,pick_up_the_butter_and_place_it_in_the_basket,Camera Viewpoints,,initstate_0,,,,,,view_312
pick_up_the_butter_and_place_it_in_the_basket_view_313_0_100_0_0_initstate_0,pick_up_the_butter_and_place_it_in_the_basket,Camera Viewpoints,,initstate_0,,,,,,view_313
pick_up_the_butter_and_place_it_in_the_basket_view_313_15_100_0_0_initstate_0,pick_up_the_butter_and_place_it_in_the_basket,Camera Viewpoints,,initstate_0,,,,,,view_313
pick_up_the_butter_and_place_it_in_the_basket_view_314_0_100_0_0_initstate_0,pick_up_the_butter_and_place_it_in_the_basket,Camera Viewpoints,,initstate_0,,,,,,view_314
pick_up_the_butter_and_place_it_in_the_basket_view_314_15_100_0_0_initstate_0,pick_up_the_butter_and_place_it_in_the_basket,Camera Viewpoints,,initstate_0,,,,,,view_314
pick_up_the_butter_and_place_it_in_the_basket_language_2_view_0_0_100_0_0_initstate_0,pick_up_the_butter_and_place_it_in_the_basket,Language Instructions,,initstate_0,language_2,,,,,view_0
pick_up_the_butter_and_place_it_in_the_basket_language_4_view_0_0_100_0_0_initstate_0,pick_up_the_butter_and_place_it_in_the_basket,Language Instructions,,initstate_0,language_4,,,,,view_0
pick_up_the_butter_and_place_it_in_the_basket_language_5_view_0_0_100_0_0_initstate_0,pick_up_the_butter_and_place_it_in_the_basket,Language Instructions,,initstate_0,language_5,,,,,view_0
pick_up_the_butter_and_place_it_in_the_basket_language_6_view_0_0_100_0_0_initstate_0,pick_up_the_butter_and_place_it_in_the_basket,Language Instructions,,initstate_0,language_6,,,,,view_0
pick_up_the_butter_and_place_it_in_the_basket_language_7_view_0_0_100_0_0_initstate_0,pick_up_the_butter_and_place_it_in_the_basket,Language Instructions,,initstate_0,language_7,,,,,view_0
pick_up_the_butter_and_place_it_in_the_basket_language_8_view_0_0_100_0_0_initstate_0,pick_up_the_butter_and_place_it_in_the_basket,Language Instructions,,initstate_0,language_8,,,,,view_0
pick_up_the_butter_and_place_it_in_the_basket_language_11_view_0_0_100_0_0_initstate_0,pick_up_the_butter_and_place_it_in_the_basket,Language Instructions,,initstate_0,language_11,,,,,view_0
pick_up_the_butter_and_place_it_in_the_basket_language_13_view_0_0_100_0_0_initstate_0,pick_up_the_butter_and_place_it_in_the_basket,Language Instructions,,initstate_0,language_13,,,,,view_0
pick_up_the_butter_and_place_it_in_the_basket_language_14_view_0_0_100_0_0_initstate_0,pick_up_the_butter_and_place_it_in_the_basket,Language Instructions,,initstate_0,language_14,,,,,view_0
pick_up_the_butter_and_place_it_in_the_basket_language_15_view_0_0_100_0_0_initstate_0,pick_up_the_butter_and_place_it_in_the_basket,Language Instructions,,initstate_0,language_15,,,,,view_0
pick_up_the_butter_and_place_it_in_the_basket_language_18_view_0_0_100_0_0_initstate_0,pick_up_the_butter_and_place_it_in_the_basket,Language Instructions,,initstate_0,language_18,,,,,view_0
pick_up_the_butter_and_place_it_in_the_basket_language_19_view_0_0_100_0_0_initstate_0,pick_up_the_butter_and_place_it_in_the_basket,Language Instructions,,initstate_0,language_19,,,,,view_0
pick_up_the_butter_and_place_it_in_the_basket_language_20_view_0_0_100_0_0_initstate_0,pick_up_the_butter_and_place_it_in_the_basket,Language Instructions,,initstate_0,language_20,,,,,view_0
pick_up_the_butter_and_place_it_in_the_basket_language_22_view_0_0_100_0_0_initstate_0,pick_up_the_butter_and_place_it_in_the_basket,Language Instructions,,initstate_0,language_22,,,,,view_0
pick_up_the_butter_and_place_it_in_the_basket_language_25_view_0_0_100_0_0_initstate_0,pick_up_the_butter_and_place_it_in_the_basket,Language Instructions,,initstate_0,language_25,,,,,view_0
pick_up_the_butter_and_place_it_in_the_basket_language_27_view_0_0_100_0_0_initstate_0,pick_up_the_butter_and_place_it_in_the_basket,Language Instructions,,initstate_0,language_27,,,,,view_0
pick_up_the_butter_and_place_it_in_the_basket_language_28_view_0_0_100_0_0_initstate_0,pick_up_the_butter_and_place_it_in_the_basket,Language Instructions,,initstate_0,language_28,,,,,view_0
pick_up_the_butter_and_place_it_in_the_basket_language_31_view_0_0_100_0_0_initstate_0,pick_up_the_butter_and_place_it_in_the_basket,Language Instructions,,initstate_0,language_31,,,,,view_0
pick_up_the_butter_and_place_it_in_the_basket_language_32_view_0_0_100_0_0_initstate_0,pick_up_the_butter_and_place_it_in_the_basket,Language Instructions,,initstate_0,language_32,,,,,view_0
pick_up_the_butter_and_place_it_in_the_basket_language_34_view_0_0_100_0_0_initstate_0,pick_up_the_butter_and_place_it_in_the_basket,Language Instructions,,initstate_0,language_34,,,,,view_0
pick_up_the_butter_and_place_it_in_the_basket_language_36_view_0_0_100_0_0_initstate_0,pick_up_the_butter_and_place_it_in_the_basket,Language Instructions,,initstate_0,language_36,,,,,view_0
pick_up_the_butter_and_place_it_in_the_basket_language_38_view_0_0_100_0_0_initstate_0,pick_up_the_butter_and_place_it_in_the_basket,Language Instructions,,initstate_0,language_38,,,,,view_0
pick_up_the_butter_and_place_it_in_the_basket_language_42_view_0_0_100_0_0_initstate_0,pick_up_the_butter_and_place_it_in_the_basket,Language Instructions,,initstate_0,language_42,,,,,view_0
pick_up_the_butter_and_place_it_in_the_basket_language_43_view_0_0_100_0_0_initstate_0,pick_up_the_butter_and_place_it_in_the_basket,Language Instructions,,initstate_0,language_43,,,,,view_0
pick_up_the_butter_and_place_it_in_the_basket_language_44_view_0_0_100_0_0_initstate_0,pick_up_the_butter_and_place_it_in_the_basket,Language Instructions,,initstate_0,language_44,,,,,view_0
pick_up_the_butter_and_place_it_in_the_basket_language_45_view_0_0_100_0_0_initstate_0,pick_up_the_butter_and_place_it_in_the_basket,Language Instructions,,initstate_0,language_45,,,,,view_0
pick_up_the_butter_and_place_it_in_the_basket_language_47_view_0_0_100_0_0_initstate_0,pick_up_the_butter_and_place_it_in_the_basket,Language Instructions,,initstate_0,language_47,,,,,view_0
pick_up_the_butter_and_place_it_in_the_basket_language_48_view_0_0_100_0_0_initstate_0,pick_up_the_butter_and_place_it_in_the_basket,Language Instructions,,initstate_0,language_48,,,,,view_0
pick_up_the_butter_and_place_it_in_the_basket_view_0_0_100_0_0_initstate_0_noise_1,pick_up_the_butter_and_place_it_in_the_basket,Sensor Noise,,initstate_0,,,,noise_1,,view_0
pick_up_the_butter_and_place_it_in_the_basket_view_0_0_100_0_0_initstate_0_noise_2,pick_up_the_butter_and_place_it_in_the_basket,Sensor Noise,,initstate_0,,,,noise_2,,view_0
pick_up_the_butter_and_place_it_in_the_basket_view_0_0_100_0_0_initstate_0_noise_3,pick_up_the_butter_and_place_it_in_the_basket,Sensor Noise,,initstate_0,,,,noise_3,,view_0
pick_up_the_butter_and_place_it_in_the_basket_view_0_0_100_0_0_initstate_0_noise_4,pick_up_the_butter_and_place_it_in_the_basket,Sensor Noise,,initstate_0,,,,noise_4,,view_0
pick_up_the_butter_and_place_it_in_the_basket_view_0_0_100_0_0_initstate_0_noise_5,pick_up_the_butter_and_place_it_in_the_basket,Sensor Noise,,initstate_0,,,,noise_5,,view_0
pick_up_the_butter_and_place_it_in_the_basket_view_0_0_100_0_0_initstate_0_noise_6,pick_up_the_butter_and_place_it_in_the_basket,Sensor Noise,,initstate_0,,,,noise_6,,view_0
pick_up_the_butter_and_place_it_in_the_basket_view_0_0_100_0_0_initstate_0_noise_7,pick_up_the_butter_and_place_it_in_the_basket,Sensor Noise,,initstate_0,,,,noise_7,,view_0
pick_up_the_butter_and_place_it_in_the_basket_view_0_0_100_0_0_initstate_0_noise_8,pick_up_the_butter_and_place_it_in_the_basket,Sensor Noise,,initstate_0,,,,noise_8,,view_0
pick_up_the_butter_and_place_it_in_the_basket_view_0_0_100_0_0_initstate_0_noise_11,pick_up_the_butter_and_place_it_in_the_basket,Sensor Noise,,initstate_0,,,,noise_11,,view_0
pick_up_the_butter_and_place_it_in_the_basket_view_0_0_100_0_0_initstate_0_noise_12,pick_up_the_butter_and_place_it_in_the_basket,Sensor Noise,,initstate_0,,,,noise_12,,view_0
pick_up_the_butter_and_place_it_in_the_basket_view_0_0_100_0_0_initstate_0_noise_13,pick_up_the_butter_and_place_it_in_the_basket,Sensor Noise,,initstate_0,,,,noise_13,,view_0
pick_up_the_butter_and_place_it_in_the_basket_view_0_0_100_0_0_initstate_0_noise_14,pick_up_the_butter_and_place_it_in_the_basket,Sensor Noise,,initstate_0,,,,noise_14,,view_0
pick_up_the_butter_and_place_it_in_the_basket_view_0_0_100_0_0_initstate_0_noise_15,pick_up_the_butter_and_place_it_in_the_basket,Sensor Noise,,initstate_0,,,,noise_15,,view_0
pick_up_the_butter_and_place_it_in_the_basket_view_0_0_100_0_0_initstate_0_noise_16,pick_up_the_butter_and_place_it_in_the_basket,Sensor Noise,,initstate_0,,,,noise_16,,view_0
pick_up_the_butter_and_place_it_in_the_basket_view_0_0_100_0_0_initstate_0_noise_17,pick_up_the_butter_and_place_it_in_the_basket,Sensor Noise,,initstate_0,,,,noise_17,,view_0
pick_up_the_butter_and_place_it_in_the_basket_view_0_0_100_0_0_initstate_0_noise_19,pick_up_the_butter_and_place_it_in_the_basket,Sensor Noise,,initstate_0,,,,noise_19,,view_0
pick_up_the_butter_and_place_it_in_the_basket_view_0_0_100_0_0_initstate_0_noise_20,pick_up_the_butter_and_place_it_in_the_basket,Sensor Noise,,initstate_0,,,,noise_20,,view_0
pick_up_the_butter_and_place_it_in_the_basket_view_0_0_100_0_0_initstate_0_noise_21,pick_up_the_butter_and_place_it_in_the_basket,Sensor Noise,,initstate_0,,,,noise_21,,view_0
pick_up_the_butter_and_place_it_in_the_basket_view_0_0_100_0_0_initstate_0_noise_22,pick_up_the_butter_and_place_it_in_the_basket,Sensor Noise,,initstate_0,,,,noise_22,,view_0
pick_up_the_butter_and_place_it_in_the_basket_view_0_0_100_0_0_initstate_0_noise_23,pick_up_the_butter_and_place_it_in_the_basket,Sensor Noise,,initstate_0,,,,noise_23,,view_0
pick_up_the_butter_and_place_it_in_the_basket_view_0_0_100_0_0_initstate_0_noise_24,pick_up_the_butter_and_place_it_in_the_basket,Sensor Noise,,initstate_0,,,,noise_24,,view_0
pick_up_the_butter_and_place_it_in_the_basket_view_0_0_100_0_0_initstate_0_noise_25,pick_up_the_butter_and_place_it_in_the_basket,Sensor Noise,,initstate_0,,,,noise_25,,view_0
pick_up_the_butter_and_place_it_in_the_basket_view_0_0_100_0_0_initstate_0_noise_26,pick_up_the_butter_and_place_it_in_the_basket,Sensor Noise,,initstate_0,,,,noise_26,,view_0
pick_up_the_butter_and_place_it_in_the_basket_view_0_0_100_0_0_initstate_0_noise_27,pick_up_the_butter_and_place_it_in_the_basket,Sensor Noise,,initstate_0,,,,noise_27,,view_0
pick_up_the_butter_and_place_it_in_the_basket_view_0_0_100_0_0_initstate_0_noise_28,pick_up_the_butter_and_place_it_in_the_basket,Sensor Noise,,initstate_0,,,,noise_28,,view_0
pick_up_the_butter_and_place_it_in_the_basket_view_0_0_100_0_0_initstate_0_noise_29,pick_up_the_butter_and_place_it_in_the_basket,Sensor Noise,,initstate_0,,,,noise_29,,view_0
pick_up_the_butter_and_place_it_in_the_basket_view_0_0_100_0_0_initstate_0_noise_30,pick_up_the_butter_and_place_it_in_the_basket,Sensor Noise,,initstate_0,,,,noise_30,,view_0
pick_up_the_butter_and_place_it_in_the_basket_view_0_0_100_0_0_initstate_0_noise_33,pick_up_the_butter_and_place_it_in_the_basket,Sensor Noise,,initstate_0,,,,noise_33,,view_0
pick_up_the_butter_and_place_it_in_the_basket_view_0_0_100_0_0_initstate_0_noise_34,pick_up_the_butter_and_place_it_in_the_basket,Sensor Noise,,initstate_0,,,,noise_34,,view_0
pick_up_the_butter_and_place_it_in_the_basket_view_0_0_100_0_0_initstate_0_noise_35,pick_up_the_butter_and_place_it_in_the_basket,Sensor Noise,,initstate_0,,,,noise_35,,view_0
pick_up_the_butter_and_place_it_in_the_basket_view_0_0_100_0_0_initstate_0_noise_36,pick_up_the_butter_and_place_it_in_the_basket,Sensor Noise,,initstate_0,,,,noise_36,,view_0
pick_up_the_butter_and_place_it_in_the_basket_view_0_0_100_0_0_initstate_0_noise_37,pick_up_the_butter_and_place_it_in_the_basket,Sensor Noise,,initstate_0,,,,noise_37,,view_0
pick_up_the_butter_and_place_it_in_the_basket_view_0_0_100_0_0_initstate_0_noise_38,pick_up_the_butter_and_place_it_in_the_basket,Sensor Noise,,initstate_0,,,,noise_38,,view_0
pick_up_the_butter_and_place_it_in_the_basket_view_0_0_100_0_0_initstate_0_noise_39,pick_up_the_butter_and_place_it_in_the_basket,Sensor Noise,,initstate_0,,,,noise_39,,view_0
pick_up_the_butter_and_place_it_in_the_basket_view_0_0_100_0_0_initstate_0_noise_40,pick_up_the_butter_and_place_it_in_the_basket,Sensor Noise,,initstate_0,,,,noise_40,,view_0
pick_up_the_butter_and_place_it_in_the_basket_view_0_0_100_0_0_initstate_0_noise_42,pick_up_the_butter_and_place_it_in_the_basket,Sensor Noise,,initstate_0,,,,noise_42,,view_0
pick_up_the_butter_and_place_it_in_the_basket_view_0_0_100_0_0_initstate_0_noise_43,pick_up_the_butter_and_place_it_in_the_basket,Sensor Noise,,initstate_0,,,,noise_43,,view_0
pick_up_the_butter_and_place_it_in_the_basket_view_0_0_100_0_0_initstate_0_noise_44,pick_up_the_butter_and_place_it_in_the_basket,Sensor Noise,,initstate_0,,,,noise_44,,view_0
pick_up_the_butter_and_place_it_in_the_basket_view_0_0_100_0_0_initstate_0_noise_45,pick_up_the_butter_and_place_it_in_the_basket,Sensor Noise,,initstate_0,,,,noise_45,,view_0
pick_up_the_butter_and_place_it_in_the_basket_view_0_0_100_0_0_initstate_0_noise_46,pick_up_the_butter_and_place_it_in_the_basket,Sensor Noise,,initstate_0,,,,noise_46,,view_0
pick_up_the_butter_and_place_it_in_the_basket_view_0_0_100_0_0_initstate_0_noise_47,pick_up_the_butter_and_place_it_in_the_basket,Sensor Noise,,initstate_0,,,,noise_47,,view_0
pick_up_the_butter_and_place_it_in_the_basket_view_0_0_100_0_0_initstate_0_noise_48,pick_up_the_butter_and_place_it_in_the_basket,Sensor Noise,,initstate_0,,,,noise_48,,view_0
pick_up_the_butter_and_place_it_in_the_basket_view_0_0_100_0_0_initstate_0_noise_49,pick_up_the_butter_and_place_it_in_the_basket,Sensor Noise,,initstate_0,,,,noise_49,,view_0
pick_up_the_butter_and_place_it_in_the_basket_view_0_0_100_0_0_initstate_0_noise_50,pick_up_the_butter_and_place_it_in_the_basket,Sensor Noise,,initstate_0,,,,noise_50,,view_0
pick_up_the_butter_and_place_it_in_the_basket_add_11,pick_up_the_butter_and_place_it_in_the_basket,Objects Layout,add_11,,,,,,,
pick_up_the_butter_and_place_it_in_the_basket_add_12,pick_up_the_butter_and_place_it_in_the_basket,Objects Layout,add_12,,,,,,,
pick_up_the_butter_and_place_it_in_the_basket_add_13,pick_up_the_butter_and_place_it_in_the_basket,Objects Layout,add_13,,,,,,,
pick_up_the_butter_and_place_it_in_the_basket_add_14,pick_up_the_butter_and_place_it_in_the_basket,Objects Layout,add_14,,,,,,,
pick_up_the_butter_and_place_it_in_the_basket_add_15,pick_up_the_butter_and_place_it_in_the_basket,Objects Layout,add_15,,,,,,,
pick_up_the_butter_and_place_it_in_the_basket_add_16,pick_up_the_butter_and_place_it_in_the_basket,Objects Layout,add_16,,,,,,,
pick_up_the_butter_and_place_it_in_the_basket_add_17,pick_up_the_butter_and_place_it_in_the_basket,Objects Layout,add_17,,,,,,,
pick_up_the_butter_and_place_it_in_the_basket_add_18,pick_up_the_butter_and_place_it_in_the_basket,Objects Layout,add_18,,,,,,,
pick_up_the_butter_and_place_it_in_the_basket_add_2,pick_up_the_butter_and_place_it_in_the_basket,Objects Layout,add_2,,,,,,,
pick_up_the_butter_and_place_it_in_the_basket_add_20,pick_up_the_butter_and_place_it_in_the_basket,Objects Layout,add_20,,,,,,,
pick_up_the_butter_and_place_it_in_the_basket_add_21,pick_up_the_butter_and_place_it_in_the_basket,Objects Layout,add_21,,,,,,,
pick_up_the_butter_and_place_it_in_the_basket_add_22,pick_up_the_butter_and_place_it_in_the_basket,Objects Layout,add_22,,,,,,,
pick_up_the_butter_and_place_it_in_the_basket_add_23,pick_up_the_butter_and_place_it_in_the_basket,Objects Layout,add_23,,,,,,,
pick_up_the_butter_and_place_it_in_the_basket_add_25,pick_up_the_butter_and_place_it_in_the_basket,Objects Layout,add_25,,,,,,,
pick_up_the_butter_and_place_it_in_the_basket_add_26,pick_up_the_butter_and_place_it_in_the_basket,Objects Layout,add_26,,,,,,,
pick_up_the_butter_and_place_it_in_the_basket_add_27,pick_up_the_butter_and_place_it_in_the_basket,Objects Layout,add_27,,,,,,,
pick_up_the_butter_and_place_it_in_the_basket_add_28,pick_up_the_butter_and_place_it_in_the_basket,Objects Layout,add_28,,,,,,,
pick_up_the_butter_and_place_it_in_the_basket_add_29,pick_up_the_butter_and_place_it_in_the_basket,Objects Layout,add_29,,,,,,,
pick_up_the_butter_and_place_it_in_the_basket_add_3,pick_up_the_butter_and_place_it_in_the_basket,Objects Layout,add_3,,,,,,,
pick_up_the_butter_and_place_it_in_the_basket_add_30,pick_up_the_butter_and_place_it_in_the_basket,Objects Layout,add_30,,,,,,,
pick_up_the_butter_and_place_it_in_the_basket_add_6,pick_up_the_butter_and_place_it_in_the_basket,Objects Layout,add_6,,,,,,,
pick_up_the_butter_and_place_it_in_the_basket_add_7,pick_up_the_butter_and_place_it_in_the_basket,Objects Layout,add_7,,,,,,,
pick_up_the_butter_and_place_it_in_the_basket_add_8,pick_up_the_butter_and_place_it_in_the_basket,Objects Layout,add_8,,,,,,,
pick_up_the_butter_and_place_it_in_the_basket_add_9,pick_up_the_butter_and_place_it_in_the_basket,Objects Layout,add_9,,,,,,,
pick_up_the_butter_and_place_it_in_the_basket_level1_sample1,pick_up_the_butter_and_place_it_in_the_basket,Objects Layout,,,,level1_sample1,,,,
pick_up_the_butter_and_place_it_in_the_basket_level1_sample2,pick_up_the_butter_and_place_it_in_the_basket,Objects Layout,,,,level1_sample2,,,,
pick_up_the_butter_and_place_it_in_the_basket_level1_sample3,pick_up_the_butter_and_place_it_in_the_basket,Objects Layout,,,,level1_sample3,,,,
pick_up_the_butter_and_place_it_in_the_basket_level1_sample4,pick_up_the_butter_and_place_it_in_the_basket,Objects Layout,,,,level1_sample4,,,,
pick_up_the_butter_and_place_it_in_the_basket_level2_sample1,pick_up_the_butter_and_place_it_in_the_basket,Objects Layout,,,,level2_sample1,,,,
pick_up_the_butter_and_place_it_in_the_basket_level2_sample2,pick_up_the_butter_and_place_it_in_the_basket,Objects Layout,,,,level2_sample2,,,,
pick_up_the_butter_and_place_it_in_the_basket_level2_sample3,pick_up_the_butter_and_place_it_in_the_basket,Objects Layout,,,,level2_sample3,,,,
pick_up_the_butter_and_place_it_in_the_basket_level2_sample4,pick_up_the_butter_and_place_it_in_the_basket,Objects Layout,,,,level2_sample4,,,,
pick_up_the_butter_and_place_it_in_the_basket_level3_sample1,pick_up_the_butter_and_place_it_in_the_basket,Objects Layout,,,,level3_sample1,,,,
pick_up_the_butter_and_place_it_in_the_basket_level3_sample2,pick_up_the_butter_and_place_it_in_the_basket,Objects Layout,,,,level3_sample2,,,,
pick_up_the_butter_and_place_it_in_the_basket_level3_sample3,pick_up_the_butter_and_place_it_in_the_basket,Objects Layout,,,,level3_sample3,,,,
pick_up_the_butter_and_place_it_in_the_basket_level3_sample4,pick_up_the_butter_and_place_it_in_the_basket,Objects Layout,,,,level3_sample4,,,,
pick_up_the_butter_and_place_it_in_the_basket_level4_sample1,pick_up_the_butter_and_place_it_in_the_basket,Objects Layout,,,,level4_sample1,,,,
pick_up_the_butter_and_place_it_in_the_basket_level4_sample2,pick_up_the_butter_and_place_it_in_the_basket,Objects Layout,,,,level4_sample2,,,,
pick_up_the_butter_and_place_it_in_the_basket_level4_sample3,pick_up_the_butter_and_place_it_in_the_basket,Objects Layout,,,,level4_sample3,,,,
pick_up_the_butter_and_place_it_in_the_basket_level4_sample4,pick_up_the_butter_and_place_it_in_the_basket,Objects Layout,,,,level4_sample4,,,,
pick_up_the_butter_and_place_it_in_the_basket_level5_sample1,pick_up_the_butter_and_place_it_in_the_basket,Objects Layout,,,,level5_sample1,,,,
pick_up_the_butter_and_place_it_in_the_basket_level5_sample2,pick_up_the_butter_and_place_it_in_the_basket,Objects Layout,,,,level5_sample2,,,,
pick_up_the_butter_and_place_it_in_the_basket_level5_sample3,pick_up_the_butter_and_place_it_in_the_basket,Objects Layout,,,,level5_sample3,,,,
pick_up_the_butter_and_place_it_in_the_basket_level5_sample4,pick_up_the_butter_and_place_it_in_the_basket,Objects Layout,,,,level5_sample4,,,,
pick_up_the_butter_and_place_it_in_the_basket_light_10,pick_up_the_butter_and_place_it_in_the_basket,Light Conditions,,,,,light_10,,,
pick_up_the_butter_and_place_it_in_the_basket_light_11,pick_up_the_butter_and_place_it_in_the_basket,Light Conditions,,,,,light_11,,,
pick_up_the_butter_and_place_it_in_the_basket_light_12,pick_up_the_butter_and_place_it_in_the_basket,Light Conditions,,,,,light_12,,,
pick_up_the_butter_and_place_it_in_the_basket_light_13,pick_up_the_butter_and_place_it_in_the_basket,Light Conditions,,,,,light_13,,,
pick_up_the_butter_and_place_it_in_the_basket_light_14,pick_up_the_butter_and_place_it_in_the_basket,Light Conditions,,,,,light_14,,,
pick_up_the_butter_and_place_it_in_the_basket_light_15,pick_up_the_butter_and_place_it_in_the_basket,Light Conditions,,,,,light_15,,,
pick_up_the_butter_and_place_it_in_the_basket_light_16,pick_up_the_butter_and_place_it_in_the_basket,Light Conditions,,,,,light_16,,,
pick_up_the_butter_and_place_it_in_the_basket_light_17,pick_up_the_butter_and_place_it_in_the_basket,Light Conditions,,,,,light_17,,,
pick_up_the_butter_and_place_it_in_the_basket_light_18,pick_up_the_butter_and_place_it_in_the_basket,Light Conditions,,,,,light_18,,,
pick_up_the_butter_and_place_it_in_the_basket_light_19,pick_up_the_butter_and_place_it_in_the_basket,Light Conditions,,,,,light_19,,,
pick_up_the_butter_and_place_it_in_the_basket_light_2,pick_up_the_butter_and_place_it_in_the_basket,Light Conditions,,,,,light_2,,,
pick_up_the_butter_and_place_it_in_the_basket_light_20,pick_up_the_butter_and_place_it_in_the_basket,Light Conditions,,,,,light_20,,,
pick_up_the_butter_and_place_it_in_the_basket_light_21,pick_up_the_butter_and_place_it_in_the_basket,Light Conditions,,,,,light_21,,,
pick_up_the_butter_and_place_it_in_the_basket_light_22,pick_up_the_butter_and_place_it_in_the_basket,Light Conditions,,,,,light_22,,,
pick_up_the_butter_and_place_it_in_the_basket_light_23,pick_up_the_butter_and_place_it_in_the_basket,Light Conditions,,,,,light_23,,,
pick_up_the_butter_and_place_it_in_the_basket_light_24,pick_up_the_butter_and_place_it_in_the_basket,Light Conditions,,,,,light_24,,,
pick_up_the_butter_and_place_it_in_the_basket_light_25,pick_up_the_butter_and_place_it_in_the_basket,Light Conditions,,,,,light_25,,,
pick_up_the_butter_and_place_it_in_the_basket_light_26,pick_up_the_butter_and_place_it_in_the_basket,Light Conditions,,,,,light_26,,,
pick_up_the_butter_and_place_it_in_the_basket_light_27,pick_up_the_butter_and_place_it_in_the_basket,Light Conditions,,,,,light_27,,,
pick_up_the_butter_and_place_it_in_the_basket_light_28,pick_up_the_butter_and_place_it_in_the_basket,Light Conditions,,,,,light_28,,,
pick_up_the_butter_and_place_it_in_the_basket_light_29,pick_up_the_butter_and_place_it_in_the_basket,Light Conditions,,,,,light_29,,,
pick_up_the_butter_and_place_it_in_the_basket_light_30,pick_up_the_butter_and_place_it_in_the_basket,Light Conditions,,,,,light_30,,,
pick_up_the_butter_and_place_it_in_the_basket_light_31,pick_up_the_butter_and_place_it_in_the_basket,Light Conditions,,,,,light_31,,,
pick_up_the_butter_and_place_it_in_the_basket_light_32,pick_up_the_butter_and_place_it_in_the_basket,Light Conditions,,,,,light_32,,,
pick_up_the_butter_and_place_it_in_the_basket_light_33,pick_up_the_butter_and_place_it_in_the_basket,Light Conditions,,,,,light_33,,,
pick_up_the_butter_and_place_it_in_the_basket_light_34,pick_up_the_butter_and_place_it_in_the_basket,Light Conditions,,,,,light_34,,,
pick_up_the_butter_and_place_it_in_the_basket_light_35,pick_up_the_butter_and_place_it_in_the_basket,Light Conditions,,,,,light_35,,,
pick_up_the_butter_and_place_it_in_the_basket_light_36,pick_up_the_butter_and_place_it_in_the_basket,Light Conditions,,,,,light_36,,,
pick_up_the_butter_and_place_it_in_the_basket_light_37,pick_up_the_butter_and_place_it_in_the_basket,Light Conditions,,,,,light_37,,,
pick_up_the_butter_and_place_it_in_the_basket_light_38,pick_up_the_butter_and_place_it_in_the_basket,Light Conditions,,,,,light_38,,,
pick_up_the_butter_and_place_it_in_the_basket_light_39,pick_up_the_butter_and_place_it_in_the_basket,Light Conditions,,,,,light_39,,,
pick_up_the_butter_and_place_it_in_the_basket_light_4,pick_up_the_butter_and_place_it_in_the_basket,Light Conditions,,,,,light_4,,,
pick_up_the_butter_and_place_it_in_the_basket_light_40,pick_up_the_butter_and_place_it_in_the_basket,Light Conditions,,,,,light_40,,,
pick_up_the_butter_and_place_it_in_the_basket_light_41,pick_up_the_butter_and_place_it_in_the_basket,Light Conditions,,,,,light_41,,,
pick_up_the_butter_and_place_it_in_the_basket_light_42,pick_up_the_butter_and_place_it_in_the_basket,Light Conditions,,,,,light_42,,,
pick_up_the_butter_and_place_it_in_the_basket_light_43,pick_up_the_butter_and_place_it_in_the_basket,Light Conditions,,,,,light_43,,,
pick_up_the_butter_and_place_it_in_the_basket_light_44,pick_up_the_butter_and_place_it_in_the_basket,Light Conditions,,,,,light_44,,,
pick_up_the_butter_and_place_it_in_the_basket_light_46,pick_up_the_butter_and_place_it_in_the_basket,Light Conditions,,,,,light_46,,,
pick_up_the_butter_and_place_it_in_the_basket_light_48,pick_up_the_butter_and_place_it_in_the_basket,Light Conditions,,,,,light_48,,,
pick_up_the_butter_and_place_it_in_the_basket_light_49,pick_up_the_butter_and_place_it_in_the_basket,Light Conditions,,,,,light_49,,,
pick_up_the_butter_and_place_it_in_the_basket_light_5,pick_up_the_butter_and_place_it_in_the_basket,Light Conditions,,,,,light_5,,,
pick_up_the_butter_and_place_it_in_the_basket_light_50,pick_up_the_butter_and_place_it_in_the_basket,Light Conditions,,,,,light_50,,,
pick_up_the_butter_and_place_it_in_the_basket_light_6,pick_up_the_butter_and_place_it_in_the_basket,Light Conditions,,,,,light_6,,,
pick_up_the_butter_and_place_it_in_the_basket_light_7,pick_up_the_butter_and_place_it_in_the_basket,Light Conditions,,,,,light_7,,,
pick_up_the_butter_and_place_it_in_the_basket_light_9,pick_up_the_butter_and_place_it_in_the_basket,Light Conditions,,,,,light_9,,,
pick_up_the_chocolate_pudding_and_place_it_in_the_basket_table_1,pick_up_the_chocolate_pudding_and_place_it_in_the_basket,Background Textures,,,,,,,table_1,
pick_up_the_chocolate_pudding_and_place_it_in_the_basket_table_10,pick_up_the_chocolate_pudding_and_place_it_in_the_basket,Background Textures,,,,,,,table_10,
pick_up_the_chocolate_pudding_and_place_it_in_the_basket_table_12,pick_up_the_chocolate_pudding_and_place_it_in_the_basket,Background Textures,,,,,,,table_12,
pick_up_the_chocolate_pudding_and_place_it_in_the_basket_table_15,pick_up_the_chocolate_pudding_and_place_it_in_the_basket,Background Textures,,,,,,,table_15,
pick_up_the_chocolate_pudding_and_place_it_in_the_basket_table_16,pick_up_the_chocolate_pudding_and_place_it_in_the_basket,Background Textures,,,,,,,table_16,
pick_up_the_chocolate_pudding_and_place_it_in_the_basket_table_17,pick_up_the_chocolate_pudding_and_place_it_in_the_basket,Background Textures,,,,,,,table_17,
pick_up_the_chocolate_pudding_and_place_it_in_the_basket_table_2,pick_up_the_chocolate_pudding_and_place_it_in_the_basket,Background Textures,,,,,,,table_2,
pick_up_the_chocolate_pudding_and_place_it_in_the_basket_table_21,pick_up_the_chocolate_pudding_and_place_it_in_the_basket,Background Textures,,,,,,,table_21,
pick_up_the_chocolate_pudding_and_place_it_in_the_basket_table_22,pick_up_the_chocolate_pudding_and_place_it_in_the_basket,Background Textures,,,,,,,table_22,
pick_up_the_chocolate_pudding_and_place_it_in_the_basket_table_23,pick_up_the_chocolate_pudding_and_place_it_in_the_basket,Background Textures,,,,,,,table_23,
pick_up_the_chocolate_pudding_and_place_it_in_the_basket_table_24,pick_up_the_chocolate_pudding_and_place_it_in_the_basket,Background Textures,,,,,,,table_24,
pick_up_the_chocolate_pudding_and_place_it_in_the_basket_table_27,pick_up_the_chocolate_pudding_and_place_it_in_the_basket,Background Textures,,,,,,,table_27,
pick_up_the_chocolate_pudding_and_place_it_in_the_basket_table_3,pick_up_the_chocolate_pudding_and_place_it_in_the_basket,Background Textures,,,,,,,table_3,
pick_up_the_chocolate_pudding_and_place_it_in_the_basket_table_4,pick_up_the_chocolate_pudding_and_place_it_in_the_basket,Background Textures,,,,,,,table_4,
pick_up_the_chocolate_pudding_and_place_it_in_the_basket_table_6,pick_up_the_chocolate_pudding_and_place_it_in_the_basket,Background Textures,,,,,,,table_6,
pick_up_the_chocolate_pudding_and_place_it_in_the_basket_table_8,pick_up_the_chocolate_pudding_and_place_it_in_the_basket,Background Textures,,,,,,,table_8,
pick_up_the_chocolate_pudding_and_place_it_in_the_basket_tb_1,pick_up_the_chocolate_pudding_and_place_it_in_the_basket,Background Textures,,,,,,,tb_1,
pick_up_the_chocolate_pudding_and_place_it_in_the_basket_tb_13,pick_up_the_chocolate_pudding_and_place_it_in_the_basket,Background Textures,,,,,,,tb_13,
pick_up_the_chocolate_pudding_and_place_it_in_the_basket_tb_18,pick_up_the_chocolate_pudding_and_place_it_in_the_basket,Background Textures,,,,,,,tb_18,
pick_up_the_chocolate_pudding_and_place_it_in_the_basket_tb_19,pick_up_the_chocolate_pudding_and_place_it_in_the_basket,Background Textures,,,,,,,tb_19,
pick_up_the_chocolate_pudding_and_place_it_in_the_basket_tb_20,pick_up_the_chocolate_pudding_and_place_it_in_the_basket,Background Textures,,,,,,,tb_20,
pick_up_the_chocolate_pudding_and_place_it_in_the_basket_tb_9,pick_up_the_chocolate_pudding_and_place_it_in_the_basket,Background Textures,,,,,,,tb_9,
pick_up_the_chocolate_pudding_and_place_it_in_the_basket_view_0_0_100_0_0_initstate_99,pick_up_the_chocolate_pudding_and_place_it_in_the_basket,Robot Initial States,,initstate_99,,,,,,view_0
pick_up_the_chocolate_pudding_and_place_it_in_the_basket_view_0_0_100_0_0_initstate_129,pick_up_the_chocolate_pudding_and_place_it_in_the_basket,Robot Initial States,,initstate_129,,,,,,view_0
pick_up_the_chocolate_pudding_and_place_it_in_the_basket_view_0_0_100_0_0_initstate_139,pick_up_the_chocolate_pudding_and_place_it_in_the_basket,Robot Initial States,,initstate_139,,,,,,view_0
pick_up_the_chocolate_pudding_and_place_it_in_the_basket_view_0_0_100_0_0_initstate_149,pick_up_the_chocolate_pudding_and_place_it_in_the_basket,Robot Initial States,,initstate_149,,,,,,view_0
pick_up_the_chocolate_pudding_and_place_it_in_the_basket_view_0_0_100_0_0_initstate_159,pick_up_the_chocolate_pudding_and_place_it_in_the_basket,Robot Initial States,,initstate_159,,,,,,view_0
pick_up_the_chocolate_pudding_and_place_it_in_the_basket_view_0_0_100_0_0_initstate_209,pick_up_the_chocolate_pudding_and_place_it_in_the_basket,Robot Initial States,,initstate_209,,,,,,view_0
pick_up_the_chocolate_pudding_and_place_it_in_the_basket_view_0_0_100_0_0_initstate_219,pick_up_the_chocolate_pudding_and_place_it_in_the_basket,Robot Initial States,,initstate_219,,,,,,view_0
pick_up_the_chocolate_pudding_and_place_it_in_the_basket_view_0_0_100_0_0_initstate_229,pick_up_the_chocolate_pudding_and_place_it_in_the_basket,Robot Initial States,,initstate_229,,,,,,view_0
pick_up_the_chocolate_pudding_and_place_it_in_the_basket_view_0_0_100_0_0_initstate_239,pick_up_the_chocolate_pudding_and_place_it_in_the_basket,Robot Initial States,,initstate_239,,,,,,view_0
pick_up_the_chocolate_pudding_and_place_it_in_the_basket_view_0_0_100_0_0_initstate_249,pick_up_the_chocolate_pudding_and_place_it_in_the_basket,Robot Initial States,,initstate_249,,,,,,view_0
pick_up_the_chocolate_pudding_and_place_it_in_the_basket_view_0_0_100_0_0_initstate_269,pick_up_the_chocolate_pudding_and_place_it_in_the_basket,Robot Initial States,,initstate_269,,,,,,view_0
pick_up_the_chocolate_pudding_and_place_it_in_the_basket_view_0_0_100_0_0_initstate_279,pick_up_the_chocolate_pudding_and_place_it_in_the_basket,Robot Initial States,,initstate_279,,,,,,view_0
pick_up_the_chocolate_pudding_and_place_it_in_the_basket_view_0_0_100_0_0_initstate_289,pick_up_the_chocolate_pudding_and_place_it_in_the_basket,Robot Initial States,,initstate_289,,,,,,view_0
pick_up_the_chocolate_pudding_and_place_it_in_the_basket_view_0_0_100_0_0_initstate_299,pick_up_the_chocolate_pudding_and_place_it_in_the_basket,Robot Initial States,,initstate_299,,,,,,view_0
pick_up_the_chocolate_pudding_and_place_it_in_the_basket_view_0_0_100_0_0_initstate_309,pick_up_the_chocolate_pudding_and_place_it_in_the_basket,Robot Initial States,,initstate_309,,,,,,view_0
pick_up_the_chocolate_pudding_and_place_it_in_the_basket_view_0_0_100_0_0_initstate_319,pick_up_the_chocolate_pudding_and_place_it_in_the_basket,Robot Initial States,,initstate_319,,,,,,view_0
pick_up_the_chocolate_pudding_and_place_it_in_the_basket_view_0_0_100_0_0_initstate_329,pick_up_the_chocolate_pudding_and_place_it_in_the_basket,Robot Initial States,,initstate_329,,,,,,view_0
pick_up_the_chocolate_pudding_and_place_it_in_the_basket_view_0_0_100_0_0_initstate_339,pick_up_the_chocolate_pudding_and_place_it_in_the_basket,Robot Initial States,,initstate_339,,,,,,view_0
pick_up_the_chocolate_pudding_and_place_it_in_the_basket_view_0_0_100_0_0_initstate_349,pick_up_the_chocolate_pudding_and_place_it_in_the_basket,Robot Initial States,,initstate_349,,,,,,view_0
pick_up_the_chocolate_pudding_and_place_it_in_the_basket_view_0_0_100_0_0_initstate_359,pick_up_the_chocolate_pudding_and_place_it_in_the_basket,Robot Initial States,,initstate_359,,,,,,view_0
pick_up_the_chocolate_pudding_and_place_it_in_the_basket_view_0_0_100_0_0_initstate_369,pick_up_the_chocolate_pudding_and_place_it_in_the_basket,Robot Initial States,,initstate_369,,,,,,view_0
pick_up_the_chocolate_pudding_and_place_it_in_the_basket_view_0_0_100_0_0_initstate_379,pick_up_the_chocolate_pudding_and_place_it_in_the_basket,Robot Initial States,,initstate_379,,,,,,view_0
pick_up_the_chocolate_pudding_and_place_it_in_the_basket_view_0_0_100_0_0_initstate_389,pick_up_the_chocolate_pudding_and_place_it_in_the_basket,Robot Initial States,,initstate_389,,,,,,view_0
pick_up_the_chocolate_pudding_and_place_it_in_the_basket_view_0_0_100_0_0_initstate_399,pick_up_the_chocolate_pudding_and_place_it_in_the_basket,Robot Initial States,,initstate_399,,,,,,view_0
pick_up_the_chocolate_pudding_and_place_it_in_the_basket_view_0_0_100_0_0_initstate_409,pick_up_the_chocolate_pudding_and_place_it_in_the_basket,Robot Initial States,,initstate_409,,,,,,view_0
pick_up_the_chocolate_pudding_and_place_it_in_the_basket_view_0_0_100_0_0_initstate_419,pick_up_the_chocolate_pudding_and_place_it_in_the_basket,Robot Initial States,,initstate_419,,,,,,view_0
pick_up_the_chocolate_pudding_and_place_it_in_the_basket_view_0_0_100_0_0_initstate_429,pick_up_the_chocolate_pudding_and_place_it_in_the_basket,Robot Initial States,,initstate_429,,,,,,view_0
pick_up_the_chocolate_pudding_and_place_it_in_the_basket_view_0_0_100_0_0_initstate_439,pick_up_the_chocolate_pudding_and_place_it_in_the_basket,Robot Initial States,,initstate_439,,,,,,view_0
pick_up_the_chocolate_pudding_and_place_it_in_the_basket_view_0_0_100_0_0_initstate_449,pick_up_the_chocolate_pudding_and_place_it_in_the_basket,Robot Initial States,,initstate_449,,,,,,view_0
pick_up_the_chocolate_pudding_and_place_it_in_the_basket_view_0_0_100_0_0_initstate_459,pick_up_the_chocolate_pudding_and_place_it_in_the_basket,Robot Initial States,,initstate_459,,,,,,view_0
pick_up_the_chocolate_pudding_and_place_it_in_the_basket_view_0_0_100_0_0_initstate_469,pick_up_the_chocolate_pudding_and_place_it_in_the_basket,Robot Initial States,,initstate_469,,,,,,view_0
pick_up_the_chocolate_pudding_and_place_it_in_the_basket_view_0_0_100_0_0_initstate_479,pick_up_the_chocolate_pudding_and_place_it_in_the_basket,Robot Initial States,,initstate_479,,,,,,view_0
pick_up_the_chocolate_pudding_and_place_it_in_the_basket_view_0_0_100_0_0_initstate_489,pick_up_the_chocolate_pudding_and_place_it_in_the_basket,Robot Initial States,,initstate_489,,,,,,view_0
pick_up_the_chocolate_pudding_and_place_it_in_the_basket_view_0_0_100_0_0_initstate_499,pick_up_the_chocolate_pudding_and_place_it_in_the_basket,Robot Initial States,,initstate_499,,,,,,view_0
pick_up_the_chocolate_pudding_and_place_it_in_the_basket_view_0_0_181_0_0_initstate_0,pick_up_the_chocolate_pudding_and_place_it_in_the_basket,Camera Viewpoints,,initstate_0,,,,,,view_0
pick_up_the_chocolate_pudding_and_place_it_in_the_basket_view_0_0_182_0_0_initstate_0,pick_up_the_chocolate_pudding_and_place_it_in_the_basket,Camera Viewpoints,,initstate_0,,,,,,view_0
pick_up_the_chocolate_pudding_and_place_it_in_the_basket_view_0_0_183_0_0_initstate_0,pick_up_the_chocolate_pudding_and_place_it_in_the_basket,Camera Viewpoints,,initstate_0,,,,,,view_0
pick_up_the_chocolate_pudding_and_place_it_in_the_basket_view_0_0_184_0_0_initstate_0,pick_up_the_chocolate_pudding_and_place_it_in_the_basket,Camera Viewpoints,,initstate_0,,,,,,view_0
pick_up_the_chocolate_pudding_and_place_it_in_the_basket_view_0_0_185_0_0_initstate_0,pick_up_the_chocolate_pudding_and_place_it_in_the_basket,Camera Viewpoints,,initstate_0,,,,,,view_0
pick_up_the_chocolate_pudding_and_place_it_in_the_basket_view_0_0_186_0_0_initstate_0,pick_up_the_chocolate_pudding_and_place_it_in_the_basket,Camera Viewpoints,,initstate_0,,,,,,view_0
pick_up_the_chocolate_pudding_and_place_it_in_the_basket_view_0_0_187_0_0_initstate_0,pick_up_the_chocolate_pudding_and_place_it_in_the_basket,Camera Viewpoints,,initstate_0,,,,,,view_0
pick_up_the_chocolate_pudding_and_place_it_in_the_basket_view_0_0_188_0_0_initstate_0,pick_up_the_chocolate_pudding_and_place_it_in_the_basket,Camera Viewpoints,,initstate_0,,,,,,view_0
pick_up_the_chocolate_pudding_and_place_it_in_the_basket_view_0_0_189_0_0_initstate_0,pick_up_the_chocolate_pudding_and_place_it_in_the_basket,Camera Viewpoints,,initstate_0,,,,,,view_0
pick_up_the_chocolate_pudding_and_place_it_in_the_basket_view_0_0_190_0_0_initstate_0,pick_up_the_chocolate_pudding_and_place_it_in_the_basket,Camera Viewpoints,,initstate_0,,,,,,view_0
pick_up_the_chocolate_pudding_and_place_it_in_the_basket_view_0_0_100_356_10_initstate_0,pick_up_the_chocolate_pudding_and_place_it_in_the_basket,Camera Viewpoints,,initstate_0,,,,,,view_0
pick_up_the_chocolate_pudding_and_place_it_in_the_basket_view_0_0_100_356_350_initstate_0,pick_up_the_chocolate_pudding_and_place_it_in_the_basket,Camera Viewpoints,,initstate_0,,,,,,view_0
pick_up_the_chocolate_pudding_and_place_it_in_the_basket_view_0_0_100_356_352_initstate_0,pick_up_the_chocolate_pudding_and_place_it_in_the_basket,Camera Viewpoints,,initstate_0,,,,,,view_0
pick_up_the_chocolate_pudding_and_place_it_in_the_basket_view_0_0_100_356_354_initstate_0,pick_up_the_chocolate_pudding_and_place_it_in_the_basket,Camera Viewpoints,,initstate_0,,,,,,view_0
pick_up_the_chocolate_pudding_and_place_it_in_the_basket_view_330_0_100_0_0_initstate_0,pick_up_the_chocolate_pudding_and_place_it_in_the_basket,Camera Viewpoints,,initstate_0,,,,,,view_330
pick_up_the_chocolate_pudding_and_place_it_in_the_basket_view_330_15_100_0_0_initstate_0,pick_up_the_chocolate_pudding_and_place_it_in_the_basket,Camera Viewpoints,,initstate_0,,,,,,view_330
pick_up_the_chocolate_pudding_and_place_it_in_the_basket_view_331_0_100_0_0_initstate_0,pick_up_the_chocolate_pudding_and_place_it_in_the_basket,Camera Viewpoints,,initstate_0,,,,,,view_331
pick_up_the_chocolate_pudding_and_place_it_in_the_basket_view_331_15_100_0_0_initstate_0,pick_up_the_chocolate_pudding_and_place_it_in_the_basket,Camera Viewpoints,,initstate_0,,,,,,view_331
pick_up_the_chocolate_pudding_and_place_it_in_the_basket_view_332_0_100_0_0_initstate_0,pick_up_the_chocolate_pudding_and_place_it_in_the_basket,Camera Viewpoints,,initstate_0,,,,,,view_332
pick_up_the_chocolate_pudding_and_place_it_in_the_basket_view_332_15_100_0_0_initstate_0,pick_up_the_chocolate_pudding_and_place_it_in_the_basket,Camera Viewpoints,,initstate_0,,,,,,view_332
pick_up_the_chocolate_pudding_and_place_it_in_the_basket_view_333_0_100_0_0_initstate_0,pick_up_the_chocolate_pudding_and_place_it_in_the_basket,Camera Viewpoints,,initstate_0,,,,,,view_333
pick_up_the_chocolate_pudding_and_place_it_in_the_basket_view_333_15_100_0_0_initstate_0,pick_up_the_chocolate_pudding_and_place_it_in_the_basket,Camera Viewpoints,,initstate_0,,,,,,view_333
pick_up_the_chocolate_pudding_and_place_it_in_the_basket_view_334_0_100_0_0_initstate_0,pick_up_the_chocolate_pudding_and_place_it_in_the_basket,Camera Viewpoints,,initstate_0,,,,,,view_334
pick_up_the_chocolate_pudding_and_place_it_in_the_basket_view_334_15_100_0_0_initstate_0,pick_up_the_chocolate_pudding_and_place_it_in_the_basket,Camera Viewpoints,,initstate_0,,,,,,view_334
pick_up_the_chocolate_pudding_and_place_it_in_the_basket_view_335_0_100_0_0_initstate_0,pick_up_the_chocolate_pudding_and_place_it_in_the_basket,Camera Viewpoints,,initstate_0,,,,,,view_335
pick_up_the_chocolate_pudding_and_place_it_in_the_basket_view_335_15_100_0_0_initstate_0,pick_up_the_chocolate_pudding_and_place_it_in_the_basket,Camera Viewpoints,,initstate_0,,,,,,view_335
pick_up_the_chocolate_pudding_and_place_it_in_the_basket_view_336_0_100_0_0_initstate_0,pick_up_the_chocolate_pudding_and_place_it_in_the_basket,Camera Viewpoints,,initstate_0,,,,,,view_336
pick_up_the_chocolate_pudding_and_place_it_in_the_basket_view_336_15_100_0_0_initstate_0,pick_up_the_chocolate_pudding_and_place_it_in_the_basket,Camera Viewpoints,,initstate_0,,,,,,view_336
pick_up_the_chocolate_pudding_and_place_it_in_the_basket_view_337_0_100_0_0_initstate_0,pick_up_the_chocolate_pudding_and_place_it_in_the_basket,Camera Viewpoints,,initstate_0,,,,,,view_337
pick_up_the_chocolate_pudding_and_place_it_in_the_basket_view_337_15_100_0_0_initstate_0,pick_up_the_chocolate_pudding_and_place_it_in_the_basket,Camera Viewpoints,,initstate_0,,,,,,view_337
pick_up_the_chocolate_pudding_and_place_it_in_the_basket_view_338_0_100_0_0_initstate_0,pick_up_the_chocolate_pudding_and_place_it_in_the_basket,Camera Viewpoints,,initstate_0,,,,,,view_338
pick_up_the_chocolate_pudding_and_place_it_in_the_basket_view_338_15_100_0_0_initstate_0,pick_up_the_chocolate_pudding_and_place_it_in_the_basket,Camera Viewpoints,,initstate_0,,,,,,view_338
pick_up_the_chocolate_pudding_and_place_it_in_the_basket_view_339_0_100_0_0_initstate_0,pick_up_the_chocolate_pudding_and_place_it_in_the_basket,Camera Viewpoints,,initstate_0,,,,,,view_339
pick_up_the_chocolate_pudding_and_place_it_in_the_basket_view_339_15_100_0_0_initstate_0,pick_up_the_chocolate_pudding_and_place_it_in_the_basket,Camera Viewpoints,,initstate_0,,,,,,view_339
pick_up_the_chocolate_pudding_and_place_it_in_the_basket_view_340_0_100_0_0_initstate_0,pick_up_the_chocolate_pudding_and_place_it_in_the_basket,Camera Viewpoints,,initstate_0,,,,,,view_340
pick_up_the_chocolate_pudding_and_place_it_in_the_basket_view_340_15_100_0_0_initstate_0,pick_up_the_chocolate_pudding_and_place_it_in_the_basket,Camera Viewpoints,,initstate_0,,,,,,view_340
pick_up_the_chocolate_pudding_and_place_it_in_the_basket_view_341_15_100_0_0_initstate_0,pick_up_the_chocolate_pudding_and_place_it_in_the_basket,Camera Viewpoints,,initstate_0,,,,,,view_341
pick_up_the_chocolate_pudding_and_place_it_in_the_basket_view_342_0_100_0_0_initstate_0,pick_up_the_chocolate_pudding_and_place_it_in_the_basket,Camera Viewpoints,,initstate_0,,,,,,view_342
pick_up_the_chocolate_pudding_and_place_it_in_the_basket_view_342_15_100_0_0_initstate_0,pick_up_the_chocolate_pudding_and_place_it_in_the_basket,Camera Viewpoints,,initstate_0,,,,,,view_342
pick_up_the_chocolate_pudding_and_place_it_in_the_basket_view_343_15_100_0_0_initstate_0,pick_up_the_chocolate_pudding_and_place_it_in_the_basket,Camera Viewpoints,,initstate_0,,,,,,view_343
pick_up_the_chocolate_pudding_and_place_it_in_the_basket_view_344_15_100_0_0_initstate_0,pick_up_the_chocolate_pudding_and_place_it_in_the_basket,Camera Viewpoints,,initstate_0,,,,,,view_344
pick_up_the_chocolate_pudding_and_place_it_in_the_basket_language_1_view_0_0_100_0_0_initstate_0,pick_up_the_chocolate_pudding_and_place_it_in_the_basket,Language Instructions,,initstate_0,language_1,,,,,view_0
pick_up_the_chocolate_pudding_and_place_it_in_the_basket_language_2_view_0_0_100_0_0_initstate_0,pick_up_the_chocolate_pudding_and_place_it_in_the_basket,Language Instructions,,initstate_0,language_2,,,,,view_0
pick_up_the_chocolate_pudding_and_place_it_in_the_basket_language_3_view_0_0_100_0_0_initstate_0,pick_up_the_chocolate_pudding_and_place_it_in_the_basket,Language Instructions,,initstate_0,language_3,,,,,view_0
pick_up_the_chocolate_pudding_and_place_it_in_the_basket_language_4_view_0_0_100_0_0_initstate_0,pick_up_the_chocolate_pudding_and_place_it_in_the_basket,Language Instructions,,initstate_0,language_4,,,,,view_0
pick_up_the_chocolate_pudding_and_place_it_in_the_basket_language_5_view_0_0_100_0_0_initstate_0,pick_up_the_chocolate_pudding_and_place_it_in_the_basket,Language Instructions,,initstate_0,language_5,,,,,view_0
pick_up_the_chocolate_pudding_and_place_it_in_the_basket_language_6_view_0_0_100_0_0_initstate_0,pick_up_the_chocolate_pudding_and_place_it_in_the_basket,Language Instructions,,initstate_0,language_6,,,,,view_0
pick_up_the_chocolate_pudding_and_place_it_in_the_basket_language_7_view_0_0_100_0_0_initstate_0,pick_up_the_chocolate_pudding_and_place_it_in_the_basket,Language Instructions,,initstate_0,language_7,,,,,view_0
pick_up_the_chocolate_pudding_and_place_it_in_the_basket_language_8_view_0_0_100_0_0_initstate_0,pick_up_the_chocolate_pudding_and_place_it_in_the_basket,Language Instructions,,initstate_0,language_8,,,,,view_0
pick_up_the_chocolate_pudding_and_place_it_in_the_basket_language_9_view_0_0_100_0_0_initstate_0,pick_up_the_chocolate_pudding_and_place_it_in_the_basket,Language Instructions,,initstate_0,language_9,,,,,view_0
pick_up_the_chocolate_pudding_and_place_it_in_the_basket_language_10_view_0_0_100_0_0_initstate_0,pick_up_the_chocolate_pudding_and_place_it_in_the_basket,Language Instructions,,initstate_0,language_10,,,,,view_0
pick_up_the_chocolate_pudding_and_place_it_in_the_basket_language_11_view_0_0_100_0_0_initstate_0,pick_up_the_chocolate_pudding_and_place_it_in_the_basket,Language Instructions,,initstate_0,language_11,,,,,view_0
pick_up_the_chocolate_pudding_and_place_it_in_the_basket_language_12_view_0_0_100_0_0_initstate_0,pick_up_the_chocolate_pudding_and_place_it_in_the_basket,Language Instructions,,initstate_0,language_12,,,,,view_0
pick_up_the_chocolate_pudding_and_place_it_in_the_basket_language_13_view_0_0_100_0_0_initstate_0,pick_up_the_chocolate_pudding_and_place_it_in_the_basket,Language Instructions,,initstate_0,language_13,,,,,view_0
pick_up_the_chocolate_pudding_and_place_it_in_the_basket_language_14_view_0_0_100_0_0_initstate_0,pick_up_the_chocolate_pudding_and_place_it_in_the_basket,Language Instructions,,initstate_0,language_14,,,,,view_0
pick_up_the_chocolate_pudding_and_place_it_in_the_basket_language_16_view_0_0_100_0_0_initstate_0,pick_up_the_chocolate_pudding_and_place_it_in_the_basket,Language Instructions,,initstate_0,language_16,,,,,view_0
pick_up_the_chocolate_pudding_and_place_it_in_the_basket_language_17_view_0_0_100_0_0_initstate_0,pick_up_the_chocolate_pudding_and_place_it_in_the_basket,Language Instructions,,initstate_0,language_17,,,,,view_0
pick_up_the_chocolate_pudding_and_place_it_in_the_basket_language_18_view_0_0_100_0_0_initstate_0,pick_up_the_chocolate_pudding_and_place_it_in_the_basket,Language Instructions,,initstate_0,language_18,,,,,view_0
pick_up_the_chocolate_pudding_and_place_it_in_the_basket_language_19_view_0_0_100_0_0_initstate_0,pick_up_the_chocolate_pudding_and_place_it_in_the_basket,Language Instructions,,initstate_0,language_19,,,,,view_0
pick_up_the_chocolate_pudding_and_place_it_in_the_basket_language_20_view_0_0_100_0_0_initstate_0,pick_up_the_chocolate_pudding_and_place_it_in_the_basket,Language Instructions,,initstate_0,language_20,,,,,view_0
pick_up_the_chocolate_pudding_and_place_it_in_the_basket_language_21_view_0_0_100_0_0_initstate_0,pick_up_the_chocolate_pudding_and_place_it_in_the_basket,Language Instructions,,initstate_0,language_21,,,,,view_0
pick_up_the_chocolate_pudding_and_place_it_in_the_basket_language_22_view_0_0_100_0_0_initstate_0,pick_up_the_chocolate_pudding_and_place_it_in_the_basket,Language Instructions,,initstate_0,language_22,,,,,view_0
pick_up_the_chocolate_pudding_and_place_it_in_the_basket_language_23_view_0_0_100_0_0_initstate_0,pick_up_the_chocolate_pudding_and_place_it_in_the_basket,Language Instructions,,initstate_0,language_23,,,,,view_0
pick_up_the_chocolate_pudding_and_place_it_in_the_basket_language_24_view_0_0_100_0_0_initstate_0,pick_up_the_chocolate_pudding_and_place_it_in_the_basket,Language Instructions,,initstate_0,language_24,,,,,view_0
pick_up_the_chocolate_pudding_and_place_it_in_the_basket_language_25_view_0_0_100_0_0_initstate_0,pick_up_the_chocolate_pudding_and_place_it_in_the_basket,Language Instructions,,initstate_0,language_25,,,,,view_0
pick_up_the_chocolate_pudding_and_place_it_in_the_basket_language_26_view_0_0_100_0_0_initstate_0,pick_up_the_chocolate_pudding_and_place_it_in_the_basket,Language Instructions,,initstate_0,language_26,,,,,view_0
pick_up_the_chocolate_pudding_and_place_it_in_the_basket_language_27_view_0_0_100_0_0_initstate_0,pick_up_the_chocolate_pudding_and_place_it_in_the_basket,Language Instructions,,initstate_0,language_27,,,,,view_0
pick_up_the_chocolate_pudding_and_place_it_in_the_basket_language_28_view_0_0_100_0_0_initstate_0,pick_up_the_chocolate_pudding_and_place_it_in_the_basket,Language Instructions,,initstate_0,language_28,,,,,view_0
pick_up_the_chocolate_pudding_and_place_it_in_the_basket_language_29_view_0_0_100_0_0_initstate_0,pick_up_the_chocolate_pudding_and_place_it_in_the_basket,Language Instructions,,initstate_0,language_29,,,,,view_0
pick_up_the_chocolate_pudding_and_place_it_in_the_basket_language_30_view_0_0_100_0_0_initstate_0,pick_up_the_chocolate_pudding_and_place_it_in_the_basket,Language Instructions,,initstate_0,language_30,,,,,view_0
pick_up_the_chocolate_pudding_and_place_it_in_the_basket_language_31_view_0_0_100_0_0_initstate_0,pick_up_the_chocolate_pudding_and_place_it_in_the_basket,Language Instructions,,initstate_0,language_31,,,,,view_0
pick_up_the_chocolate_pudding_and_place_it_in_the_basket_language_32_view_0_0_100_0_0_initstate_0,pick_up_the_chocolate_pudding_and_place_it_in_the_basket,Language Instructions,,initstate_0,language_32,,,,,view_0
pick_up_the_chocolate_pudding_and_place_it_in_the_basket_language_33_view_0_0_100_0_0_initstate_0,pick_up_the_chocolate_pudding_and_place_it_in_the_basket,Language Instructions,,initstate_0,language_33,,,,,view_0
pick_up_the_chocolate_pudding_and_place_it_in_the_basket_language_34_view_0_0_100_0_0_initstate_0,pick_up_the_chocolate_pudding_and_place_it_in_the_basket,Language Instructions,,initstate_0,language_34,,,,,view_0
pick_up_the_chocolate_pudding_and_place_it_in_the_basket_language_35_view_0_0_100_0_0_initstate_0,pick_up_the_chocolate_pudding_and_place_it_in_the_basket,Language Instructions,,initstate_0,language_35,,,,,view_0
pick_up_the_chocolate_pudding_and_place_it_in_the_basket_language_36_view_0_0_100_0_0_initstate_0,pick_up_the_chocolate_pudding_and_place_it_in_the_basket,Language Instructions,,initstate_0,language_36,,,,,view_0
pick_up_the_chocolate_pudding_and_place_it_in_the_basket_language_37_view_0_0_100_0_0_initstate_0,pick_up_the_chocolate_pudding_and_place_it_in_the_basket,Language Instructions,,initstate_0,language_37,,,,,view_0
pick_up_the_chocolate_pudding_and_place_it_in_the_basket_language_38_view_0_0_100_0_0_initstate_0,pick_up_the_chocolate_pudding_and_place_it_in_the_basket,Language Instructions,,initstate_0,language_38,,,,,view_0
pick_up_the_chocolate_pudding_and_place_it_in_the_basket_language_39_view_0_0_100_0_0_initstate_0,pick_up_the_chocolate_pudding_and_place_it_in_the_basket,Language Instructions,,initstate_0,language_39,,,,,view_0
pick_up_the_chocolate_pudding_and_place_it_in_the_basket_language_40_view_0_0_100_0_0_initstate_0,pick_up_the_chocolate_pudding_and_place_it_in_the_basket,Language Instructions,,initstate_0,language_40,,,,,view_0
pick_up_the_chocolate_pudding_and_place_it_in_the_basket_language_41_view_0_0_100_0_0_initstate_0,pick_up_the_chocolate_pudding_and_place_it_in_the_basket,Language Instructions,,initstate_0,language_41,,,,,view_0
pick_up_the_chocolate_pudding_and_place_it_in_the_basket_language_42_view_0_0_100_0_0_initstate_0,pick_up_the_chocolate_pudding_and_place_it_in_the_basket,Language Instructions,,initstate_0,language_42,,,,,view_0
pick_up_the_chocolate_pudding_and_place_it_in_the_basket_language_43_view_0_0_100_0_0_initstate_0,pick_up_the_chocolate_pudding_and_place_it_in_the_basket,Language Instructions,,initstate_0,language_43,,,,,view_0
pick_up_the_chocolate_pudding_and_place_it_in_the_basket_language_44_view_0_0_100_0_0_initstate_0,pick_up_the_chocolate_pudding_and_place_it_in_the_basket,Language Instructions,,initstate_0,language_44,,,,,view_0
pick_up_the_chocolate_pudding_and_place_it_in_the_basket_language_45_view_0_0_100_0_0_initstate_0,pick_up_the_chocolate_pudding_and_place_it_in_the_basket,Language Instructions,,initstate_0,language_45,,,,,view_0
pick_up_the_chocolate_pudding_and_place_it_in_the_basket_language_46_view_0_0_100_0_0_initstate_0,pick_up_the_chocolate_pudding_and_place_it_in_the_basket,Language Instructions,,initstate_0,language_46,,,,,view_0
pick_up_the_chocolate_pudding_and_place_it_in_the_basket_language_47_view_0_0_100_0_0_initstate_0,pick_up_the_chocolate_pudding_and_place_it_in_the_basket,Language Instructions,,initstate_0,language_47,,,,,view_0
pick_up_the_chocolate_pudding_and_place_it_in_the_basket_language_48_view_0_0_100_0_0_initstate_0,pick_up_the_chocolate_pudding_and_place_it_in_the_basket,Language Instructions,,initstate_0,language_48,,,,,view_0
pick_up_the_chocolate_pudding_and_place_it_in_the_basket_language_49_view_0_0_100_0_0_initstate_0,pick_up_the_chocolate_pudding_and_place_it_in_the_basket,Language Instructions,,initstate_0,language_49,,,,,view_0
pick_up_the_chocolate_pudding_and_place_it_in_the_basket_language_50_view_0_0_100_0_0_initstate_0,pick_up_the_chocolate_pudding_and_place_it_in_the_basket,Language Instructions,,initstate_0,language_50,,,,,view_0
pick_up_the_chocolate_pudding_and_place_it_in_the_basket_view_0_0_100_0_0_initstate_0_noise_2,pick_up_the_chocolate_pudding_and_place_it_in_the_basket,Sensor Noise,,initstate_0,,,,noise_2,,view_0
pick_up_the_chocolate_pudding_and_place_it_in_the_basket_view_0_0_100_0_0_initstate_0_noise_3,pick_up_the_chocolate_pudding_and_place_it_in_the_basket,Sensor Noise,,initstate_0,,,,noise_3,,view_0
pick_up_the_chocolate_pudding_and_place_it_in_the_basket_view_0_0_100_0_0_initstate_0_noise_4,pick_up_the_chocolate_pudding_and_place_it_in_the_basket,Sensor Noise,,initstate_0,,,,noise_4,,view_0
pick_up_the_chocolate_pudding_and_place_it_in_the_basket_view_0_0_100_0_0_initstate_0_noise_5,pick_up_the_chocolate_pudding_and_place_it_in_the_basket,Sensor Noise,,initstate_0,,,,noise_5,,view_0
pick_up_the_chocolate_pudding_and_place_it_in_the_basket_view_0_0_100_0_0_initstate_0_noise_6,pick_up_the_chocolate_pudding_and_place_it_in_the_basket,Sensor Noise,,initstate_0,,,,noise_6,,view_0
pick_up_the_chocolate_pudding_and_place_it_in_the_basket_view_0_0_100_0_0_initstate_0_noise_7,pick_up_the_chocolate_pudding_and_place_it_in_the_basket,Sensor Noise,,initstate_0,,,,noise_7,,view_0
pick_up_the_chocolate_pudding_and_place_it_in_the_basket_view_0_0_100_0_0_initstate_0_noise_8,pick_up_the_chocolate_pudding_and_place_it_in_the_basket,Sensor Noise,,initstate_0,,,,noise_8,,view_0
pick_up_the_chocolate_pudding_and_place_it_in_the_basket_view_0_0_100_0_0_initstate_0_noise_9,pick_up_the_chocolate_pudding_and_place_it_in_the_basket,Sensor Noise,,initstate_0,,,,noise_9,,view_0
pick_up_the_chocolate_pudding_and_place_it_in_the_basket_view_0_0_100_0_0_initstate_0_noise_10,pick_up_the_chocolate_pudding_and_place_it_in_the_basket,Sensor Noise,,initstate_0,,,,noise_10,,view_0
pick_up_the_chocolate_pudding_and_place_it_in_the_basket_view_0_0_100_0_0_initstate_0_noise_12,pick_up_the_chocolate_pudding_and_place_it_in_the_basket,Sensor Noise,,initstate_0,,,,noise_12,,view_0
pick_up_the_chocolate_pudding_and_place_it_in_the_basket_view_0_0_100_0_0_initstate_0_noise_13,pick_up_the_chocolate_pudding_and_place_it_in_the_basket,Sensor Noise,,initstate_0,,,,noise_13,,view_0
pick_up_the_chocolate_pudding_and_place_it_in_the_basket_view_0_0_100_0_0_initstate_0_noise_14,pick_up_the_chocolate_pudding_and_place_it_in_the_basket,Sensor Noise,,initstate_0,,,,noise_14,,view_0
pick_up_the_chocolate_pudding_and_place_it_in_the_basket_view_0_0_100_0_0_initstate_0_noise_15,pick_up_the_chocolate_pudding_and_place_it_in_the_basket,Sensor Noise,,initstate_0,,,,noise_15,,view_0
pick_up_the_chocolate_pudding_and_place_it_in_the_basket_view_0_0_100_0_0_initstate_0_noise_16,pick_up_the_chocolate_pudding_and_place_it_in_the_basket,Sensor Noise,,initstate_0,,,,noise_16,,view_0
pick_up_the_chocolate_pudding_and_place_it_in_the_basket_view_0_0_100_0_0_initstate_0_noise_17,pick_up_the_chocolate_pudding_and_place_it_in_the_basket,Sensor Noise,,initstate_0,,,,noise_17,,view_0
pick_up_the_chocolate_pudding_and_place_it_in_the_basket_view_0_0_100_0_0_initstate_0_noise_18,pick_up_the_chocolate_pudding_and_place_it_in_the_basket,Sensor Noise,,initstate_0,,,,noise_18,,view_0
pick_up_the_chocolate_pudding_and_place_it_in_the_basket_view_0_0_100_0_0_initstate_0_noise_19,pick_up_the_chocolate_pudding_and_place_it_in_the_basket,Sensor Noise,,initstate_0,,,,noise_19,,view_0
pick_up_the_chocolate_pudding_and_place_it_in_the_basket_view_0_0_100_0_0_initstate_0_noise_20,pick_up_the_chocolate_pudding_and_place_it_in_the_basket,Sensor Noise,,initstate_0,,,,noise_20,,view_0
pick_up_the_chocolate_pudding_and_place_it_in_the_basket_view_0_0_100_0_0_initstate_0_noise_25,pick_up_the_chocolate_pudding_and_place_it_in_the_basket,Sensor Noise,,initstate_0,,,,noise_25,,view_0
pick_up_the_chocolate_pudding_and_place_it_in_the_basket_view_0_0_100_0_0_initstate_0_noise_26,pick_up_the_chocolate_pudding_and_place_it_in_the_basket,Sensor Noise,,initstate_0,,,,noise_26,,view_0
pick_up_the_chocolate_pudding_and_place_it_in_the_basket_view_0_0_100_0_0_initstate_0_noise_27,pick_up_the_chocolate_pudding_and_place_it_in_the_basket,Sensor Noise,,initstate_0,,,,noise_27,,view_0
pick_up_the_chocolate_pudding_and_place_it_in_the_basket_view_0_0_100_0_0_initstate_0_noise_28,pick_up_the_chocolate_pudding_and_place_it_in_the_basket,Sensor Noise,,initstate_0,,,,noise_28,,view_0
pick_up_the_chocolate_pudding_and_place_it_in_the_basket_view_0_0_100_0_0_initstate_0_noise_29,pick_up_the_chocolate_pudding_and_place_it_in_the_basket,Sensor Noise,,initstate_0,,,,noise_29,,view_0
pick_up_the_chocolate_pudding_and_place_it_in_the_basket_view_0_0_100_0_0_initstate_0_noise_30,pick_up_the_chocolate_pudding_and_place_it_in_the_basket,Sensor Noise,,initstate_0,,,,noise_30,,view_0
pick_up_the_chocolate_pudding_and_place_it_in_the_basket_view_0_0_100_0_0_initstate_0_noise_31,pick_up_the_chocolate_pudding_and_place_it_in_the_basket,Sensor Noise,,initstate_0,,,,noise_31,,view_0
pick_up_the_chocolate_pudding_and_place_it_in_the_basket_view_0_0_100_0_0_initstate_0_noise_32,pick_up_the_chocolate_pudding_and_place_it_in_the_basket,Sensor Noise,,initstate_0,,,,noise_32,,view_0
pick_up_the_chocolate_pudding_and_place_it_in_the_basket_view_0_0_100_0_0_initstate_0_noise_35,pick_up_the_chocolate_pudding_and_place_it_in_the_basket,Sensor Noise,,initstate_0,,,,noise_35,,view_0
pick_up_the_chocolate_pudding_and_place_it_in_the_basket_view_0_0_100_0_0_initstate_0_noise_36,pick_up_the_chocolate_pudding_and_place_it_in_the_basket,Sensor Noise,,initstate_0,,,,noise_36,,view_0
pick_up_the_chocolate_pudding_and_place_it_in_the_basket_view_0_0_100_0_0_initstate_0_noise_37,pick_up_the_chocolate_pudding_and_place_it_in_the_basket,Sensor Noise,,initstate_0,,,,noise_37,,view_0
pick_up_the_chocolate_pudding_and_place_it_in_the_basket_view_0_0_100_0_0_initstate_0_noise_38,pick_up_the_chocolate_pudding_and_place_it_in_the_basket,Sensor Noise,,initstate_0,,,,noise_38,,view_0
pick_up_the_chocolate_pudding_and_place_it_in_the_basket_view_0_0_100_0_0_initstate_0_noise_39,pick_up_the_chocolate_pudding_and_place_it_in_the_basket,Sensor Noise,,initstate_0,,,,noise_39,,view_0
pick_up_the_chocolate_pudding_and_place_it_in_the_basket_view_0_0_100_0_0_initstate_0_noise_40,pick_up_the_chocolate_pudding_and_place_it_in_the_basket,Sensor Noise,,initstate_0,,,,noise_40,,view_0
pick_up_the_chocolate_pudding_and_place_it_in_the_basket_view_0_0_100_0_0_initstate_0_noise_41,pick_up_the_chocolate_pudding_and_place_it_in_the_basket,Sensor Noise,,initstate_0,,,,noise_41,,view_0
pick_up_the_chocolate_pudding_and_place_it_in_the_basket_view_0_0_100_0_0_initstate_0_noise_42,pick_up_the_chocolate_pudding_and_place_it_in_the_basket,Sensor Noise,,initstate_0,,,,noise_42,,view_0
pick_up_the_chocolate_pudding_and_place_it_in_the_basket_view_0_0_100_0_0_initstate_0_noise_43,pick_up_the_chocolate_pudding_and_place_it_in_the_basket,Sensor Noise,,initstate_0,,,,noise_43,,view_0
pick_up_the_chocolate_pudding_and_place_it_in_the_basket_view_0_0_100_0_0_initstate_0_noise_44,pick_up_the_chocolate_pudding_and_place_it_in_the_basket,Sensor Noise,,initstate_0,,,,noise_44,,view_0
pick_up_the_chocolate_pudding_and_place_it_in_the_basket_view_0_0_100_0_0_initstate_0_noise_45,pick_up_the_chocolate_pudding_and_place_it_in_the_basket,Sensor Noise,,initstate_0,,,,noise_45,,view_0
pick_up_the_chocolate_pudding_and_place_it_in_the_basket_view_0_0_100_0_0_initstate_0_noise_46,pick_up_the_chocolate_pudding_and_place_it_in_the_basket,Sensor Noise,,initstate_0,,,,noise_46,,view_0
pick_up_the_chocolate_pudding_and_place_it_in_the_basket_view_0_0_100_0_0_initstate_0_noise_47,pick_up_the_chocolate_pudding_and_place_it_in_the_basket,Sensor Noise,,initstate_0,,,,noise_47,,view_0
pick_up_the_chocolate_pudding_and_place_it_in_the_basket_view_0_0_100_0_0_initstate_0_noise_48,pick_up_the_chocolate_pudding_and_place_it_in_the_basket,Sensor Noise,,initstate_0,,,,noise_48,,view_0
pick_up_the_chocolate_pudding_and_place_it_in_the_basket_view_0_0_100_0_0_initstate_0_noise_49,pick_up_the_chocolate_pudding_and_place_it_in_the_basket,Sensor Noise,,initstate_0,,,,noise_49,,view_0
pick_up_the_chocolate_pudding_and_place_it_in_the_basket_view_0_0_100_0_0_initstate_0_noise_50,pick_up_the_chocolate_pudding_and_place_it_in_the_basket,Sensor Noise,,initstate_0,,,,noise_50,,view_0
pick_up_the_chocolate_pudding_and_place_it_in_the_basket_add_11,pick_up_the_chocolate_pudding_and_place_it_in_the_basket,Objects Layout,add_11,,,,,,,
pick_up_the_chocolate_pudding_and_place_it_in_the_basket_add_13,pick_up_the_chocolate_pudding_and_place_it_in_the_basket,Objects Layout,add_13,,,,,,,
pick_up_the_chocolate_pudding_and_place_it_in_the_basket_add_14,pick_up_the_chocolate_pudding_and_place_it_in_the_basket,Objects Layout,add_14,,,,,,,
pick_up_the_chocolate_pudding_and_place_it_in_the_basket_add_15,pick_up_the_chocolate_pudding_and_place_it_in_the_basket,Objects Layout,add_15,,,,,,,
pick_up_the_chocolate_pudding_and_place_it_in_the_basket_add_17,pick_up_the_chocolate_pudding_and_place_it_in_the_basket,Objects Layout,add_17,,,,,,,
pick_up_the_chocolate_pudding_and_place_it_in_the_basket_add_19,pick_up_the_chocolate_pudding_and_place_it_in_the_basket,Objects Layout,add_19,,,,,,,
pick_up_the_chocolate_pudding_and_place_it_in_the_basket_add_20,pick_up_the_chocolate_pudding_and_place_it_in_the_basket,Objects Layout,add_20,,,,,,,
pick_up_the_chocolate_pudding_and_place_it_in_the_basket_add_22,pick_up_the_chocolate_pudding_and_place_it_in_the_basket,Objects Layout,add_22,,,,,,,
pick_up_the_chocolate_pudding_and_place_it_in_the_basket_add_26,pick_up_the_chocolate_pudding_and_place_it_in_the_basket,Objects Layout,add_26,,,,,,,
pick_up_the_chocolate_pudding_and_place_it_in_the_basket_add_27,pick_up_the_chocolate_pudding_and_place_it_in_the_basket,Objects Layout,add_27,,,,,,,
pick_up_the_chocolate_pudding_and_place_it_in_the_basket_add_28,pick_up_the_chocolate_pudding_and_place_it_in_the_basket,Objects Layout,add_28,,,,,,,
pick_up_the_chocolate_pudding_and_place_it_in_the_basket_add_29,pick_up_the_chocolate_pudding_and_place_it_in_the_basket,Objects Layout,add_29,,,,,,,
pick_up_the_chocolate_pudding_and_place_it_in_the_basket_add_30,pick_up_the_chocolate_pudding_and_place_it_in_the_basket,Objects Layout,add_30,,,,,,,
pick_up_the_chocolate_pudding_and_place_it_in_the_basket_add_4,pick_up_the_chocolate_pudding_and_place_it_in_the_basket,Objects Layout,add_4,,,,,,,
pick_up_the_chocolate_pudding_and_place_it_in_the_basket_add_5,pick_up_the_chocolate_pudding_and_place_it_in_the_basket,Objects Layout,add_5,,,,,,,
pick_up_the_chocolate_pudding_and_place_it_in_the_basket_add_6,pick_up_the_chocolate_pudding_and_place_it_in_the_basket,Objects Layout,add_6,,,,,,,
pick_up_the_chocolate_pudding_and_place_it_in_the_basket_add_7,pick_up_the_chocolate_pudding_and_place_it_in_the_basket,Objects Layout,add_7,,,,,,,
pick_up_the_chocolate_pudding_and_place_it_in_the_basket_add_9,pick_up_the_chocolate_pudding_and_place_it_in_the_basket,Objects Layout,add_9,,,,,,,
pick_up_the_chocolate_pudding_and_place_it_in_the_basket_level1_sample1,pick_up_the_chocolate_pudding_and_place_it_in_the_basket,Objects Layout,,,,level1_sample1,,,,
pick_up_the_chocolate_pudding_and_place_it_in_the_basket_level1_sample2,pick_up_the_chocolate_pudding_and_place_it_in_the_basket,Objects Layout,,,,level1_sample2,,,,
pick_up_the_chocolate_pudding_and_place_it_in_the_basket_level1_sample3,pick_up_the_chocolate_pudding_and_place_it_in_the_basket,Objects Layout,,,,level1_sample3,,,,
pick_up_the_chocolate_pudding_and_place_it_in_the_basket_level1_sample4,pick_up_the_chocolate_pudding_and_place_it_in_the_basket,Objects Layout,,,,level1_sample4,,,,
pick_up_the_chocolate_pudding_and_place_it_in_the_basket_level2_sample1,pick_up_the_chocolate_pudding_and_place_it_in_the_basket,Objects Layout,,,,level2_sample1,,,,
pick_up_the_chocolate_pudding_and_place_it_in_the_basket_level2_sample2,pick_up_the_chocolate_pudding_and_place_it_in_the_basket,Objects Layout,,,,level2_sample2,,,,
pick_up_the_chocolate_pudding_and_place_it_in_the_basket_level2_sample3,pick_up_the_chocolate_pudding_and_place_it_in_the_basket,Objects Layout,,,,level2_sample3,,,,
pick_up_the_chocolate_pudding_and_place_it_in_the_basket_level2_sample4,pick_up_the_chocolate_pudding_and_place_it_in_the_basket,Objects Layout,,,,level2_sample4,,,,
pick_up_the_chocolate_pudding_and_place_it_in_the_basket_level3_sample1,pick_up_the_chocolate_pudding_and_place_it_in_the_basket,Objects Layout,,,,level3_sample1,,,,
pick_up_the_chocolate_pudding_and_place_it_in_the_basket_level3_sample2,pick_up_the_chocolate_pudding_and_place_it_in_the_basket,Objects Layout,,,,level3_sample2,,,,
pick_up_the_chocolate_pudding_and_place_it_in_the_basket_level3_sample3,pick_up_the_chocolate_pudding_and_place_it_in_the_basket,Objects Layout,,,,level3_sample3,,,,
pick_up_the_chocolate_pudding_and_place_it_in_the_basket_level3_sample4,pick_up_the_chocolate_pudding_and_place_it_in_the_basket,Objects Layout,,,,level3_sample4,,,,
pick_up_the_chocolate_pudding_and_place_it_in_the_basket_level4_sample1,pick_up_the_chocolate_pudding_and_place_it_in_the_basket,Objects Layout,,,,level4_sample1,,,,
pick_up_the_chocolate_pudding_and_place_it_in_the_basket_level4_sample2,pick_up_the_chocolate_pudding_and_place_it_in_the_basket,Objects Layout,,,,level4_sample2,,,,
pick_up_the_chocolate_pudding_and_place_it_in_the_basket_level4_sample3,pick_up_the_chocolate_pudding_and_place_it_in_the_basket,Objects Layout,,,,level4_sample3,,,,
pick_up_the_chocolate_pudding_and_place_it_in_the_basket_level4_sample4,pick_up_the_chocolate_pudding_and_place_it_in_the_basket,Objects Layout,,,,level4_sample4,,,,
pick_up_the_chocolate_pudding_and_place_it_in_the_basket_level5_sample1,pick_up_the_chocolate_pudding_and_place_it_in_the_basket,Objects Layout,,,,level5_sample1,,,,
pick_up_the_chocolate_pudding_and_place_it_in_the_basket_level5_sample2,pick_up_the_chocolate_pudding_and_place_it_in_the_basket,Objects Layout,,,,level5_sample2,,,,
pick_up_the_chocolate_pudding_and_place_it_in_the_basket_level5_sample3,pick_up_the_chocolate_pudding_and_place_it_in_the_basket,Objects Layout,,,,level5_sample3,,,,
pick_up_the_chocolate_pudding_and_place_it_in_the_basket_level5_sample4,pick_up_the_chocolate_pudding_and_place_it_in_the_basket,Objects Layout,,,,level5_sample4,,,,
pick_up_the_chocolate_pudding_and_place_it_in_the_basket_light_1,pick_up_the_chocolate_pudding_and_place_it_in_the_basket,Light Conditions,,,,,light_1,,,
pick_up_the_chocolate_pudding_and_place_it_in_the_basket_light_11,pick_up_the_chocolate_pudding_and_place_it_in_the_basket,Light Conditions,,,,,light_11,,,
pick_up_the_chocolate_pudding_and_place_it_in_the_basket_light_13,pick_up_the_chocolate_pudding_and_place_it_in_the_basket,Light Conditions,,,,,light_13,,,
pick_up_the_chocolate_pudding_and_place_it_in_the_basket_light_15,pick_up_the_chocolate_pudding_and_place_it_in_the_basket,Light Conditions,,,,,light_15,,,
pick_up_the_chocolate_pudding_and_place_it_in_the_basket_light_16,pick_up_the_chocolate_pudding_and_place_it_in_the_basket,Light Conditions,,,,,light_16,,,
pick_up_the_chocolate_pudding_and_place_it_in_the_basket_light_18,pick_up_the_chocolate_pudding_and_place_it_in_the_basket,Light Conditions,,,,,light_18,,,
pick_up_the_chocolate_pudding_and_place_it_in_the_basket_light_2,pick_up_the_chocolate_pudding_and_place_it_in_the_basket,Light Conditions,,,,,light_2,,,
pick_up_the_chocolate_pudding_and_place_it_in_the_basket_light_20,pick_up_the_chocolate_pudding_and_place_it_in_the_basket,Light Conditions,,,,,light_20,,,
pick_up_the_chocolate_pudding_and_place_it_in_the_basket_light_24,pick_up_the_chocolate_pudding_and_place_it_in_the_basket,Light Conditions,,,,,light_24,,,
pick_up_the_chocolate_pudding_and_place_it_in_the_basket_light_26,pick_up_the_chocolate_pudding_and_place_it_in_the_basket,Light Conditions,,,,,light_26,,,
pick_up_the_chocolate_pudding_and_place_it_in_the_basket_light_27,pick_up_the_chocolate_pudding_and_place_it_in_the_basket,Light Conditions,,,,,light_27,,,
pick_up_the_chocolate_pudding_and_place_it_in_the_basket_light_29,pick_up_the_chocolate_pudding_and_place_it_in_the_basket,Light Conditions,,,,,light_29,,,
pick_up_the_chocolate_pudding_and_place_it_in_the_basket_light_30,pick_up_the_chocolate_pudding_and_place_it_in_the_basket,Light Conditions,,,,,light_30,,,
pick_up_the_chocolate_pudding_and_place_it_in_the_basket_light_31,pick_up_the_chocolate_pudding_and_place_it_in_the_basket,Light Conditions,,,,,light_31,,,
pick_up_the_chocolate_pudding_and_place_it_in_the_basket_light_33,pick_up_the_chocolate_pudding_and_place_it_in_the_basket,Light Conditions,,,,,light_33,,,
pick_up_the_chocolate_pudding_and_place_it_in_the_basket_light_34,pick_up_the_chocolate_pudding_and_place_it_in_the_basket,Light Conditions,,,,,light_34,,,
pick_up_the_chocolate_pudding_and_place_it_in_the_basket_light_35,pick_up_the_chocolate_pudding_and_place_it_in_the_basket,Light Conditions,,,,,light_35,,,
pick_up_the_chocolate_pudding_and_place_it_in_the_basket_light_36,pick_up_the_chocolate_pudding_and_place_it_in_the_basket,Light Conditions,,,,,light_36,,,
pick_up_the_chocolate_pudding_and_place_it_in_the_basket_light_37,pick_up_the_chocolate_pudding_and_place_it_in_the_basket,Light Conditions,,,,,light_37,,,
pick_up_the_chocolate_pudding_and_place_it_in_the_basket_light_38,pick_up_the_chocolate_pudding_and_place_it_in_the_basket,Light Conditions,,,,,light_38,,,
pick_up_the_chocolate_pudding_and_place_it_in_the_basket_light_39,pick_up_the_chocolate_pudding_and_place_it_in_the_basket,Light Conditions,,,,,light_39,,,
pick_up_the_chocolate_pudding_and_place_it_in_the_basket_light_4,pick_up_the_chocolate_pudding_and_place_it_in_the_basket,Light Conditions,,,,,light_4,,,
pick_up_the_chocolate_pudding_and_place_it_in_the_basket_light_40,pick_up_the_chocolate_pudding_and_place_it_in_the_basket,Light Conditions,,,,,light_40,,,
pick_up_the_chocolate_pudding_and_place_it_in_the_basket_light_41,pick_up_the_chocolate_pudding_and_place_it_in_the_basket,Light Conditions,,,,,light_41,,,
pick_up_the_chocolate_pudding_and_place_it_in_the_basket_light_42,pick_up_the_chocolate_pudding_and_place_it_in_the_basket,Light Conditions,,,,,light_42,,,
pick_up_the_chocolate_pudding_and_place_it_in_the_basket_light_44,pick_up_the_chocolate_pudding_and_place_it_in_the_basket,Light Conditions,,,,,light_44,,,
pick_up_the_chocolate_pudding_and_place_it_in_the_basket_light_46,pick_up_the_chocolate_pudding_and_place_it_in_the_basket,Light Conditions,,,,,light_46,,,
pick_up_the_chocolate_pudding_and_place_it_in_the_basket_light_49,pick_up_the_chocolate_pudding_and_place_it_in_the_basket,Light Conditions,,,,,light_49,,,
pick_up_the_chocolate_pudding_and_place_it_in_the_basket_light_5,pick_up_the_chocolate_pudding_and_place_it_in_the_basket,Light Conditions,,,,,light_5,,,
pick_up_the_chocolate_pudding_and_place_it_in_the_basket_light_7,pick_up_the_chocolate_pudding_and_place_it_in_the_basket,Light Conditions,,,,,light_7,,,
pick_up_the_chocolate_pudding_and_place_it_in_the_basket_light_9,pick_up_the_chocolate_pudding_and_place_it_in_the_basket,Light Conditions,,,,,light_9,,,
pick_up_the_cream_cheese_and_place_it_in_the_basket_table_1,pick_up_the_cream_cheese_and_place_it_in_the_basket,Background Textures,,,,,,,table_1,
pick_up_the_cream_cheese_and_place_it_in_the_basket_table_24,pick_up_the_cream_cheese_and_place_it_in_the_basket,Background Textures,,,,,,,table_24,
pick_up_the_cream_cheese_and_place_it_in_the_basket_table_3,pick_up_the_cream_cheese_and_place_it_in_the_basket,Background Textures,,,,,,,table_3,
pick_up_the_cream_cheese_and_place_it_in_the_basket_table_5,pick_up_the_cream_cheese_and_place_it_in_the_basket,Background Textures,,,,,,,table_5,
pick_up_the_cream_cheese_and_place_it_in_the_basket_table_7,pick_up_the_cream_cheese_and_place_it_in_the_basket,Background Textures,,,,,,,table_7,
pick_up_the_cream_cheese_and_place_it_in_the_basket_view_0_0_100_0_0_initstate_2,pick_up_the_cream_cheese_and_place_it_in_the_basket,Robot Initial States,,initstate_2,,,,,,view_0
pick_up_the_cream_cheese_and_place_it_in_the_basket_view_0_0_100_0_0_initstate_42,pick_up_the_cream_cheese_and_place_it_in_the_basket,Robot Initial States,,initstate_42,,,,,,view_0
pick_up_the_cream_cheese_and_place_it_in_the_basket_view_0_0_100_0_0_initstate_62,pick_up_the_cream_cheese_and_place_it_in_the_basket,Robot Initial States,,initstate_62,,,,,,view_0
pick_up_the_cream_cheese_and_place_it_in_the_basket_view_0_0_100_0_0_initstate_102,pick_up_the_cream_cheese_and_place_it_in_the_basket,Robot Initial States,,initstate_102,,,,,,view_0
pick_up_the_cream_cheese_and_place_it_in_the_basket_view_0_0_100_0_0_initstate_112,pick_up_the_cream_cheese_and_place_it_in_the_basket,Robot Initial States,,initstate_112,,,,,,view_0
pick_up_the_cream_cheese_and_place_it_in_the_basket_view_0_0_100_0_0_initstate_132,pick_up_the_cream_cheese_and_place_it_in_the_basket,Robot Initial States,,initstate_132,,,,,,view_0
pick_up_the_cream_cheese_and_place_it_in_the_basket_view_0_0_100_0_0_initstate_142,pick_up_the_cream_cheese_and_place_it_in_the_basket,Robot Initial States,,initstate_142,,,,,,view_0
pick_up_the_cream_cheese_and_place_it_in_the_basket_view_0_0_100_0_0_initstate_152,pick_up_the_cream_cheese_and_place_it_in_the_basket,Robot Initial States,,initstate_152,,,,,,view_0
pick_up_the_cream_cheese_and_place_it_in_the_basket_view_0_0_100_0_0_initstate_162,pick_up_the_cream_cheese_and_place_it_in_the_basket,Robot Initial States,,initstate_162,,,,,,view_0
pick_up_the_cream_cheese_and_place_it_in_the_basket_view_0_0_100_0_0_initstate_172,pick_up_the_cream_cheese_and_place_it_in_the_basket,Robot Initial States,,initstate_172,,,,,,view_0
pick_up_the_cream_cheese_and_place_it_in_the_basket_view_0_0_100_0_0_initstate_192,pick_up_the_cream_cheese_and_place_it_in_the_basket,Robot Initial States,,initstate_192,,,,,,view_0
pick_up_the_cream_cheese_and_place_it_in_the_basket_view_0_0_100_0_0_initstate_202,pick_up_the_cream_cheese_and_place_it_in_the_basket,Robot Initial States,,initstate_202,,,,,,view_0
pick_up_the_cream_cheese_and_place_it_in_the_basket_view_0_0_100_0_0_initstate_222,pick_up_the_cream_cheese_and_place_it_in_the_basket,Robot Initial States,,initstate_222,,,,,,view_0
pick_up_the_cream_cheese_and_place_it_in_the_basket_view_0_0_100_0_0_initstate_232,pick_up_the_cream_cheese_and_place_it_in_the_basket,Robot Initial States,,initstate_232,,,,,,view_0
pick_up_the_cream_cheese_and_place_it_in_the_basket_view_0_0_100_0_0_initstate_242,pick_up_the_cream_cheese_and_place_it_in_the_basket,Robot Initial States,,initstate_242,,,,,,view_0
pick_up_the_cream_cheese_and_place_it_in_the_basket_view_0_0_100_0_0_initstate_252,pick_up_the_cream_cheese_and_place_it_in_the_basket,Robot Initial States,,initstate_252,,,,,,view_0
pick_up_the_cream_cheese_and_place_it_in_the_basket_view_0_0_100_0_0_initstate_262,pick_up_the_cream_cheese_and_place_it_in_the_basket,Robot Initial States,,initstate_262,,,,,,view_0
pick_up_the_cream_cheese_and_place_it_in_the_basket_view_0_0_100_0_0_initstate_282,pick_up_the_cream_cheese_and_place_it_in_the_basket,Robot Initial States,,initstate_282,,,,,,view_0
pick_up_the_cream_cheese_and_place_it_in_the_basket_view_0_0_100_0_0_initstate_292,pick_up_the_cream_cheese_and_place_it_in_the_basket,Robot Initial States,,initstate_292,,,,,,view_0
pick_up_the_cream_cheese_and_place_it_in_the_basket_view_0_0_100_0_0_initstate_302,pick_up_the_cream_cheese_and_place_it_in_the_basket,Robot Initial States,,initstate_302,,,,,,view_0
pick_up_the_cream_cheese_and_place_it_in_the_basket_view_0_0_100_0_0_initstate_312,pick_up_the_cream_cheese_and_place_it_in_the_basket,Robot Initial States,,initstate_312,,,,,,view_0
pick_up_the_cream_cheese_and_place_it_in_the_basket_view_0_0_100_0_0_initstate_322,pick_up_the_cream_cheese_and_place_it_in_the_basket,Robot Initial States,,initstate_322,,,,,,view_0
pick_up_the_cream_cheese_and_place_it_in_the_basket_view_0_0_100_0_0_initstate_332,pick_up_the_cream_cheese_and_place_it_in_the_basket,Robot Initial States,,initstate_332,,,,,,view_0
pick_up_the_cream_cheese_and_place_it_in_the_basket_view_0_0_100_0_0_initstate_342,pick_up_the_cream_cheese_and_place_it_in_the_basket,Robot Initial States,,initstate_342,,,,,,view_0
pick_up_the_cream_cheese_and_place_it_in_the_basket_view_0_0_100_0_0_initstate_352,pick_up_the_cream_cheese_and_place_it_in_the_basket,Robot Initial States,,initstate_352,,,,,,view_0
pick_up_the_cream_cheese_and_place_it_in_the_basket_view_0_0_100_0_0_initstate_362,pick_up_the_cream_cheese_and_place_it_in_the_basket,Robot Initial States,,initstate_362,,,,,,view_0
pick_up_the_cream_cheese_and_place_it_in_the_basket_view_0_0_100_0_0_initstate_372,pick_up_the_cream_cheese_and_place_it_in_the_basket,Robot Initial States,,initstate_372,,,,,,view_0
pick_up_the_cream_cheese_and_place_it_in_the_basket_view_0_0_100_0_0_initstate_382,pick_up_the_cream_cheese_and_place_it_in_the_basket,Robot Initial States,,initstate_382,,,,,,view_0
pick_up_the_cream_cheese_and_place_it_in_the_basket_view_0_0_100_0_0_initstate_392,pick_up_the_cream_cheese_and_place_it_in_the_basket,Robot Initial States,,initstate_392,,,,,,view_0
pick_up_the_cream_cheese_and_place_it_in_the_basket_view_0_0_100_0_0_initstate_402,pick_up_the_cream_cheese_and_place_it_in_the_basket,Robot Initial States,,initstate_402,,,,,,view_0
pick_up_the_cream_cheese_and_place_it_in_the_basket_view_0_0_100_0_0_initstate_412,pick_up_the_cream_cheese_and_place_it_in_the_basket,Robot Initial States,,initstate_412,,,,,,view_0
pick_up_the_cream_cheese_and_place_it_in_the_basket_view_0_0_100_0_0_initstate_422,pick_up_the_cream_cheese_and_place_it_in_the_basket,Robot Initial States,,initstate_422,,,,,,view_0
pick_up_the_cream_cheese_and_place_it_in_the_basket_view_0_0_100_0_0_initstate_432,pick_up_the_cream_cheese_and_place_it_in_the_basket,Robot Initial States,,initstate_432,,,,,,view_0
pick_up_the_cream_cheese_and_place_it_in_the_basket_view_0_0_100_0_0_initstate_442,pick_up_the_cream_cheese_and_place_it_in_the_basket,Robot Initial States,,initstate_442,,,,,,view_0
pick_up_the_cream_cheese_and_place_it_in_the_basket_view_0_0_100_0_0_initstate_452,pick_up_the_cream_cheese_and_place_it_in_the_basket,Robot Initial States,,initstate_452,,,,,,view_0
pick_up_the_cream_cheese_and_place_it_in_the_basket_view_0_0_100_0_0_initstate_462,pick_up_the_cream_cheese_and_place_it_in_the_basket,Robot Initial States,,initstate_462,,,,,,view_0
pick_up_the_cream_cheese_and_place_it_in_the_basket_view_0_0_100_0_0_initstate_472,pick_up_the_cream_cheese_and_place_it_in_the_basket,Robot Initial States,,initstate_472,,,,,,view_0
pick_up_the_cream_cheese_and_place_it_in_the_basket_view_0_0_100_0_0_initstate_482,pick_up_the_cream_cheese_and_place_it_in_the_basket,Robot Initial States,,initstate_482,,,,,,view_0
pick_up_the_cream_cheese_and_place_it_in_the_basket_view_0_0_100_0_0_initstate_492,pick_up_the_cream_cheese_and_place_it_in_the_basket,Robot Initial States,,initstate_492,,,,,,view_0
pick_up_the_cream_cheese_and_place_it_in_the_basket_view_0_0_115_0_0_initstate_0,pick_up_the_cream_cheese_and_place_it_in_the_basket,Camera Viewpoints,,initstate_0,,,,,,view_0
pick_up_the_cream_cheese_and_place_it_in_the_basket_view_0_0_119_0_0_initstate_0,pick_up_the_cream_cheese_and_place_it_in_the_basket,Camera Viewpoints,,initstate_0,,,,,,view_0
pick_up_the_cream_cheese_and_place_it_in_the_basket_view_0_0_120_0_0_initstate_0,pick_up_the_cream_cheese_and_place_it_in_the_basket,Camera Viewpoints,,initstate_0,,,,,,view_0
pick_up_the_cream_cheese_and_place_it_in_the_basket_view_0_0_100_4_6_initstate_0,pick_up_the_cream_cheese_and_place_it_in_the_basket,Camera Viewpoints,,initstate_0,,,,,,view_0
pick_up_the_cream_cheese_and_place_it_in_the_basket_view_0_0_100_4_8_initstate_0,pick_up_the_cream_cheese_and_place_it_in_the_basket,Camera Viewpoints,,initstate_0,,,,,,view_0
pick_up_the_cream_cheese_and_place_it_in_the_basket_view_0_0_100_4_10_initstate_0,pick_up_the_cream_cheese_and_place_it_in_the_basket,Camera Viewpoints,,initstate_0,,,,,,view_0
pick_up_the_cream_cheese_and_place_it_in_the_basket_view_0_0_100_4_350_initstate_0,pick_up_the_cream_cheese_and_place_it_in_the_basket,Camera Viewpoints,,initstate_0,,,,,,view_0
pick_up_the_cream_cheese_and_place_it_in_the_basket_view_0_0_100_4_352_initstate_0,pick_up_the_cream_cheese_and_place_it_in_the_basket,Camera Viewpoints,,initstate_0,,,,,,view_0
pick_up_the_cream_cheese_and_place_it_in_the_basket_view_16_15_100_0_0_initstate_0,pick_up_the_cream_cheese_and_place_it_in_the_basket,Camera Viewpoints,,initstate_0,,,,,,view_16
pick_up_the_cream_cheese_and_place_it_in_the_basket_view_18_15_100_0_0_initstate_0,pick_up_the_cream_cheese_and_place_it_in_the_basket,Camera Viewpoints,,initstate_0,,,,,,view_18
pick_up_the_cream_cheese_and_place_it_in_the_basket_view_19_15_100_0_0_initstate_0,pick_up_the_cream_cheese_and_place_it_in_the_basket,Camera Viewpoints,,initstate_0,,,,,,view_19
pick_up_the_cream_cheese_and_place_it_in_the_basket_view_20_15_100_0_0_initstate_0,pick_up_the_cream_cheese_and_place_it_in_the_basket,Camera Viewpoints,,initstate_0,,,,,,view_20
pick_up_the_cream_cheese_and_place_it_in_the_basket_view_21_15_100_0_0_initstate_0,pick_up_the_cream_cheese_and_place_it_in_the_basket,Camera Viewpoints,,initstate_0,,,,,,view_21
pick_up_the_cream_cheese_and_place_it_in_the_basket_view_22_0_100_0_0_initstate_0,pick_up_the_cream_cheese_and_place_it_in_the_basket,Camera Viewpoints,,initstate_0,,,,,,view_22
pick_up_the_cream_cheese_and_place_it_in_the_basket_view_22_15_100_0_0_initstate_0,pick_up_the_cream_cheese_and_place_it_in_the_basket,Camera Viewpoints,,initstate_0,,,,,,view_22
pick_up_the_cream_cheese_and_place_it_in_the_basket_view_23_15_100_0_0_initstate_0,pick_up_the_cream_cheese_and_place_it_in_the_basket,Camera Viewpoints,,initstate_0,,,,,,view_23
pick_up_the_cream_cheese_and_place_it_in_the_basket_view_24_15_100_0_0_initstate_0,pick_up_the_cream_cheese_and_place_it_in_the_basket,Camera Viewpoints,,initstate_0,,,,,,view_24
pick_up_the_cream_cheese_and_place_it_in_the_basket_view_27_15_100_0_0_initstate_0,pick_up_the_cream_cheese_and_place_it_in_the_basket,Camera Viewpoints,,initstate_0,,,,,,view_27
pick_up_the_cream_cheese_and_place_it_in_the_basket_view_29_15_100_0_0_initstate_0,pick_up_the_cream_cheese_and_place_it_in_the_basket,Camera Viewpoints,,initstate_0,,,,,,view_29
pick_up_the_cream_cheese_and_place_it_in_the_basket_view_30_15_100_0_0_initstate_0,pick_up_the_cream_cheese_and_place_it_in_the_basket,Camera Viewpoints,,initstate_0,,,,,,view_30
pick_up_the_cream_cheese_and_place_it_in_the_basket_language_1_view_0_0_100_0_0_initstate_0,pick_up_the_cream_cheese_and_place_it_in_the_basket,Language Instructions,,initstate_0,language_1,,,,,view_0
pick_up_the_cream_cheese_and_place_it_in_the_basket_language_2_view_0_0_100_0_0_initstate_0,pick_up_the_cream_cheese_and_place_it_in_the_basket,Language Instructions,,initstate_0,language_2,,,,,view_0
pick_up_the_cream_cheese_and_place_it_in_the_basket_language_3_view_0_0_100_0_0_initstate_0,pick_up_the_cream_cheese_and_place_it_in_the_basket,Language Instructions,,initstate_0,language_3,,,,,view_0
pick_up_the_cream_cheese_and_place_it_in_the_basket_language_5_view_0_0_100_0_0_initstate_0,pick_up_the_cream_cheese_and_place_it_in_the_basket,Language Instructions,,initstate_0,language_5,,,,,view_0
pick_up_the_cream_cheese_and_place_it_in_the_basket_language_6_view_0_0_100_0_0_initstate_0,pick_up_the_cream_cheese_and_place_it_in_the_basket,Language Instructions,,initstate_0,language_6,,,,,view_0
pick_up_the_cream_cheese_and_place_it_in_the_basket_language_7_view_0_0_100_0_0_initstate_0,pick_up_the_cream_cheese_and_place_it_in_the_basket,Language Instructions,,initstate_0,language_7,,,,,view_0
pick_up_the_cream_cheese_and_place_it_in_the_basket_language_8_view_0_0_100_0_0_initstate_0,pick_up_the_cream_cheese_and_place_it_in_the_basket,Language Instructions,,initstate_0,language_8,,,,,view_0
pick_up_the_cream_cheese_and_place_it_in_the_basket_language_10_view_0_0_100_0_0_initstate_0,pick_up_the_cream_cheese_and_place_it_in_the_basket,Language Instructions,,initstate_0,language_10,,,,,view_0
pick_up_the_cream_cheese_and_place_it_in_the_basket_language_14_view_0_0_100_0_0_initstate_0,pick_up_the_cream_cheese_and_place_it_in_the_basket,Language Instructions,,initstate_0,language_14,,,,,view_0
pick_up_the_cream_cheese_and_place_it_in_the_basket_language_15_view_0_0_100_0_0_initstate_0,pick_up_the_cream_cheese_and_place_it_in_the_basket,Language Instructions,,initstate_0,language_15,,,,,view_0
pick_up_the_cream_cheese_and_place_it_in_the_basket_language_16_view_0_0_100_0_0_initstate_0,pick_up_the_cream_cheese_and_place_it_in_the_basket,Language Instructions,,initstate_0,language_16,,,,,view_0
pick_up_the_cream_cheese_and_place_it_in_the_basket_language_18_view_0_0_100_0_0_initstate_0,pick_up_the_cream_cheese_and_place_it_in_the_basket,Language Instructions,,initstate_0,language_18,,,,,view_0
pick_up_the_cream_cheese_and_place_it_in_the_basket_language_20_view_0_0_100_0_0_initstate_0,pick_up_the_cream_cheese_and_place_it_in_the_basket,Language Instructions,,initstate_0,language_20,,,,,view_0
pick_up_the_cream_cheese_and_place_it_in_the_basket_language_21_view_0_0_100_0_0_initstate_0,pick_up_the_cream_cheese_and_place_it_in_the_basket,Language Instructions,,initstate_0,language_21,,,,,view_0
pick_up_the_cream_cheese_and_place_it_in_the_basket_language_24_view_0_0_100_0_0_initstate_0,pick_up_the_cream_cheese_and_place_it_in_the_basket,Language Instructions,,initstate_0,language_24,,,,,view_0
pick_up_the_cream_cheese_and_place_it_in_the_basket_language_25_view_0_0_100_0_0_initstate_0,pick_up_the_cream_cheese_and_place_it_in_the_basket,Language Instructions,,initstate_0,language_25,,,,,view_0
pick_up_the_cream_cheese_and_place_it_in_the_basket_language_26_view_0_0_100_0_0_initstate_0,pick_up_the_cream_cheese_and_place_it_in_the_basket,Language Instructions,,initstate_0,language_26,,,,,view_0
pick_up_the_cream_cheese_and_place_it_in_the_basket_language_27_view_0_0_100_0_0_initstate_0,pick_up_the_cream_cheese_and_place_it_in_the_basket,Language Instructions,,initstate_0,language_27,,,,,view_0
pick_up_the_cream_cheese_and_place_it_in_the_basket_language_28_view_0_0_100_0_0_initstate_0,pick_up_the_cream_cheese_and_place_it_in_the_basket,Language Instructions,,initstate_0,language_28,,,,,view_0
pick_up_the_cream_cheese_and_place_it_in_the_basket_language_29_view_0_0_100_0_0_initstate_0,pick_up_the_cream_cheese_and_place_it_in_the_basket,Language Instructions,,initstate_0,language_29,,,,,view_0
pick_up_the_cream_cheese_and_place_it_in_the_basket_language_30_view_0_0_100_0_0_initstate_0,pick_up_the_cream_cheese_and_place_it_in_the_basket,Language Instructions,,initstate_0,language_30,,,,,view_0
pick_up_the_cream_cheese_and_place_it_in_the_basket_language_32_view_0_0_100_0_0_initstate_0,pick_up_the_cream_cheese_and_place_it_in_the_basket,Language Instructions,,initstate_0,language_32,,,,,view_0
pick_up_the_cream_cheese_and_place_it_in_the_basket_language_34_view_0_0_100_0_0_initstate_0,pick_up_the_cream_cheese_and_place_it_in_the_basket,Language Instructions,,initstate_0,language_34,,,,,view_0
pick_up_the_cream_cheese_and_place_it_in_the_basket_language_36_view_0_0_100_0_0_initstate_0,pick_up_the_cream_cheese_and_place_it_in_the_basket,Language Instructions,,initstate_0,language_36,,,,,view_0
pick_up_the_cream_cheese_and_place_it_in_the_basket_language_39_view_0_0_100_0_0_initstate_0,pick_up_the_cream_cheese_and_place_it_in_the_basket,Language Instructions,,initstate_0,language_39,,,,,view_0
pick_up_the_cream_cheese_and_place_it_in_the_basket_language_40_view_0_0_100_0_0_initstate_0,pick_up_the_cream_cheese_and_place_it_in_the_basket,Language Instructions,,initstate_0,language_40,,,,,view_0
pick_up_the_cream_cheese_and_place_it_in_the_basket_language_41_view_0_0_100_0_0_initstate_0,pick_up_the_cream_cheese_and_place_it_in_the_basket,Language Instructions,,initstate_0,language_41,,,,,view_0
pick_up_the_cream_cheese_and_place_it_in_the_basket_language_43_view_0_0_100_0_0_initstate_0,pick_up_the_cream_cheese_and_place_it_in_the_basket,Language Instructions,,initstate_0,language_43,,,,,view_0
pick_up_the_cream_cheese_and_place_it_in_the_basket_language_44_view_0_0_100_0_0_initstate_0,pick_up_the_cream_cheese_and_place_it_in_the_basket,Language Instructions,,initstate_0,language_44,,,,,view_0
pick_up_the_cream_cheese_and_place_it_in_the_basket_language_45_view_0_0_100_0_0_initstate_0,pick_up_the_cream_cheese_and_place_it_in_the_basket,Language Instructions,,initstate_0,language_45,,,,,view_0
pick_up_the_cream_cheese_and_place_it_in_the_basket_language_46_view_0_0_100_0_0_initstate_0,pick_up_the_cream_cheese_and_place_it_in_the_basket,Language Instructions,,initstate_0,language_46,,,,,view_0
pick_up_the_cream_cheese_and_place_it_in_the_basket_language_47_view_0_0_100_0_0_initstate_0,pick_up_the_cream_cheese_and_place_it_in_the_basket,Language Instructions,,initstate_0,language_47,,,,,view_0
pick_up_the_cream_cheese_and_place_it_in_the_basket_language_49_view_0_0_100_0_0_initstate_0,pick_up_the_cream_cheese_and_place_it_in_the_basket,Language Instructions,,initstate_0,language_49,,,,,view_0
pick_up_the_cream_cheese_and_place_it_in_the_basket_language_50_view_0_0_100_0_0_initstate_0,pick_up_the_cream_cheese_and_place_it_in_the_basket,Language Instructions,,initstate_0,language_50,,,,,view_0
pick_up_the_cream_cheese_and_place_it_in_the_basket_view_0_0_100_0_0_initstate_0_noise_1,pick_up_the_cream_cheese_and_place_it_in_the_basket,Sensor Noise,,initstate_0,,,,noise_1,,view_0
pick_up_the_cream_cheese_and_place_it_in_the_basket_view_0_0_100_0_0_initstate_0_noise_2,pick_up_the_cream_cheese_and_place_it_in_the_basket,Sensor Noise,,initstate_0,,,,noise_2,,view_0
pick_up_the_cream_cheese_and_place_it_in_the_basket_view_0_0_100_0_0_initstate_0_noise_3,pick_up_the_cream_cheese_and_place_it_in_the_basket,Sensor Noise,,initstate_0,,,,noise_3,,view_0
pick_up_the_cream_cheese_and_place_it_in_the_basket_view_0_0_100_0_0_initstate_0_noise_4,pick_up_the_cream_cheese_and_place_it_in_the_basket,Sensor Noise,,initstate_0,,,,noise_4,,view_0
pick_up_the_cream_cheese_and_place_it_in_the_basket_view_0_0_100_0_0_initstate_0_noise_5,pick_up_the_cream_cheese_and_place_it_in_the_basket,Sensor Noise,,initstate_0,,,,noise_5,,view_0
pick_up_the_cream_cheese_and_place_it_in_the_basket_view_0_0_100_0_0_initstate_0_noise_6,pick_up_the_cream_cheese_and_place_it_in_the_basket,Sensor Noise,,initstate_0,,,,noise_6,,view_0
pick_up_the_cream_cheese_and_place_it_in_the_basket_view_0_0_100_0_0_initstate_0_noise_7,pick_up_the_cream_cheese_and_place_it_in_the_basket,Sensor Noise,,initstate_0,,,,noise_7,,view_0
pick_up_the_cream_cheese_and_place_it_in_the_basket_view_0_0_100_0_0_initstate_0_noise_8,pick_up_the_cream_cheese_and_place_it_in_the_basket,Sensor Noise,,initstate_0,,,,noise_8,,view_0
pick_up_the_cream_cheese_and_place_it_in_the_basket_view_0_0_100_0_0_initstate_0_noise_9,pick_up_the_cream_cheese_and_place_it_in_the_basket,Sensor Noise,,initstate_0,,,,noise_9,,view_0
pick_up_the_cream_cheese_and_place_it_in_the_basket_view_0_0_100_0_0_initstate_0_noise_10,pick_up_the_cream_cheese_and_place_it_in_the_basket,Sensor Noise,,initstate_0,,,,noise_10,,view_0
pick_up_the_cream_cheese_and_place_it_in_the_basket_view_0_0_100_0_0_initstate_0_noise_11,pick_up_the_cream_cheese_and_place_it_in_the_basket,Sensor Noise,,initstate_0,,,,noise_11,,view_0
pick_up_the_cream_cheese_and_place_it_in_the_basket_view_0_0_100_0_0_initstate_0_noise_12,pick_up_the_cream_cheese_and_place_it_in_the_basket,Sensor Noise,,initstate_0,,,,noise_12,,view_0
pick_up_the_cream_cheese_and_place_it_in_the_basket_view_0_0_100_0_0_initstate_0_noise_13,pick_up_the_cream_cheese_and_place_it_in_the_basket,Sensor Noise,,initstate_0,,,,noise_13,,view_0
pick_up_the_cream_cheese_and_place_it_in_the_basket_view_0_0_100_0_0_initstate_0_noise_14,pick_up_the_cream_cheese_and_place_it_in_the_basket,Sensor Noise,,initstate_0,,,,noise_14,,view_0
pick_up_the_cream_cheese_and_place_it_in_the_basket_view_0_0_100_0_0_initstate_0_noise_15,pick_up_the_cream_cheese_and_place_it_in_the_basket,Sensor Noise,,initstate_0,,,,noise_15,,view_0
pick_up_the_cream_cheese_and_place_it_in_the_basket_view_0_0_100_0_0_initstate_0_noise_16,pick_up_the_cream_cheese_and_place_it_in_the_basket,Sensor Noise,,initstate_0,,,,noise_16,,view_0
pick_up_the_cream_cheese_and_place_it_in_the_basket_view_0_0_100_0_0_initstate_0_noise_17,pick_up_the_cream_cheese_and_place_it_in_the_basket,Sensor Noise,,initstate_0,,,,noise_17,,view_0
pick_up_the_cream_cheese_and_place_it_in_the_basket_view_0_0_100_0_0_initstate_0_noise_18,pick_up_the_cream_cheese_and_place_it_in_the_basket,Sensor Noise,,initstate_0,,,,noise_18,,view_0
pick_up_the_cream_cheese_and_place_it_in_the_basket_view_0_0_100_0_0_initstate_0_noise_19,pick_up_the_cream_cheese_and_place_it_in_the_basket,Sensor Noise,,initstate_0,,,,noise_19,,view_0
pick_up_the_cream_cheese_and_place_it_in_the_basket_view_0_0_100_0_0_initstate_0_noise_21,pick_up_the_cream_cheese_and_place_it_in_the_basket,Sensor Noise,,initstate_0,,,,noise_21,,view_0
pick_up_the_cream_cheese_and_place_it_in_the_basket_view_0_0_100_0_0_initstate_0_noise_22,pick_up_the_cream_cheese_and_place_it_in_the_basket,Sensor Noise,,initstate_0,,,,noise_22,,view_0
pick_up_the_cream_cheese_and_place_it_in_the_basket_view_0_0_100_0_0_initstate_0_noise_24,pick_up_the_cream_cheese_and_place_it_in_the_basket,Sensor Noise,,initstate_0,,,,noise_24,,view_0
pick_up_the_cream_cheese_and_place_it_in_the_basket_view_0_0_100_0_0_initstate_0_noise_25,pick_up_the_cream_cheese_and_place_it_in_the_basket,Sensor Noise,,initstate_0,,,,noise_25,,view_0
pick_up_the_cream_cheese_and_place_it_in_the_basket_view_0_0_100_0_0_initstate_0_noise_26,pick_up_the_cream_cheese_and_place_it_in_the_basket,Sensor Noise,,initstate_0,,,,noise_26,,view_0
pick_up_the_cream_cheese_and_place_it_in_the_basket_view_0_0_100_0_0_initstate_0_noise_27,pick_up_the_cream_cheese_and_place_it_in_the_basket,Sensor Noise,,initstate_0,,,,noise_27,,view_0
pick_up_the_cream_cheese_and_place_it_in_the_basket_view_0_0_100_0_0_initstate_0_noise_28,pick_up_the_cream_cheese_and_place_it_in_the_basket,Sensor Noise,,initstate_0,,,,noise_28,,view_0
pick_up_the_cream_cheese_and_place_it_in_the_basket_view_0_0_100_0_0_initstate_0_noise_29,pick_up_the_cream_cheese_and_place_it_in_the_basket,Sensor Noise,,initstate_0,,,,noise_29,,view_0
pick_up_the_cream_cheese_and_place_it_in_the_basket_view_0_0_100_0_0_initstate_0_noise_30,pick_up_the_cream_cheese_and_place_it_in_the_basket,Sensor Noise,,initstate_0,,,,noise_30,,view_0
pick_up_the_cream_cheese_and_place_it_in_the_basket_view_0_0_100_0_0_initstate_0_noise_32,pick_up_the_cream_cheese_and_place_it_in_the_basket,Sensor Noise,,initstate_0,,,,noise_32,,view_0
pick_up_the_cream_cheese_and_place_it_in_the_basket_view_0_0_100_0_0_initstate_0_noise_33,pick_up_the_cream_cheese_and_place_it_in_the_basket,Sensor Noise,,initstate_0,,,,noise_33,,view_0
pick_up_the_cream_cheese_and_place_it_in_the_basket_view_0_0_100_0_0_initstate_0_noise_34,pick_up_the_cream_cheese_and_place_it_in_the_basket,Sensor Noise,,initstate_0,,,,noise_34,,view_0
pick_up_the_cream_cheese_and_place_it_in_the_basket_view_0_0_100_0_0_initstate_0_noise_35,pick_up_the_cream_cheese_and_place_it_in_the_basket,Sensor Noise,,initstate_0,,,,noise_35,,view_0
pick_up_the_cream_cheese_and_place_it_in_the_basket_view_0_0_100_0_0_initstate_0_noise_36,pick_up_the_cream_cheese_and_place_it_in_the_basket,Sensor Noise,,initstate_0,,,,noise_36,,view_0
pick_up_the_cream_cheese_and_place_it_in_the_basket_view_0_0_100_0_0_initstate_0_noise_37,pick_up_the_cream_cheese_and_place_it_in_the_basket,Sensor Noise,,initstate_0,,,,noise_37,,view_0
pick_up_the_cream_cheese_and_place_it_in_the_basket_view_0_0_100_0_0_initstate_0_noise_38,pick_up_the_cream_cheese_and_place_it_in_the_basket,Sensor Noise,,initstate_0,,,,noise_38,,view_0
pick_up_the_cream_cheese_and_place_it_in_the_basket_view_0_0_100_0_0_initstate_0_noise_41,pick_up_the_cream_cheese_and_place_it_in_the_basket,Sensor Noise,,initstate_0,,,,noise_41,,view_0
pick_up_the_cream_cheese_and_place_it_in_the_basket_view_0_0_100_0_0_initstate_0_noise_42,pick_up_the_cream_cheese_and_place_it_in_the_basket,Sensor Noise,,initstate_0,,,,noise_42,,view_0
pick_up_the_cream_cheese_and_place_it_in_the_basket_view_0_0_100_0_0_initstate_0_noise_43,pick_up_the_cream_cheese_and_place_it_in_the_basket,Sensor Noise,,initstate_0,,,,noise_43,,view_0
pick_up_the_cream_cheese_and_place_it_in_the_basket_view_0_0_100_0_0_initstate_0_noise_44,pick_up_the_cream_cheese_and_place_it_in_the_basket,Sensor Noise,,initstate_0,,,,noise_44,,view_0
pick_up_the_cream_cheese_and_place_it_in_the_basket_view_0_0_100_0_0_initstate_0_noise_45,pick_up_the_cream_cheese_and_place_it_in_the_basket,Sensor Noise,,initstate_0,,,,noise_45,,view_0
pick_up_the_cream_cheese_and_place_it_in_the_basket_view_0_0_100_0_0_initstate_0_noise_47,pick_up_the_cream_cheese_and_place_it_in_the_basket,Sensor Noise,,initstate_0,,,,noise_47,,view_0
pick_up_the_cream_cheese_and_place_it_in_the_basket_view_0_0_100_0_0_initstate_0_noise_48,pick_up_the_cream_cheese_and_place_it_in_the_basket,Sensor Noise,,initstate_0,,,,noise_48,,view_0
pick_up_the_cream_cheese_and_place_it_in_the_basket_view_0_0_100_0_0_initstate_0_noise_49,pick_up_the_cream_cheese_and_place_it_in_the_basket,Sensor Noise,,initstate_0,,,,noise_49,,view_0
pick_up_the_cream_cheese_and_place_it_in_the_basket_view_0_0_100_0_0_initstate_0_noise_50,pick_up_the_cream_cheese_and_place_it_in_the_basket,Sensor Noise,,initstate_0,,,,noise_50,,view_0
pick_up_the_cream_cheese_and_place_it_in_the_basket_add_14,pick_up_the_cream_cheese_and_place_it_in_the_basket,Objects Layout,add_14,,,,,,,
pick_up_the_cream_cheese_and_place_it_in_the_basket_add_18,pick_up_the_cream_cheese_and_place_it_in_the_basket,Objects Layout,add_18,,,,,,,
pick_up_the_cream_cheese_and_place_it_in_the_basket_add_22,pick_up_the_cream_cheese_and_place_it_in_the_basket,Objects Layout,add_22,,,,,,,
pick_up_the_cream_cheese_and_place_it_in_the_basket_add_25,pick_up_the_cream_cheese_and_place_it_in_the_basket,Objects Layout,add_25,,,,,,,
pick_up_the_cream_cheese_and_place_it_in_the_basket_add_26,pick_up_the_cream_cheese_and_place_it_in_the_basket,Objects Layout,add_26,,,,,,,
pick_up_the_cream_cheese_and_place_it_in_the_basket_add_28,pick_up_the_cream_cheese_and_place_it_in_the_basket,Objects Layout,add_28,,,,,,,
pick_up_the_cream_cheese_and_place_it_in_the_basket_add_29,pick_up_the_cream_cheese_and_place_it_in_the_basket,Objects Layout,add_29,,,,,,,
pick_up_the_cream_cheese_and_place_it_in_the_basket_level1_sample1,pick_up_the_cream_cheese_and_place_it_in_the_basket,Objects Layout,,,,level1_sample1,,,,
pick_up_the_cream_cheese_and_place_it_in_the_basket_level1_sample2,pick_up_the_cream_cheese_and_place_it_in_the_basket,Objects Layout,,,,level1_sample2,,,,
pick_up_the_cream_cheese_and_place_it_in_the_basket_level1_sample3,pick_up_the_cream_cheese_and_place_it_in_the_basket,Objects Layout,,,,level1_sample3,,,,
pick_up_the_cream_cheese_and_place_it_in_the_basket_level1_sample4,pick_up_the_cream_cheese_and_place_it_in_the_basket,Objects Layout,,,,level1_sample4,,,,
pick_up_the_cream_cheese_and_place_it_in_the_basket_level2_sample1,pick_up_the_cream_cheese_and_place_it_in_the_basket,Objects Layout,,,,level2_sample1,,,,
pick_up_the_cream_cheese_and_place_it_in_the_basket_level2_sample2,pick_up_the_cream_cheese_and_place_it_in_the_basket,Objects Layout,,,,level2_sample2,,,,
pick_up_the_cream_cheese_and_place_it_in_the_basket_level2_sample3,pick_up_the_cream_cheese_and_place_it_in_the_basket,Objects Layout,,,,level2_sample3,,,,
pick_up_the_cream_cheese_and_place_it_in_the_basket_level2_sample4,pick_up_the_cream_cheese_and_place_it_in_the_basket,Objects Layout,,,,level2_sample4,,,,
pick_up_the_cream_cheese_and_place_it_in_the_basket_level3_sample1,pick_up_the_cream_cheese_and_place_it_in_the_basket,Objects Layout,,,,level3_sample1,,,,
pick_up_the_cream_cheese_and_place_it_in_the_basket_level3_sample2,pick_up_the_cream_cheese_and_place_it_in_the_basket,Objects Layout,,,,level3_sample2,,,,
pick_up_the_cream_cheese_and_place_it_in_the_basket_level3_sample3,pick_up_the_cream_cheese_and_place_it_in_the_basket,Objects Layout,,,,level3_sample3,,,,
pick_up_the_cream_cheese_and_place_it_in_the_basket_level3_sample4,pick_up_the_cream_cheese_and_place_it_in_the_basket,Objects Layout,,,,level3_sample4,,,,
pick_up_the_cream_cheese_and_place_it_in_the_basket_level4_sample1,pick_up_the_cream_cheese_and_place_it_in_the_basket,Objects Layout,,,,level4_sample1,,,,
pick_up_the_cream_cheese_and_place_it_in_the_basket_level4_sample2,pick_up_the_cream_cheese_and_place_it_in_the_basket,Objects Layout,,,,level4_sample2,,,,
pick_up_the_cream_cheese_and_place_it_in_the_basket_level4_sample3,pick_up_the_cream_cheese_and_place_it_in_the_basket,Objects Layout,,,,level4_sample3,,,,
pick_up_the_cream_cheese_and_place_it_in_the_basket_level4_sample4,pick_up_the_cream_cheese_and_place_it_in_the_basket,Objects Layout,,,,level4_sample4,,,,
pick_up_the_cream_cheese_and_place_it_in_the_basket_level5_sample1,pick_up_the_cream_cheese_and_place_it_in_the_basket,Objects Layout,,,,level5_sample1,,,,
pick_up_the_cream_cheese_and_place_it_in_the_basket_level5_sample2,pick_up_the_cream_cheese_and_place_it_in_the_basket,Objects Layout,,,,level5_sample2,,,,
pick_up_the_cream_cheese_and_place_it_in_the_basket_level5_sample3,pick_up_the_cream_cheese_and_place_it_in_the_basket,Objects Layout,,,,level5_sample3,,,,
pick_up_the_cream_cheese_and_place_it_in_the_basket_level5_sample4,pick_up_the_cream_cheese_and_place_it_in_the_basket,Objects Layout,,,,level5_sample4,,,,
pick_up_the_cream_cheese_and_place_it_in_the_basket_light_11,pick_up_the_cream_cheese_and_place_it_in_the_basket,Light Conditions,,,,,light_11,,,
pick_up_the_cream_cheese_and_place_it_in_the_basket_light_15,pick_up_the_cream_cheese_and_place_it_in_the_basket,Light Conditions,,,,,light_15,,,
pick_up_the_cream_cheese_and_place_it_in_the_basket_light_24,pick_up_the_cream_cheese_and_place_it_in_the_basket,Light Conditions,,,,,light_24,,,
pick_up_the_cream_cheese_and_place_it_in_the_basket_light_37,pick_up_the_cream_cheese_and_place_it_in_the_basket,Light Conditions,,,,,light_37,,,
pick_up_the_ketchup_and_place_it_in_the_basket_table_1,pick_up_the_ketchup_and_place_it_in_the_basket,Background Textures,,,,,,,table_1,
pick_up_the_ketchup_and_place_it_in_the_basket_table_10,pick_up_the_ketchup_and_place_it_in_the_basket,Background Textures,,,,,,,table_10,
pick_up_the_ketchup_and_place_it_in_the_basket_table_12,pick_up_the_ketchup_and_place_it_in_the_basket,Background Textures,,,,,,,table_12,
pick_up_the_ketchup_and_place_it_in_the_basket_table_13,pick_up_the_ketchup_and_place_it_in_the_basket,Background Textures,,,,,,,table_13,
pick_up_the_ketchup_and_place_it_in_the_basket_table_19,pick_up_the_ketchup_and_place_it_in_the_basket,Background Textures,,,,,,,table_19,
pick_up_the_ketchup_and_place_it_in_the_basket_table_4,pick_up_the_ketchup_and_place_it_in_the_basket,Background Textures,,,,,,,table_4,
pick_up_the_ketchup_and_place_it_in_the_basket_tb_10,pick_up_the_ketchup_and_place_it_in_the_basket,Background Textures,,,,,,,tb_10,
pick_up_the_ketchup_and_place_it_in_the_basket_tb_2,pick_up_the_ketchup_and_place_it_in_the_basket,Background Textures,,,,,,,tb_2,
pick_up_the_ketchup_and_place_it_in_the_basket_tb_21,pick_up_the_ketchup_and_place_it_in_the_basket,Background Textures,,,,,,,tb_21,
pick_up_the_ketchup_and_place_it_in_the_basket_tb_22,pick_up_the_ketchup_and_place_it_in_the_basket,Background Textures,,,,,,,tb_22,
pick_up_the_ketchup_and_place_it_in_the_basket_tb_3,pick_up_the_ketchup_and_place_it_in_the_basket,Background Textures,,,,,,,tb_3,
pick_up_the_ketchup_and_place_it_in_the_basket_view_0_0_100_0_0_initstate_45,pick_up_the_ketchup_and_place_it_in_the_basket,Robot Initial States,,initstate_45,,,,,,view_0
pick_up_the_ketchup_and_place_it_in_the_basket_view_0_0_100_0_0_initstate_65,pick_up_the_ketchup_and_place_it_in_the_basket,Robot Initial States,,initstate_65,,,,,,view_0
pick_up_the_ketchup_and_place_it_in_the_basket_view_0_0_100_0_0_initstate_95,pick_up_the_ketchup_and_place_it_in_the_basket,Robot Initial States,,initstate_95,,,,,,view_0
pick_up_the_ketchup_and_place_it_in_the_basket_view_0_0_100_0_0_initstate_115,pick_up_the_ketchup_and_place_it_in_the_basket,Robot Initial States,,initstate_115,,,,,,view_0
pick_up_the_ketchup_and_place_it_in_the_basket_view_0_0_100_0_0_initstate_135,pick_up_the_ketchup_and_place_it_in_the_basket,Robot Initial States,,initstate_135,,,,,,view_0
pick_up_the_ketchup_and_place_it_in_the_basket_view_0_0_100_0_0_initstate_145,pick_up_the_ketchup_and_place_it_in_the_basket,Robot Initial States,,initstate_145,,,,,,view_0
pick_up_the_ketchup_and_place_it_in_the_basket_view_0_0_100_0_0_initstate_155,pick_up_the_ketchup_and_place_it_in_the_basket,Robot Initial States,,initstate_155,,,,,,view_0
pick_up_the_ketchup_and_place_it_in_the_basket_view_0_0_100_0_0_initstate_175,pick_up_the_ketchup_and_place_it_in_the_basket,Robot Initial States,,initstate_175,,,,,,view_0
pick_up_the_ketchup_and_place_it_in_the_basket_view_0_0_100_0_0_initstate_185,pick_up_the_ketchup_and_place_it_in_the_basket,Robot Initial States,,initstate_185,,,,,,view_0
pick_up_the_ketchup_and_place_it_in_the_basket_view_0_0_100_0_0_initstate_205,pick_up_the_ketchup_and_place_it_in_the_basket,Robot Initial States,,initstate_205,,,,,,view_0
pick_up_the_ketchup_and_place_it_in_the_basket_view_0_0_100_0_0_initstate_225,pick_up_the_ketchup_and_place_it_in_the_basket,Robot Initial States,,initstate_225,,,,,,view_0
pick_up_the_ketchup_and_place_it_in_the_basket_view_0_0_100_0_0_initstate_235,pick_up_the_ketchup_and_place_it_in_the_basket,Robot Initial States,,initstate_235,,,,,,view_0
pick_up_the_ketchup_and_place_it_in_the_basket_view_0_0_100_0_0_initstate_245,pick_up_the_ketchup_and_place_it_in_the_basket,Robot Initial States,,initstate_245,,,,,,view_0
pick_up_the_ketchup_and_place_it_in_the_basket_view_0_0_100_0_0_initstate_255,pick_up_the_ketchup_and_place_it_in_the_basket,Robot Initial States,,initstate_255,,,,,,view_0
pick_up_the_ketchup_and_place_it_in_the_basket_view_0_0_100_0_0_initstate_265,pick_up_the_ketchup_and_place_it_in_the_basket,Robot Initial States,,initstate_265,,,,,,view_0
pick_up_the_ketchup_and_place_it_in_the_basket_view_0_0_100_0_0_initstate_275,pick_up_the_ketchup_and_place_it_in_the_basket,Robot Initial States,,initstate_275,,,,,,view_0
pick_up_the_ketchup_and_place_it_in_the_basket_view_0_0_100_0_0_initstate_285,pick_up_the_ketchup_and_place_it_in_the_basket,Robot Initial States,,initstate_285,,,,,,view_0
pick_up_the_ketchup_and_place_it_in_the_basket_view_0_0_100_0_0_initstate_295,pick_up_the_ketchup_and_place_it_in_the_basket,Robot Initial States,,initstate_295,,,,,,view_0
pick_up_the_ketchup_and_place_it_in_the_basket_view_0_0_100_0_0_initstate_305,pick_up_the_ketchup_and_place_it_in_the_basket,Robot Initial States,,initstate_305,,,,,,view_0
pick_up_the_ketchup_and_place_it_in_the_basket_view_0_0_100_0_0_initstate_315,pick_up_the_ketchup_and_place_it_in_the_basket,Robot Initial States,,initstate_315,,,,,,view_0
pick_up_the_ketchup_and_place_it_in_the_basket_view_0_0_100_0_0_initstate_325,pick_up_the_ketchup_and_place_it_in_the_basket,Robot Initial States,,initstate_325,,,,,,view_0
pick_up_the_ketchup_and_place_it_in_the_basket_view_0_0_100_0_0_initstate_335,pick_up_the_ketchup_and_place_it_in_the_basket,Robot Initial States,,initstate_335,,,,,,view_0
pick_up_the_ketchup_and_place_it_in_the_basket_view_0_0_100_0_0_initstate_345,pick_up_the_ketchup_and_place_it_in_the_basket,Robot Initial States,,initstate_345,,,,,,view_0
pick_up_the_ketchup_and_place_it_in_the_basket_view_0_0_100_0_0_initstate_355,pick_up_the_ketchup_and_place_it_in_the_basket,Robot Initial States,,initstate_355,,,,,,view_0
pick_up_the_ketchup_and_place_it_in_the_basket_view_0_0_100_0_0_initstate_365,pick_up_the_ketchup_and_place_it_in_the_basket,Robot Initial States,,initstate_365,,,,,,view_0
pick_up_the_ketchup_and_place_it_in_the_basket_view_0_0_100_0_0_initstate_375,pick_up_the_ketchup_and_place_it_in_the_basket,Robot Initial States,,initstate_375,,,,,,view_0
pick_up_the_ketchup_and_place_it_in_the_basket_view_0_0_100_0_0_initstate_385,pick_up_the_ketchup_and_place_it_in_the_basket,Robot Initial States,,initstate_385,,,,,,view_0
pick_up_the_ketchup_and_place_it_in_the_basket_view_0_0_100_0_0_initstate_395,pick_up_the_ketchup_and_place_it_in_the_basket,Robot Initial States,,initstate_395,,,,,,view_0
pick_up_the_ketchup_and_place_it_in_the_basket_view_0_0_100_0_0_initstate_405,pick_up_the_ketchup_and_place_it_in_the_basket,Robot Initial States,,initstate_405,,,,,,view_0
pick_up_the_ketchup_and_place_it_in_the_basket_view_0_0_100_0_0_initstate_415,pick_up_the_ketchup_and_place_it_in_the_basket,Robot Initial States,,initstate_415,,,,,,view_0
pick_up_the_ketchup_and_place_it_in_the_basket_view_0_0_100_0_0_initstate_425,pick_up_the_ketchup_and_place_it_in_the_basket,Robot Initial States,,initstate_425,,,,,,view_0
pick_up_the_ketchup_and_place_it_in_the_basket_view_0_0_100_0_0_initstate_435,pick_up_the_ketchup_and_place_it_in_the_basket,Robot Initial States,,initstate_435,,,,,,view_0
pick_up_the_ketchup_and_place_it_in_the_basket_view_0_0_100_0_0_initstate_445,pick_up_the_ketchup_and_place_it_in_the_basket,Robot Initial States,,initstate_445,,,,,,view_0
pick_up_the_ketchup_and_place_it_in_the_basket_view_0_0_100_0_0_initstate_455,pick_up_the_ketchup_and_place_it_in_the_basket,Robot Initial States,,initstate_455,,,,,,view_0
pick_up_the_ketchup_and_place_it_in_the_basket_view_0_0_100_0_0_initstate_465,pick_up_the_ketchup_and_place_it_in_the_basket,Robot Initial States,,initstate_465,,,,,,view_0
pick_up_the_ketchup_and_place_it_in_the_basket_view_0_0_100_0_0_initstate_475,pick_up_the_ketchup_and_place_it_in_the_basket,Robot Initial States,,initstate_475,,,,,,view_0
pick_up_the_ketchup_and_place_it_in_the_basket_view_0_0_100_0_0_initstate_485,pick_up_the_ketchup_and_place_it_in_the_basket,Robot Initial States,,initstate_485,,,,,,view_0
pick_up_the_ketchup_and_place_it_in_the_basket_view_0_0_100_0_0_initstate_495,pick_up_the_ketchup_and_place_it_in_the_basket,Robot Initial States,,initstate_495,,,,,,view_0
pick_up_the_ketchup_and_place_it_in_the_basket_view_0_0_141_0_0_initstate_0,pick_up_the_ketchup_and_place_it_in_the_basket,Camera Viewpoints,,initstate_0,,,,,,view_0
pick_up_the_ketchup_and_place_it_in_the_basket_view_0_0_142_0_0_initstate_0,pick_up_the_ketchup_and_place_it_in_the_basket,Camera Viewpoints,,initstate_0,,,,,,view_0
pick_up_the_ketchup_and_place_it_in_the_basket_view_0_0_143_0_0_initstate_0,pick_up_the_ketchup_and_place_it_in_the_basket,Camera Viewpoints,,initstate_0,,,,,,view_0
pick_up_the_ketchup_and_place_it_in_the_basket_view_0_0_144_0_0_initstate_0,pick_up_the_ketchup_and_place_it_in_the_basket,Camera Viewpoints,,initstate_0,,,,,,view_0
pick_up_the_ketchup_and_place_it_in_the_basket_view_0_0_145_0_0_initstate_0,pick_up_the_ketchup_and_place_it_in_the_basket,Camera Viewpoints,,initstate_0,,,,,,view_0
pick_up_the_ketchup_and_place_it_in_the_basket_view_0_0_146_0_0_initstate_0,pick_up_the_ketchup_and_place_it_in_the_basket,Camera Viewpoints,,initstate_0,,,,,,view_0
pick_up_the_ketchup_and_place_it_in_the_basket_view_0_0_147_0_0_initstate_0,pick_up_the_ketchup_and_place_it_in_the_basket,Camera Viewpoints,,initstate_0,,,,,,view_0
pick_up_the_ketchup_and_place_it_in_the_basket_view_0_0_148_0_0_initstate_0,pick_up_the_ketchup_and_place_it_in_the_basket,Camera Viewpoints,,initstate_0,,,,,,view_0
pick_up_the_ketchup_and_place_it_in_the_basket_view_0_0_149_0_0_initstate_0,pick_up_the_ketchup_and_place_it_in_the_basket,Camera Viewpoints,,initstate_0,,,,,,view_0
pick_up_the_ketchup_and_place_it_in_the_basket_view_0_0_150_0_0_initstate_0,pick_up_the_ketchup_and_place_it_in_the_basket,Camera Viewpoints,,initstate_0,,,,,,view_0
pick_up_the_ketchup_and_place_it_in_the_basket_view_0_0_100_10_2_initstate_0,pick_up_the_ketchup_and_place_it_in_the_basket,Camera Viewpoints,,initstate_0,,,,,,view_0
pick_up_the_ketchup_and_place_it_in_the_basket_view_0_0_100_10_4_initstate_0,pick_up_the_ketchup_and_place_it_in_the_basket,Camera Viewpoints,,initstate_0,,,,,,view_0
pick_up_the_ketchup_and_place_it_in_the_basket_view_0_0_100_10_6_initstate_0,pick_up_the_ketchup_and_place_it_in_the_basket,Camera Viewpoints,,initstate_0,,,,,,view_0
pick_up_the_ketchup_and_place_it_in_the_basket_view_0_0_100_10_8_initstate_0,pick_up_the_ketchup_and_place_it_in_the_basket,Camera Viewpoints,,initstate_0,,,,,,view_0
pick_up_the_ketchup_and_place_it_in_the_basket_view_0_0_100_10_10_initstate_0,pick_up_the_ketchup_and_place_it_in_the_basket,Camera Viewpoints,,initstate_0,,,,,,view_0
pick_up_the_ketchup_and_place_it_in_the_basket_view_0_0_100_10_350_initstate_0,pick_up_the_ketchup_and_place_it_in_the_basket,Camera Viewpoints,,initstate_0,,,,,,view_0
pick_up_the_ketchup_and_place_it_in_the_basket_view_0_0_100_10_352_initstate_0,pick_up_the_ketchup_and_place_it_in_the_basket,Camera Viewpoints,,initstate_0,,,,,,view_0
pick_up_the_ketchup_and_place_it_in_the_basket_view_0_0_100_10_354_initstate_0,pick_up_the_ketchup_and_place_it_in_the_basket,Camera Viewpoints,,initstate_0,,,,,,view_0
pick_up_the_ketchup_and_place_it_in_the_basket_view_0_0_100_10_356_initstate_0,pick_up_the_ketchup_and_place_it_in_the_basket,Camera Viewpoints,,initstate_0,,,,,,view_0
pick_up_the_ketchup_and_place_it_in_the_basket_view_0_0_100_10_358_initstate_0,pick_up_the_ketchup_and_place_it_in_the_basket,Camera Viewpoints,,initstate_0,,,,,,view_0
pick_up_the_ketchup_and_place_it_in_the_basket_view_61_0_100_0_0_initstate_0,pick_up_the_ketchup_and_place_it_in_the_basket,Camera Viewpoints,,initstate_0,,,,,,view_61
pick_up_the_ketchup_and_place_it_in_the_basket_view_61_15_100_0_0_initstate_0,pick_up_the_ketchup_and_place_it_in_the_basket,Camera Viewpoints,,initstate_0,,,,,,view_61
pick_up_the_ketchup_and_place_it_in_the_basket_view_62_0_100_0_0_initstate_0,pick_up_the_ketchup_and_place_it_in_the_basket,Camera Viewpoints,,initstate_0,,,,,,view_62
pick_up_the_ketchup_and_place_it_in_the_basket_view_63_0_100_0_0_initstate_0,pick_up_the_ketchup_and_place_it_in_the_basket,Camera Viewpoints,,initstate_0,,,,,,view_63
pick_up_the_ketchup_and_place_it_in_the_basket_view_63_15_100_0_0_initstate_0,pick_up_the_ketchup_and_place_it_in_the_basket,Camera Viewpoints,,initstate_0,,,,,,view_63
pick_up_the_ketchup_and_place_it_in_the_basket_view_64_15_100_0_0_initstate_0,pick_up_the_ketchup_and_place_it_in_the_basket,Camera Viewpoints,,initstate_0,,,,,,view_64
pick_up_the_ketchup_and_place_it_in_the_basket_view_65_0_100_0_0_initstate_0,pick_up_the_ketchup_and_place_it_in_the_basket,Camera Viewpoints,,initstate_0,,,,,,view_65
pick_up_the_ketchup_and_place_it_in_the_basket_view_65_15_100_0_0_initstate_0,pick_up_the_ketchup_and_place_it_in_the_basket,Camera Viewpoints,,initstate_0,,,,,,view_65
pick_up_the_ketchup_and_place_it_in_the_basket_view_66_0_100_0_0_initstate_0,pick_up_the_ketchup_and_place_it_in_the_basket,Camera Viewpoints,,initstate_0,,,,,,view_66
pick_up_the_ketchup_and_place_it_in_the_basket_view_66_15_100_0_0_initstate_0,pick_up_the_ketchup_and_place_it_in_the_basket,Camera Viewpoints,,initstate_0,,,,,,view_66
pick_up_the_ketchup_and_place_it_in_the_basket_view_67_0_100_0_0_initstate_0,pick_up_the_ketchup_and_place_it_in_the_basket,Camera Viewpoints,,initstate_0,,,,,,view_67
pick_up_the_ketchup_and_place_it_in_the_basket_view_67_15_100_0_0_initstate_0,pick_up_the_ketchup_and_place_it_in_the_basket,Camera Viewpoints,,initstate_0,,,,,,view_67
pick_up_the_ketchup_and_place_it_in_the_basket_view_68_0_100_0_0_initstate_0,pick_up_the_ketchup_and_place_it_in_the_basket,Camera Viewpoints,,initstate_0,,,,,,view_68
pick_up_the_ketchup_and_place_it_in_the_basket_view_68_15_100_0_0_initstate_0,pick_up_the_ketchup_and_place_it_in_the_basket,Camera Viewpoints,,initstate_0,,,,,,view_68
pick_up_the_ketchup_and_place_it_in_the_basket_view_69_0_100_0_0_initstate_0,pick_up_the_ketchup_and_place_it_in_the_basket,Camera Viewpoints,,initstate_0,,,,,,view_69
pick_up_the_ketchup_and_place_it_in_the_basket_view_70_0_100_0_0_initstate_0,pick_up_the_ketchup_and_place_it_in_the_basket,Camera Viewpoints,,initstate_0,,,,,,view_70
pick_up_the_ketchup_and_place_it_in_the_basket_view_70_15_100_0_0_initstate_0,pick_up_the_ketchup_and_place_it_in_the_basket,Camera Viewpoints,,initstate_0,,,,,,view_70
pick_up_the_ketchup_and_place_it_in_the_basket_view_71_0_100_0_0_initstate_0,pick_up_the_ketchup_and_place_it_in_the_basket,Camera Viewpoints,,initstate_0,,,,,,view_71
pick_up_the_ketchup_and_place_it_in_the_basket_view_71_15_100_0_0_initstate_0,pick_up_the_ketchup_and_place_it_in_the_basket,Camera Viewpoints,,initstate_0,,,,,,view_71
pick_up_the_ketchup_and_place_it_in_the_basket_view_72_0_100_0_0_initstate_0,pick_up_the_ketchup_and_place_it_in_the_basket,Camera Viewpoints,,initstate_0,,,,,,view_72
pick_up_the_ketchup_and_place_it_in_the_basket_view_72_15_100_0_0_initstate_0,pick_up_the_ketchup_and_place_it_in_the_basket,Camera Viewpoints,,initstate_0,,,,,,view_72
pick_up_the_ketchup_and_place_it_in_the_basket_view_73_0_100_0_0_initstate_0,pick_up_the_ketchup_and_place_it_in_the_basket,Camera Viewpoints,,initstate_0,,,,,,view_73
pick_up_the_ketchup_and_place_it_in_the_basket_view_73_15_100_0_0_initstate_0,pick_up_the_ketchup_and_place_it_in_the_basket,Camera Viewpoints,,initstate_0,,,,,,view_73
pick_up_the_ketchup_and_place_it_in_the_basket_view_74_0_100_0_0_initstate_0,pick_up_the_ketchup_and_place_it_in_the_basket,Camera Viewpoints,,initstate_0,,,,,,view_74
pick_up_the_ketchup_and_place_it_in_the_basket_view_74_15_100_0_0_initstate_0,pick_up_the_ketchup_and_place_it_in_the_basket,Camera Viewpoints,,initstate_0,,,,,,view_74
pick_up_the_ketchup_and_place_it_in_the_basket_view_75_0_100_0_0_initstate_0,pick_up_the_ketchup_and_place_it_in_the_basket,Camera Viewpoints,,initstate_0,,,,,,view_75
pick_up_the_ketchup_and_place_it_in_the_basket_view_75_15_100_0_0_initstate_0,pick_up_the_ketchup_and_place_it_in_the_basket,Camera Viewpoints,,initstate_0,,,,,,view_75
pick_up_the_ketchup_and_place_it_in_the_basket_language_1_view_0_0_100_0_0_initstate_0,pick_up_the_ketchup_and_place_it_in_the_basket,Language Instructions,,initstate_0,language_1,,,,,view_0
pick_up_the_ketchup_and_place_it_in_the_basket_language_3_view_0_0_100_0_0_initstate_0,pick_up_the_ketchup_and_place_it_in_the_basket,Language Instructions,,initstate_0,language_3,,,,,view_0
pick_up_the_ketchup_and_place_it_in_the_basket_language_4_view_0_0_100_0_0_initstate_0,pick_up_the_ketchup_and_place_it_in_the_basket,Language Instructions,,initstate_0,language_4,,,,,view_0
pick_up_the_ketchup_and_place_it_in_the_basket_language_5_view_0_0_100_0_0_initstate_0,pick_up_the_ketchup_and_place_it_in_the_basket,Language Instructions,,initstate_0,language_5,,,,,view_0
pick_up_the_ketchup_and_place_it_in_the_basket_language_7_view_0_0_100_0_0_initstate_0,pick_up_the_ketchup_and_place_it_in_the_basket,Language Instructions,,initstate_0,language_7,,,,,view_0
pick_up_the_ketchup_and_place_it_in_the_basket_language_8_view_0_0_100_0_0_initstate_0,pick_up_the_ketchup_and_place_it_in_the_basket,Language Instructions,,initstate_0,language_8,,,,,view_0
pick_up_the_ketchup_and_place_it_in_the_basket_language_11_view_0_0_100_0_0_initstate_0,pick_up_the_ketchup_and_place_it_in_the_basket,Language Instructions,,initstate_0,language_11,,,,,view_0
pick_up_the_ketchup_and_place_it_in_the_basket_language_12_view_0_0_100_0_0_initstate_0,pick_up_the_ketchup_and_place_it_in_the_basket,Language Instructions,,initstate_0,language_12,,,,,view_0
pick_up_the_ketchup_and_place_it_in_the_basket_language_13_view_0_0_100_0_0_initstate_0,pick_up_the_ketchup_and_place_it_in_the_basket,Language Instructions,,initstate_0,language_13,,,,,view_0
pick_up_the_ketchup_and_place_it_in_the_basket_language_15_view_0_0_100_0_0_initstate_0,pick_up_the_ketchup_and_place_it_in_the_basket,Language Instructions,,initstate_0,language_15,,,,,view_0
pick_up_the_ketchup_and_place_it_in_the_basket_language_16_view_0_0_100_0_0_initstate_0,pick_up_the_ketchup_and_place_it_in_the_basket,Language Instructions,,initstate_0,language_16,,,,,view_0
pick_up_the_ketchup_and_place_it_in_the_basket_language_17_view_0_0_100_0_0_initstate_0,pick_up_the_ketchup_and_place_it_in_the_basket,Language Instructions,,initstate_0,language_17,,,,,view_0
pick_up_the_ketchup_and_place_it_in_the_basket_language_18_view_0_0_100_0_0_initstate_0,pick_up_the_ketchup_and_place_it_in_the_basket,Language Instructions,,initstate_0,language_18,,,,,view_0
pick_up_the_ketchup_and_place_it_in_the_basket_language_19_view_0_0_100_0_0_initstate_0,pick_up_the_ketchup_and_place_it_in_the_basket,Language Instructions,,initstate_0,language_19,,,,,view_0
pick_up_the_ketchup_and_place_it_in_the_basket_language_20_view_0_0_100_0_0_initstate_0,pick_up_the_ketchup_and_place_it_in_the_basket,Language Instructions,,initstate_0,language_20,,,,,view_0
pick_up_the_ketchup_and_place_it_in_the_basket_language_21_view_0_0_100_0_0_initstate_0,pick_up_the_ketchup_and_place_it_in_the_basket,Language Instructions,,initstate_0,language_21,,,,,view_0
pick_up_the_ketchup_and_place_it_in_the_basket_language_22_view_0_0_100_0_0_initstate_0,pick_up_the_ketchup_and_place_it_in_the_basket,Language Instructions,,initstate_0,language_22,,,,,view_0
pick_up_the_ketchup_and_place_it_in_the_basket_language_24_view_0_0_100_0_0_initstate_0,pick_up_the_ketchup_and_place_it_in_the_basket,Language Instructions,,initstate_0,language_24,,,,,view_0
pick_up_the_ketchup_and_place_it_in_the_basket_language_25_view_0_0_100_0_0_initstate_0,pick_up_the_ketchup_and_place_it_in_the_basket,Language Instructions,,initstate_0,language_25,,,,,view_0
pick_up_the_ketchup_and_place_it_in_the_basket_language_26_view_0_0_100_0_0_initstate_0,pick_up_the_ketchup_and_place_it_in_the_basket,Language Instructions,,initstate_0,language_26,,,,,view_0
pick_up_the_ketchup_and_place_it_in_the_basket_language_27_view_0_0_100_0_0_initstate_0,pick_up_the_ketchup_and_place_it_in_the_basket,Language Instructions,,initstate_0,language_27,,,,,view_0
pick_up_the_ketchup_and_place_it_in_the_basket_language_28_view_0_0_100_0_0_initstate_0,pick_up_the_ketchup_and_place_it_in_the_basket,Language Instructions,,initstate_0,language_28,,,,,view_0
pick_up_the_ketchup_and_place_it_in_the_basket_language_29_view_0_0_100_0_0_initstate_0,pick_up_the_ketchup_and_place_it_in_the_basket,Language Instructions,,initstate_0,language_29,,,,,view_0
pick_up_the_ketchup_and_place_it_in_the_basket_language_30_view_0_0_100_0_0_initstate_0,pick_up_the_ketchup_and_place_it_in_the_basket,Language Instructions,,initstate_0,language_30,,,,,view_0
pick_up_the_ketchup_and_place_it_in_the_basket_language_32_view_0_0_100_0_0_initstate_0,pick_up_the_ketchup_and_place_it_in_the_basket,Language Instructions,,initstate_0,language_32,,,,,view_0
pick_up_the_ketchup_and_place_it_in_the_basket_language_36_view_0_0_100_0_0_initstate_0,pick_up_the_ketchup_and_place_it_in_the_basket,Language Instructions,,initstate_0,language_36,,,,,view_0
pick_up_the_ketchup_and_place_it_in_the_basket_language_37_view_0_0_100_0_0_initstate_0,pick_up_the_ketchup_and_place_it_in_the_basket,Language Instructions,,initstate_0,language_37,,,,,view_0
pick_up_the_ketchup_and_place_it_in_the_basket_language_38_view_0_0_100_0_0_initstate_0,pick_up_the_ketchup_and_place_it_in_the_basket,Language Instructions,,initstate_0,language_38,,,,,view_0
pick_up_the_ketchup_and_place_it_in_the_basket_language_39_view_0_0_100_0_0_initstate_0,pick_up_the_ketchup_and_place_it_in_the_basket,Language Instructions,,initstate_0,language_39,,,,,view_0
pick_up_the_ketchup_and_place_it_in_the_basket_language_41_view_0_0_100_0_0_initstate_0,pick_up_the_ketchup_and_place_it_in_the_basket,Language Instructions,,initstate_0,language_41,,,,,view_0
pick_up_the_ketchup_and_place_it_in_the_basket_language_42_view_0_0_100_0_0_initstate_0,pick_up_the_ketchup_and_place_it_in_the_basket,Language Instructions,,initstate_0,language_42,,,,,view_0
pick_up_the_ketchup_and_place_it_in_the_basket_language_43_view_0_0_100_0_0_initstate_0,pick_up_the_ketchup_and_place_it_in_the_basket,Language Instructions,,initstate_0,language_43,,,,,view_0
pick_up_the_ketchup_and_place_it_in_the_basket_language_44_view_0_0_100_0_0_initstate_0,pick_up_the_ketchup_and_place_it_in_the_basket,Language Instructions,,initstate_0,language_44,,,,,view_0
pick_up_the_ketchup_and_place_it_in_the_basket_language_45_view_0_0_100_0_0_initstate_0,pick_up_the_ketchup_and_place_it_in_the_basket,Language Instructions,,initstate_0,language_45,,,,,view_0
pick_up_the_ketchup_and_place_it_in_the_basket_language_46_view_0_0_100_0_0_initstate_0,pick_up_the_ketchup_and_place_it_in_the_basket,Language Instructions,,initstate_0,language_46,,,,,view_0
pick_up_the_ketchup_and_place_it_in_the_basket_language_48_view_0_0_100_0_0_initstate_0,pick_up_the_ketchup_and_place_it_in_the_basket,Language Instructions,,initstate_0,language_48,,,,,view_0
pick_up_the_ketchup_and_place_it_in_the_basket_language_49_view_0_0_100_0_0_initstate_0,pick_up_the_ketchup_and_place_it_in_the_basket,Language Instructions,,initstate_0,language_49,,,,,view_0
pick_up_the_ketchup_and_place_it_in_the_basket_view_0_0_100_0_0_initstate_0_noise_1,pick_up_the_ketchup_and_place_it_in_the_basket,Sensor Noise,,initstate_0,,,,noise_1,,view_0
pick_up_the_ketchup_and_place_it_in_the_basket_view_0_0_100_0_0_initstate_0_noise_2,pick_up_the_ketchup_and_place_it_in_the_basket,Sensor Noise,,initstate_0,,,,noise_2,,view_0
pick_up_the_ketchup_and_place_it_in_the_basket_view_0_0_100_0_0_initstate_0_noise_3,pick_up_the_ketchup_and_place_it_in_the_basket,Sensor Noise,,initstate_0,,,,noise_3,,view_0
pick_up_the_ketchup_and_place_it_in_the_basket_view_0_0_100_0_0_initstate_0_noise_4,pick_up_the_ketchup_and_place_it_in_the_basket,Sensor Noise,,initstate_0,,,,noise_4,,view_0
pick_up_the_ketchup_and_place_it_in_the_basket_view_0_0_100_0_0_initstate_0_noise_5,pick_up_the_ketchup_and_place_it_in_the_basket,Sensor Noise,,initstate_0,,,,noise_5,,view_0
pick_up_the_ketchup_and_place_it_in_the_basket_view_0_0_100_0_0_initstate_0_noise_6,pick_up_the_ketchup_and_place_it_in_the_basket,Sensor Noise,,initstate_0,,,,noise_6,,view_0
pick_up_the_ketchup_and_place_it_in_the_basket_view_0_0_100_0_0_initstate_0_noise_7,pick_up_the_ketchup_and_place_it_in_the_basket,Sensor Noise,,initstate_0,,,,noise_7,,view_0
pick_up_the_ketchup_and_place_it_in_the_basket_view_0_0_100_0_0_initstate_0_noise_8,pick_up_the_ketchup_and_place_it_in_the_basket,Sensor Noise,,initstate_0,,,,noise_8,,view_0
pick_up_the_ketchup_and_place_it_in_the_basket_view_0_0_100_0_0_initstate_0_noise_9,pick_up_the_ketchup_and_place_it_in_the_basket,Sensor Noise,,initstate_0,,,,noise_9,,view_0
pick_up_the_ketchup_and_place_it_in_the_basket_view_0_0_100_0_0_initstate_0_noise_10,pick_up_the_ketchup_and_place_it_in_the_basket,Sensor Noise,,initstate_0,,,,noise_10,,view_0
pick_up_the_ketchup_and_place_it_in_the_basket_view_0_0_100_0_0_initstate_0_noise_12,pick_up_the_ketchup_and_place_it_in_the_basket,Sensor Noise,,initstate_0,,,,noise_12,,view_0
pick_up_the_ketchup_and_place_it_in_the_basket_view_0_0_100_0_0_initstate_0_noise_13,pick_up_the_ketchup_and_place_it_in_the_basket,Sensor Noise,,initstate_0,,,,noise_13,,view_0
pick_up_the_ketchup_and_place_it_in_the_basket_view_0_0_100_0_0_initstate_0_noise_14,pick_up_the_ketchup_and_place_it_in_the_basket,Sensor Noise,,initstate_0,,,,noise_14,,view_0
pick_up_the_ketchup_and_place_it_in_the_basket_view_0_0_100_0_0_initstate_0_noise_15,pick_up_the_ketchup_and_place_it_in_the_basket,Sensor Noise,,initstate_0,,,,noise_15,,view_0
pick_up_the_ketchup_and_place_it_in_the_basket_view_0_0_100_0_0_initstate_0_noise_16,pick_up_the_ketchup_and_place_it_in_the_basket,Sensor Noise,,initstate_0,,,,noise_16,,view_0
pick_up_the_ketchup_and_place_it_in_the_basket_view_0_0_100_0_0_initstate_0_noise_17,pick_up_the_ketchup_and_place_it_in_the_basket,Sensor Noise,,initstate_0,,,,noise_17,,view_0
pick_up_the_ketchup_and_place_it_in_the_basket_view_0_0_100_0_0_initstate_0_noise_18,pick_up_the_ketchup_and_place_it_in_the_basket,Sensor Noise,,initstate_0,,,,noise_18,,view_0
pick_up_the_ketchup_and_place_it_in_the_basket_view_0_0_100_0_0_initstate_0_noise_19,pick_up_the_ketchup_and_place_it_in_the_basket,Sensor Noise,,initstate_0,,,,noise_19,,view_0
pick_up_the_ketchup_and_place_it_in_the_basket_view_0_0_100_0_0_initstate_0_noise_20,pick_up_the_ketchup_and_place_it_in_the_basket,Sensor Noise,,initstate_0,,,,noise_20,,view_0
pick_up_the_ketchup_and_place_it_in_the_basket_view_0_0_100_0_0_initstate_0_noise_23,pick_up_the_ketchup_and_place_it_in_the_basket,Sensor Noise,,initstate_0,,,,noise_23,,view_0
pick_up_the_ketchup_and_place_it_in_the_basket_view_0_0_100_0_0_initstate_0_noise_24,pick_up_the_ketchup_and_place_it_in_the_basket,Sensor Noise,,initstate_0,,,,noise_24,,view_0
pick_up_the_ketchup_and_place_it_in_the_basket_view_0_0_100_0_0_initstate_0_noise_25,pick_up_the_ketchup_and_place_it_in_the_basket,Sensor Noise,,initstate_0,,,,noise_25,,view_0
pick_up_the_ketchup_and_place_it_in_the_basket_view_0_0_100_0_0_initstate_0_noise_26,pick_up_the_ketchup_and_place_it_in_the_basket,Sensor Noise,,initstate_0,,,,noise_26,,view_0
pick_up_the_ketchup_and_place_it_in_the_basket_view_0_0_100_0_0_initstate_0_noise_27,pick_up_the_ketchup_and_place_it_in_the_basket,Sensor Noise,,initstate_0,,,,noise_27,,view_0
pick_up_the_ketchup_and_place_it_in_the_basket_view_0_0_100_0_0_initstate_0_noise_28,pick_up_the_ketchup_and_place_it_in_the_basket,Sensor Noise,,initstate_0,,,,noise_28,,view_0
pick_up_the_ketchup_and_place_it_in_the_basket_view_0_0_100_0_0_initstate_0_noise_29,pick_up_the_ketchup_and_place_it_in_the_basket,Sensor Noise,,initstate_0,,,,noise_29,,view_0
pick_up_the_ketchup_and_place_it_in_the_basket_view_0_0_100_0_0_initstate_0_noise_30,pick_up_the_ketchup_and_place_it_in_the_basket,Sensor Noise,,initstate_0,,,,noise_30,,view_0
pick_up_the_ketchup_and_place_it_in_the_basket_view_0_0_100_0_0_initstate_0_noise_34,pick_up_the_ketchup_and_place_it_in_the_basket,Sensor Noise,,initstate_0,,,,noise_34,,view_0
pick_up_the_ketchup_and_place_it_in_the_basket_view_0_0_100_0_0_initstate_0_noise_35,pick_up_the_ketchup_and_place_it_in_the_basket,Sensor Noise,,initstate_0,,,,noise_35,,view_0
pick_up_the_ketchup_and_place_it_in_the_basket_view_0_0_100_0_0_initstate_0_noise_36,pick_up_the_ketchup_and_place_it_in_the_basket,Sensor Noise,,initstate_0,,,,noise_36,,view_0
pick_up_the_ketchup_and_place_it_in_the_basket_view_0_0_100_0_0_initstate_0_noise_37,pick_up_the_ketchup_and_place_it_in_the_basket,Sensor Noise,,initstate_0,,,,noise_37,,view_0
pick_up_the_ketchup_and_place_it_in_the_basket_view_0_0_100_0_0_initstate_0_noise_38,pick_up_the_ketchup_and_place_it_in_the_basket,Sensor Noise,,initstate_0,,,,noise_38,,view_0
pick_up_the_ketchup_and_place_it_in_the_basket_view_0_0_100_0_0_initstate_0_noise_39,pick_up_the_ketchup_and_place_it_in_the_basket,Sensor Noise,,initstate_0,,,,noise_39,,view_0
pick_up_the_ketchup_and_place_it_in_the_basket_view_0_0_100_0_0_initstate_0_noise_40,pick_up_the_ketchup_and_place_it_in_the_basket,Sensor Noise,,initstate_0,,,,noise_40,,view_0
pick_up_the_ketchup_and_place_it_in_the_basket_view_0_0_100_0_0_initstate_0_noise_41,pick_up_the_ketchup_and_place_it_in_the_basket,Sensor Noise,,initstate_0,,,,noise_41,,view_0
pick_up_the_ketchup_and_place_it_in_the_basket_view_0_0_100_0_0_initstate_0_noise_43,pick_up_the_ketchup_and_place_it_in_the_basket,Sensor Noise,,initstate_0,,,,noise_43,,view_0
pick_up_the_ketchup_and_place_it_in_the_basket_view_0_0_100_0_0_initstate_0_noise_44,pick_up_the_ketchup_and_place_it_in_the_basket,Sensor Noise,,initstate_0,,,,noise_44,,view_0
pick_up_the_ketchup_and_place_it_in_the_basket_view_0_0_100_0_0_initstate_0_noise_45,pick_up_the_ketchup_and_place_it_in_the_basket,Sensor Noise,,initstate_0,,,,noise_45,,view_0
pick_up_the_ketchup_and_place_it_in_the_basket_view_0_0_100_0_0_initstate_0_noise_46,pick_up_the_ketchup_and_place_it_in_the_basket,Sensor Noise,,initstate_0,,,,noise_46,,view_0
pick_up_the_ketchup_and_place_it_in_the_basket_view_0_0_100_0_0_initstate_0_noise_47,pick_up_the_ketchup_and_place_it_in_the_basket,Sensor Noise,,initstate_0,,,,noise_47,,view_0
pick_up_the_ketchup_and_place_it_in_the_basket_view_0_0_100_0_0_initstate_0_noise_48,pick_up_the_ketchup_and_place_it_in_the_basket,Sensor Noise,,initstate_0,,,,noise_48,,view_0
pick_up_the_ketchup_and_place_it_in_the_basket_view_0_0_100_0_0_initstate_0_noise_49,pick_up_the_ketchup_and_place_it_in_the_basket,Sensor Noise,,initstate_0,,,,noise_49,,view_0
pick_up_the_ketchup_and_place_it_in_the_basket_view_0_0_100_0_0_initstate_0_noise_50,pick_up_the_ketchup_and_place_it_in_the_basket,Sensor Noise,,initstate_0,,,,noise_50,,view_0
pick_up_the_ketchup_and_place_it_in_the_basket_add_22,pick_up_the_ketchup_and_place_it_in_the_basket,Objects Layout,add_22,,,,,,,
pick_up_the_ketchup_and_place_it_in_the_basket_add_24,pick_up_the_ketchup_and_place_it_in_the_basket,Objects Layout,add_24,,,,,,,
pick_up_the_ketchup_and_place_it_in_the_basket_add_26,pick_up_the_ketchup_and_place_it_in_the_basket,Objects Layout,add_26,,,,,,,
pick_up_the_ketchup_and_place_it_in_the_basket_add_28,pick_up_the_ketchup_and_place_it_in_the_basket,Objects Layout,add_28,,,,,,,
pick_up_the_ketchup_and_place_it_in_the_basket_add_29,pick_up_the_ketchup_and_place_it_in_the_basket,Objects Layout,add_29,,,,,,,
pick_up_the_ketchup_and_place_it_in_the_basket_level1_sample1,pick_up_the_ketchup_and_place_it_in_the_basket,Objects Layout,,,,level1_sample1,,,,
pick_up_the_ketchup_and_place_it_in_the_basket_level1_sample2,pick_up_the_ketchup_and_place_it_in_the_basket,Objects Layout,,,,level1_sample2,,,,
pick_up_the_ketchup_and_place_it_in_the_basket_level1_sample3,pick_up_the_ketchup_and_place_it_in_the_basket,Objects Layout,,,,level1_sample3,,,,
pick_up_the_ketchup_and_place_it_in_the_basket_level1_sample4,pick_up_the_ketchup_and_place_it_in_the_basket,Objects Layout,,,,level1_sample4,,,,
pick_up_the_ketchup_and_place_it_in_the_basket_level2_sample1,pick_up_the_ketchup_and_place_it_in_the_basket,Objects Layout,,,,level2_sample1,,,,
pick_up_the_ketchup_and_place_it_in_the_basket_level2_sample2,pick_up_the_ketchup_and_place_it_in_the_basket,Objects Layout,,,,level2_sample2,,,,
pick_up_the_ketchup_and_place_it_in_the_basket_level2_sample3,pick_up_the_ketchup_and_place_it_in_the_basket,Objects Layout,,,,level2_sample3,,,,
pick_up_the_ketchup_and_place_it_in_the_basket_level2_sample4,pick_up_the_ketchup_and_place_it_in_the_basket,Objects Layout,,,,level2_sample4,,,,
pick_up_the_ketchup_and_place_it_in_the_basket_level3_sample1,pick_up_the_ketchup_and_place_it_in_the_basket,Objects Layout,,,,level3_sample1,,,,
pick_up_the_ketchup_and_place_it_in_the_basket_level3_sample2,pick_up_the_ketchup_and_place_it_in_the_basket,Objects Layout,,,,level3_sample2,,,,
pick_up_the_ketchup_and_place_it_in_the_basket_level3_sample3,pick_up_the_ketchup_and_place_it_in_the_basket,Objects Layout,,,,level3_sample3,,,,
pick_up_the_ketchup_and_place_it_in_the_basket_level3_sample4,pick_up_the_ketchup_and_place_it_in_the_basket,Objects Layout,,,,level3_sample4,,,,
pick_up_the_ketchup_and_place_it_in_the_basket_level4_sample1,pick_up_the_ketchup_and_place_it_in_the_basket,Objects Layout,,,,level4_sample1,,,,
pick_up_the_ketchup_and_place_it_in_the_basket_level4_sample2,pick_up_the_ketchup_and_place_it_in_the_basket,Objects Layout,,,,level4_sample2,,,,
pick_up_the_ketchup_and_place_it_in_the_basket_level4_sample3,pick_up_the_ketchup_and_place_it_in_the_basket,Objects Layout,,,,level4_sample3,,,,
pick_up_the_ketchup_and_place_it_in_the_basket_level4_sample4,pick_up_the_ketchup_and_place_it_in_the_basket,Objects Layout,,,,level4_sample4,,,,
pick_up_the_ketchup_and_place_it_in_the_basket_level5_sample1,pick_up_the_ketchup_and_place_it_in_the_basket,Objects Layout,,,,level5_sample1,,,,
pick_up_the_ketchup_and_place_it_in_the_basket_level5_sample2,pick_up_the_ketchup_and_place_it_in_the_basket,Objects Layout,,,,level5_sample2,,,,
pick_up_the_ketchup_and_place_it_in_the_basket_level5_sample3,pick_up_the_ketchup_and_place_it_in_the_basket,Objects Layout,,,,level5_sample3,,,,
pick_up_the_ketchup_and_place_it_in_the_basket_level5_sample4,pick_up_the_ketchup_and_place_it_in_the_basket,Objects Layout,,,,level5_sample4,,,,
pick_up_the_ketchup_and_place_it_in_the_basket_light_10,pick_up_the_ketchup_and_place_it_in_the_basket,Light Conditions,,,,,light_10,,,
pick_up_the_ketchup_and_place_it_in_the_basket_light_15,pick_up_the_ketchup_and_place_it_in_the_basket,Light Conditions,,,,,light_15,,,
pick_up_the_ketchup_and_place_it_in_the_basket_light_2,pick_up_the_ketchup_and_place_it_in_the_basket,Light Conditions,,,,,light_2,,,
pick_up_the_ketchup_and_place_it_in_the_basket_light_21,pick_up_the_ketchup_and_place_it_in_the_basket,Light Conditions,,,,,light_21,,,
pick_up_the_ketchup_and_place_it_in_the_basket_light_24,pick_up_the_ketchup_and_place_it_in_the_basket,Light Conditions,,,,,light_24,,,
pick_up_the_ketchup_and_place_it_in_the_basket_light_38,pick_up_the_ketchup_and_place_it_in_the_basket,Light Conditions,,,,,light_38,,,
pick_up_the_ketchup_and_place_it_in_the_basket_light_39,pick_up_the_ketchup_and_place_it_in_the_basket,Light Conditions,,,,,light_39,,,
pick_up_the_ketchup_and_place_it_in_the_basket_light_40,pick_up_the_ketchup_and_place_it_in_the_basket,Light Conditions,,,,,light_40,,,
pick_up_the_ketchup_and_place_it_in_the_basket_light_44,pick_up_the_ketchup_and_place_it_in_the_basket,Light Conditions,,,,,light_44,,,
pick_up_the_ketchup_and_place_it_in_the_basket_light_45,pick_up_the_ketchup_and_place_it_in_the_basket,Light Conditions,,,,,light_45,,,
pick_up_the_ketchup_and_place_it_in_the_basket_light_50,pick_up_the_ketchup_and_place_it_in_the_basket,Light Conditions,,,,,light_50,,,
pick_up_the_ketchup_and_place_it_in_the_basket_light_6,pick_up_the_ketchup_and_place_it_in_the_basket,Light Conditions,,,,,light_6,,,
pick_up_the_ketchup_and_place_it_in_the_basket_light_8,pick_up_the_ketchup_and_place_it_in_the_basket,Light Conditions,,,,,light_8,,,
pick_up_the_milk_and_place_it_in_the_basket_table_1,pick_up_the_milk_and_place_it_in_the_basket,Background Textures,,,,,,,table_1,
pick_up_the_milk_and_place_it_in_the_basket_table_11,pick_up_the_milk_and_place_it_in_the_basket,Background Textures,,,,,,,table_11,
pick_up_the_milk_and_place_it_in_the_basket_table_12,pick_up_the_milk_and_place_it_in_the_basket,Background Textures,,,,,,,table_12,
pick_up_the_milk_and_place_it_in_the_basket_table_13,pick_up_the_milk_and_place_it_in_the_basket,Background Textures,,,,,,,table_13,
pick_up_the_milk_and_place_it_in_the_basket_table_21,pick_up_the_milk_and_place_it_in_the_basket,Background Textures,,,,,,,table_21,
pick_up_the_milk_and_place_it_in_the_basket_table_22,pick_up_the_milk_and_place_it_in_the_basket,Background Textures,,,,,,,table_22,
pick_up_the_milk_and_place_it_in_the_basket_table_23,pick_up_the_milk_and_place_it_in_the_basket,Background Textures,,,,,,,table_23,
pick_up_the_milk_and_place_it_in_the_basket_table_25,pick_up_the_milk_and_place_it_in_the_basket,Background Textures,,,,,,,table_25,
pick_up_the_milk_and_place_it_in_the_basket_table_26,pick_up_the_milk_and_place_it_in_the_basket,Background Textures,,,,,,,table_26,
pick_up_the_milk_and_place_it_in_the_basket_table_27,pick_up_the_milk_and_place_it_in_the_basket,Background Textures,,,,,,,table_27,
pick_up_the_milk_and_place_it_in_the_basket_table_3,pick_up_the_milk_and_place_it_in_the_basket,Background Textures,,,,,,,table_3,
pick_up_the_milk_and_place_it_in_the_basket_table_4,pick_up_the_milk_and_place_it_in_the_basket,Background Textures,,,,,,,table_4,
pick_up_the_milk_and_place_it_in_the_basket_table_7,pick_up_the_milk_and_place_it_in_the_basket,Background Textures,,,,,,,table_7,
pick_up_the_milk_and_place_it_in_the_basket_table_8,pick_up_the_milk_and_place_it_in_the_basket,Background Textures,,,,,,,table_8,
pick_up_the_milk_and_place_it_in_the_basket_table_9,pick_up_the_milk_and_place_it_in_the_basket,Background Textures,,,,,,,table_9,
pick_up_the_milk_and_place_it_in_the_basket_tb_1,pick_up_the_milk_and_place_it_in_the_basket,Background Textures,,,,,,,tb_1,
pick_up_the_milk_and_place_it_in_the_basket_tb_10,pick_up_the_milk_and_place_it_in_the_basket,Background Textures,,,,,,,tb_10,
pick_up_the_milk_and_place_it_in_the_basket_tb_11,pick_up_the_milk_and_place_it_in_the_basket,Background Textures,,,,,,,tb_11,
pick_up_the_milk_and_place_it_in_the_basket_tb_12,pick_up_the_milk_and_place_it_in_the_basket,Background Textures,,,,,,,tb_12,
pick_up_the_milk_and_place_it_in_the_basket_tb_13,pick_up_the_milk_and_place_it_in_the_basket,Background Textures,,,,,,,tb_13,
pick_up_the_milk_and_place_it_in_the_basket_tb_14,pick_up_the_milk_and_place_it_in_the_basket,Background Textures,,,,,,,tb_14,
pick_up_the_milk_and_place_it_in_the_basket_tb_15,pick_up_the_milk_and_place_it_in_the_basket,Background Textures,,,,,,,tb_15,
pick_up_the_milk_and_place_it_in_the_basket_tb_16,pick_up_the_milk_and_place_it_in_the_basket,Background Textures,,,,,,,tb_16,
pick_up_the_milk_and_place_it_in_the_basket_tb_18,pick_up_the_milk_and_place_it_in_the_basket,Background Textures,,,,,,,tb_18,
pick_up_the_milk_and_place_it_in_the_basket_tb_19,pick_up_the_milk_and_place_it_in_the_basket,Background Textures,,,,,,,tb_19,
pick_up_the_milk_and_place_it_in_the_basket_tb_20,pick_up_the_milk_and_place_it_in_the_basket,Background Textures,,,,,,,tb_20,
pick_up_the_milk_and_place_it_in_the_basket_tb_21,pick_up_the_milk_and_place_it_in_the_basket,Background Textures,,,,,,,tb_21,
pick_up_the_milk_and_place_it_in_the_basket_tb_22,pick_up_the_milk_and_place_it_in_the_basket,Background Textures,,,,,,,tb_22,
pick_up_the_milk_and_place_it_in_the_basket_tb_3,pick_up_the_milk_and_place_it_in_the_basket,Background Textures,,,,,,,tb_3,
pick_up_the_milk_and_place_it_in_the_basket_tb_6,pick_up_the_milk_and_place_it_in_the_basket,Background Textures,,,,,,,tb_6,
pick_up_the_milk_and_place_it_in_the_basket_tb_8,pick_up_the_milk_and_place_it_in_the_basket,Background Textures,,,,,,,tb_8,
pick_up_the_milk_and_place_it_in_the_basket_tb_9,pick_up_the_milk_and_place_it_in_the_basket,Background Textures,,,,,,,tb_9,
pick_up_the_milk_and_place_it_in_the_basket_view_0_0_100_0_0_initstate_78,pick_up_the_milk_and_place_it_in_the_basket,Robot Initial States,,initstate_78,,,,,,view_0
pick_up_the_milk_and_place_it_in_the_basket_view_0_0_100_0_0_initstate_88,pick_up_the_milk_and_place_it_in_the_basket,Robot Initial States,,initstate_88,,,,,,view_0
pick_up_the_milk_and_place_it_in_the_basket_view_0_0_100_0_0_initstate_108,pick_up_the_milk_and_place_it_in_the_basket,Robot Initial States,,initstate_108,,,,,,view_0
pick_up_the_milk_and_place_it_in_the_basket_view_0_0_100_0_0_initstate_118,pick_up_the_milk_and_place_it_in_the_basket,Robot Initial States,,initstate_118,,,,,,view_0
pick_up_the_milk_and_place_it_in_the_basket_view_0_0_100_0_0_initstate_128,pick_up_the_milk_and_place_it_in_the_basket,Robot Initial States,,initstate_128,,,,,,view_0
pick_up_the_milk_and_place_it_in_the_basket_view_0_0_100_0_0_initstate_148,pick_up_the_milk_and_place_it_in_the_basket,Robot Initial States,,initstate_148,,,,,,view_0
pick_up_the_milk_and_place_it_in_the_basket_view_0_0_100_0_0_initstate_158,pick_up_the_milk_and_place_it_in_the_basket,Robot Initial States,,initstate_158,,,,,,view_0
pick_up_the_milk_and_place_it_in_the_basket_view_0_0_100_0_0_initstate_168,pick_up_the_milk_and_place_it_in_the_basket,Robot Initial States,,initstate_168,,,,,,view_0
pick_up_the_milk_and_place_it_in_the_basket_view_0_0_100_0_0_initstate_178,pick_up_the_milk_and_place_it_in_the_basket,Robot Initial States,,initstate_178,,,,,,view_0
pick_up_the_milk_and_place_it_in_the_basket_view_0_0_100_0_0_initstate_188,pick_up_the_milk_and_place_it_in_the_basket,Robot Initial States,,initstate_188,,,,,,view_0
pick_up_the_milk_and_place_it_in_the_basket_view_0_0_100_0_0_initstate_198,pick_up_the_milk_and_place_it_in_the_basket,Robot Initial States,,initstate_198,,,,,,view_0
pick_up_the_milk_and_place_it_in_the_basket_view_0_0_100_0_0_initstate_208,pick_up_the_milk_and_place_it_in_the_basket,Robot Initial States,,initstate_208,,,,,,view_0
pick_up_the_milk_and_place_it_in_the_basket_view_0_0_100_0_0_initstate_228,pick_up_the_milk_and_place_it_in_the_basket,Robot Initial States,,initstate_228,,,,,,view_0
pick_up_the_milk_and_place_it_in_the_basket_view_0_0_100_0_0_initstate_238,pick_up_the_milk_and_place_it_in_the_basket,Robot Initial States,,initstate_238,,,,,,view_0
pick_up_the_milk_and_place_it_in_the_basket_view_0_0_100_0_0_initstate_248,pick_up_the_milk_and_place_it_in_the_basket,Robot Initial States,,initstate_248,,,,,,view_0
pick_up_the_milk_and_place_it_in_the_basket_view_0_0_100_0_0_initstate_258,pick_up_the_milk_and_place_it_in_the_basket,Robot Initial States,,initstate_258,,,,,,view_0
pick_up_the_milk_and_place_it_in_the_basket_view_0_0_100_0_0_initstate_268,pick_up_the_milk_and_place_it_in_the_basket,Robot Initial States,,initstate_268,,,,,,view_0
pick_up_the_milk_and_place_it_in_the_basket_view_0_0_100_0_0_initstate_278,pick_up_the_milk_and_place_it_in_the_basket,Robot Initial States,,initstate_278,,,,,,view_0
pick_up_the_milk_and_place_it_in_the_basket_view_0_0_100_0_0_initstate_288,pick_up_the_milk_and_place_it_in_the_basket,Robot Initial States,,initstate_288,,,,,,view_0
pick_up_the_milk_and_place_it_in_the_basket_view_0_0_100_0_0_initstate_298,pick_up_the_milk_and_place_it_in_the_basket,Robot Initial States,,initstate_298,,,,,,view_0
pick_up_the_milk_and_place_it_in_the_basket_view_0_0_100_0_0_initstate_308,pick_up_the_milk_and_place_it_in_the_basket,Robot Initial States,,initstate_308,,,,,,view_0
pick_up_the_milk_and_place_it_in_the_basket_view_0_0_100_0_0_initstate_318,pick_up_the_milk_and_place_it_in_the_basket,Robot Initial States,,initstate_318,,,,,,view_0
pick_up_the_milk_and_place_it_in_the_basket_view_0_0_100_0_0_initstate_328,pick_up_the_milk_and_place_it_in_the_basket,Robot Initial States,,initstate_328,,,,,,view_0
pick_up_the_milk_and_place_it_in_the_basket_view_0_0_100_0_0_initstate_338,pick_up_the_milk_and_place_it_in_the_basket,Robot Initial States,,initstate_338,,,,,,view_0
pick_up_the_milk_and_place_it_in_the_basket_view_0_0_100_0_0_initstate_348,pick_up_the_milk_and_place_it_in_the_basket,Robot Initial States,,initstate_348,,,,,,view_0
pick_up_the_milk_and_place_it_in_the_basket_view_0_0_100_0_0_initstate_358,pick_up_the_milk_and_place_it_in_the_basket,Robot Initial States,,initstate_358,,,,,,view_0
pick_up_the_milk_and_place_it_in_the_basket_view_0_0_100_0_0_initstate_368,pick_up_the_milk_and_place_it_in_the_basket,Robot Initial States,,initstate_368,,,,,,view_0
pick_up_the_milk_and_place_it_in_the_basket_view_0_0_100_0_0_initstate_378,pick_up_the_milk_and_place_it_in_the_basket,Robot Initial States,,initstate_378,,,,,,view_0
pick_up_the_milk_and_place_it_in_the_basket_view_0_0_100_0_0_initstate_388,pick_up_the_milk_and_place_it_in_the_basket,Robot Initial States,,initstate_388,,,,,,view_0
pick_up_the_milk_and_place_it_in_the_basket_view_0_0_100_0_0_initstate_398,pick_up_the_milk_and_place_it_in_the_basket,Robot Initial States,,initstate_398,,,,,,view_0
pick_up_the_milk_and_place_it_in_the_basket_view_0_0_100_0_0_initstate_408,pick_up_the_milk_and_place_it_in_the_basket,Robot Initial States,,initstate_408,,,,,,view_0
pick_up_the_milk_and_place_it_in_the_basket_view_0_0_100_0_0_initstate_418,pick_up_the_milk_and_place_it_in_the_basket,Robot Initial States,,initstate_418,,,,,,view_0
pick_up_the_milk_and_place_it_in_the_basket_view_0_0_100_0_0_initstate_428,pick_up_the_milk_and_place_it_in_the_basket,Robot Initial States,,initstate_428,,,,,,view_0
pick_up_the_milk_and_place_it_in_the_basket_view_0_0_100_0_0_initstate_438,pick_up_the_milk_and_place_it_in_the_basket,Robot Initial States,,initstate_438,,,,,,view_0
pick_up_the_milk_and_place_it_in_the_basket_view_0_0_100_0_0_initstate_448,pick_up_the_milk_and_place_it_in_the_basket,Robot Initial States,,initstate_448,,,,,,view_0
pick_up_the_milk_and_place_it_in_the_basket_view_0_0_100_0_0_initstate_458,pick_up_the_milk_and_place_it_in_the_basket,Robot Initial States,,initstate_458,,,,,,view_0
pick_up_the_milk_and_place_it_in_the_basket_view_0_0_100_0_0_initstate_468,pick_up_the_milk_and_place_it_in_the_basket,Robot Initial States,,initstate_468,,,,,,view_0
pick_up_the_milk_and_place_it_in_the_basket_view_0_0_100_0_0_initstate_478,pick_up_the_milk_and_place_it_in_the_basket,Robot Initial States,,initstate_478,,,,,,view_0
pick_up_the_milk_and_place_it_in_the_basket_view_0_0_100_0_0_initstate_488,pick_up_the_milk_and_place_it_in_the_basket,Robot Initial States,,initstate_488,,,,,,view_0
pick_up_the_milk_and_place_it_in_the_basket_view_0_0_100_0_0_initstate_498,pick_up_the_milk_and_place_it_in_the_basket,Robot Initial States,,initstate_498,,,,,,view_0
pick_up_the_milk_and_place_it_in_the_basket_view_0_0_171_0_0_initstate_0,pick_up_the_milk_and_place_it_in_the_basket,Camera Viewpoints,,initstate_0,,,,,,view_0
pick_up_the_milk_and_place_it_in_the_basket_view_0_0_172_0_0_initstate_0,pick_up_the_milk_and_place_it_in_the_basket,Camera Viewpoints,,initstate_0,,,,,,view_0
pick_up_the_milk_and_place_it_in_the_basket_view_0_0_173_0_0_initstate_0,pick_up_the_milk_and_place_it_in_the_basket,Camera Viewpoints,,initstate_0,,,,,,view_0
pick_up_the_milk_and_place_it_in_the_basket_view_0_0_174_0_0_initstate_0,pick_up_the_milk_and_place_it_in_the_basket,Camera Viewpoints,,initstate_0,,,,,,view_0
pick_up_the_milk_and_place_it_in_the_basket_view_0_0_175_0_0_initstate_0,pick_up_the_milk_and_place_it_in_the_basket,Camera Viewpoints,,initstate_0,,,,,,view_0
pick_up_the_milk_and_place_it_in_the_basket_view_0_0_176_0_0_initstate_0,pick_up_the_milk_and_place_it_in_the_basket,Camera Viewpoints,,initstate_0,,,,,,view_0
pick_up_the_milk_and_place_it_in_the_basket_view_0_0_177_0_0_initstate_0,pick_up_the_milk_and_place_it_in_the_basket,Camera Viewpoints,,initstate_0,,,,,,view_0
pick_up_the_milk_and_place_it_in_the_basket_view_0_0_178_0_0_initstate_0,pick_up_the_milk_and_place_it_in_the_basket,Camera Viewpoints,,initstate_0,,,,,,view_0
pick_up_the_milk_and_place_it_in_the_basket_view_0_0_179_0_0_initstate_0,pick_up_the_milk_and_place_it_in_the_basket,Camera Viewpoints,,initstate_0,,,,,,view_0
pick_up_the_milk_and_place_it_in_the_basket_view_0_0_180_0_0_initstate_0,pick_up_the_milk_and_place_it_in_the_basket,Camera Viewpoints,,initstate_0,,,,,,view_0
pick_up_the_milk_and_place_it_in_the_basket_view_0_0_100_354_2_initstate_0,pick_up_the_milk_and_place_it_in_the_basket,Camera Viewpoints,,initstate_0,,,,,,view_0
pick_up_the_milk_and_place_it_in_the_basket_view_0_0_100_354_4_initstate_0,pick_up_the_milk_and_place_it_in_the_basket,Camera Viewpoints,,initstate_0,,,,,,view_0
pick_up_the_milk_and_place_it_in_the_basket_view_0_0_100_354_6_initstate_0,pick_up_the_milk_and_place_it_in_the_basket,Camera Viewpoints,,initstate_0,,,,,,view_0
pick_up_the_milk_and_place_it_in_the_basket_view_0_0_100_354_10_initstate_0,pick_up_the_milk_and_place_it_in_the_basket,Camera Viewpoints,,initstate_0,,,,,,view_0
pick_up_the_milk_and_place_it_in_the_basket_view_0_0_100_354_350_initstate_0,pick_up_the_milk_and_place_it_in_the_basket,Camera Viewpoints,,initstate_0,,,,,,view_0
pick_up_the_milk_and_place_it_in_the_basket_view_0_0_100_354_352_initstate_0,pick_up_the_milk_and_place_it_in_the_basket,Camera Viewpoints,,initstate_0,,,,,,view_0
pick_up_the_milk_and_place_it_in_the_basket_view_0_0_100_354_354_initstate_0,pick_up_the_milk_and_place_it_in_the_basket,Camera Viewpoints,,initstate_0,,,,,,view_0
pick_up_the_milk_and_place_it_in_the_basket_view_0_0_100_354_356_initstate_0,pick_up_the_milk_and_place_it_in_the_basket,Camera Viewpoints,,initstate_0,,,,,,view_0
pick_up_the_milk_and_place_it_in_the_basket_view_0_0_100_354_358_initstate_0,pick_up_the_milk_and_place_it_in_the_basket,Camera Viewpoints,,initstate_0,,,,,,view_0
pick_up_the_milk_and_place_it_in_the_basket_view_315_0_100_0_0_initstate_0,pick_up_the_milk_and_place_it_in_the_basket,Camera Viewpoints,,initstate_0,,,,,,view_315
pick_up_the_milk_and_place_it_in_the_basket_view_315_15_100_0_0_initstate_0,pick_up_the_milk_and_place_it_in_the_basket,Camera Viewpoints,,initstate_0,,,,,,view_315
pick_up_the_milk_and_place_it_in_the_basket_view_316_0_100_0_0_initstate_0,pick_up_the_milk_and_place_it_in_the_basket,Camera Viewpoints,,initstate_0,,,,,,view_316
pick_up_the_milk_and_place_it_in_the_basket_view_316_15_100_0_0_initstate_0,pick_up_the_milk_and_place_it_in_the_basket,Camera Viewpoints,,initstate_0,,,,,,view_316
pick_up_the_milk_and_place_it_in_the_basket_view_317_0_100_0_0_initstate_0,pick_up_the_milk_and_place_it_in_the_basket,Camera Viewpoints,,initstate_0,,,,,,view_317
pick_up_the_milk_and_place_it_in_the_basket_view_317_15_100_0_0_initstate_0,pick_up_the_milk_and_place_it_in_the_basket,Camera Viewpoints,,initstate_0,,,,,,view_317
pick_up_the_milk_and_place_it_in_the_basket_view_318_0_100_0_0_initstate_0,pick_up_the_milk_and_place_it_in_the_basket,Camera Viewpoints,,initstate_0,,,,,,view_318
pick_up_the_milk_and_place_it_in_the_basket_view_318_15_100_0_0_initstate_0,pick_up_the_milk_and_place_it_in_the_basket,Camera Viewpoints,,initstate_0,,,,,,view_318
pick_up_the_milk_and_place_it_in_the_basket_view_319_0_100_0_0_initstate_0,pick_up_the_milk_and_place_it_in_the_basket,Camera Viewpoints,,initstate_0,,,,,,view_319
pick_up_the_milk_and_place_it_in_the_basket_view_319_15_100_0_0_initstate_0,pick_up_the_milk_and_place_it_in_the_basket,Camera Viewpoints,,initstate_0,,,,,,view_319
pick_up_the_milk_and_place_it_in_the_basket_view_320_0_100_0_0_initstate_0,pick_up_the_milk_and_place_it_in_the_basket,Camera Viewpoints,,initstate_0,,,,,,view_320
pick_up_the_milk_and_place_it_in_the_basket_view_320_15_100_0_0_initstate_0,pick_up_the_milk_and_place_it_in_the_basket,Camera Viewpoints,,initstate_0,,,,,,view_320
pick_up_the_milk_and_place_it_in_the_basket_view_321_0_100_0_0_initstate_0,pick_up_the_milk_and_place_it_in_the_basket,Camera Viewpoints,,initstate_0,,,,,,view_321
pick_up_the_milk_and_place_it_in_the_basket_view_321_15_100_0_0_initstate_0,pick_up_the_milk_and_place_it_in_the_basket,Camera Viewpoints,,initstate_0,,,,,,view_321
pick_up_the_milk_and_place_it_in_the_basket_view_322_0_100_0_0_initstate_0,pick_up_the_milk_and_place_it_in_the_basket,Camera Viewpoints,,initstate_0,,,,,,view_322
pick_up_the_milk_and_place_it_in_the_basket_view_322_15_100_0_0_initstate_0,pick_up_the_milk_and_place_it_in_the_basket,Camera Viewpoints,,initstate_0,,,,,,view_322
pick_up_the_milk_and_place_it_in_the_basket_view_323_0_100_0_0_initstate_0,pick_up_the_milk_and_place_it_in_the_basket,Camera Viewpoints,,initstate_0,,,,,,view_323
pick_up_the_milk_and_place_it_in_the_basket_view_323_15_100_0_0_initstate_0,pick_up_the_milk_and_place_it_in_the_basket,Camera Viewpoints,,initstate_0,,,,,,view_323
pick_up_the_milk_and_place_it_in_the_basket_view_324_0_100_0_0_initstate_0,pick_up_the_milk_and_place_it_in_the_basket,Camera Viewpoints,,initstate_0,,,,,,view_324
pick_up_the_milk_and_place_it_in_the_basket_view_324_15_100_0_0_initstate_0,pick_up_the_milk_and_place_it_in_the_basket,Camera Viewpoints,,initstate_0,,,,,,view_324
pick_up_the_milk_and_place_it_in_the_basket_view_325_15_100_0_0_initstate_0,pick_up_the_milk_and_place_it_in_the_basket,Camera Viewpoints,,initstate_0,,,,,,view_325
pick_up_the_milk_and_place_it_in_the_basket_view_326_0_100_0_0_initstate_0,pick_up_the_milk_and_place_it_in_the_basket,Camera Viewpoints,,initstate_0,,,,,,view_326
pick_up_the_milk_and_place_it_in_the_basket_view_326_15_100_0_0_initstate_0,pick_up_the_milk_and_place_it_in_the_basket,Camera Viewpoints,,initstate_0,,,,,,view_326
pick_up_the_milk_and_place_it_in_the_basket_view_327_0_100_0_0_initstate_0,pick_up_the_milk_and_place_it_in_the_basket,Camera Viewpoints,,initstate_0,,,,,,view_327
pick_up_the_milk_and_place_it_in_the_basket_view_327_15_100_0_0_initstate_0,pick_up_the_milk_and_place_it_in_the_basket,Camera Viewpoints,,initstate_0,,,,,,view_327
pick_up_the_milk_and_place_it_in_the_basket_view_328_0_100_0_0_initstate_0,pick_up_the_milk_and_place_it_in_the_basket,Camera Viewpoints,,initstate_0,,,,,,view_328
pick_up_the_milk_and_place_it_in_the_basket_view_328_15_100_0_0_initstate_0,pick_up_the_milk_and_place_it_in_the_basket,Camera Viewpoints,,initstate_0,,,,,,view_328
pick_up_the_milk_and_place_it_in_the_basket_view_329_0_100_0_0_initstate_0,pick_up_the_milk_and_place_it_in_the_basket,Camera Viewpoints,,initstate_0,,,,,,view_329
pick_up_the_milk_and_place_it_in_the_basket_view_329_15_100_0_0_initstate_0,pick_up_the_milk_and_place_it_in_the_basket,Camera Viewpoints,,initstate_0,,,,,,view_329
pick_up_the_milk_and_place_it_in_the_basket_language_1_view_0_0_100_0_0_initstate_0,pick_up_the_milk_and_place_it_in_the_basket,Language Instructions,,initstate_0,language_1,,,,,view_0
pick_up_the_milk_and_place_it_in_the_basket_language_2_view_0_0_100_0_0_initstate_0,pick_up_the_milk_and_place_it_in_the_basket,Language Instructions,,initstate_0,language_2,,,,,view_0
pick_up_the_milk_and_place_it_in_the_basket_language_3_view_0_0_100_0_0_initstate_0,pick_up_the_milk_and_place_it_in_the_basket,Language Instructions,,initstate_0,language_3,,,,,view_0
pick_up_the_milk_and_place_it_in_the_basket_language_4_view_0_0_100_0_0_initstate_0,pick_up_the_milk_and_place_it_in_the_basket,Language Instructions,,initstate_0,language_4,,,,,view_0
pick_up_the_milk_and_place_it_in_the_basket_language_5_view_0_0_100_0_0_initstate_0,pick_up_the_milk_and_place_it_in_the_basket,Language Instructions,,initstate_0,language_5,,,,,view_0
pick_up_the_milk_and_place_it_in_the_basket_language_6_view_0_0_100_0_0_initstate_0,pick_up_the_milk_and_place_it_in_the_basket,Language Instructions,,initstate_0,language_6,,,,,view_0
pick_up_the_milk_and_place_it_in_the_basket_language_7_view_0_0_100_0_0_initstate_0,pick_up_the_milk_and_place_it_in_the_basket,Language Instructions,,initstate_0,language_7,,,,,view_0
pick_up_the_milk_and_place_it_in_the_basket_language_9_view_0_0_100_0_0_initstate_0,pick_up_the_milk_and_place_it_in_the_basket,Language Instructions,,initstate_0,language_9,,,,,view_0
pick_up_the_milk_and_place_it_in_the_basket_language_10_view_0_0_100_0_0_initstate_0,pick_up_the_milk_and_place_it_in_the_basket,Language Instructions,,initstate_0,language_10,,,,,view_0
pick_up_the_milk_and_place_it_in_the_basket_language_11_view_0_0_100_0_0_initstate_0,pick_up_the_milk_and_place_it_in_the_basket,Language Instructions,,initstate_0,language_11,,,,,view_0
pick_up_the_milk_and_place_it_in_the_basket_language_12_view_0_0_100_0_0_initstate_0,pick_up_the_milk_and_place_it_in_the_basket,Language Instructions,,initstate_0,language_12,,,,,view_0
pick_up_the_milk_and_place_it_in_the_basket_language_13_view_0_0_100_0_0_initstate_0,pick_up_the_milk_and_place_it_in_the_basket,Language Instructions,,initstate_0,language_13,,,,,view_0
pick_up_the_milk_and_place_it_in_the_basket_language_14_view_0_0_100_0_0_initstate_0,pick_up_the_milk_and_place_it_in_the_basket,Language Instructions,,initstate_0,language_14,,,,,view_0
pick_up_the_milk_and_place_it_in_the_basket_language_15_view_0_0_100_0_0_initstate_0,pick_up_the_milk_and_place_it_in_the_basket,Language Instructions,,initstate_0,language_15,,,,,view_0
pick_up_the_milk_and_place_it_in_the_basket_language_16_view_0_0_100_0_0_initstate_0,pick_up_the_milk_and_place_it_in_the_basket,Language Instructions,,initstate_0,language_16,,,,,view_0
pick_up_the_milk_and_place_it_in_the_basket_language_17_view_0_0_100_0_0_initstate_0,pick_up_the_milk_and_place_it_in_the_basket,Language Instructions,,initstate_0,language_17,,,,,view_0
pick_up_the_milk_and_place_it_in_the_basket_language_18_view_0_0_100_0_0_initstate_0,pick_up_the_milk_and_place_it_in_the_basket,Language Instructions,,initstate_0,language_18,,,,,view_0
pick_up_the_milk_and_place_it_in_the_basket_language_19_view_0_0_100_0_0_initstate_0,pick_up_the_milk_and_place_it_in_the_basket,Language Instructions,,initstate_0,language_19,,,,,view_0
pick_up_the_milk_and_place_it_in_the_basket_language_20_view_0_0_100_0_0_initstate_0,pick_up_the_milk_and_place_it_in_the_basket,Language Instructions,,initstate_0,language_20,,,,,view_0
pick_up_the_milk_and_place_it_in_the_basket_language_21_view_0_0_100_0_0_initstate_0,pick_up_the_milk_and_place_it_in_the_basket,Language Instructions,,initstate_0,language_21,,,,,view_0
pick_up_the_milk_and_place_it_in_the_basket_language_24_view_0_0_100_0_0_initstate_0,pick_up_the_milk_and_place_it_in_the_basket,Language Instructions,,initstate_0,language_24,,,,,view_0
pick_up_the_milk_and_place_it_in_the_basket_language_25_view_0_0_100_0_0_initstate_0,pick_up_the_milk_and_place_it_in_the_basket,Language Instructions,,initstate_0,language_25,,,,,view_0
pick_up_the_milk_and_place_it_in_the_basket_language_26_view_0_0_100_0_0_initstate_0,pick_up_the_milk_and_place_it_in_the_basket,Language Instructions,,initstate_0,language_26,,,,,view_0
pick_up_the_milk_and_place_it_in_the_basket_language_27_view_0_0_100_0_0_initstate_0,pick_up_the_milk_and_place_it_in_the_basket,Language Instructions,,initstate_0,language_27,,,,,view_0
pick_up_the_milk_and_place_it_in_the_basket_language_29_view_0_0_100_0_0_initstate_0,pick_up_the_milk_and_place_it_in_the_basket,Language Instructions,,initstate_0,language_29,,,,,view_0
pick_up_the_milk_and_place_it_in_the_basket_language_30_view_0_0_100_0_0_initstate_0,pick_up_the_milk_and_place_it_in_the_basket,Language Instructions,,initstate_0,language_30,,,,,view_0
pick_up_the_milk_and_place_it_in_the_basket_language_31_view_0_0_100_0_0_initstate_0,pick_up_the_milk_and_place_it_in_the_basket,Language Instructions,,initstate_0,language_31,,,,,view_0
pick_up_the_milk_and_place_it_in_the_basket_language_33_view_0_0_100_0_0_initstate_0,pick_up_the_milk_and_place_it_in_the_basket,Language Instructions,,initstate_0,language_33,,,,,view_0
pick_up_the_milk_and_place_it_in_the_basket_language_35_view_0_0_100_0_0_initstate_0,pick_up_the_milk_and_place_it_in_the_basket,Language Instructions,,initstate_0,language_35,,,,,view_0
pick_up_the_milk_and_place_it_in_the_basket_language_36_view_0_0_100_0_0_initstate_0,pick_up_the_milk_and_place_it_in_the_basket,Language Instructions,,initstate_0,language_36,,,,,view_0
pick_up_the_milk_and_place_it_in_the_basket_language_37_view_0_0_100_0_0_initstate_0,pick_up_the_milk_and_place_it_in_the_basket,Language Instructions,,initstate_0,language_37,,,,,view_0
pick_up_the_milk_and_place_it_in_the_basket_language_38_view_0_0_100_0_0_initstate_0,pick_up_the_milk_and_place_it_in_the_basket,Language Instructions,,initstate_0,language_38,,,,,view_0
pick_up_the_milk_and_place_it_in_the_basket_language_41_view_0_0_100_0_0_initstate_0,pick_up_the_milk_and_place_it_in_the_basket,Language Instructions,,initstate_0,language_41,,,,,view_0
pick_up_the_milk_and_place_it_in_the_basket_language_42_view_0_0_100_0_0_initstate_0,pick_up_the_milk_and_place_it_in_the_basket,Language Instructions,,initstate_0,language_42,,,,,view_0
pick_up_the_milk_and_place_it_in_the_basket_language_43_view_0_0_100_0_0_initstate_0,pick_up_the_milk_and_place_it_in_the_basket,Language Instructions,,initstate_0,language_43,,,,,view_0
pick_up_the_milk_and_place_it_in_the_basket_language_44_view_0_0_100_0_0_initstate_0,pick_up_the_milk_and_place_it_in_the_basket,Language Instructions,,initstate_0,language_44,,,,,view_0
pick_up_the_milk_and_place_it_in_the_basket_language_45_view_0_0_100_0_0_initstate_0,pick_up_the_milk_and_place_it_in_the_basket,Language Instructions,,initstate_0,language_45,,,,,view_0
pick_up_the_milk_and_place_it_in_the_basket_language_46_view_0_0_100_0_0_initstate_0,pick_up_the_milk_and_place_it_in_the_basket,Language Instructions,,initstate_0,language_46,,,,,view_0
pick_up_the_milk_and_place_it_in_the_basket_language_47_view_0_0_100_0_0_initstate_0,pick_up_the_milk_and_place_it_in_the_basket,Language Instructions,,initstate_0,language_47,,,,,view_0
pick_up_the_milk_and_place_it_in_the_basket_language_48_view_0_0_100_0_0_initstate_0,pick_up_the_milk_and_place_it_in_the_basket,Language Instructions,,initstate_0,language_48,,,,,view_0
pick_up_the_milk_and_place_it_in_the_basket_language_49_view_0_0_100_0_0_initstate_0,pick_up_the_milk_and_place_it_in_the_basket,Language Instructions,,initstate_0,language_49,,,,,view_0
pick_up_the_milk_and_place_it_in_the_basket_language_50_view_0_0_100_0_0_initstate_0,pick_up_the_milk_and_place_it_in_the_basket,Language Instructions,,initstate_0,language_50,,,,,view_0
pick_up_the_milk_and_place_it_in_the_basket_view_0_0_100_0_0_initstate_0_noise_2,pick_up_the_milk_and_place_it_in_the_basket,Sensor Noise,,initstate_0,,,,noise_2,,view_0
pick_up_the_milk_and_place_it_in_the_basket_view_0_0_100_0_0_initstate_0_noise_3,pick_up_the_milk_and_place_it_in_the_basket,Sensor Noise,,initstate_0,,,,noise_3,,view_0
pick_up_the_milk_and_place_it_in_the_basket_view_0_0_100_0_0_initstate_0_noise_4,pick_up_the_milk_and_place_it_in_the_basket,Sensor Noise,,initstate_0,,,,noise_4,,view_0
pick_up_the_milk_and_place_it_in_the_basket_view_0_0_100_0_0_initstate_0_noise_5,pick_up_the_milk_and_place_it_in_the_basket,Sensor Noise,,initstate_0,,,,noise_5,,view_0
pick_up_the_milk_and_place_it_in_the_basket_view_0_0_100_0_0_initstate_0_noise_6,pick_up_the_milk_and_place_it_in_the_basket,Sensor Noise,,initstate_0,,,,noise_6,,view_0
pick_up_the_milk_and_place_it_in_the_basket_view_0_0_100_0_0_initstate_0_noise_7,pick_up_the_milk_and_place_it_in_the_basket,Sensor Noise,,initstate_0,,,,noise_7,,view_0
pick_up_the_milk_and_place_it_in_the_basket_view_0_0_100_0_0_initstate_0_noise_8,pick_up_the_milk_and_place_it_in_the_basket,Sensor Noise,,initstate_0,,,,noise_8,,view_0
pick_up_the_milk_and_place_it_in_the_basket_view_0_0_100_0_0_initstate_0_noise_9,pick_up_the_milk_and_place_it_in_the_basket,Sensor Noise,,initstate_0,,,,noise_9,,view_0
pick_up_the_milk_and_place_it_in_the_basket_view_0_0_100_0_0_initstate_0_noise_10,pick_up_the_milk_and_place_it_in_the_basket,Sensor Noise,,initstate_0,,,,noise_10,,view_0
pick_up_the_milk_and_place_it_in_the_basket_view_0_0_100_0_0_initstate_0_noise_12,pick_up_the_milk_and_place_it_in_the_basket,Sensor Noise,,initstate_0,,,,noise_12,,view_0
pick_up_the_milk_and_place_it_in_the_basket_view_0_0_100_0_0_initstate_0_noise_13,pick_up_the_milk_and_place_it_in_the_basket,Sensor Noise,,initstate_0,,,,noise_13,,view_0
pick_up_the_milk_and_place_it_in_the_basket_view_0_0_100_0_0_initstate_0_noise_14,pick_up_the_milk_and_place_it_in_the_basket,Sensor Noise,,initstate_0,,,,noise_14,,view_0
pick_up_the_milk_and_place_it_in_the_basket_view_0_0_100_0_0_initstate_0_noise_15,pick_up_the_milk_and_place_it_in_the_basket,Sensor Noise,,initstate_0,,,,noise_15,,view_0
pick_up_the_milk_and_place_it_in_the_basket_view_0_0_100_0_0_initstate_0_noise_16,pick_up_the_milk_and_place_it_in_the_basket,Sensor Noise,,initstate_0,,,,noise_16,,view_0
pick_up_the_milk_and_place_it_in_the_basket_view_0_0_100_0_0_initstate_0_noise_17,pick_up_the_milk_and_place_it_in_the_basket,Sensor Noise,,initstate_0,,,,noise_17,,view_0
pick_up_the_milk_and_place_it_in_the_basket_view_0_0_100_0_0_initstate_0_noise_19,pick_up_the_milk_and_place_it_in_the_basket,Sensor Noise,,initstate_0,,,,noise_19,,view_0
pick_up_the_milk_and_place_it_in_the_basket_view_0_0_100_0_0_initstate_0_noise_20,pick_up_the_milk_and_place_it_in_the_basket,Sensor Noise,,initstate_0,,,,noise_20,,view_0
pick_up_the_milk_and_place_it_in_the_basket_view_0_0_100_0_0_initstate_0_noise_24,pick_up_the_milk_and_place_it_in_the_basket,Sensor Noise,,initstate_0,,,,noise_24,,view_0
pick_up_the_milk_and_place_it_in_the_basket_view_0_0_100_0_0_initstate_0_noise_25,pick_up_the_milk_and_place_it_in_the_basket,Sensor Noise,,initstate_0,,,,noise_25,,view_0
pick_up_the_milk_and_place_it_in_the_basket_view_0_0_100_0_0_initstate_0_noise_26,pick_up_the_milk_and_place_it_in_the_basket,Sensor Noise,,initstate_0,,,,noise_26,,view_0
pick_up_the_milk_and_place_it_in_the_basket_view_0_0_100_0_0_initstate_0_noise_27,pick_up_the_milk_and_place_it_in_the_basket,Sensor Noise,,initstate_0,,,,noise_27,,view_0
pick_up_the_milk_and_place_it_in_the_basket_view_0_0_100_0_0_initstate_0_noise_28,pick_up_the_milk_and_place_it_in_the_basket,Sensor Noise,,initstate_0,,,,noise_28,,view_0
pick_up_the_milk_and_place_it_in_the_basket_view_0_0_100_0_0_initstate_0_noise_29,pick_up_the_milk_and_place_it_in_the_basket,Sensor Noise,,initstate_0,,,,noise_29,,view_0
pick_up_the_milk_and_place_it_in_the_basket_view_0_0_100_0_0_initstate_0_noise_30,pick_up_the_milk_and_place_it_in_the_basket,Sensor Noise,,initstate_0,,,,noise_30,,view_0
pick_up_the_milk_and_place_it_in_the_basket_view_0_0_100_0_0_initstate_0_noise_34,pick_up_the_milk_and_place_it_in_the_basket,Sensor Noise,,initstate_0,,,,noise_34,,view_0
pick_up_the_milk_and_place_it_in_the_basket_view_0_0_100_0_0_initstate_0_noise_35,pick_up_the_milk_and_place_it_in_the_basket,Sensor Noise,,initstate_0,,,,noise_35,,view_0
pick_up_the_milk_and_place_it_in_the_basket_view_0_0_100_0_0_initstate_0_noise_36,pick_up_the_milk_and_place_it_in_the_basket,Sensor Noise,,initstate_0,,,,noise_36,,view_0
pick_up_the_milk_and_place_it_in_the_basket_view_0_0_100_0_0_initstate_0_noise_37,pick_up_the_milk_and_place_it_in_the_basket,Sensor Noise,,initstate_0,,,,noise_37,,view_0
pick_up_the_milk_and_place_it_in_the_basket_view_0_0_100_0_0_initstate_0_noise_38,pick_up_the_milk_and_place_it_in_the_basket,Sensor Noise,,initstate_0,,,,noise_38,,view_0
pick_up_the_milk_and_place_it_in_the_basket_view_0_0_100_0_0_initstate_0_noise_41,pick_up_the_milk_and_place_it_in_the_basket,Sensor Noise,,initstate_0,,,,noise_41,,view_0
pick_up_the_milk_and_place_it_in_the_basket_view_0_0_100_0_0_initstate_0_noise_42,pick_up_the_milk_and_place_it_in_the_basket,Sensor Noise,,initstate_0,,,,noise_42,,view_0
pick_up_the_milk_and_place_it_in_the_basket_view_0_0_100_0_0_initstate_0_noise_43,pick_up_the_milk_and_place_it_in_the_basket,Sensor Noise,,initstate_0,,,,noise_43,,view_0
pick_up_the_milk_and_place_it_in_the_basket_view_0_0_100_0_0_initstate_0_noise_44,pick_up_the_milk_and_place_it_in_the_basket,Sensor Noise,,initstate_0,,,,noise_44,,view_0
pick_up_the_milk_and_place_it_in_the_basket_view_0_0_100_0_0_initstate_0_noise_45,pick_up_the_milk_and_place_it_in_the_basket,Sensor Noise,,initstate_0,,,,noise_45,,view_0
pick_up_the_milk_and_place_it_in_the_basket_view_0_0_100_0_0_initstate_0_noise_46,pick_up_the_milk_and_place_it_in_the_basket,Sensor Noise,,initstate_0,,,,noise_46,,view_0
pick_up_the_milk_and_place_it_in_the_basket_view_0_0_100_0_0_initstate_0_noise_47,pick_up_the_milk_and_place_it_in_the_basket,Sensor Noise,,initstate_0,,,,noise_47,,view_0
pick_up_the_milk_and_place_it_in_the_basket_view_0_0_100_0_0_initstate_0_noise_48,pick_up_the_milk_and_place_it_in_the_basket,Sensor Noise,,initstate_0,,,,noise_48,,view_0
pick_up_the_milk_and_place_it_in_the_basket_view_0_0_100_0_0_initstate_0_noise_49,pick_up_the_milk_and_place_it_in_the_basket,Sensor Noise,,initstate_0,,,,noise_49,,view_0
pick_up_the_milk_and_place_it_in_the_basket_view_0_0_100_0_0_initstate_0_noise_50,pick_up_the_milk_and_place_it_in_the_basket,Sensor Noise,,initstate_0,,,,noise_50,,view_0
pick_up_the_milk_and_place_it_in_the_basket_add_10,pick_up_the_milk_and_place_it_in_the_basket,Objects Layout,add_10,,,,,,,
pick_up_the_milk_and_place_it_in_the_basket_add_11,pick_up_the_milk_and_place_it_in_the_basket,Objects Layout,add_11,,,,,,,
pick_up_the_milk_and_place_it_in_the_basket_add_12,pick_up_the_milk_and_place_it_in_the_basket,Objects Layout,add_12,,,,,,,
pick_up_the_milk_and_place_it_in_the_basket_add_13,pick_up_the_milk_and_place_it_in_the_basket,Objects Layout,add_13,,,,,,,
pick_up_the_milk_and_place_it_in_the_basket_add_14,pick_up_the_milk_and_place_it_in_the_basket,Objects Layout,add_14,,,,,,,
pick_up_the_milk_and_place_it_in_the_basket_add_16,pick_up_the_milk_and_place_it_in_the_basket,Objects Layout,add_16,,,,,,,
pick_up_the_milk_and_place_it_in_the_basket_add_17,pick_up_the_milk_and_place_it_in_the_basket,Objects Layout,add_17,,,,,,,
pick_up_the_milk_and_place_it_in_the_basket_add_18,pick_up_the_milk_and_place_it_in_the_basket,Objects Layout,add_18,,,,,,,
pick_up_the_milk_and_place_it_in_the_basket_add_19,pick_up_the_milk_and_place_it_in_the_basket,Objects Layout,add_19,,,,,,,
pick_up_the_milk_and_place_it_in_the_basket_add_20,pick_up_the_milk_and_place_it_in_the_basket,Objects Layout,add_20,,,,,,,
pick_up_the_milk_and_place_it_in_the_basket_add_21,pick_up_the_milk_and_place_it_in_the_basket,Objects Layout,add_21,,,,,,,
pick_up_the_milk_and_place_it_in_the_basket_add_22,pick_up_the_milk_and_place_it_in_the_basket,Objects Layout,add_22,,,,,,,
pick_up_the_milk_and_place_it_in_the_basket_add_23,pick_up_the_milk_and_place_it_in_the_basket,Objects Layout,add_23,,,,,,,
pick_up_the_milk_and_place_it_in_the_basket_add_24,pick_up_the_milk_and_place_it_in_the_basket,Objects Layout,add_24,,,,,,,
pick_up_the_milk_and_place_it_in_the_basket_add_25,pick_up_the_milk_and_place_it_in_the_basket,Objects Layout,add_25,,,,,,,
pick_up_the_milk_and_place_it_in_the_basket_add_26,pick_up_the_milk_and_place_it_in_the_basket,Objects Layout,add_26,,,,,,,
pick_up_the_milk_and_place_it_in_the_basket_add_27,pick_up_the_milk_and_place_it_in_the_basket,Objects Layout,add_27,,,,,,,
pick_up_the_milk_and_place_it_in_the_basket_add_28,pick_up_the_milk_and_place_it_in_the_basket,Objects Layout,add_28,,,,,,,
pick_up_the_milk_and_place_it_in_the_basket_add_29,pick_up_the_milk_and_place_it_in_the_basket,Objects Layout,add_29,,,,,,,
pick_up_the_milk_and_place_it_in_the_basket_add_3,pick_up_the_milk_and_place_it_in_the_basket,Objects Layout,add_3,,,,,,,
pick_up_the_milk_and_place_it_in_the_basket_add_30,pick_up_the_milk_and_place_it_in_the_basket,Objects Layout,add_30,,,,,,,
pick_up_the_milk_and_place_it_in_the_basket_add_4,pick_up_the_milk_and_place_it_in_the_basket,Objects Layout,add_4,,,,,,,
pick_up_the_milk_and_place_it_in_the_basket_add_5,pick_up_the_milk_and_place_it_in_the_basket,Objects Layout,add_5,,,,,,,
pick_up_the_milk_and_place_it_in_the_basket_add_8,pick_up_the_milk_and_place_it_in_the_basket,Objects Layout,add_8,,,,,,,
pick_up_the_milk_and_place_it_in_the_basket_add_9,pick_up_the_milk_and_place_it_in_the_basket,Objects Layout,add_9,,,,,,,
pick_up_the_milk_and_place_it_in_the_basket_level1_sample1,pick_up_the_milk_and_place_it_in_the_basket,Objects Layout,,,,level1_sample1,,,,
pick_up_the_milk_and_place_it_in_the_basket_level1_sample2,pick_up_the_milk_and_place_it_in_the_basket,Objects Layout,,,,level1_sample2,,,,
pick_up_the_milk_and_place_it_in_the_basket_level1_sample3,pick_up_the_milk_and_place_it_in_the_basket,Objects Layout,,,,level1_sample3,,,,
pick_up_the_milk_and_place_it_in_the_basket_level1_sample4,pick_up_the_milk_and_place_it_in_the_basket,Objects Layout,,,,level1_sample4,,,,
pick_up_the_milk_and_place_it_in_the_basket_level2_sample1,pick_up_the_milk_and_place_it_in_the_basket,Objects Layout,,,,level2_sample1,,,,
pick_up_the_milk_and_place_it_in_the_basket_level2_sample2,pick_up_the_milk_and_place_it_in_the_basket,Objects Layout,,,,level2_sample2,,,,
pick_up_the_milk_and_place_it_in_the_basket_level2_sample3,pick_up_the_milk_and_place_it_in_the_basket,Objects Layout,,,,level2_sample3,,,,
pick_up_the_milk_and_place_it_in_the_basket_level2_sample4,pick_up_the_milk_and_place_it_in_the_basket,Objects Layout,,,,level2_sample4,,,,
pick_up_the_milk_and_place_it_in_the_basket_level3_sample1,pick_up_the_milk_and_place_it_in_the_basket,Objects Layout,,,,level3_sample1,,,,
pick_up_the_milk_and_place_it_in_the_basket_level3_sample2,pick_up_the_milk_and_place_it_in_the_basket,Objects Layout,,,,level3_sample2,,,,
pick_up_the_milk_and_place_it_in_the_basket_level3_sample3,pick_up_the_milk_and_place_it_in_the_basket,Objects Layout,,,,level3_sample3,,,,
pick_up_the_milk_and_place_it_in_the_basket_level3_sample4,pick_up_the_milk_and_place_it_in_the_basket,Objects Layout,,,,level3_sample4,,,,
pick_up_the_milk_and_place_it_in_the_basket_level4_sample1,pick_up_the_milk_and_place_it_in_the_basket,Objects Layout,,,,level4_sample1,,,,
pick_up_the_milk_and_place_it_in_the_basket_level4_sample2,pick_up_the_milk_and_place_it_in_the_basket,Objects Layout,,,,level4_sample2,,,,
pick_up_the_milk_and_place_it_in_the_basket_level4_sample3,pick_up_the_milk_and_place_it_in_the_basket,Objects Layout,,,,level4_sample3,,,,
pick_up_the_milk_and_place_it_in_the_basket_level4_sample4,pick_up_the_milk_and_place_it_in_the_basket,Objects Layout,,,,level4_sample4,,,,
pick_up_the_milk_and_place_it_in_the_basket_level5_sample1,pick_up_the_milk_and_place_it_in_the_basket,Objects Layout,,,,level5_sample1,,,,
pick_up_the_milk_and_place_it_in_the_basket_level5_sample2,pick_up_the_milk_and_place_it_in_the_basket,Objects Layout,,,,level5_sample2,,,,
pick_up_the_milk_and_place_it_in_the_basket_level5_sample3,pick_up_the_milk_and_place_it_in_the_basket,Objects Layout,,,,level5_sample3,,,,
pick_up_the_milk_and_place_it_in_the_basket_level5_sample4,pick_up_the_milk_and_place_it_in_the_basket,Objects Layout,,,,level5_sample4,,,,
pick_up_the_milk_and_place_it_in_the_basket_light_1,pick_up_the_milk_and_place_it_in_the_basket,Light Conditions,,,,,light_1,,,
pick_up_the_milk_and_place_it_in_the_basket_light_10,pick_up_the_milk_and_place_it_in_the_basket,Light Conditions,,,,,light_10,,,
pick_up_the_milk_and_place_it_in_the_basket_light_14,pick_up_the_milk_and_place_it_in_the_basket,Light Conditions,,,,,light_14,,,
pick_up_the_milk_and_place_it_in_the_basket_light_15,pick_up_the_milk_and_place_it_in_the_basket,Light Conditions,,,,,light_15,,,
pick_up_the_milk_and_place_it_in_the_basket_light_18,pick_up_the_milk_and_place_it_in_the_basket,Light Conditions,,,,,light_18,,,
pick_up_the_milk_and_place_it_in_the_basket_light_21,pick_up_the_milk_and_place_it_in_the_basket,Light Conditions,,,,,light_21,,,
pick_up_the_milk_and_place_it_in_the_basket_light_22,pick_up_the_milk_and_place_it_in_the_basket,Light Conditions,,,,,light_22,,,
pick_up_the_milk_and_place_it_in_the_basket_light_25,pick_up_the_milk_and_place_it_in_the_basket,Light Conditions,,,,,light_25,,,
pick_up_the_milk_and_place_it_in_the_basket_light_26,pick_up_the_milk_and_place_it_in_the_basket,Light Conditions,,,,,light_26,,,
pick_up_the_milk_and_place_it_in_the_basket_light_27,pick_up_the_milk_and_place_it_in_the_basket,Light Conditions,,,,,light_27,,,
pick_up_the_milk_and_place_it_in_the_basket_light_30,pick_up_the_milk_and_place_it_in_the_basket,Light Conditions,,,,,light_30,,,
pick_up_the_milk_and_place_it_in_the_basket_light_32,pick_up_the_milk_and_place_it_in_the_basket,Light Conditions,,,,,light_32,,,
pick_up_the_milk_and_place_it_in_the_basket_light_37,pick_up_the_milk_and_place_it_in_the_basket,Light Conditions,,,,,light_37,,,
pick_up_the_milk_and_place_it_in_the_basket_light_38,pick_up_the_milk_and_place_it_in_the_basket,Light Conditions,,,,,light_38,,,
pick_up_the_milk_and_place_it_in_the_basket_light_39,pick_up_the_milk_and_place_it_in_the_basket,Light Conditions,,,,,light_39,,,
pick_up_the_milk_and_place_it_in_the_basket_light_41,pick_up_the_milk_and_place_it_in_the_basket,Light Conditions,,,,,light_41,,,
pick_up_the_milk_and_place_it_in_the_basket_light_42,pick_up_the_milk_and_place_it_in_the_basket,Light Conditions,,,,,light_42,,,
pick_up_the_milk_and_place_it_in_the_basket_light_44,pick_up_the_milk_and_place_it_in_the_basket,Light Conditions,,,,,light_44,,,
pick_up_the_milk_and_place_it_in_the_basket_light_46,pick_up_the_milk_and_place_it_in_the_basket,Light Conditions,,,,,light_46,,,
pick_up_the_milk_and_place_it_in_the_basket_light_47,pick_up_the_milk_and_place_it_in_the_basket,Light Conditions,,,,,light_47,,,
pick_up_the_milk_and_place_it_in_the_basket_light_48,pick_up_the_milk_and_place_it_in_the_basket,Light Conditions,,,,,light_48,,,
pick_up_the_milk_and_place_it_in_the_basket_light_5,pick_up_the_milk_and_place_it_in_the_basket,Light Conditions,,,,,light_5,,,
pick_up_the_milk_and_place_it_in_the_basket_light_50,pick_up_the_milk_and_place_it_in_the_basket,Light Conditions,,,,,light_50,,,
pick_up_the_milk_and_place_it_in_the_basket_light_6,pick_up_the_milk_and_place_it_in_the_basket,Light Conditions,,,,,light_6,,,
pick_up_the_milk_and_place_it_in_the_basket_light_7,pick_up_the_milk_and_place_it_in_the_basket,Light Conditions,,,,,light_7,,,
pick_up_the_milk_and_place_it_in_the_basket_light_8,pick_up_the_milk_and_place_it_in_the_basket,Light Conditions,,,,,light_8,,,
pick_up_the_orange_juice_and_place_it_in_the_basket_table_1,pick_up_the_orange_juice_and_place_it_in_the_basket,Background Textures,,,,,,,table_1,
pick_up_the_orange_juice_and_place_it_in_the_basket_table_10,pick_up_the_orange_juice_and_place_it_in_the_basket,Background Textures,,,,,,,table_10,
pick_up_the_orange_juice_and_place_it_in_the_basket_table_11,pick_up_the_orange_juice_and_place_it_in_the_basket,Background Textures,,,,,,,table_11,
pick_up_the_orange_juice_and_place_it_in_the_basket_table_12,pick_up_the_orange_juice_and_place_it_in_the_basket,Background Textures,,,,,,,table_12,
pick_up_the_orange_juice_and_place_it_in_the_basket_table_14,pick_up_the_orange_juice_and_place_it_in_the_basket,Background Textures,,,,,,,table_14,
pick_up_the_orange_juice_and_place_it_in_the_basket_table_16,pick_up_the_orange_juice_and_place_it_in_the_basket,Background Textures,,,,,,,table_16,
pick_up_the_orange_juice_and_place_it_in_the_basket_table_17,pick_up_the_orange_juice_and_place_it_in_the_basket,Background Textures,,,,,,,table_17,
pick_up_the_orange_juice_and_place_it_in_the_basket_table_18,pick_up_the_orange_juice_and_place_it_in_the_basket,Background Textures,,,,,,,table_18,
pick_up_the_orange_juice_and_place_it_in_the_basket_table_19,pick_up_the_orange_juice_and_place_it_in_the_basket,Background Textures,,,,,,,table_19,
pick_up_the_orange_juice_and_place_it_in_the_basket_table_2,pick_up_the_orange_juice_and_place_it_in_the_basket,Background Textures,,,,,,,table_2,
pick_up_the_orange_juice_and_place_it_in_the_basket_table_20,pick_up_the_orange_juice_and_place_it_in_the_basket,Background Textures,,,,,,,table_20,
pick_up_the_orange_juice_and_place_it_in_the_basket_table_22,pick_up_the_orange_juice_and_place_it_in_the_basket,Background Textures,,,,,,,table_22,
pick_up_the_orange_juice_and_place_it_in_the_basket_table_23,pick_up_the_orange_juice_and_place_it_in_the_basket,Background Textures,,,,,,,table_23,
pick_up_the_orange_juice_and_place_it_in_the_basket_table_25,pick_up_the_orange_juice_and_place_it_in_the_basket,Background Textures,,,,,,,table_25,
pick_up_the_orange_juice_and_place_it_in_the_basket_table_28,pick_up_the_orange_juice_and_place_it_in_the_basket,Background Textures,,,,,,,table_28,
pick_up_the_orange_juice_and_place_it_in_the_basket_table_3,pick_up_the_orange_juice_and_place_it_in_the_basket,Background Textures,,,,,,,table_3,
pick_up_the_orange_juice_and_place_it_in_the_basket_table_5,pick_up_the_orange_juice_and_place_it_in_the_basket,Background Textures,,,,,,,table_5,
pick_up_the_orange_juice_and_place_it_in_the_basket_table_6,pick_up_the_orange_juice_and_place_it_in_the_basket,Background Textures,,,,,,,table_6,
pick_up_the_orange_juice_and_place_it_in_the_basket_table_7,pick_up_the_orange_juice_and_place_it_in_the_basket,Background Textures,,,,,,,table_7,
pick_up_the_orange_juice_and_place_it_in_the_basket_table_8,pick_up_the_orange_juice_and_place_it_in_the_basket,Background Textures,,,,,,,table_8,
pick_up_the_orange_juice_and_place_it_in_the_basket_table_9,pick_up_the_orange_juice_and_place_it_in_the_basket,Background Textures,,,,,,,table_9,
pick_up_the_orange_juice_and_place_it_in_the_basket_tb_1,pick_up_the_orange_juice_and_place_it_in_the_basket,Background Textures,,,,,,,tb_1,
pick_up_the_orange_juice_and_place_it_in_the_basket_tb_10,pick_up_the_orange_juice_and_place_it_in_the_basket,Background Textures,,,,,,,tb_10,
pick_up_the_orange_juice_and_place_it_in_the_basket_tb_11,pick_up_the_orange_juice_and_place_it_in_the_basket,Background Textures,,,,,,,tb_11,
pick_up_the_orange_juice_and_place_it_in_the_basket_tb_12,pick_up_the_orange_juice_and_place_it_in_the_basket,Background Textures,,,,,,,tb_12,
pick_up_the_orange_juice_and_place_it_in_the_basket_tb_13,pick_up_the_orange_juice_and_place_it_in_the_basket,Background Textures,,,,,,,tb_13,
pick_up_the_orange_juice_and_place_it_in_the_basket_tb_14,pick_up_the_orange_juice_and_place_it_in_the_basket,Background Textures,,,,,,,tb_14,
pick_up_the_orange_juice_and_place_it_in_the_basket_tb_15,pick_up_the_orange_juice_and_place_it_in_the_basket,Background Textures,,,,,,,tb_15,
pick_up_the_orange_juice_and_place_it_in_the_basket_tb_16,pick_up_the_orange_juice_and_place_it_in_the_basket,Background Textures,,,,,,,tb_16,
pick_up_the_orange_juice_and_place_it_in_the_basket_tb_17,pick_up_the_orange_juice_and_place_it_in_the_basket,Background Textures,,,,,,,tb_17,
pick_up_the_orange_juice_and_place_it_in_the_basket_tb_18,pick_up_the_orange_juice_and_place_it_in_the_basket,Background Textures,,,,,,,tb_18,
pick_up_the_orange_juice_and_place_it_in_the_basket_tb_19,pick_up_the_orange_juice_and_place_it_in_the_basket,Background Textures,,,,,,,tb_19,
pick_up_the_orange_juice_and_place_it_in_the_basket_tb_20,pick_up_the_orange_juice_and_place_it_in_the_basket,Background Textures,,,,,,,tb_20,
pick_up_the_orange_juice_and_place_it_in_the_basket_tb_21,pick_up_the_orange_juice_and_place_it_in_the_basket,Background Textures,,,,,,,tb_21,
pick_up_the_orange_juice_and_place_it_in_the_basket_tb_22,pick_up_the_orange_juice_and_place_it_in_the_basket,Background Textures,,,,,,,tb_22,
pick_up_the_orange_juice_and_place_it_in_the_basket_tb_3,pick_up_the_orange_juice_and_place_it_in_the_basket,Background Textures,,,,,,,tb_3,
pick_up_the_orange_juice_and_place_it_in_the_basket_tb_4,pick_up_the_orange_juice_and_place_it_in_the_basket,Background Textures,,,,,,,tb_4,
pick_up_the_orange_juice_and_place_it_in_the_basket_tb_5,pick_up_the_orange_juice_and_place_it_in_the_basket,Background Textures,,,,,,,tb_5,
pick_up_the_orange_juice_and_place_it_in_the_basket_tb_8,pick_up_the_orange_juice_and_place_it_in_the_basket,Background Textures,,,,,,,tb_8,
pick_up_the_orange_juice_and_place_it_in_the_basket_tb_9,pick_up_the_orange_juice_and_place_it_in_the_basket,Background Textures,,,,,,,tb_9,
pick_up_the_orange_juice_and_place_it_in_the_basket_view_0_0_100_0_0_initstate_30,pick_up_the_orange_juice_and_place_it_in_the_basket,Robot Initial States,,initstate_30,,,,,,view_0
pick_up_the_orange_juice_and_place_it_in_the_basket_view_0_0_100_0_0_initstate_40,pick_up_the_orange_juice_and_place_it_in_the_basket,Robot Initial States,,initstate_40,,,,,,view_0
pick_up_the_orange_juice_and_place_it_in_the_basket_view_0_0_100_0_0_initstate_50,pick_up_the_orange_juice_and_place_it_in_the_basket,Robot Initial States,,initstate_50,,,,,,view_0
pick_up_the_orange_juice_and_place_it_in_the_basket_view_0_0_100_0_0_initstate_60,pick_up_the_orange_juice_and_place_it_in_the_basket,Robot Initial States,,initstate_60,,,,,,view_0
pick_up_the_orange_juice_and_place_it_in_the_basket_view_0_0_100_0_0_initstate_70,pick_up_the_orange_juice_and_place_it_in_the_basket,Robot Initial States,,initstate_70,,,,,,view_0
pick_up_the_orange_juice_and_place_it_in_the_basket_view_0_0_100_0_0_initstate_80,pick_up_the_orange_juice_and_place_it_in_the_basket,Robot Initial States,,initstate_80,,,,,,view_0
pick_up_the_orange_juice_and_place_it_in_the_basket_view_0_0_100_0_0_initstate_90,pick_up_the_orange_juice_and_place_it_in_the_basket,Robot Initial States,,initstate_90,,,,,,view_0
pick_up_the_orange_juice_and_place_it_in_the_basket_view_0_0_100_0_0_initstate_100,pick_up_the_orange_juice_and_place_it_in_the_basket,Robot Initial States,,initstate_100,,,,,,view_0
pick_up_the_orange_juice_and_place_it_in_the_basket_view_0_0_100_0_0_initstate_110,pick_up_the_orange_juice_and_place_it_in_the_basket,Robot Initial States,,initstate_110,,,,,,view_0
pick_up_the_orange_juice_and_place_it_in_the_basket_view_0_0_100_0_0_initstate_120,pick_up_the_orange_juice_and_place_it_in_the_basket,Robot Initial States,,initstate_120,,,,,,view_0
pick_up_the_orange_juice_and_place_it_in_the_basket_view_0_0_100_0_0_initstate_130,pick_up_the_orange_juice_and_place_it_in_the_basket,Robot Initial States,,initstate_130,,,,,,view_0
pick_up_the_orange_juice_and_place_it_in_the_basket_view_0_0_100_0_0_initstate_140,pick_up_the_orange_juice_and_place_it_in_the_basket,Robot Initial States,,initstate_140,,,,,,view_0
pick_up_the_orange_juice_and_place_it_in_the_basket_view_0_0_100_0_0_initstate_150,pick_up_the_orange_juice_and_place_it_in_the_basket,Robot Initial States,,initstate_150,,,,,,view_0
pick_up_the_orange_juice_and_place_it_in_the_basket_view_0_0_100_0_0_initstate_160,pick_up_the_orange_juice_and_place_it_in_the_basket,Robot Initial States,,initstate_160,,,,,,view_0
pick_up_the_orange_juice_and_place_it_in_the_basket_view_0_0_100_0_0_initstate_170,pick_up_the_orange_juice_and_place_it_in_the_basket,Robot Initial States,,initstate_170,,,,,,view_0
pick_up_the_orange_juice_and_place_it_in_the_basket_view_0_0_100_0_0_initstate_180,pick_up_the_orange_juice_and_place_it_in_the_basket,Robot Initial States,,initstate_180,,,,,,view_0
pick_up_the_orange_juice_and_place_it_in_the_basket_view_0_0_100_0_0_initstate_190,pick_up_the_orange_juice_and_place_it_in_the_basket,Robot Initial States,,initstate_190,,,,,,view_0
pick_up_the_orange_juice_and_place_it_in_the_basket_view_0_0_100_0_0_initstate_200,pick_up_the_orange_juice_and_place_it_in_the_basket,Robot Initial States,,initstate_200,,,,,,view_0
pick_up_the_orange_juice_and_place_it_in_the_basket_view_0_0_100_0_0_initstate_210,pick_up_the_orange_juice_and_place_it_in_the_basket,Robot Initial States,,initstate_210,,,,,,view_0
pick_up_the_orange_juice_and_place_it_in_the_basket_view_0_0_100_0_0_initstate_220,pick_up_the_orange_juice_and_place_it_in_the_basket,Robot Initial States,,initstate_220,,,,,,view_0
pick_up_the_orange_juice_and_place_it_in_the_basket_view_0_0_100_0_0_initstate_230,pick_up_the_orange_juice_and_place_it_in_the_basket,Robot Initial States,,initstate_230,,,,,,view_0
pick_up_the_orange_juice_and_place_it_in_the_basket_view_0_0_100_0_0_initstate_240,pick_up_the_orange_juice_and_place_it_in_the_basket,Robot Initial States,,initstate_240,,,,,,view_0
pick_up_the_orange_juice_and_place_it_in_the_basket_view_0_0_100_0_0_initstate_250,pick_up_the_orange_juice_and_place_it_in_the_basket,Robot Initial States,,initstate_250,,,,,,view_0
pick_up_the_orange_juice_and_place_it_in_the_basket_view_0_0_100_0_0_initstate_260,pick_up_the_orange_juice_and_place_it_in_the_basket,Robot Initial States,,initstate_260,,,,,,view_0
pick_up_the_orange_juice_and_place_it_in_the_basket_view_0_0_100_0_0_initstate_270,pick_up_the_orange_juice_and_place_it_in_the_basket,Robot Initial States,,initstate_270,,,,,,view_0
pick_up_the_orange_juice_and_place_it_in_the_basket_view_0_0_100_0_0_initstate_280,pick_up_the_orange_juice_and_place_it_in_the_basket,Robot Initial States,,initstate_280,,,,,,view_0
pick_up_the_orange_juice_and_place_it_in_the_basket_view_0_0_100_0_0_initstate_290,pick_up_the_orange_juice_and_place_it_in_the_basket,Robot Initial States,,initstate_290,,,,,,view_0
pick_up_the_orange_juice_and_place_it_in_the_basket_view_0_0_100_0_0_initstate_300,pick_up_the_orange_juice_and_place_it_in_the_basket,Robot Initial States,,initstate_300,,,,,,view_0
pick_up_the_orange_juice_and_place_it_in_the_basket_view_0_0_100_0_0_initstate_310,pick_up_the_orange_juice_and_place_it_in_the_basket,Robot Initial States,,initstate_310,,,,,,view_0
pick_up_the_orange_juice_and_place_it_in_the_basket_view_0_0_100_0_0_initstate_320,pick_up_the_orange_juice_and_place_it_in_the_basket,Robot Initial States,,initstate_320,,,,,,view_0
pick_up_the_orange_juice_and_place_it_in_the_basket_view_0_0_100_0_0_initstate_330,pick_up_the_orange_juice_and_place_it_in_the_basket,Robot Initial States,,initstate_330,,,,,,view_0
pick_up_the_orange_juice_and_place_it_in_the_basket_view_0_0_100_0_0_initstate_340,pick_up_the_orange_juice_and_place_it_in_the_basket,Robot Initial States,,initstate_340,,,,,,view_0
pick_up_the_orange_juice_and_place_it_in_the_basket_view_0_0_100_0_0_initstate_350,pick_up_the_orange_juice_and_place_it_in_the_basket,Robot Initial States,,initstate_350,,,,,,view_0
pick_up_the_orange_juice_and_place_it_in_the_basket_view_0_0_100_0_0_initstate_360,pick_up_the_orange_juice_and_place_it_in_the_basket,Robot Initial States,,initstate_360,,,,,,view_0
pick_up_the_orange_juice_and_place_it_in_the_basket_view_0_0_100_0_0_initstate_370,pick_up_the_orange_juice_and_place_it_in_the_basket,Robot Initial States,,initstate_370,,,,,,view_0
pick_up_the_orange_juice_and_place_it_in_the_basket_view_0_0_100_0_0_initstate_380,pick_up_the_orange_juice_and_place_it_in_the_basket,Robot Initial States,,initstate_380,,,,,,view_0
pick_up_the_orange_juice_and_place_it_in_the_basket_view_0_0_100_0_0_initstate_390,pick_up_the_orange_juice_and_place_it_in_the_basket,Robot Initial States,,initstate_390,,,,,,view_0
pick_up_the_orange_juice_and_place_it_in_the_basket_view_0_0_100_0_0_initstate_400,pick_up_the_orange_juice_and_place_it_in_the_basket,Robot Initial States,,initstate_400,,,,,,view_0
pick_up_the_orange_juice_and_place_it_in_the_basket_view_0_0_100_0_0_initstate_410,pick_up_the_orange_juice_and_place_it_in_the_basket,Robot Initial States,,initstate_410,,,,,,view_0
pick_up_the_orange_juice_and_place_it_in_the_basket_view_0_0_100_0_0_initstate_420,pick_up_the_orange_juice_and_place_it_in_the_basket,Robot Initial States,,initstate_420,,,,,,view_0
pick_up_the_orange_juice_and_place_it_in_the_basket_view_0_0_100_0_0_initstate_430,pick_up_the_orange_juice_and_place_it_in_the_basket,Robot Initial States,,initstate_430,,,,,,view_0
pick_up_the_orange_juice_and_place_it_in_the_basket_view_0_0_100_0_0_initstate_440,pick_up_the_orange_juice_and_place_it_in_the_basket,Robot Initial States,,initstate_440,,,,,,view_0
pick_up_the_orange_juice_and_place_it_in_the_basket_view_0_0_100_0_0_initstate_450,pick_up_the_orange_juice_and_place_it_in_the_basket,Robot Initial States,,initstate_450,,,,,,view_0
pick_up_the_orange_juice_and_place_it_in_the_basket_view_0_0_100_0_0_initstate_460,pick_up_the_orange_juice_and_place_it_in_the_basket,Robot Initial States,,initstate_460,,,,,,view_0
pick_up_the_orange_juice_and_place_it_in_the_basket_view_0_0_100_0_0_initstate_470,pick_up_the_orange_juice_and_place_it_in_the_basket,Robot Initial States,,initstate_470,,,,,,view_0
pick_up_the_orange_juice_and_place_it_in_the_basket_view_0_0_100_0_0_initstate_480,pick_up_the_orange_juice_and_place_it_in_the_basket,Robot Initial States,,initstate_480,,,,,,view_0
pick_up_the_orange_juice_and_place_it_in_the_basket_view_0_0_100_0_0_initstate_490,pick_up_the_orange_juice_and_place_it_in_the_basket,Robot Initial States,,initstate_490,,,,,,view_0
pick_up_the_orange_juice_and_place_it_in_the_basket_view_0_0_191_0_0_initstate_0,pick_up_the_orange_juice_and_place_it_in_the_basket,Camera Viewpoints,,initstate_0,,,,,,view_0
pick_up_the_orange_juice_and_place_it_in_the_basket_view_0_0_192_0_0_initstate_0,pick_up_the_orange_juice_and_place_it_in_the_basket,Camera Viewpoints,,initstate_0,,,,,,view_0
pick_up_the_orange_juice_and_place_it_in_the_basket_view_0_0_193_0_0_initstate_0,pick_up_the_orange_juice_and_place_it_in_the_basket,Camera Viewpoints,,initstate_0,,,,,,view_0
pick_up_the_orange_juice_and_place_it_in_the_basket_view_0_0_194_0_0_initstate_0,pick_up_the_orange_juice_and_place_it_in_the_basket,Camera Viewpoints,,initstate_0,,,,,,view_0
pick_up_the_orange_juice_and_place_it_in_the_basket_view_0_0_195_0_0_initstate_0,pick_up_the_orange_juice_and_place_it_in_the_basket,Camera Viewpoints,,initstate_0,,,,,,view_0
pick_up_the_orange_juice_and_place_it_in_the_basket_view_0_0_196_0_0_initstate_0,pick_up_the_orange_juice_and_place_it_in_the_basket,Camera Viewpoints,,initstate_0,,,,,,view_0
pick_up_the_orange_juice_and_place_it_in_the_basket_view_0_0_197_0_0_initstate_0,pick_up_the_orange_juice_and_place_it_in_the_basket,Camera Viewpoints,,initstate_0,,,,,,view_0
pick_up_the_orange_juice_and_place_it_in_the_basket_view_0_0_198_0_0_initstate_0,pick_up_the_orange_juice_and_place_it_in_the_basket,Camera Viewpoints,,initstate_0,,,,,,view_0
pick_up_the_orange_juice_and_place_it_in_the_basket_view_0_0_199_0_0_initstate_0,pick_up_the_orange_juice_and_place_it_in_the_basket,Camera Viewpoints,,initstate_0,,,,,,view_0
pick_up_the_orange_juice_and_place_it_in_the_basket_view_0_0_200_0_0_initstate_0,pick_up_the_orange_juice_and_place_it_in_the_basket,Camera Viewpoints,,initstate_0,,,,,,view_0
pick_up_the_orange_juice_and_place_it_in_the_basket_view_0_0_100_358_2_initstate_0,pick_up_the_orange_juice_and_place_it_in_the_basket,Camera Viewpoints,,initstate_0,,,,,,view_0
pick_up_the_orange_juice_and_place_it_in_the_basket_view_0_0_100_358_6_initstate_0,pick_up_the_orange_juice_and_place_it_in_the_basket,Camera Viewpoints,,initstate_0,,,,,,view_0
pick_up_the_orange_juice_and_place_it_in_the_basket_view_0_0_100_358_8_initstate_0,pick_up_the_orange_juice_and_place_it_in_the_basket,Camera Viewpoints,,initstate_0,,,,,,view_0
pick_up_the_orange_juice_and_place_it_in_the_basket_view_0_0_100_358_10_initstate_0,pick_up_the_orange_juice_and_place_it_in_the_basket,Camera Viewpoints,,initstate_0,,,,,,view_0
pick_up_the_orange_juice_and_place_it_in_the_basket_view_0_0_100_358_350_initstate_0,pick_up_the_orange_juice_and_place_it_in_the_basket,Camera Viewpoints,,initstate_0,,,,,,view_0
pick_up_the_orange_juice_and_place_it_in_the_basket_view_0_0_100_358_352_initstate_0,pick_up_the_orange_juice_and_place_it_in_the_basket,Camera Viewpoints,,initstate_0,,,,,,view_0
pick_up_the_orange_juice_and_place_it_in_the_basket_view_0_0_100_358_354_initstate_0,pick_up_the_orange_juice_and_place_it_in_the_basket,Camera Viewpoints,,initstate_0,,,,,,view_0
pick_up_the_orange_juice_and_place_it_in_the_basket_view_345_0_100_0_0_initstate_0,pick_up_the_orange_juice_and_place_it_in_the_basket,Camera Viewpoints,,initstate_0,,,,,,view_345
pick_up_the_orange_juice_and_place_it_in_the_basket_view_345_15_100_0_0_initstate_0,pick_up_the_orange_juice_and_place_it_in_the_basket,Camera Viewpoints,,initstate_0,,,,,,view_345
pick_up_the_orange_juice_and_place_it_in_the_basket_view_346_0_100_0_0_initstate_0,pick_up_the_orange_juice_and_place_it_in_the_basket,Camera Viewpoints,,initstate_0,,,,,,view_346
pick_up_the_orange_juice_and_place_it_in_the_basket_view_347_0_100_0_0_initstate_0,pick_up_the_orange_juice_and_place_it_in_the_basket,Camera Viewpoints,,initstate_0,,,,,,view_347
pick_up_the_orange_juice_and_place_it_in_the_basket_view_352_15_100_0_0_initstate_0,pick_up_the_orange_juice_and_place_it_in_the_basket,Camera Viewpoints,,initstate_0,,,,,,view_352
pick_up_the_orange_juice_and_place_it_in_the_basket_view_355_15_100_0_0_initstate_0,pick_up_the_orange_juice_and_place_it_in_the_basket,Camera Viewpoints,,initstate_0,,,,,,view_355
pick_up_the_orange_juice_and_place_it_in_the_basket_view_356_0_100_0_0_initstate_0,pick_up_the_orange_juice_and_place_it_in_the_basket,Camera Viewpoints,,initstate_0,,,,,,view_356
pick_up_the_orange_juice_and_place_it_in_the_basket_view_356_15_100_0_0_initstate_0,pick_up_the_orange_juice_and_place_it_in_the_basket,Camera Viewpoints,,initstate_0,,,,,,view_356
pick_up_the_orange_juice_and_place_it_in_the_basket_view_359_15_100_0_0_initstate_0,pick_up_the_orange_juice_and_place_it_in_the_basket,Camera Viewpoints,,initstate_0,,,,,,view_359
pick_up_the_orange_juice_and_place_it_in_the_basket_language_2_view_0_0_100_0_0_initstate_0,pick_up_the_orange_juice_and_place_it_in_the_basket,Language Instructions,,initstate_0,language_2,,,,,view_0
pick_up_the_orange_juice_and_place_it_in_the_basket_language_3_view_0_0_100_0_0_initstate_0,pick_up_the_orange_juice_and_place_it_in_the_basket,Language Instructions,,initstate_0,language_3,,,,,view_0
pick_up_the_orange_juice_and_place_it_in_the_basket_language_4_view_0_0_100_0_0_initstate_0,pick_up_the_orange_juice_and_place_it_in_the_basket,Language Instructions,,initstate_0,language_4,,,,,view_0
pick_up_the_orange_juice_and_place_it_in_the_basket_language_6_view_0_0_100_0_0_initstate_0,pick_up_the_orange_juice_and_place_it_in_the_basket,Language Instructions,,initstate_0,language_6,,,,,view_0
pick_up_the_orange_juice_and_place_it_in_the_basket_language_8_view_0_0_100_0_0_initstate_0,pick_up_the_orange_juice_and_place_it_in_the_basket,Language Instructions,,initstate_0,language_8,,,,,view_0
pick_up_the_orange_juice_and_place_it_in_the_basket_language_9_view_0_0_100_0_0_initstate_0,pick_up_the_orange_juice_and_place_it_in_the_basket,Language Instructions,,initstate_0,language_9,,,,,view_0
pick_up_the_orange_juice_and_place_it_in_the_basket_language_10_view_0_0_100_0_0_initstate_0,pick_up_the_orange_juice_and_place_it_in_the_basket,Language Instructions,,initstate_0,language_10,,,,,view_0
pick_up_the_orange_juice_and_place_it_in_the_basket_language_11_view_0_0_100_0_0_initstate_0,pick_up_the_orange_juice_and_place_it_in_the_basket,Language Instructions,,initstate_0,language_11,,,,,view_0
pick_up_the_orange_juice_and_place_it_in_the_basket_language_12_view_0_0_100_0_0_initstate_0,pick_up_the_orange_juice_and_place_it_in_the_basket,Language Instructions,,initstate_0,language_12,,,,,view_0
pick_up_the_orange_juice_and_place_it_in_the_basket_language_13_view_0_0_100_0_0_initstate_0,pick_up_the_orange_juice_and_place_it_in_the_basket,Language Instructions,,initstate_0,language_13,,,,,view_0
pick_up_the_orange_juice_and_place_it_in_the_basket_language_14_view_0_0_100_0_0_initstate_0,pick_up_the_orange_juice_and_place_it_in_the_basket,Language Instructions,,initstate_0,language_14,,,,,view_0
pick_up_the_orange_juice_and_place_it_in_the_basket_language_15_view_0_0_100_0_0_initstate_0,pick_up_the_orange_juice_and_place_it_in_the_basket,Language Instructions,,initstate_0,language_15,,,,,view_0
pick_up_the_orange_juice_and_place_it_in_the_basket_language_16_view_0_0_100_0_0_initstate_0,pick_up_the_orange_juice_and_place_it_in_the_basket,Language Instructions,,initstate_0,language_16,,,,,view_0
pick_up_the_orange_juice_and_place_it_in_the_basket_language_17_view_0_0_100_0_0_initstate_0,pick_up_the_orange_juice_and_place_it_in_the_basket,Language Instructions,,initstate_0,language_17,,,,,view_0
pick_up_the_orange_juice_and_place_it_in_the_basket_language_18_view_0_0_100_0_0_initstate_0,pick_up_the_orange_juice_and_place_it_in_the_basket,Language Instructions,,initstate_0,language_18,,,,,view_0
pick_up_the_orange_juice_and_place_it_in_the_basket_language_19_view_0_0_100_0_0_initstate_0,pick_up_the_orange_juice_and_place_it_in_the_basket,Language Instructions,,initstate_0,language_19,,,,,view_0
pick_up_the_orange_juice_and_place_it_in_the_basket_language_20_view_0_0_100_0_0_initstate_0,pick_up_the_orange_juice_and_place_it_in_the_basket,Language Instructions,,initstate_0,language_20,,,,,view_0
pick_up_the_orange_juice_and_place_it_in_the_basket_language_21_view_0_0_100_0_0_initstate_0,pick_up_the_orange_juice_and_place_it_in_the_basket,Language Instructions,,initstate_0,language_21,,,,,view_0
pick_up_the_orange_juice_and_place_it_in_the_basket_language_22_view_0_0_100_0_0_initstate_0,pick_up_the_orange_juice_and_place_it_in_the_basket,Language Instructions,,initstate_0,language_22,,,,,view_0
pick_up_the_orange_juice_and_place_it_in_the_basket_language_23_view_0_0_100_0_0_initstate_0,pick_up_the_orange_juice_and_place_it_in_the_basket,Language Instructions,,initstate_0,language_23,,,,,view_0
pick_up_the_orange_juice_and_place_it_in_the_basket_language_24_view_0_0_100_0_0_initstate_0,pick_up_the_orange_juice_and_place_it_in_the_basket,Language Instructions,,initstate_0,language_24,,,,,view_0
pick_up_the_orange_juice_and_place_it_in_the_basket_language_25_view_0_0_100_0_0_initstate_0,pick_up_the_orange_juice_and_place_it_in_the_basket,Language Instructions,,initstate_0,language_25,,,,,view_0
pick_up_the_orange_juice_and_place_it_in_the_basket_language_26_view_0_0_100_0_0_initstate_0,pick_up_the_orange_juice_and_place_it_in_the_basket,Language Instructions,,initstate_0,language_26,,,,,view_0
pick_up_the_orange_juice_and_place_it_in_the_basket_language_27_view_0_0_100_0_0_initstate_0,pick_up_the_orange_juice_and_place_it_in_the_basket,Language Instructions,,initstate_0,language_27,,,,,view_0
pick_up_the_orange_juice_and_place_it_in_the_basket_language_28_view_0_0_100_0_0_initstate_0,pick_up_the_orange_juice_and_place_it_in_the_basket,Language Instructions,,initstate_0,language_28,,,,,view_0
pick_up_the_orange_juice_and_place_it_in_the_basket_language_29_view_0_0_100_0_0_initstate_0,pick_up_the_orange_juice_and_place_it_in_the_basket,Language Instructions,,initstate_0,language_29,,,,,view_0
pick_up_the_orange_juice_and_place_it_in_the_basket_language_31_view_0_0_100_0_0_initstate_0,pick_up_the_orange_juice_and_place_it_in_the_basket,Language Instructions,,initstate_0,language_31,,,,,view_0
pick_up_the_orange_juice_and_place_it_in_the_basket_language_32_view_0_0_100_0_0_initstate_0,pick_up_the_orange_juice_and_place_it_in_the_basket,Language Instructions,,initstate_0,language_32,,,,,view_0
pick_up_the_orange_juice_and_place_it_in_the_basket_language_33_view_0_0_100_0_0_initstate_0,pick_up_the_orange_juice_and_place_it_in_the_basket,Language Instructions,,initstate_0,language_33,,,,,view_0
pick_up_the_orange_juice_and_place_it_in_the_basket_language_34_view_0_0_100_0_0_initstate_0,pick_up_the_orange_juice_and_place_it_in_the_basket,Language Instructions,,initstate_0,language_34,,,,,view_0
pick_up_the_orange_juice_and_place_it_in_the_basket_language_36_view_0_0_100_0_0_initstate_0,pick_up_the_orange_juice_and_place_it_in_the_basket,Language Instructions,,initstate_0,language_36,,,,,view_0
pick_up_the_orange_juice_and_place_it_in_the_basket_language_37_view_0_0_100_0_0_initstate_0,pick_up_the_orange_juice_and_place_it_in_the_basket,Language Instructions,,initstate_0,language_37,,,,,view_0
pick_up_the_orange_juice_and_place_it_in_the_basket_language_38_view_0_0_100_0_0_initstate_0,pick_up_the_orange_juice_and_place_it_in_the_basket,Language Instructions,,initstate_0,language_38,,,,,view_0
pick_up_the_orange_juice_and_place_it_in_the_basket_language_39_view_0_0_100_0_0_initstate_0,pick_up_the_orange_juice_and_place_it_in_the_basket,Language Instructions,,initstate_0,language_39,,,,,view_0
pick_up_the_orange_juice_and_place_it_in_the_basket_language_40_view_0_0_100_0_0_initstate_0,pick_up_the_orange_juice_and_place_it_in_the_basket,Language Instructions,,initstate_0,language_40,,,,,view_0
pick_up_the_orange_juice_and_place_it_in_the_basket_language_41_view_0_0_100_0_0_initstate_0,pick_up_the_orange_juice_and_place_it_in_the_basket,Language Instructions,,initstate_0,language_41,,,,,view_0
pick_up_the_orange_juice_and_place_it_in_the_basket_language_43_view_0_0_100_0_0_initstate_0,pick_up_the_orange_juice_and_place_it_in_the_basket,Language Instructions,,initstate_0,language_43,,,,,view_0
pick_up_the_orange_juice_and_place_it_in_the_basket_language_44_view_0_0_100_0_0_initstate_0,pick_up_the_orange_juice_and_place_it_in_the_basket,Language Instructions,,initstate_0,language_44,,,,,view_0
pick_up_the_orange_juice_and_place_it_in_the_basket_language_45_view_0_0_100_0_0_initstate_0,pick_up_the_orange_juice_and_place_it_in_the_basket,Language Instructions,,initstate_0,language_45,,,,,view_0
pick_up_the_orange_juice_and_place_it_in_the_basket_language_46_view_0_0_100_0_0_initstate_0,pick_up_the_orange_juice_and_place_it_in_the_basket,Language Instructions,,initstate_0,language_46,,,,,view_0
pick_up_the_orange_juice_and_place_it_in_the_basket_language_48_view_0_0_100_0_0_initstate_0,pick_up_the_orange_juice_and_place_it_in_the_basket,Language Instructions,,initstate_0,language_48,,,,,view_0
pick_up_the_orange_juice_and_place_it_in_the_basket_language_49_view_0_0_100_0_0_initstate_0,pick_up_the_orange_juice_and_place_it_in_the_basket,Language Instructions,,initstate_0,language_49,,,,,view_0
pick_up_the_orange_juice_and_place_it_in_the_basket_language_50_view_0_0_100_0_0_initstate_0,pick_up_the_orange_juice_and_place_it_in_the_basket,Language Instructions,,initstate_0,language_50,,,,,view_0
pick_up_the_orange_juice_and_place_it_in_the_basket_view_0_0_100_0_0_initstate_0_noise_1,pick_up_the_orange_juice_and_place_it_in_the_basket,Sensor Noise,,initstate_0,,,,noise_1,,view_0
pick_up_the_orange_juice_and_place_it_in_the_basket_view_0_0_100_0_0_initstate_0_noise_3,pick_up_the_orange_juice_and_place_it_in_the_basket,Sensor Noise,,initstate_0,,,,noise_3,,view_0
pick_up_the_orange_juice_and_place_it_in_the_basket_view_0_0_100_0_0_initstate_0_noise_4,pick_up_the_orange_juice_and_place_it_in_the_basket,Sensor Noise,,initstate_0,,,,noise_4,,view_0
pick_up_the_orange_juice_and_place_it_in_the_basket_view_0_0_100_0_0_initstate_0_noise_5,pick_up_the_orange_juice_and_place_it_in_the_basket,Sensor Noise,,initstate_0,,,,noise_5,,view_0
pick_up_the_orange_juice_and_place_it_in_the_basket_view_0_0_100_0_0_initstate_0_noise_6,pick_up_the_orange_juice_and_place_it_in_the_basket,Sensor Noise,,initstate_0,,,,noise_6,,view_0
pick_up_the_orange_juice_and_place_it_in_the_basket_view_0_0_100_0_0_initstate_0_noise_7,pick_up_the_orange_juice_and_place_it_in_the_basket,Sensor Noise,,initstate_0,,,,noise_7,,view_0
pick_up_the_orange_juice_and_place_it_in_the_basket_view_0_0_100_0_0_initstate_0_noise_8,pick_up_the_orange_juice_and_place_it_in_the_basket,Sensor Noise,,initstate_0,,,,noise_8,,view_0
pick_up_the_orange_juice_and_place_it_in_the_basket_view_0_0_100_0_0_initstate_0_noise_9,pick_up_the_orange_juice_and_place_it_in_the_basket,Sensor Noise,,initstate_0,,,,noise_9,,view_0
pick_up_the_orange_juice_and_place_it_in_the_basket_view_0_0_100_0_0_initstate_0_noise_10,pick_up_the_orange_juice_and_place_it_in_the_basket,Sensor Noise,,initstate_0,,,,noise_10,,view_0
pick_up_the_orange_juice_and_place_it_in_the_basket_view_0_0_100_0_0_initstate_0_noise_11,pick_up_the_orange_juice_and_place_it_in_the_basket,Sensor Noise,,initstate_0,,,,noise_11,,view_0
pick_up_the_orange_juice_and_place_it_in_the_basket_view_0_0_100_0_0_initstate_0_noise_12,pick_up_the_orange_juice_and_place_it_in_the_basket,Sensor Noise,,initstate_0,,,,noise_12,,view_0
pick_up_the_orange_juice_and_place_it_in_the_basket_view_0_0_100_0_0_initstate_0_noise_13,pick_up_the_orange_juice_and_place_it_in_the_basket,Sensor Noise,,initstate_0,,,,noise_13,,view_0
pick_up_the_orange_juice_and_place_it_in_the_basket_view_0_0_100_0_0_initstate_0_noise_14,pick_up_the_orange_juice_and_place_it_in_the_basket,Sensor Noise,,initstate_0,,,,noise_14,,view_0
pick_up_the_orange_juice_and_place_it_in_the_basket_view_0_0_100_0_0_initstate_0_noise_15,pick_up_the_orange_juice_and_place_it_in_the_basket,Sensor Noise,,initstate_0,,,,noise_15,,view_0
pick_up_the_orange_juice_and_place_it_in_the_basket_view_0_0_100_0_0_initstate_0_noise_16,pick_up_the_orange_juice_and_place_it_in_the_basket,Sensor Noise,,initstate_0,,,,noise_16,,view_0
pick_up_the_orange_juice_and_place_it_in_the_basket_view_0_0_100_0_0_initstate_0_noise_17,pick_up_the_orange_juice_and_place_it_in_the_basket,Sensor Noise,,initstate_0,,,,noise_17,,view_0
pick_up_the_orange_juice_and_place_it_in_the_basket_view_0_0_100_0_0_initstate_0_noise_18,pick_up_the_orange_juice_and_place_it_in_the_basket,Sensor Noise,,initstate_0,,,,noise_18,,view_0
pick_up_the_orange_juice_and_place_it_in_the_basket_view_0_0_100_0_0_initstate_0_noise_19,pick_up_the_orange_juice_and_place_it_in_the_basket,Sensor Noise,,initstate_0,,,,noise_19,,view_0
pick_up_the_orange_juice_and_place_it_in_the_basket_view_0_0_100_0_0_initstate_0_noise_23,pick_up_the_orange_juice_and_place_it_in_the_basket,Sensor Noise,,initstate_0,,,,noise_23,,view_0
pick_up_the_orange_juice_and_place_it_in_the_basket_view_0_0_100_0_0_initstate_0_noise_25,pick_up_the_orange_juice_and_place_it_in_the_basket,Sensor Noise,,initstate_0,,,,noise_25,,view_0
pick_up_the_orange_juice_and_place_it_in_the_basket_view_0_0_100_0_0_initstate_0_noise_26,pick_up_the_orange_juice_and_place_it_in_the_basket,Sensor Noise,,initstate_0,,,,noise_26,,view_0
pick_up_the_orange_juice_and_place_it_in_the_basket_view_0_0_100_0_0_initstate_0_noise_27,pick_up_the_orange_juice_and_place_it_in_the_basket,Sensor Noise,,initstate_0,,,,noise_27,,view_0
pick_up_the_orange_juice_and_place_it_in_the_basket_view_0_0_100_0_0_initstate_0_noise_28,pick_up_the_orange_juice_and_place_it_in_the_basket,Sensor Noise,,initstate_0,,,,noise_28,,view_0
pick_up_the_orange_juice_and_place_it_in_the_basket_view_0_0_100_0_0_initstate_0_noise_29,pick_up_the_orange_juice_and_place_it_in_the_basket,Sensor Noise,,initstate_0,,,,noise_29,,view_0
pick_up_the_orange_juice_and_place_it_in_the_basket_view_0_0_100_0_0_initstate_0_noise_30,pick_up_the_orange_juice_and_place_it_in_the_basket,Sensor Noise,,initstate_0,,,,noise_30,,view_0
pick_up_the_orange_juice_and_place_it_in_the_basket_view_0_0_100_0_0_initstate_0_noise_33,pick_up_the_orange_juice_and_place_it_in_the_basket,Sensor Noise,,initstate_0,,,,noise_33,,view_0
pick_up_the_orange_juice_and_place_it_in_the_basket_view_0_0_100_0_0_initstate_0_noise_35,pick_up_the_orange_juice_and_place_it_in_the_basket,Sensor Noise,,initstate_0,,,,noise_35,,view_0
pick_up_the_orange_juice_and_place_it_in_the_basket_view_0_0_100_0_0_initstate_0_noise_36,pick_up_the_orange_juice_and_place_it_in_the_basket,Sensor Noise,,initstate_0,,,,noise_36,,view_0
pick_up_the_orange_juice_and_place_it_in_the_basket_view_0_0_100_0_0_initstate_0_noise_37,pick_up_the_orange_juice_and_place_it_in_the_basket,Sensor Noise,,initstate_0,,,,noise_37,,view_0
pick_up_the_orange_juice_and_place_it_in_the_basket_view_0_0_100_0_0_initstate_0_noise_38,pick_up_the_orange_juice_and_place_it_in_the_basket,Sensor Noise,,initstate_0,,,,noise_38,,view_0
pick_up_the_orange_juice_and_place_it_in_the_basket_view_0_0_100_0_0_initstate_0_noise_39,pick_up_the_orange_juice_and_place_it_in_the_basket,Sensor Noise,,initstate_0,,,,noise_39,,view_0
pick_up_the_orange_juice_and_place_it_in_the_basket_view_0_0_100_0_0_initstate_0_noise_40,pick_up_the_orange_juice_and_place_it_in_the_basket,Sensor Noise,,initstate_0,,,,noise_40,,view_0
pick_up_the_orange_juice_and_place_it_in_the_basket_view_0_0_100_0_0_initstate_0_noise_42,pick_up_the_orange_juice_and_place_it_in_the_basket,Sensor Noise,,initstate_0,,,,noise_42,,view_0
pick_up_the_orange_juice_and_place_it_in_the_basket_view_0_0_100_0_0_initstate_0_noise_43,pick_up_the_orange_juice_and_place_it_in_the_basket,Sensor Noise,,initstate_0,,,,noise_43,,view_0
pick_up_the_orange_juice_and_place_it_in_the_basket_view_0_0_100_0_0_initstate_0_noise_44,pick_up_the_orange_juice_and_place_it_in_the_basket,Sensor Noise,,initstate_0,,,,noise_44,,view_0
pick_up_the_orange_juice_and_place_it_in_the_basket_view_0_0_100_0_0_initstate_0_noise_45,pick_up_the_orange_juice_and_place_it_in_the_basket,Sensor Noise,,initstate_0,,,,noise_45,,view_0
pick_up_the_orange_juice_and_place_it_in_the_basket_view_0_0_100_0_0_initstate_0_noise_46,pick_up_the_orange_juice_and_place_it_in_the_basket,Sensor Noise,,initstate_0,,,,noise_46,,view_0
pick_up_the_orange_juice_and_place_it_in_the_basket_view_0_0_100_0_0_initstate_0_noise_47,pick_up_the_orange_juice_and_place_it_in_the_basket,Sensor Noise,,initstate_0,,,,noise_47,,view_0
pick_up_the_orange_juice_and_place_it_in_the_basket_view_0_0_100_0_0_initstate_0_noise_48,pick_up_the_orange_juice_and_place_it_in_the_basket,Sensor Noise,,initstate_0,,,,noise_48,,view_0
pick_up_the_orange_juice_and_place_it_in_the_basket_view_0_0_100_0_0_initstate_0_noise_49,pick_up_the_orange_juice_and_place_it_in_the_basket,Sensor Noise,,initstate_0,,,,noise_49,,view_0
pick_up_the_orange_juice_and_place_it_in_the_basket_view_0_0_100_0_0_initstate_0_noise_50,pick_up_the_orange_juice_and_place_it_in_the_basket,Sensor Noise,,initstate_0,,,,noise_50,,view_0
pick_up_the_orange_juice_and_place_it_in_the_basket_add_1,pick_up_the_orange_juice_and_place_it_in_the_basket,Objects Layout,add_1,,,,,,,
pick_up_the_orange_juice_and_place_it_in_the_basket_add_10,pick_up_the_orange_juice_and_place_it_in_the_basket,Objects Layout,add_10,,,,,,,
pick_up_the_orange_juice_and_place_it_in_the_basket_add_11,pick_up_the_orange_juice_and_place_it_in_the_basket,Objects Layout,add_11,,,,,,,
pick_up_the_orange_juice_and_place_it_in_the_basket_add_12,pick_up_the_orange_juice_and_place_it_in_the_basket,Objects Layout,add_12,,,,,,,
pick_up_the_orange_juice_and_place_it_in_the_basket_add_13,pick_up_the_orange_juice_and_place_it_in_the_basket,Objects Layout,add_13,,,,,,,
pick_up_the_orange_juice_and_place_it_in_the_basket_add_14,pick_up_the_orange_juice_and_place_it_in_the_basket,Objects Layout,add_14,,,,,,,
pick_up_the_orange_juice_and_place_it_in_the_basket_add_15,pick_up_the_orange_juice_and_place_it_in_the_basket,Objects Layout,add_15,,,,,,,
pick_up_the_orange_juice_and_place_it_in_the_basket_add_16,pick_up_the_orange_juice_and_place_it_in_the_basket,Objects Layout,add_16,,,,,,,
pick_up_the_orange_juice_and_place_it_in_the_basket_add_17,pick_up_the_orange_juice_and_place_it_in_the_basket,Objects Layout,add_17,,,,,,,
pick_up_the_orange_juice_and_place_it_in_the_basket_add_18,pick_up_the_orange_juice_and_place_it_in_the_basket,Objects Layout,add_18,,,,,,,
pick_up_the_orange_juice_and_place_it_in_the_basket_add_19,pick_up_the_orange_juice_and_place_it_in_the_basket,Objects Layout,add_19,,,,,,,
pick_up_the_orange_juice_and_place_it_in_the_basket_add_2,pick_up_the_orange_juice_and_place_it_in_the_basket,Objects Layout,add_2,,,,,,,
pick_up_the_orange_juice_and_place_it_in_the_basket_add_20,pick_up_the_orange_juice_and_place_it_in_the_basket,Objects Layout,add_20,,,,,,,
pick_up_the_orange_juice_and_place_it_in_the_basket_add_21,pick_up_the_orange_juice_and_place_it_in_the_basket,Objects Layout,add_21,,,,,,,
pick_up_the_orange_juice_and_place_it_in_the_basket_add_22,pick_up_the_orange_juice_and_place_it_in_the_basket,Objects Layout,add_22,,,,,,,
pick_up_the_orange_juice_and_place_it_in_the_basket_add_24,pick_up_the_orange_juice_and_place_it_in_the_basket,Objects Layout,add_24,,,,,,,
pick_up_the_orange_juice_and_place_it_in_the_basket_add_25,pick_up_the_orange_juice_and_place_it_in_the_basket,Objects Layout,add_25,,,,,,,
pick_up_the_orange_juice_and_place_it_in_the_basket_add_26,pick_up_the_orange_juice_and_place_it_in_the_basket,Objects Layout,add_26,,,,,,,
pick_up_the_orange_juice_and_place_it_in_the_basket_add_27,pick_up_the_orange_juice_and_place_it_in_the_basket,Objects Layout,add_27,,,,,,,
pick_up_the_orange_juice_and_place_it_in_the_basket_add_28,pick_up_the_orange_juice_and_place_it_in_the_basket,Objects Layout,add_28,,,,,,,
pick_up_the_orange_juice_and_place_it_in_the_basket_add_29,pick_up_the_orange_juice_and_place_it_in_the_basket,Objects Layout,add_29,,,,,,,
pick_up_the_orange_juice_and_place_it_in_the_basket_add_3,pick_up_the_orange_juice_and_place_it_in_the_basket,Objects Layout,add_3,,,,,,,
pick_up_the_orange_juice_and_place_it_in_the_basket_add_30,pick_up_the_orange_juice_and_place_it_in_the_basket,Objects Layout,add_30,,,,,,,
pick_up_the_orange_juice_and_place_it_in_the_basket_add_4,pick_up_the_orange_juice_and_place_it_in_the_basket,Objects Layout,add_4,,,,,,,
pick_up_the_orange_juice_and_place_it_in_the_basket_add_5,pick_up_the_orange_juice_and_place_it_in_the_basket,Objects Layout,add_5,,,,,,,
pick_up_the_orange_juice_and_place_it_in_the_basket_add_6,pick_up_the_orange_juice_and_place_it_in_the_basket,Objects Layout,add_6,,,,,,,
pick_up_the_orange_juice_and_place_it_in_the_basket_add_7,pick_up_the_orange_juice_and_place_it_in_the_basket,Objects Layout,add_7,,,,,,,
pick_up_the_orange_juice_and_place_it_in_the_basket_add_8,pick_up_the_orange_juice_and_place_it_in_the_basket,Objects Layout,add_8,,,,,,,
pick_up_the_orange_juice_and_place_it_in_the_basket_add_9,pick_up_the_orange_juice_and_place_it_in_the_basket,Objects Layout,add_9,,,,,,,
pick_up_the_orange_juice_and_place_it_in_the_basket_level1_sample1,pick_up_the_orange_juice_and_place_it_in_the_basket,Objects Layout,,,,level1_sample1,,,,
pick_up_the_orange_juice_and_place_it_in_the_basket_level1_sample2,pick_up_the_orange_juice_and_place_it_in_the_basket,Objects Layout,,,,level1_sample2,,,,
pick_up_the_orange_juice_and_place_it_in_the_basket_level1_sample3,pick_up_the_orange_juice_and_place_it_in_the_basket,Objects Layout,,,,level1_sample3,,,,
pick_up_the_orange_juice_and_place_it_in_the_basket_level1_sample4,pick_up_the_orange_juice_and_place_it_in_the_basket,Objects Layout,,,,level1_sample4,,,,
pick_up_the_orange_juice_and_place_it_in_the_basket_level2_sample1,pick_up_the_orange_juice_and_place_it_in_the_basket,Objects Layout,,,,level2_sample1,,,,
pick_up_the_orange_juice_and_place_it_in_the_basket_level2_sample2,pick_up_the_orange_juice_and_place_it_in_the_basket,Objects Layout,,,,level2_sample2,,,,
pick_up_the_orange_juice_and_place_it_in_the_basket_level2_sample3,pick_up_the_orange_juice_and_place_it_in_the_basket,Objects Layout,,,,level2_sample3,,,,
pick_up_the_orange_juice_and_place_it_in_the_basket_level2_sample4,pick_up_the_orange_juice_and_place_it_in_the_basket,Objects Layout,,,,level2_sample4,,,,
pick_up_the_orange_juice_and_place_it_in_the_basket_level3_sample1,pick_up_the_orange_juice_and_place_it_in_the_basket,Objects Layout,,,,level3_sample1,,,,
pick_up_the_orange_juice_and_place_it_in_the_basket_level3_sample2,pick_up_the_orange_juice_and_place_it_in_the_basket,Objects Layout,,,,level3_sample2,,,,
pick_up_the_orange_juice_and_place_it_in_the_basket_level3_sample3,pick_up_the_orange_juice_and_place_it_in_the_basket,Objects Layout,,,,level3_sample3,,,,
pick_up_the_orange_juice_and_place_it_in_the_basket_level3_sample4,pick_up_the_orange_juice_and_place_it_in_the_basket,Objects Layout,,,,level3_sample4,,,,
pick_up_the_orange_juice_and_place_it_in_the_basket_level4_sample1,pick_up_the_orange_juice_and_place_it_in_the_basket,Objects Layout,,,,level4_sample1,,,,
pick_up_the_orange_juice_and_place_it_in_the_basket_level4_sample2,pick_up_the_orange_juice_and_place_it_in_the_basket,Objects Layout,,,,level4_sample2,,,,
pick_up_the_orange_juice_and_place_it_in_the_basket_level4_sample3,pick_up_the_orange_juice_and_place_it_in_the_basket,Objects Layout,,,,level4_sample3,,,,
pick_up_the_orange_juice_and_place_it_in_the_basket_level4_sample4,pick_up_the_orange_juice_and_place_it_in_the_basket,Objects Layout,,,,level4_sample4,,,,
pick_up_the_orange_juice_and_place_it_in_the_basket_level5_sample1,pick_up_the_orange_juice_and_place_it_in_the_basket,Objects Layout,,,,level5_sample1,,,,
pick_up_the_orange_juice_and_place_it_in_the_basket_level5_sample2,pick_up_the_orange_juice_and_place_it_in_the_basket,Objects Layout,,,,level5_sample2,,,,
pick_up_the_orange_juice_and_place_it_in_the_basket_level5_sample3,pick_up_the_orange_juice_and_place_it_in_the_basket,Objects Layout,,,,level5_sample3,,,,
pick_up_the_orange_juice_and_place_it_in_the_basket_level5_sample4,pick_up_the_orange_juice_and_place_it_in_the_basket,Objects Layout,,,,level5_sample4,,,,
pick_up_the_orange_juice_and_place_it_in_the_basket_light_10,pick_up_the_orange_juice_and_place_it_in_the_basket,Light Conditions,,,,,light_10,,,
pick_up_the_orange_juice_and_place_it_in_the_basket_light_11,pick_up_the_orange_juice_and_place_it_in_the_basket,Light Conditions,,,,,light_11,,,
pick_up_the_orange_juice_and_place_it_in_the_basket_light_12,pick_up_the_orange_juice_and_place_it_in_the_basket,Light Conditions,,,,,light_12,,,
pick_up_the_orange_juice_and_place_it_in_the_basket_light_13,pick_up_the_orange_juice_and_place_it_in_the_basket,Light Conditions,,,,,light_13,,,
pick_up_the_orange_juice_and_place_it_in_the_basket_light_15,pick_up_the_orange_juice_and_place_it_in_the_basket,Light Conditions,,,,,light_15,,,
pick_up_the_orange_juice_and_place_it_in_the_basket_light_16,pick_up_the_orange_juice_and_place_it_in_the_basket,Light Conditions,,,,,light_16,,,
pick_up_the_orange_juice_and_place_it_in_the_basket_light_17,pick_up_the_orange_juice_and_place_it_in_the_basket,Light Conditions,,,,,light_17,,,
pick_up_the_orange_juice_and_place_it_in_the_basket_light_18,pick_up_the_orange_juice_and_place_it_in_the_basket,Light Conditions,,,,,light_18,,,
pick_up_the_orange_juice_and_place_it_in_the_basket_light_19,pick_up_the_orange_juice_and_place_it_in_the_basket,Light Conditions,,,,,light_19,,,
pick_up_the_orange_juice_and_place_it_in_the_basket_light_2,pick_up_the_orange_juice_and_place_it_in_the_basket,Light Conditions,,,,,light_2,,,
pick_up_the_orange_juice_and_place_it_in_the_basket_light_20,pick_up_the_orange_juice_and_place_it_in_the_basket,Light Conditions,,,,,light_20,,,
pick_up_the_orange_juice_and_place_it_in_the_basket_light_21,pick_up_the_orange_juice_and_place_it_in_the_basket,Light Conditions,,,,,light_21,,,
pick_up_the_orange_juice_and_place_it_in_the_basket_light_22,pick_up_the_orange_juice_and_place_it_in_the_basket,Light Conditions,,,,,light_22,,,
pick_up_the_orange_juice_and_place_it_in_the_basket_light_24,pick_up_the_orange_juice_and_place_it_in_the_basket,Light Conditions,,,,,light_24,,,
pick_up_the_orange_juice_and_place_it_in_the_basket_light_25,pick_up_the_orange_juice_and_place_it_in_the_basket,Light Conditions,,,,,light_25,,,
pick_up_the_orange_juice_and_place_it_in_the_basket_light_26,pick_up_the_orange_juice_and_place_it_in_the_basket,Light Conditions,,,,,light_26,,,
pick_up_the_orange_juice_and_place_it_in_the_basket_light_27,pick_up_the_orange_juice_and_place_it_in_the_basket,Light Conditions,,,,,light_27,,,
pick_up_the_orange_juice_and_place_it_in_the_basket_light_28,pick_up_the_orange_juice_and_place_it_in_the_basket,Light Conditions,,,,,light_28,,,
pick_up_the_orange_juice_and_place_it_in_the_basket_light_29,pick_up_the_orange_juice_and_place_it_in_the_basket,Light Conditions,,,,,light_29,,,
pick_up_the_orange_juice_and_place_it_in_the_basket_light_31,pick_up_the_orange_juice_and_place_it_in_the_basket,Light Conditions,,,,,light_31,,,
pick_up_the_orange_juice_and_place_it_in_the_basket_light_33,pick_up_the_orange_juice_and_place_it_in_the_basket,Light Conditions,,,,,light_33,,,
pick_up_the_orange_juice_and_place_it_in_the_basket_light_35,pick_up_the_orange_juice_and_place_it_in_the_basket,Light Conditions,,,,,light_35,,,
pick_up_the_orange_juice_and_place_it_in_the_basket_light_36,pick_up_the_orange_juice_and_place_it_in_the_basket,Light Conditions,,,,,light_36,,,
pick_up_the_orange_juice_and_place_it_in_the_basket_light_39,pick_up_the_orange_juice_and_place_it_in_the_basket,Light Conditions,,,,,light_39,,,
pick_up_the_orange_juice_and_place_it_in_the_basket_light_41,pick_up_the_orange_juice_and_place_it_in_the_basket,Light Conditions,,,,,light_41,,,
pick_up_the_orange_juice_and_place_it_in_the_basket_light_43,pick_up_the_orange_juice_and_place_it_in_the_basket,Light Conditions,,,,,light_43,,,
pick_up_the_orange_juice_and_place_it_in_the_basket_light_44,pick_up_the_orange_juice_and_place_it_in_the_basket,Light Conditions,,,,,light_44,,,
pick_up_the_orange_juice_and_place_it_in_the_basket_light_46,pick_up_the_orange_juice_and_place_it_in_the_basket,Light Conditions,,,,,light_46,,,
pick_up_the_orange_juice_and_place_it_in_the_basket_light_49,pick_up_the_orange_juice_and_place_it_in_the_basket,Light Conditions,,,,,light_49,,,
pick_up_the_orange_juice_and_place_it_in_the_basket_light_5,pick_up_the_orange_juice_and_place_it_in_the_basket,Light Conditions,,,,,light_5,,,
pick_up_the_orange_juice_and_place_it_in_the_basket_light_50,pick_up_the_orange_juice_and_place_it_in_the_basket,Light Conditions,,,,,light_50,,,
pick_up_the_orange_juice_and_place_it_in_the_basket_light_6,pick_up_the_orange_juice_and_place_it_in_the_basket,Light Conditions,,,,,light_6,,,
pick_up_the_orange_juice_and_place_it_in_the_basket_light_7,pick_up_the_orange_juice_and_place_it_in_the_basket,Light Conditions,,,,,light_7,,,
pick_up_the_orange_juice_and_place_it_in_the_basket_light_8,pick_up_the_orange_juice_and_place_it_in_the_basket,Light Conditions,,,,,light_8,,,
pick_up_the_salad_dressing_and_place_it_in_the_basket_table_1,pick_up_the_salad_dressing_and_place_it_in_the_basket,Background Textures,,,,,,,table_1,
pick_up_the_salad_dressing_and_place_it_in_the_basket_table_15,pick_up_the_salad_dressing_and_place_it_in_the_basket,Background Textures,,,,,,,table_15,
pick_up_the_salad_dressing_and_place_it_in_the_basket_table_2,pick_up_the_salad_dressing_and_place_it_in_the_basket,Background Textures,,,,,,,table_2,
pick_up_the_salad_dressing_and_place_it_in_the_basket_table_21,pick_up_the_salad_dressing_and_place_it_in_the_basket,Background Textures,,,,,,,table_21,
pick_up_the_salad_dressing_and_place_it_in_the_basket_table_22,pick_up_the_salad_dressing_and_place_it_in_the_basket,Background Textures,,,,,,,table_22,
pick_up_the_salad_dressing_and_place_it_in_the_basket_table_23,pick_up_the_salad_dressing_and_place_it_in_the_basket,Background Textures,,,,,,,table_23,
pick_up_the_salad_dressing_and_place_it_in_the_basket_table_3,pick_up_the_salad_dressing_and_place_it_in_the_basket,Background Textures,,,,,,,table_3,
pick_up_the_salad_dressing_and_place_it_in_the_basket_table_4,pick_up_the_salad_dressing_and_place_it_in_the_basket,Background Textures,,,,,,,table_4,
pick_up_the_salad_dressing_and_place_it_in_the_basket_table_6,pick_up_the_salad_dressing_and_place_it_in_the_basket,Background Textures,,,,,,,table_6,
pick_up_the_salad_dressing_and_place_it_in_the_basket_table_7,pick_up_the_salad_dressing_and_place_it_in_the_basket,Background Textures,,,,,,,table_7,
pick_up_the_salad_dressing_and_place_it_in_the_basket_table_9,pick_up_the_salad_dressing_and_place_it_in_the_basket,Background Textures,,,,,,,table_9,
pick_up_the_salad_dressing_and_place_it_in_the_basket_tb_1,pick_up_the_salad_dressing_and_place_it_in_the_basket,Background Textures,,,,,,,tb_1,
pick_up_the_salad_dressing_and_place_it_in_the_basket_tb_12,pick_up_the_salad_dressing_and_place_it_in_the_basket,Background Textures,,,,,,,tb_12,
pick_up_the_salad_dressing_and_place_it_in_the_basket_tb_13,pick_up_the_salad_dressing_and_place_it_in_the_basket,Background Textures,,,,,,,tb_13,
pick_up_the_salad_dressing_and_place_it_in_the_basket_tb_15,pick_up_the_salad_dressing_and_place_it_in_the_basket,Background Textures,,,,,,,tb_15,
pick_up_the_salad_dressing_and_place_it_in_the_basket_tb_16,pick_up_the_salad_dressing_and_place_it_in_the_basket,Background Textures,,,,,,,tb_16,
pick_up_the_salad_dressing_and_place_it_in_the_basket_tb_18,pick_up_the_salad_dressing_and_place_it_in_the_basket,Background Textures,,,,,,,tb_18,
pick_up_the_salad_dressing_and_place_it_in_the_basket_tb_2,pick_up_the_salad_dressing_and_place_it_in_the_basket,Background Textures,,,,,,,tb_2,
pick_up_the_salad_dressing_and_place_it_in_the_basket_tb_23,pick_up_the_salad_dressing_and_place_it_in_the_basket,Background Textures,,,,,,,tb_23,
pick_up_the_salad_dressing_and_place_it_in_the_basket_tb_3,pick_up_the_salad_dressing_and_place_it_in_the_basket,Background Textures,,,,,,,tb_3,
pick_up_the_salad_dressing_and_place_it_in_the_basket_tb_4,pick_up_the_salad_dressing_and_place_it_in_the_basket,Background Textures,,,,,,,tb_4,
pick_up_the_salad_dressing_and_place_it_in_the_basket_tb_5,pick_up_the_salad_dressing_and_place_it_in_the_basket,Background Textures,,,,,,,tb_5,
pick_up_the_salad_dressing_and_place_it_in_the_basket_tb_6,pick_up_the_salad_dressing_and_place_it_in_the_basket,Background Textures,,,,,,,tb_6,
pick_up_the_salad_dressing_and_place_it_in_the_basket_tb_8,pick_up_the_salad_dressing_and_place_it_in_the_basket,Background Textures,,,,,,,tb_8,
pick_up_the_salad_dressing_and_place_it_in_the_basket_tb_9,pick_up_the_salad_dressing_and_place_it_in_the_basket,Background Textures,,,,,,,tb_9,
pick_up_the_salad_dressing_and_place_it_in_the_basket_view_0_0_100_0_0_initstate_3,pick_up_the_salad_dressing_and_place_it_in_the_basket,Robot Initial States,,initstate_3,,,,,,view_0
pick_up_the_salad_dressing_and_place_it_in_the_basket_view_0_0_100_0_0_initstate_23,pick_up_the_salad_dressing_and_place_it_in_the_basket,Robot Initial States,,initstate_23,,,,,,view_0
pick_up_the_salad_dressing_and_place_it_in_the_basket_view_0_0_100_0_0_initstate_63,pick_up_the_salad_dressing_and_place_it_in_the_basket,Robot Initial States,,initstate_63,,,,,,view_0
pick_up_the_salad_dressing_and_place_it_in_the_basket_view_0_0_100_0_0_initstate_73,pick_up_the_salad_dressing_and_place_it_in_the_basket,Robot Initial States,,initstate_73,,,,,,view_0
pick_up_the_salad_dressing_and_place_it_in_the_basket_view_0_0_100_0_0_initstate_83,pick_up_the_salad_dressing_and_place_it_in_the_basket,Robot Initial States,,initstate_83,,,,,,view_0
pick_up_the_salad_dressing_and_place_it_in_the_basket_view_0_0_100_0_0_initstate_103,pick_up_the_salad_dressing_and_place_it_in_the_basket,Robot Initial States,,initstate_103,,,,,,view_0
pick_up_the_salad_dressing_and_place_it_in_the_basket_view_0_0_100_0_0_initstate_113,pick_up_the_salad_dressing_and_place_it_in_the_basket,Robot Initial States,,initstate_113,,,,,,view_0
pick_up_the_salad_dressing_and_place_it_in_the_basket_view_0_0_100_0_0_initstate_123,pick_up_the_salad_dressing_and_place_it_in_the_basket,Robot Initial States,,initstate_123,,,,,,view_0
pick_up_the_salad_dressing_and_place_it_in_the_basket_view_0_0_100_0_0_initstate_133,pick_up_the_salad_dressing_and_place_it_in_the_basket,Robot Initial States,,initstate_133,,,,,,view_0
pick_up_the_salad_dressing_and_place_it_in_the_basket_view_0_0_100_0_0_initstate_153,pick_up_the_salad_dressing_and_place_it_in_the_basket,Robot Initial States,,initstate_153,,,,,,view_0
pick_up_the_salad_dressing_and_place_it_in_the_basket_view_0_0_100_0_0_initstate_163,pick_up_the_salad_dressing_and_place_it_in_the_basket,Robot Initial States,,initstate_163,,,,,,view_0
pick_up_the_salad_dressing_and_place_it_in_the_basket_view_0_0_100_0_0_initstate_173,pick_up_the_salad_dressing_and_place_it_in_the_basket,Robot Initial States,,initstate_173,,,,,,view_0
pick_up_the_salad_dressing_and_place_it_in_the_basket_view_0_0_100_0_0_initstate_183,pick_up_the_salad_dressing_and_place_it_in_the_basket,Robot Initial States,,initstate_183,,,,,,view_0
pick_up_the_salad_dressing_and_place_it_in_the_basket_view_0_0_100_0_0_initstate_203,pick_up_the_salad_dressing_and_place_it_in_the_basket,Robot Initial States,,initstate_203,,,,,,view_0
pick_up_the_salad_dressing_and_place_it_in_the_basket_view_0_0_100_0_0_initstate_213,pick_up_the_salad_dressing_and_place_it_in_the_basket,Robot Initial States,,initstate_213,,,,,,view_0
pick_up_the_salad_dressing_and_place_it_in_the_basket_view_0_0_100_0_0_initstate_223,pick_up_the_salad_dressing_and_place_it_in_the_basket,Robot Initial States,,initstate_223,,,,,,view_0
pick_up_the_salad_dressing_and_place_it_in_the_basket_view_0_0_100_0_0_initstate_233,pick_up_the_salad_dressing_and_place_it_in_the_basket,Robot Initial States,,initstate_233,,,,,,view_0
pick_up_the_salad_dressing_and_place_it_in_the_basket_view_0_0_100_0_0_initstate_243,pick_up_the_salad_dressing_and_place_it_in_the_basket,Robot Initial States,,initstate_243,,,,,,view_0
pick_up_the_salad_dressing_and_place_it_in_the_basket_view_0_0_100_0_0_initstate_263,pick_up_the_salad_dressing_and_place_it_in_the_basket,Robot Initial States,,initstate_263,,,,,,view_0
pick_up_the_salad_dressing_and_place_it_in_the_basket_view_0_0_100_0_0_initstate_273,pick_up_the_salad_dressing_and_place_it_in_the_basket,Robot Initial States,,initstate_273,,,,,,view_0
pick_up_the_salad_dressing_and_place_it_in_the_basket_view_0_0_100_0_0_initstate_283,pick_up_the_salad_dressing_and_place_it_in_the_basket,Robot Initial States,,initstate_283,,,,,,view_0
pick_up_the_salad_dressing_and_place_it_in_the_basket_view_0_0_100_0_0_initstate_293,pick_up_the_salad_dressing_and_place_it_in_the_basket,Robot Initial States,,initstate_293,,,,,,view_0
pick_up_the_salad_dressing_and_place_it_in_the_basket_view_0_0_100_0_0_initstate_303,pick_up_the_salad_dressing_and_place_it_in_the_basket,Robot Initial States,,initstate_303,,,,,,view_0
pick_up_the_salad_dressing_and_place_it_in_the_basket_view_0_0_100_0_0_initstate_313,pick_up_the_salad_dressing_and_place_it_in_the_basket,Robot Initial States,,initstate_313,,,,,,view_0
pick_up_the_salad_dressing_and_place_it_in_the_basket_view_0_0_100_0_0_initstate_323,pick_up_the_salad_dressing_and_place_it_in_the_basket,Robot Initial States,,initstate_323,,,,,,view_0
pick_up_the_salad_dressing_and_place_it_in_the_basket_view_0_0_100_0_0_initstate_333,pick_up_the_salad_dressing_and_place_it_in_the_basket,Robot Initial States,,initstate_333,,,,,,view_0
pick_up_the_salad_dressing_and_place_it_in_the_basket_view_0_0_100_0_0_initstate_343,pick_up_the_salad_dressing_and_place_it_in_the_basket,Robot Initial States,,initstate_343,,,,,,view_0
pick_up_the_salad_dressing_and_place_it_in_the_basket_view_0_0_100_0_0_initstate_353,pick_up_the_salad_dressing_and_place_it_in_the_basket,Robot Initial States,,initstate_353,,,,,,view_0
pick_up_the_salad_dressing_and_place_it_in_the_basket_view_0_0_100_0_0_initstate_363,pick_up_the_salad_dressing_and_place_it_in_the_basket,Robot Initial States,,initstate_363,,,,,,view_0
pick_up_the_salad_dressing_and_place_it_in_the_basket_view_0_0_100_0_0_initstate_373,pick_up_the_salad_dressing_and_place_it_in_the_basket,Robot Initial States,,initstate_373,,,,,,view_0
pick_up_the_salad_dressing_and_place_it_in_the_basket_view_0_0_100_0_0_initstate_393,pick_up_the_salad_dressing_and_place_it_in_the_basket,Robot Initial States,,initstate_393,,,,,,view_0
pick_up_the_salad_dressing_and_place_it_in_the_basket_view_0_0_100_0_0_initstate_403,pick_up_the_salad_dressing_and_place_it_in_the_basket,Robot Initial States,,initstate_403,,,,,,view_0
pick_up_the_salad_dressing_and_place_it_in_the_basket_view_0_0_100_0_0_initstate_413,pick_up_the_salad_dressing_and_place_it_in_the_basket,Robot Initial States,,initstate_413,,,,,,view_0
pick_up_the_salad_dressing_and_place_it_in_the_basket_view_0_0_100_0_0_initstate_423,pick_up_the_salad_dressing_and_place_it_in_the_basket,Robot Initial States,,initstate_423,,,,,,view_0
pick_up_the_salad_dressing_and_place_it_in_the_basket_view_0_0_100_0_0_initstate_443,pick_up_the_salad_dressing_and_place_it_in_the_basket,Robot Initial States,,initstate_443,,,,,,view_0
pick_up_the_salad_dressing_and_place_it_in_the_basket_view_0_0_100_0_0_initstate_453,pick_up_the_salad_dressing_and_place_it_in_the_basket,Robot Initial States,,initstate_453,,,,,,view_0
pick_up_the_salad_dressing_and_place_it_in_the_basket_view_0_0_100_0_0_initstate_463,pick_up_the_salad_dressing_and_place_it_in_the_basket,Robot Initial States,,initstate_463,,,,,,view_0
pick_up_the_salad_dressing_and_place_it_in_the_basket_view_0_0_100_0_0_initstate_473,pick_up_the_salad_dressing_and_place_it_in_the_basket,Robot Initial States,,initstate_473,,,,,,view_0
pick_up_the_salad_dressing_and_place_it_in_the_basket_view_0_0_100_0_0_initstate_483,pick_up_the_salad_dressing_and_place_it_in_the_basket,Robot Initial States,,initstate_483,,,,,,view_0
pick_up_the_salad_dressing_and_place_it_in_the_basket_view_0_0_100_0_0_initstate_493,pick_up_the_salad_dressing_and_place_it_in_the_basket,Robot Initial States,,initstate_493,,,,,,view_0
pick_up_the_salad_dressing_and_place_it_in_the_basket_view_0_0_121_0_0_initstate_0,pick_up_the_salad_dressing_and_place_it_in_the_basket,Camera Viewpoints,,initstate_0,,,,,,view_0
pick_up_the_salad_dressing_and_place_it_in_the_basket_view_0_0_122_0_0_initstate_0,pick_up_the_salad_dressing_and_place_it_in_the_basket,Camera Viewpoints,,initstate_0,,,,,,view_0
pick_up_the_salad_dressing_and_place_it_in_the_basket_view_0_0_123_0_0_initstate_0,pick_up_the_salad_dressing_and_place_it_in_the_basket,Camera Viewpoints,,initstate_0,,,,,,view_0
pick_up_the_salad_dressing_and_place_it_in_the_basket_view_0_0_124_0_0_initstate_0,pick_up_the_salad_dressing_and_place_it_in_the_basket,Camera Viewpoints,,initstate_0,,,,,,view_0
pick_up_the_salad_dressing_and_place_it_in_the_basket_view_0_0_125_0_0_initstate_0,pick_up_the_salad_dressing_and_place_it_in_the_basket,Camera Viewpoints,,initstate_0,,,,,,view_0
pick_up_the_salad_dressing_and_place_it_in_the_basket_view_0_0_126_0_0_initstate_0,pick_up_the_salad_dressing_and_place_it_in_the_basket,Camera Viewpoints,,initstate_0,,,,,,view_0
pick_up_the_salad_dressing_and_place_it_in_the_basket_view_0_0_127_0_0_initstate_0,pick_up_the_salad_dressing_and_place_it_in_the_basket,Camera Viewpoints,,initstate_0,,,,,,view_0
pick_up_the_salad_dressing_and_place_it_in_the_basket_view_0_0_128_0_0_initstate_0,pick_up_the_salad_dressing_and_place_it_in_the_basket,Camera Viewpoints,,initstate_0,,,,,,view_0
pick_up_the_salad_dressing_and_place_it_in_the_basket_view_0_0_129_0_0_initstate_0,pick_up_the_salad_dressing_and_place_it_in_the_basket,Camera Viewpoints,,initstate_0,,,,,,view_0
pick_up_the_salad_dressing_and_place_it_in_the_basket_view_0_0_130_0_0_initstate_0,pick_up_the_salad_dressing_and_place_it_in_the_basket,Camera Viewpoints,,initstate_0,,,,,,view_0
pick_up_the_salad_dressing_and_place_it_in_the_basket_view_0_0_100_6_2_initstate_0,pick_up_the_salad_dressing_and_place_it_in_the_basket,Camera Viewpoints,,initstate_0,,,,,,view_0
pick_up_the_salad_dressing_and_place_it_in_the_basket_view_0_0_100_6_4_initstate_0,pick_up_the_salad_dressing_and_place_it_in_the_basket,Camera Viewpoints,,initstate_0,,,,,,view_0
pick_up_the_salad_dressing_and_place_it_in_the_basket_view_0_0_100_6_6_initstate_0,pick_up_the_salad_dressing_and_place_it_in_the_basket,Camera Viewpoints,,initstate_0,,,,,,view_0
pick_up_the_salad_dressing_and_place_it_in_the_basket_view_0_0_100_6_8_initstate_0,pick_up_the_salad_dressing_and_place_it_in_the_basket,Camera Viewpoints,,initstate_0,,,,,,view_0
pick_up_the_salad_dressing_and_place_it_in_the_basket_view_0_0_100_6_10_initstate_0,pick_up_the_salad_dressing_and_place_it_in_the_basket,Camera Viewpoints,,initstate_0,,,,,,view_0
pick_up_the_salad_dressing_and_place_it_in_the_basket_view_0_0_100_6_350_initstate_0,pick_up_the_salad_dressing_and_place_it_in_the_basket,Camera Viewpoints,,initstate_0,,,,,,view_0
pick_up_the_salad_dressing_and_place_it_in_the_basket_view_0_0_100_6_358_initstate_0,pick_up_the_salad_dressing_and_place_it_in_the_basket,Camera Viewpoints,,initstate_0,,,,,,view_0
pick_up_the_salad_dressing_and_place_it_in_the_basket_view_31_0_100_0_0_initstate_0,pick_up_the_salad_dressing_and_place_it_in_the_basket,Camera Viewpoints,,initstate_0,,,,,,view_31
pick_up_the_salad_dressing_and_place_it_in_the_basket_view_31_15_100_0_0_initstate_0,pick_up_the_salad_dressing_and_place_it_in_the_basket,Camera Viewpoints,,initstate_0,,,,,,view_31
pick_up_the_salad_dressing_and_place_it_in_the_basket_view_32_0_100_0_0_initstate_0,pick_up_the_salad_dressing_and_place_it_in_the_basket,Camera Viewpoints,,initstate_0,,,,,,view_32
pick_up_the_salad_dressing_and_place_it_in_the_basket_view_32_15_100_0_0_initstate_0,pick_up_the_salad_dressing_and_place_it_in_the_basket,Camera Viewpoints,,initstate_0,,,,,,view_32
pick_up_the_salad_dressing_and_place_it_in_the_basket_view_33_0_100_0_0_initstate_0,pick_up_the_salad_dressing_and_place_it_in_the_basket,Camera Viewpoints,,initstate_0,,,,,,view_33
pick_up_the_salad_dressing_and_place_it_in_the_basket_view_33_15_100_0_0_initstate_0,pick_up_the_salad_dressing_and_place_it_in_the_basket,Camera Viewpoints,,initstate_0,,,,,,view_33
pick_up_the_salad_dressing_and_place_it_in_the_basket_view_34_0_100_0_0_initstate_0,pick_up_the_salad_dressing_and_place_it_in_the_basket,Camera Viewpoints,,initstate_0,,,,,,view_34
pick_up_the_salad_dressing_and_place_it_in_the_basket_view_34_15_100_0_0_initstate_0,pick_up_the_salad_dressing_and_place_it_in_the_basket,Camera Viewpoints,,initstate_0,,,,,,view_34
pick_up_the_salad_dressing_and_place_it_in_the_basket_view_35_0_100_0_0_initstate_0,pick_up_the_salad_dressing_and_place_it_in_the_basket,Camera Viewpoints,,initstate_0,,,,,,view_35
pick_up_the_salad_dressing_and_place_it_in_the_basket_view_35_15_100_0_0_initstate_0,pick_up_the_salad_dressing_and_place_it_in_the_basket,Camera Viewpoints,,initstate_0,,,,,,view_35
pick_up_the_salad_dressing_and_place_it_in_the_basket_view_36_0_100_0_0_initstate_0,pick_up_the_salad_dressing_and_place_it_in_the_basket,Camera Viewpoints,,initstate_0,,,,,,view_36
pick_up_the_salad_dressing_and_place_it_in_the_basket_view_36_15_100_0_0_initstate_0,pick_up_the_salad_dressing_and_place_it_in_the_basket,Camera Viewpoints,,initstate_0,,,,,,view_36
pick_up_the_salad_dressing_and_place_it_in_the_basket_view_37_0_100_0_0_initstate_0,pick_up_the_salad_dressing_and_place_it_in_the_basket,Camera Viewpoints,,initstate_0,,,,,,view_37
pick_up_the_salad_dressing_and_place_it_in_the_basket_view_37_15_100_0_0_initstate_0,pick_up_the_salad_dressing_and_place_it_in_the_basket,Camera Viewpoints,,initstate_0,,,,,,view_37
pick_up_the_salad_dressing_and_place_it_in_the_basket_view_38_0_100_0_0_initstate_0,pick_up_the_salad_dressing_and_place_it_in_the_basket,Camera Viewpoints,,initstate_0,,,,,,view_38
pick_up_the_salad_dressing_and_place_it_in_the_basket_view_38_15_100_0_0_initstate_0,pick_up_the_salad_dressing_and_place_it_in_the_basket,Camera Viewpoints,,initstate_0,,,,,,view_38
pick_up_the_salad_dressing_and_place_it_in_the_basket_view_39_0_100_0_0_initstate_0,pick_up_the_salad_dressing_and_place_it_in_the_basket,Camera Viewpoints,,initstate_0,,,,,,view_39
pick_up_the_salad_dressing_and_place_it_in_the_basket_view_39_15_100_0_0_initstate_0,pick_up_the_salad_dressing_and_place_it_in_the_basket,Camera Viewpoints,,initstate_0,,,,,,view_39
pick_up_the_salad_dressing_and_place_it_in_the_basket_view_40_0_100_0_0_initstate_0,pick_up_the_salad_dressing_and_place_it_in_the_basket,Camera Viewpoints,,initstate_0,,,,,,view_40
pick_up_the_salad_dressing_and_place_it_in_the_basket_view_40_15_100_0_0_initstate_0,pick_up_the_salad_dressing_and_place_it_in_the_basket,Camera Viewpoints,,initstate_0,,,,,,view_40
pick_up_the_salad_dressing_and_place_it_in_the_basket_view_41_0_100_0_0_initstate_0,pick_up_the_salad_dressing_and_place_it_in_the_basket,Camera Viewpoints,,initstate_0,,,,,,view_41
pick_up_the_salad_dressing_and_place_it_in_the_basket_view_41_15_100_0_0_initstate_0,pick_up_the_salad_dressing_and_place_it_in_the_basket,Camera Viewpoints,,initstate_0,,,,,,view_41
pick_up_the_salad_dressing_and_place_it_in_the_basket_view_42_0_100_0_0_initstate_0,pick_up_the_salad_dressing_and_place_it_in_the_basket,Camera Viewpoints,,initstate_0,,,,,,view_42
pick_up_the_salad_dressing_and_place_it_in_the_basket_view_42_15_100_0_0_initstate_0,pick_up_the_salad_dressing_and_place_it_in_the_basket,Camera Viewpoints,,initstate_0,,,,,,view_42
pick_up_the_salad_dressing_and_place_it_in_the_basket_view_43_0_100_0_0_initstate_0,pick_up_the_salad_dressing_and_place_it_in_the_basket,Camera Viewpoints,,initstate_0,,,,,,view_43
pick_up_the_salad_dressing_and_place_it_in_the_basket_view_43_15_100_0_0_initstate_0,pick_up_the_salad_dressing_and_place_it_in_the_basket,Camera Viewpoints,,initstate_0,,,,,,view_43
pick_up_the_salad_dressing_and_place_it_in_the_basket_view_44_0_100_0_0_initstate_0,pick_up_the_salad_dressing_and_place_it_in_the_basket,Camera Viewpoints,,initstate_0,,,,,,view_44
pick_up_the_salad_dressing_and_place_it_in_the_basket_view_44_15_100_0_0_initstate_0,pick_up_the_salad_dressing_and_place_it_in_the_basket,Camera Viewpoints,,initstate_0,,,,,,view_44
pick_up_the_salad_dressing_and_place_it_in_the_basket_view_45_0_100_0_0_initstate_0,pick_up_the_salad_dressing_and_place_it_in_the_basket,Camera Viewpoints,,initstate_0,,,,,,view_45
pick_up_the_salad_dressing_and_place_it_in_the_basket_view_45_15_100_0_0_initstate_0,pick_up_the_salad_dressing_and_place_it_in_the_basket,Camera Viewpoints,,initstate_0,,,,,,view_45
pick_up_the_salad_dressing_and_place_it_in_the_basket_language_3_view_0_0_100_0_0_initstate_0,pick_up_the_salad_dressing_and_place_it_in_the_basket,Language Instructions,,initstate_0,language_3,,,,,view_0
pick_up_the_salad_dressing_and_place_it_in_the_basket_language_4_view_0_0_100_0_0_initstate_0,pick_up_the_salad_dressing_and_place_it_in_the_basket,Language Instructions,,initstate_0,language_4,,,,,view_0
pick_up_the_salad_dressing_and_place_it_in_the_basket_language_5_view_0_0_100_0_0_initstate_0,pick_up_the_salad_dressing_and_place_it_in_the_basket,Language Instructions,,initstate_0,language_5,,,,,view_0
pick_up_the_salad_dressing_and_place_it_in_the_basket_language_6_view_0_0_100_0_0_initstate_0,pick_up_the_salad_dressing_and_place_it_in_the_basket,Language Instructions,,initstate_0,language_6,,,,,view_0
pick_up_the_salad_dressing_and_place_it_in_the_basket_language_7_view_0_0_100_0_0_initstate_0,pick_up_the_salad_dressing_and_place_it_in_the_basket,Language Instructions,,initstate_0,language_7,,,,,view_0
pick_up_the_salad_dressing_and_place_it_in_the_basket_language_8_view_0_0_100_0_0_initstate_0,pick_up_the_salad_dressing_and_place_it_in_the_basket,Language Instructions,,initstate_0,language_8,,,,,view_0
pick_up_the_salad_dressing_and_place_it_in_the_basket_language_9_view_0_0_100_0_0_initstate_0,pick_up_the_salad_dressing_and_place_it_in_the_basket,Language Instructions,,initstate_0,language_9,,,,,view_0
pick_up_the_salad_dressing_and_place_it_in_the_basket_language_10_view_0_0_100_0_0_initstate_0,pick_up_the_salad_dressing_and_place_it_in_the_basket,Language Instructions,,initstate_0,language_10,,,,,view_0
pick_up_the_salad_dressing_and_place_it_in_the_basket_language_12_view_0_0_100_0_0_initstate_0,pick_up_the_salad_dressing_and_place_it_in_the_basket,Language Instructions,,initstate_0,language_12,,,,,view_0
pick_up_the_salad_dressing_and_place_it_in_the_basket_language_13_view_0_0_100_0_0_initstate_0,pick_up_the_salad_dressing_and_place_it_in_the_basket,Language Instructions,,initstate_0,language_13,,,,,view_0
pick_up_the_salad_dressing_and_place_it_in_the_basket_language_17_view_0_0_100_0_0_initstate_0,pick_up_the_salad_dressing_and_place_it_in_the_basket,Language Instructions,,initstate_0,language_17,,,,,view_0
pick_up_the_salad_dressing_and_place_it_in_the_basket_language_18_view_0_0_100_0_0_initstate_0,pick_up_the_salad_dressing_and_place_it_in_the_basket,Language Instructions,,initstate_0,language_18,,,,,view_0
pick_up_the_salad_dressing_and_place_it_in_the_basket_language_20_view_0_0_100_0_0_initstate_0,pick_up_the_salad_dressing_and_place_it_in_the_basket,Language Instructions,,initstate_0,language_20,,,,,view_0
pick_up_the_salad_dressing_and_place_it_in_the_basket_language_21_view_0_0_100_0_0_initstate_0,pick_up_the_salad_dressing_and_place_it_in_the_basket,Language Instructions,,initstate_0,language_21,,,,,view_0
pick_up_the_salad_dressing_and_place_it_in_the_basket_language_23_view_0_0_100_0_0_initstate_0,pick_up_the_salad_dressing_and_place_it_in_the_basket,Language Instructions,,initstate_0,language_23,,,,,view_0
pick_up_the_salad_dressing_and_place_it_in_the_basket_language_24_view_0_0_100_0_0_initstate_0,pick_up_the_salad_dressing_and_place_it_in_the_basket,Language Instructions,,initstate_0,language_24,,,,,view_0
pick_up_the_salad_dressing_and_place_it_in_the_basket_language_25_view_0_0_100_0_0_initstate_0,pick_up_the_salad_dressing_and_place_it_in_the_basket,Language Instructions,,initstate_0,language_25,,,,,view_0
pick_up_the_salad_dressing_and_place_it_in_the_basket_language_28_view_0_0_100_0_0_initstate_0,pick_up_the_salad_dressing_and_place_it_in_the_basket,Language Instructions,,initstate_0,language_28,,,,,view_0
pick_up_the_salad_dressing_and_place_it_in_the_basket_language_29_view_0_0_100_0_0_initstate_0,pick_up_the_salad_dressing_and_place_it_in_the_basket,Language Instructions,,initstate_0,language_29,,,,,view_0
pick_up_the_salad_dressing_and_place_it_in_the_basket_language_31_view_0_0_100_0_0_initstate_0,pick_up_the_salad_dressing_and_place_it_in_the_basket,Language Instructions,,initstate_0,language_31,,,,,view_0
pick_up_the_salad_dressing_and_place_it_in_the_basket_language_33_view_0_0_100_0_0_initstate_0,pick_up_the_salad_dressing_and_place_it_in_the_basket,Language Instructions,,initstate_0,language_33,,,,,view_0
pick_up_the_salad_dressing_and_place_it_in_the_basket_language_34_view_0_0_100_0_0_initstate_0,pick_up_the_salad_dressing_and_place_it_in_the_basket,Language Instructions,,initstate_0,language_34,,,,,view_0
pick_up_the_salad_dressing_and_place_it_in_the_basket_language_35_view_0_0_100_0_0_initstate_0,pick_up_the_salad_dressing_and_place_it_in_the_basket,Language Instructions,,initstate_0,language_35,,,,,view_0
pick_up_the_salad_dressing_and_place_it_in_the_basket_language_36_view_0_0_100_0_0_initstate_0,pick_up_the_salad_dressing_and_place_it_in_the_basket,Language Instructions,,initstate_0,language_36,,,,,view_0
pick_up_the_salad_dressing_and_place_it_in_the_basket_language_37_view_0_0_100_0_0_initstate_0,pick_up_the_salad_dressing_and_place_it_in_the_basket,Language Instructions,,initstate_0,language_37,,,,,view_0
pick_up_the_salad_dressing_and_place_it_in_the_basket_language_38_view_0_0_100_0_0_initstate_0,pick_up_the_salad_dressing_and_place_it_in_the_basket,Language Instructions,,initstate_0,language_38,,,,,view_0
pick_up_the_salad_dressing_and_place_it_in_the_basket_language_39_view_0_0_100_0_0_initstate_0,pick_up_the_salad_dressing_and_place_it_in_the_basket,Language Instructions,,initstate_0,language_39,,,,,view_0
pick_up_the_salad_dressing_and_place_it_in_the_basket_language_40_view_0_0_100_0_0_initstate_0,pick_up_the_salad_dressing_and_place_it_in_the_basket,Language Instructions,,initstate_0,language_40,,,,,view_0
pick_up_the_salad_dressing_and_place_it_in_the_basket_language_41_view_0_0_100_0_0_initstate_0,pick_up_the_salad_dressing_and_place_it_in_the_basket,Language Instructions,,initstate_0,language_41,,,,,view_0
pick_up_the_salad_dressing_and_place_it_in_the_basket_language_42_view_0_0_100_0_0_initstate_0,pick_up_the_salad_dressing_and_place_it_in_the_basket,Language Instructions,,initstate_0,language_42,,,,,view_0
pick_up_the_salad_dressing_and_place_it_in_the_basket_language_43_view_0_0_100_0_0_initstate_0,pick_up_the_salad_dressing_and_place_it_in_the_basket,Language Instructions,,initstate_0,language_43,,,,,view_0
pick_up_the_salad_dressing_and_place_it_in_the_basket_language_44_view_0_0_100_0_0_initstate_0,pick_up_the_salad_dressing_and_place_it_in_the_basket,Language Instructions,,initstate_0,language_44,,,,,view_0
pick_up_the_salad_dressing_and_place_it_in_the_basket_language_45_view_0_0_100_0_0_initstate_0,pick_up_the_salad_dressing_and_place_it_in_the_basket,Language Instructions,,initstate_0,language_45,,,,,view_0
pick_up_the_salad_dressing_and_place_it_in_the_basket_language_48_view_0_0_100_0_0_initstate_0,pick_up_the_salad_dressing_and_place_it_in_the_basket,Language Instructions,,initstate_0,language_48,,,,,view_0
pick_up_the_salad_dressing_and_place_it_in_the_basket_language_49_view_0_0_100_0_0_initstate_0,pick_up_the_salad_dressing_and_place_it_in_the_basket,Language Instructions,,initstate_0,language_49,,,,,view_0
pick_up_the_salad_dressing_and_place_it_in_the_basket_language_50_view_0_0_100_0_0_initstate_0,pick_up_the_salad_dressing_and_place_it_in_the_basket,Language Instructions,,initstate_0,language_50,,,,,view_0
pick_up_the_salad_dressing_and_place_it_in_the_basket_view_0_0_100_0_0_initstate_0_noise_1,pick_up_the_salad_dressing_and_place_it_in_the_basket,Sensor Noise,,initstate_0,,,,noise_1,,view_0
pick_up_the_salad_dressing_and_place_it_in_the_basket_view_0_0_100_0_0_initstate_0_noise_2,pick_up_the_salad_dressing_and_place_it_in_the_basket,Sensor Noise,,initstate_0,,,,noise_2,,view_0
pick_up_the_salad_dressing_and_place_it_in_the_basket_view_0_0_100_0_0_initstate_0_noise_3,pick_up_the_salad_dressing_and_place_it_in_the_basket,Sensor Noise,,initstate_0,,,,noise_3,,view_0
pick_up_the_salad_dressing_and_place_it_in_the_basket_view_0_0_100_0_0_initstate_0_noise_4,pick_up_the_salad_dressing_and_place_it_in_the_basket,Sensor Noise,,initstate_0,,,,noise_4,,view_0
pick_up_the_salad_dressing_and_place_it_in_the_basket_view_0_0_100_0_0_initstate_0_noise_5,pick_up_the_salad_dressing_and_place_it_in_the_basket,Sensor Noise,,initstate_0,,,,noise_5,,view_0
pick_up_the_salad_dressing_and_place_it_in_the_basket_view_0_0_100_0_0_initstate_0_noise_6,pick_up_the_salad_dressing_and_place_it_in_the_basket,Sensor Noise,,initstate_0,,,,noise_6,,view_0
pick_up_the_salad_dressing_and_place_it_in_the_basket_view_0_0_100_0_0_initstate_0_noise_7,pick_up_the_salad_dressing_and_place_it_in_the_basket,Sensor Noise,,initstate_0,,,,noise_7,,view_0
pick_up_the_salad_dressing_and_place_it_in_the_basket_view_0_0_100_0_0_initstate_0_noise_8,pick_up_the_salad_dressing_and_place_it_in_the_basket,Sensor Noise,,initstate_0,,,,noise_8,,view_0
pick_up_the_salad_dressing_and_place_it_in_the_basket_view_0_0_100_0_0_initstate_0_noise_9,pick_up_the_salad_dressing_and_place_it_in_the_basket,Sensor Noise,,initstate_0,,,,noise_9,,view_0
pick_up_the_salad_dressing_and_place_it_in_the_basket_view_0_0_100_0_0_initstate_0_noise_12,pick_up_the_salad_dressing_and_place_it_in_the_basket,Sensor Noise,,initstate_0,,,,noise_12,,view_0
pick_up_the_salad_dressing_and_place_it_in_the_basket_view_0_0_100_0_0_initstate_0_noise_13,pick_up_the_salad_dressing_and_place_it_in_the_basket,Sensor Noise,,initstate_0,,,,noise_13,,view_0
pick_up_the_salad_dressing_and_place_it_in_the_basket_view_0_0_100_0_0_initstate_0_noise_14,pick_up_the_salad_dressing_and_place_it_in_the_basket,Sensor Noise,,initstate_0,,,,noise_14,,view_0
pick_up_the_salad_dressing_and_place_it_in_the_basket_view_0_0_100_0_0_initstate_0_noise_15,pick_up_the_salad_dressing_and_place_it_in_the_basket,Sensor Noise,,initstate_0,,,,noise_15,,view_0
pick_up_the_salad_dressing_and_place_it_in_the_basket_view_0_0_100_0_0_initstate_0_noise_16,pick_up_the_salad_dressing_and_place_it_in_the_basket,Sensor Noise,,initstate_0,,,,noise_16,,view_0
pick_up_the_salad_dressing_and_place_it_in_the_basket_view_0_0_100_0_0_initstate_0_noise_17,pick_up_the_salad_dressing_and_place_it_in_the_basket,Sensor Noise,,initstate_0,,,,noise_17,,view_0
pick_up_the_salad_dressing_and_place_it_in_the_basket_view_0_0_100_0_0_initstate_0_noise_19,pick_up_the_salad_dressing_and_place_it_in_the_basket,Sensor Noise,,initstate_0,,,,noise_19,,view_0
pick_up_the_salad_dressing_and_place_it_in_the_basket_view_0_0_100_0_0_initstate_0_noise_20,pick_up_the_salad_dressing_and_place_it_in_the_basket,Sensor Noise,,initstate_0,,,,noise_20,,view_0
pick_up_the_salad_dressing_and_place_it_in_the_basket_view_0_0_100_0_0_initstate_0_noise_24,pick_up_the_salad_dressing_and_place_it_in_the_basket,Sensor Noise,,initstate_0,,,,noise_24,,view_0
pick_up_the_salad_dressing_and_place_it_in_the_basket_view_0_0_100_0_0_initstate_0_noise_25,pick_up_the_salad_dressing_and_place_it_in_the_basket,Sensor Noise,,initstate_0,,,,noise_25,,view_0
pick_up_the_salad_dressing_and_place_it_in_the_basket_view_0_0_100_0_0_initstate_0_noise_26,pick_up_the_salad_dressing_and_place_it_in_the_basket,Sensor Noise,,initstate_0,,,,noise_26,,view_0
pick_up_the_salad_dressing_and_place_it_in_the_basket_view_0_0_100_0_0_initstate_0_noise_27,pick_up_the_salad_dressing_and_place_it_in_the_basket,Sensor Noise,,initstate_0,,,,noise_27,,view_0
pick_up_the_salad_dressing_and_place_it_in_the_basket_view_0_0_100_0_0_initstate_0_noise_28,pick_up_the_salad_dressing_and_place_it_in_the_basket,Sensor Noise,,initstate_0,,,,noise_28,,view_0
pick_up_the_salad_dressing_and_place_it_in_the_basket_view_0_0_100_0_0_initstate_0_noise_29,pick_up_the_salad_dressing_and_place_it_in_the_basket,Sensor Noise,,initstate_0,,,,noise_29,,view_0
pick_up_the_salad_dressing_and_place_it_in_the_basket_view_0_0_100_0_0_initstate_0_noise_30,pick_up_the_salad_dressing_and_place_it_in_the_basket,Sensor Noise,,initstate_0,,,,noise_30,,view_0
pick_up_the_salad_dressing_and_place_it_in_the_basket_view_0_0_100_0_0_initstate_0_noise_33,pick_up_the_salad_dressing_and_place_it_in_the_basket,Sensor Noise,,initstate_0,,,,noise_33,,view_0
pick_up_the_salad_dressing_and_place_it_in_the_basket_view_0_0_100_0_0_initstate_0_noise_34,pick_up_the_salad_dressing_and_place_it_in_the_basket,Sensor Noise,,initstate_0,,,,noise_34,,view_0
pick_up_the_salad_dressing_and_place_it_in_the_basket_view_0_0_100_0_0_initstate_0_noise_35,pick_up_the_salad_dressing_and_place_it_in_the_basket,Sensor Noise,,initstate_0,,,,noise_35,,view_0
pick_up_the_salad_dressing_and_place_it_in_the_basket_view_0_0_100_0_0_initstate_0_noise_36,pick_up_the_salad_dressing_and_place_it_in_the_basket,Sensor Noise,,initstate_0,,,,noise_36,,view_0
pick_up_the_salad_dressing_and_place_it_in_the_basket_view_0_0_100_0_0_initstate_0_noise_37,pick_up_the_salad_dressing_and_place_it_in_the_basket,Sensor Noise,,initstate_0,,,,noise_37,,view_0
pick_up_the_salad_dressing_and_place_it_in_the_basket_view_0_0_100_0_0_initstate_0_noise_38,pick_up_the_salad_dressing_and_place_it_in_the_basket,Sensor Noise,,initstate_0,,,,noise_38,,view_0
pick_up_the_salad_dressing_and_place_it_in_the_basket_view_0_0_100_0_0_initstate_0_noise_39,pick_up_the_salad_dressing_and_place_it_in_the_basket,Sensor Noise,,initstate_0,,,,noise_39,,view_0
pick_up_the_salad_dressing_and_place_it_in_the_basket_view_0_0_100_0_0_initstate_0_noise_40,pick_up_the_salad_dressing_and_place_it_in_the_basket,Sensor Noise,,initstate_0,,,,noise_40,,view_0
pick_up_the_salad_dressing_and_place_it_in_the_basket_view_0_0_100_0_0_initstate_0_noise_41,pick_up_the_salad_dressing_and_place_it_in_the_basket,Sensor Noise,,initstate_0,,,,noise_41,,view_0
pick_up_the_salad_dressing_and_place_it_in_the_basket_view_0_0_100_0_0_initstate_0_noise_42,pick_up_the_salad_dressing_and_place_it_in_the_basket,Sensor Noise,,initstate_0,,,,noise_42,,view_0
pick_up_the_salad_dressing_and_place_it_in_the_basket_view_0_0_100_0_0_initstate_0_noise_43,pick_up_the_salad_dressing_and_place_it_in_the_basket,Sensor Noise,,initstate_0,,,,noise_43,,view_0
pick_up_the_salad_dressing_and_place_it_in_the_basket_view_0_0_100_0_0_initstate_0_noise_44,pick_up_the_salad_dressing_and_place_it_in_the_basket,Sensor Noise,,initstate_0,,,,noise_44,,view_0
pick_up_the_salad_dressing_and_place_it_in_the_basket_view_0_0_100_0_0_initstate_0_noise_45,pick_up_the_salad_dressing_and_place_it_in_the_basket,Sensor Noise,,initstate_0,,,,noise_45,,view_0
pick_up_the_salad_dressing_and_place_it_in_the_basket_view_0_0_100_0_0_initstate_0_noise_46,pick_up_the_salad_dressing_and_place_it_in_the_basket,Sensor Noise,,initstate_0,,,,noise_46,,view_0
pick_up_the_salad_dressing_and_place_it_in_the_basket_view_0_0_100_0_0_initstate_0_noise_47,pick_up_the_salad_dressing_and_place_it_in_the_basket,Sensor Noise,,initstate_0,,,,noise_47,,view_0
pick_up_the_salad_dressing_and_place_it_in_the_basket_view_0_0_100_0_0_initstate_0_noise_48,pick_up_the_salad_dressing_and_place_it_in_the_basket,Sensor Noise,,initstate_0,,,,noise_48,,view_0
pick_up_the_salad_dressing_and_place_it_in_the_basket_view_0_0_100_0_0_initstate_0_noise_49,pick_up_the_salad_dressing_and_place_it_in_the_basket,Sensor Noise,,initstate_0,,,,noise_49,,view_0
pick_up_the_salad_dressing_and_place_it_in_the_basket_view_0_0_100_0_0_initstate_0_noise_50,pick_up_the_salad_dressing_and_place_it_in_the_basket,Sensor Noise,,initstate_0,,,,noise_50,,view_0
pick_up_the_salad_dressing_and_place_it_in_the_basket_add_10,pick_up_the_salad_dressing_and_place_it_in_the_basket,Objects Layout,add_10,,,,,,,
pick_up_the_salad_dressing_and_place_it_in_the_basket_add_12,pick_up_the_salad_dressing_and_place_it_in_the_basket,Objects Layout,add_12,,,,,,,
pick_up_the_salad_dressing_and_place_it_in_the_basket_add_13,pick_up_the_salad_dressing_and_place_it_in_the_basket,Objects Layout,add_13,,,,,,,
pick_up_the_salad_dressing_and_place_it_in_the_basket_add_14,pick_up_the_salad_dressing_and_place_it_in_the_basket,Objects Layout,add_14,,,,,,,
pick_up_the_salad_dressing_and_place_it_in_the_basket_add_15,pick_up_the_salad_dressing_and_place_it_in_the_basket,Objects Layout,add_15,,,,,,,
pick_up_the_salad_dressing_and_place_it_in_the_basket_add_16,pick_up_the_salad_dressing_and_place_it_in_the_basket,Objects Layout,add_16,,,,,,,
pick_up_the_salad_dressing_and_place_it_in_the_basket_add_17,pick_up_the_salad_dressing_and_place_it_in_the_basket,Objects Layout,add_17,,,,,,,
pick_up_the_salad_dressing_and_place_it_in_the_basket_add_18,pick_up_the_salad_dressing_and_place_it_in_the_basket,Objects Layout,add_18,,,,,,,
pick_up_the_salad_dressing_and_place_it_in_the_basket_add_19,pick_up_the_salad_dressing_and_place_it_in_the_basket,Objects Layout,add_19,,,,,,,
pick_up_the_salad_dressing_and_place_it_in_the_basket_add_20,pick_up_the_salad_dressing_and_place_it_in_the_basket,Objects Layout,add_20,,,,,,,
pick_up_the_salad_dressing_and_place_it_in_the_basket_add_21,pick_up_the_salad_dressing_and_place_it_in_the_basket,Objects Layout,add_21,,,,,,,
pick_up_the_salad_dressing_and_place_it_in_the_basket_add_22,pick_up_the_salad_dressing_and_place_it_in_the_basket,Objects Layout,add_22,,,,,,,
pick_up_the_salad_dressing_and_place_it_in_the_basket_add_24,pick_up_the_salad_dressing_and_place_it_in_the_basket,Objects Layout,add_24,,,,,,,
pick_up_the_salad_dressing_and_place_it_in_the_basket_add_25,pick_up_the_salad_dressing_and_place_it_in_the_basket,Objects Layout,add_25,,,,,,,
pick_up_the_salad_dressing_and_place_it_in_the_basket_add_26,pick_up_the_salad_dressing_and_place_it_in_the_basket,Objects Layout,add_26,,,,,,,
pick_up_the_salad_dressing_and_place_it_in_the_basket_add_27,pick_up_the_salad_dressing_and_place_it_in_the_basket,Objects Layout,add_27,,,,,,,
pick_up_the_salad_dressing_and_place_it_in_the_basket_add_28,pick_up_the_salad_dressing_and_place_it_in_the_basket,Objects Layout,add_28,,,,,,,
pick_up_the_salad_dressing_and_place_it_in_the_basket_add_29,pick_up_the_salad_dressing_and_place_it_in_the_basket,Objects Layout,add_29,,,,,,,
pick_up_the_salad_dressing_and_place_it_in_the_basket_add_30,pick_up_the_salad_dressing_and_place_it_in_the_basket,Objects Layout,add_30,,,,,,,
pick_up_the_salad_dressing_and_place_it_in_the_basket_add_4,pick_up_the_salad_dressing_and_place_it_in_the_basket,Objects Layout,add_4,,,,,,,
pick_up_the_salad_dressing_and_place_it_in_the_basket_add_5,pick_up_the_salad_dressing_and_place_it_in_the_basket,Objects Layout,add_5,,,,,,,
pick_up_the_salad_dressing_and_place_it_in_the_basket_add_6,pick_up_the_salad_dressing_and_place_it_in_the_basket,Objects Layout,add_6,,,,,,,
pick_up_the_salad_dressing_and_place_it_in_the_basket_add_7,pick_up_the_salad_dressing_and_place_it_in_the_basket,Objects Layout,add_7,,,,,,,
pick_up_the_salad_dressing_and_place_it_in_the_basket_add_8,pick_up_the_salad_dressing_and_place_it_in_the_basket,Objects Layout,add_8,,,,,,,
pick_up_the_salad_dressing_and_place_it_in_the_basket_add_9,pick_up_the_salad_dressing_and_place_it_in_the_basket,Objects Layout,add_9,,,,,,,
pick_up_the_salad_dressing_and_place_it_in_the_basket_level1_sample1,pick_up_the_salad_dressing_and_place_it_in_the_basket,Objects Layout,,,,level1_sample1,,,,
pick_up_the_salad_dressing_and_place_it_in_the_basket_level1_sample2,pick_up_the_salad_dressing_and_place_it_in_the_basket,Objects Layout,,,,level1_sample2,,,,
pick_up_the_salad_dressing_and_place_it_in_the_basket_level1_sample3,pick_up_the_salad_dressing_and_place_it_in_the_basket,Objects Layout,,,,level1_sample3,,,,
pick_up_the_salad_dressing_and_place_it_in_the_basket_level1_sample4,pick_up_the_salad_dressing_and_place_it_in_the_basket,Objects Layout,,,,level1_sample4,,,,
pick_up_the_salad_dressing_and_place_it_in_the_basket_level2_sample1,pick_up_the_salad_dressing_and_place_it_in_the_basket,Objects Layout,,,,level2_sample1,,,,
pick_up_the_salad_dressing_and_place_it_in_the_basket_level2_sample2,pick_up_the_salad_dressing_and_place_it_in_the_basket,Objects Layout,,,,level2_sample2,,,,
pick_up_the_salad_dressing_and_place_it_in_the_basket_level2_sample4,pick_up_the_salad_dressing_and_place_it_in_the_basket,Objects Layout,,,,level2_sample4,,,,
pick_up_the_salad_dressing_and_place_it_in_the_basket_level3_sample1,pick_up_the_salad_dressing_and_place_it_in_the_basket,Objects Layout,,,,level3_sample1,,,,
pick_up_the_salad_dressing_and_place_it_in_the_basket_level3_sample2,pick_up_the_salad_dressing_and_place_it_in_the_basket,Objects Layout,,,,level3_sample2,,,,
pick_up_the_salad_dressing_and_place_it_in_the_basket_level3_sample3,pick_up_the_salad_dressing_and_place_it_in_the_basket,Objects Layout,,,,level3_sample3,,,,
pick_up_the_salad_dressing_and_place_it_in_the_basket_level4_sample1,pick_up_the_salad_dressing_and_place_it_in_the_basket,Objects Layout,,,,level4_sample1,,,,
pick_up_the_salad_dressing_and_place_it_in_the_basket_level4_sample3,pick_up_the_salad_dressing_and_place_it_in_the_basket,Objects Layout,,,,level4_sample3,,,,
pick_up_the_salad_dressing_and_place_it_in_the_basket_level4_sample4,pick_up_the_salad_dressing_and_place_it_in_the_basket,Objects Layout,,,,level4_sample4,,,,
pick_up_the_salad_dressing_and_place_it_in_the_basket_level5_sample1,pick_up_the_salad_dressing_and_place_it_in_the_basket,Objects Layout,,,,level5_sample1,,,,
pick_up_the_salad_dressing_and_place_it_in_the_basket_level5_sample2,pick_up_the_salad_dressing_and_place_it_in_the_basket,Objects Layout,,,,level5_sample2,,,,
pick_up_the_salad_dressing_and_place_it_in_the_basket_level5_sample3,pick_up_the_salad_dressing_and_place_it_in_the_basket,Objects Layout,,,,level5_sample3,,,,
pick_up_the_salad_dressing_and_place_it_in_the_basket_level5_sample4,pick_up_the_salad_dressing_and_place_it_in_the_basket,Objects Layout,,,,level5_sample4,,,,
pick_up_the_salad_dressing_and_place_it_in_the_basket_light_10,pick_up_the_salad_dressing_and_place_it_in_the_basket,Light Conditions,,,,,light_10,,,
pick_up_the_salad_dressing_and_place_it_in_the_basket_light_11,pick_up_the_salad_dressing_and_place_it_in_the_basket,Light Conditions,,,,,light_11,,,
pick_up_the_salad_dressing_and_place_it_in_the_basket_light_13,pick_up_the_salad_dressing_and_place_it_in_the_basket,Light Conditions,,,,,light_13,,,
pick_up_the_salad_dressing_and_place_it_in_the_basket_light_14,pick_up_the_salad_dressing_and_place_it_in_the_basket,Light Conditions,,,,,light_14,,,
pick_up_the_salad_dressing_and_place_it_in_the_basket_light_15,pick_up_the_salad_dressing_and_place_it_in_the_basket,Light Conditions,,,,,light_15,,,
pick_up_the_salad_dressing_and_place_it_in_the_basket_light_16,pick_up_the_salad_dressing_and_place_it_in_the_basket,Light Conditions,,,,,light_16,,,
pick_up_the_salad_dressing_and_place_it_in_the_basket_light_18,pick_up_the_salad_dressing_and_place_it_in_the_basket,Light Conditions,,,,,light_18,,,
pick_up_the_salad_dressing_and_place_it_in_the_basket_light_19,pick_up_the_salad_dressing_and_place_it_in_the_basket,Light Conditions,,,,,light_19,,,
pick_up_the_salad_dressing_and_place_it_in_the_basket_light_2,pick_up_the_salad_dressing_and_place_it_in_the_basket,Light Conditions,,,,,light_2,,,
pick_up_the_salad_dressing_and_place_it_in_the_basket_light_21,pick_up_the_salad_dressing_and_place_it_in_the_basket,Light Conditions,,,,,light_21,,,
pick_up_the_salad_dressing_and_place_it_in_the_basket_light_22,pick_up_the_salad_dressing_and_place_it_in_the_basket,Light Conditions,,,,,light_22,,,
pick_up_the_salad_dressing_and_place_it_in_the_basket_light_23,pick_up_the_salad_dressing_and_place_it_in_the_basket,Light Conditions,,,,,light_23,,,
pick_up_the_salad_dressing_and_place_it_in_the_basket_light_3,pick_up_the_salad_dressing_and_place_it_in_the_basket,Light Conditions,,,,,light_3,,,
pick_up_the_salad_dressing_and_place_it_in_the_basket_light_30,pick_up_the_salad_dressing_and_place_it_in_the_basket,Light Conditions,,,,,light_30,,,
pick_up_the_salad_dressing_and_place_it_in_the_basket_light_32,pick_up_the_salad_dressing_and_place_it_in_the_basket,Light Conditions,,,,,light_32,,,
pick_up_the_salad_dressing_and_place_it_in_the_basket_light_33,pick_up_the_salad_dressing_and_place_it_in_the_basket,Light Conditions,,,,,light_33,,,
pick_up_the_salad_dressing_and_place_it_in_the_basket_light_34,pick_up_the_salad_dressing_and_place_it_in_the_basket,Light Conditions,,,,,light_34,,,
pick_up_the_salad_dressing_and_place_it_in_the_basket_light_35,pick_up_the_salad_dressing_and_place_it_in_the_basket,Light Conditions,,,,,light_35,,,
pick_up_the_salad_dressing_and_place_it_in_the_basket_light_36,pick_up_the_salad_dressing_and_place_it_in_the_basket,Light Conditions,,,,,light_36,,,
pick_up_the_salad_dressing_and_place_it_in_the_basket_light_37,pick_up_the_salad_dressing_and_place_it_in_the_basket,Light Conditions,,,,,light_37,,,
pick_up_the_salad_dressing_and_place_it_in_the_basket_light_38,pick_up_the_salad_dressing_and_place_it_in_the_basket,Light Conditions,,,,,light_38,,,
pick_up_the_salad_dressing_and_place_it_in_the_basket_light_39,pick_up_the_salad_dressing_and_place_it_in_the_basket,Light Conditions,,,,,light_39,,,
pick_up_the_salad_dressing_and_place_it_in_the_basket_light_4,pick_up_the_salad_dressing_and_place_it_in_the_basket,Light Conditions,,,,,light_4,,,
pick_up_the_salad_dressing_and_place_it_in_the_basket_light_40,pick_up_the_salad_dressing_and_place_it_in_the_basket,Light Conditions,,,,,light_40,,,
pick_up_the_salad_dressing_and_place_it_in_the_basket_light_43,pick_up_the_salad_dressing_and_place_it_in_the_basket,Light Conditions,,,,,light_43,,,
pick_up_the_salad_dressing_and_place_it_in_the_basket_light_44,pick_up_the_salad_dressing_and_place_it_in_the_basket,Light Conditions,,,,,light_44,,,
pick_up_the_salad_dressing_and_place_it_in_the_basket_light_45,pick_up_the_salad_dressing_and_place_it_in_the_basket,Light Conditions,,,,,light_45,,,
pick_up_the_salad_dressing_and_place_it_in_the_basket_light_48,pick_up_the_salad_dressing_and_place_it_in_the_basket,Light Conditions,,,,,light_48,,,
pick_up_the_salad_dressing_and_place_it_in_the_basket_light_49,pick_up_the_salad_dressing_and_place_it_in_the_basket,Light Conditions,,,,,light_49,,,
pick_up_the_salad_dressing_and_place_it_in_the_basket_light_5,pick_up_the_salad_dressing_and_place_it_in_the_basket,Light Conditions,,,,,light_5,,,
pick_up_the_salad_dressing_and_place_it_in_the_basket_light_50,pick_up_the_salad_dressing_and_place_it_in_the_basket,Light Conditions,,,,,light_50,,,
pick_up_the_salad_dressing_and_place_it_in_the_basket_light_8,pick_up_the_salad_dressing_and_place_it_in_the_basket,Light Conditions,,,,,light_8,,,
pick_up_the_tomato_sauce_and_place_it_in_the_basket_table_1,pick_up_the_tomato_sauce_and_place_it_in_the_basket,Background Textures,,,,,,,table_1,
pick_up_the_tomato_sauce_and_place_it_in_the_basket_table_14,pick_up_the_tomato_sauce_and_place_it_in_the_basket,Background Textures,,,,,,,table_14,
pick_up_the_tomato_sauce_and_place_it_in_the_basket_table_17,pick_up_the_tomato_sauce_and_place_it_in_the_basket,Background Textures,,,,,,,table_17,
pick_up_the_tomato_sauce_and_place_it_in_the_basket_table_2,pick_up_the_tomato_sauce_and_place_it_in_the_basket,Background Textures,,,,,,,table_2,
pick_up_the_tomato_sauce_and_place_it_in_the_basket_table_23,pick_up_the_tomato_sauce_and_place_it_in_the_basket,Background Textures,,,,,,,table_23,
pick_up_the_tomato_sauce_and_place_it_in_the_basket_table_27,pick_up_the_tomato_sauce_and_place_it_in_the_basket,Background Textures,,,,,,,table_27,
pick_up_the_tomato_sauce_and_place_it_in_the_basket_table_28,pick_up_the_tomato_sauce_and_place_it_in_the_basket,Background Textures,,,,,,,table_28,
pick_up_the_tomato_sauce_and_place_it_in_the_basket_table_3,pick_up_the_tomato_sauce_and_place_it_in_the_basket,Background Textures,,,,,,,table_3,
pick_up_the_tomato_sauce_and_place_it_in_the_basket_table_4,pick_up_the_tomato_sauce_and_place_it_in_the_basket,Background Textures,,,,,,,table_4,
pick_up_the_tomato_sauce_and_place_it_in_the_basket_tb_1,pick_up_the_tomato_sauce_and_place_it_in_the_basket,Background Textures,,,,,,,tb_1,
pick_up_the_tomato_sauce_and_place_it_in_the_basket_tb_12,pick_up_the_tomato_sauce_and_place_it_in_the_basket,Background Textures,,,,,,,tb_12,
pick_up_the_tomato_sauce_and_place_it_in_the_basket_tb_2,pick_up_the_tomato_sauce_and_place_it_in_the_basket,Background Textures,,,,,,,tb_2,
pick_up_the_tomato_sauce_and_place_it_in_the_basket_tb_6,pick_up_the_tomato_sauce_and_place_it_in_the_basket,Background Textures,,,,,,,tb_6,
pick_up_the_tomato_sauce_and_place_it_in_the_basket_view_0_0_100_0_0_initstate_6,pick_up_the_tomato_sauce_and_place_it_in_the_basket,Robot Initial States,,initstate_6,,,,,,view_0
pick_up_the_tomato_sauce_and_place_it_in_the_basket_view_0_0_100_0_0_initstate_16,pick_up_the_tomato_sauce_and_place_it_in_the_basket,Robot Initial States,,initstate_16,,,,,,view_0
pick_up_the_tomato_sauce_and_place_it_in_the_basket_view_0_0_100_0_0_initstate_106,pick_up_the_tomato_sauce_and_place_it_in_the_basket,Robot Initial States,,initstate_106,,,,,,view_0
pick_up_the_tomato_sauce_and_place_it_in_the_basket_view_0_0_100_0_0_initstate_126,pick_up_the_tomato_sauce_and_place_it_in_the_basket,Robot Initial States,,initstate_126,,,,,,view_0
pick_up_the_tomato_sauce_and_place_it_in_the_basket_view_0_0_100_0_0_initstate_136,pick_up_the_tomato_sauce_and_place_it_in_the_basket,Robot Initial States,,initstate_136,,,,,,view_0
pick_up_the_tomato_sauce_and_place_it_in_the_basket_view_0_0_100_0_0_initstate_146,pick_up_the_tomato_sauce_and_place_it_in_the_basket,Robot Initial States,,initstate_146,,,,,,view_0
pick_up_the_tomato_sauce_and_place_it_in_the_basket_view_0_0_100_0_0_initstate_156,pick_up_the_tomato_sauce_and_place_it_in_the_basket,Robot Initial States,,initstate_156,,,,,,view_0
pick_up_the_tomato_sauce_and_place_it_in_the_basket_view_0_0_100_0_0_initstate_176,pick_up_the_tomato_sauce_and_place_it_in_the_basket,Robot Initial States,,initstate_176,,,,,,view_0
pick_up_the_tomato_sauce_and_place_it_in_the_basket_view_0_0_100_0_0_initstate_186,pick_up_the_tomato_sauce_and_place_it_in_the_basket,Robot Initial States,,initstate_186,,,,,,view_0
pick_up_the_tomato_sauce_and_place_it_in_the_basket_view_0_0_100_0_0_initstate_196,pick_up_the_tomato_sauce_and_place_it_in_the_basket,Robot Initial States,,initstate_196,,,,,,view_0
pick_up_the_tomato_sauce_and_place_it_in_the_basket_view_0_0_100_0_0_initstate_206,pick_up_the_tomato_sauce_and_place_it_in_the_basket,Robot Initial States,,initstate_206,,,,,,view_0
pick_up_the_tomato_sauce_and_place_it_in_the_basket_view_0_0_100_0_0_initstate_216,pick_up_the_tomato_sauce_and_place_it_in_the_basket,Robot Initial States,,initstate_216,,,,,,view_0
pick_up_the_tomato_sauce_and_place_it_in_the_basket_view_0_0_100_0_0_initstate_226,pick_up_the_tomato_sauce_and_place_it_in_the_basket,Robot Initial States,,initstate_226,,,,,,view_0
pick_up_the_tomato_sauce_and_place_it_in_the_basket_view_0_0_100_0_0_initstate_236,pick_up_the_tomato_sauce_and_place_it_in_the_basket,Robot Initial States,,initstate_236,,,,,,view_0
pick_up_the_tomato_sauce_and_place_it_in_the_basket_view_0_0_100_0_0_initstate_246,pick_up_the_tomato_sauce_and_place_it_in_the_basket,Robot Initial States,,initstate_246,,,,,,view_0
pick_up_the_tomato_sauce_and_place_it_in_the_basket_view_0_0_100_0_0_initstate_256,pick_up_the_tomato_sauce_and_place_it_in_the_basket,Robot Initial States,,initstate_256,,,,,,view_0
pick_up_the_tomato_sauce_and_place_it_in_the_basket_view_0_0_100_0_0_initstate_266,pick_up_the_tomato_sauce_and_place_it_in_the_basket,Robot Initial States,,initstate_266,,,,,,view_0
pick_up_the_tomato_sauce_and_place_it_in_the_basket_view_0_0_100_0_0_initstate_276,pick_up_the_tomato_sauce_and_place_it_in_the_basket,Robot Initial States,,initstate_276,,,,,,view_0
pick_up_the_tomato_sauce_and_place_it_in_the_basket_view_0_0_100_0_0_initstate_286,pick_up_the_tomato_sauce_and_place_it_in_the_basket,Robot Initial States,,initstate_286,,,,,,view_0
pick_up_the_tomato_sauce_and_place_it_in_the_basket_view_0_0_100_0_0_initstate_296,pick_up_the_tomato_sauce_and_place_it_in_the_basket,Robot Initial States,,initstate_296,,,,,,view_0
pick_up_the_tomato_sauce_and_place_it_in_the_basket_view_0_0_100_0_0_initstate_306,pick_up_the_tomato_sauce_and_place_it_in_the_basket,Robot Initial States,,initstate_306,,,,,,view_0
pick_up_the_tomato_sauce_and_place_it_in_the_basket_view_0_0_100_0_0_initstate_316,pick_up_the_tomato_sauce_and_place_it_in_the_basket,Robot Initial States,,initstate_316,,,,,,view_0
pick_up_the_tomato_sauce_and_place_it_in_the_basket_view_0_0_100_0_0_initstate_326,pick_up_the_tomato_sauce_and_place_it_in_the_basket,Robot Initial States,,initstate_326,,,,,,view_0
pick_up_the_tomato_sauce_and_place_it_in_the_basket_view_0_0_100_0_0_initstate_346,pick_up_the_tomato_sauce_and_place_it_in_the_basket,Robot Initial States,,initstate_346,,,,,,view_0
pick_up_the_tomato_sauce_and_place_it_in_the_basket_view_0_0_100_0_0_initstate_356,pick_up_the_tomato_sauce_and_place_it_in_the_basket,Robot Initial States,,initstate_356,,,,,,view_0
pick_up_the_tomato_sauce_and_place_it_in_the_basket_view_0_0_100_0_0_initstate_366,pick_up_the_tomato_sauce_and_place_it_in_the_basket,Robot Initial States,,initstate_366,,,,,,view_0
pick_up_the_tomato_sauce_and_place_it_in_the_basket_view_0_0_100_0_0_initstate_376,pick_up_the_tomato_sauce_and_place_it_in_the_basket,Robot Initial States,,initstate_376,,,,,,view_0
pick_up_the_tomato_sauce_and_place_it_in_the_basket_view_0_0_100_0_0_initstate_386,pick_up_the_tomato_sauce_and_place_it_in_the_basket,Robot Initial States,,initstate_386,,,,,,view_0
pick_up_the_tomato_sauce_and_place_it_in_the_basket_view_0_0_100_0_0_initstate_396,pick_up_the_tomato_sauce_and_place_it_in_the_basket,Robot Initial States,,initstate_396,,,,,,view_0
pick_up_the_tomato_sauce_and_place_it_in_the_basket_view_0_0_100_0_0_initstate_406,pick_up_the_tomato_sauce_and_place_it_in_the_basket,Robot Initial States,,initstate_406,,,,,,view_0
pick_up_the_tomato_sauce_and_place_it_in_the_basket_view_0_0_100_0_0_initstate_416,pick_up_the_tomato_sauce_and_place_it_in_the_basket,Robot Initial States,,initstate_416,,,,,,view_0
pick_up_the_tomato_sauce_and_place_it_in_the_basket_view_0_0_100_0_0_initstate_426,pick_up_the_tomato_sauce_and_place_it_in_the_basket,Robot Initial States,,initstate_426,,,,,,view_0
pick_up_the_tomato_sauce_and_place_it_in_the_basket_view_0_0_100_0_0_initstate_436,pick_up_the_tomato_sauce_and_place_it_in_the_basket,Robot Initial States,,initstate_436,,,,,,view_0
pick_up_the_tomato_sauce_and_place_it_in_the_basket_view_0_0_100_0_0_initstate_446,pick_up_the_tomato_sauce_and_place_it_in_the_basket,Robot Initial States,,initstate_446,,,,,,view_0
pick_up_the_tomato_sauce_and_place_it_in_the_basket_view_0_0_100_0_0_initstate_456,pick_up_the_tomato_sauce_and_place_it_in_the_basket,Robot Initial States,,initstate_456,,,,,,view_0
pick_up_the_tomato_sauce_and_place_it_in_the_basket_view_0_0_100_0_0_initstate_466,pick_up_the_tomato_sauce_and_place_it_in_the_basket,Robot Initial States,,initstate_466,,,,,,view_0
pick_up_the_tomato_sauce_and_place_it_in_the_basket_view_0_0_100_0_0_initstate_476,pick_up_the_tomato_sauce_and_place_it_in_the_basket,Robot Initial States,,initstate_476,,,,,,view_0
pick_up_the_tomato_sauce_and_place_it_in_the_basket_view_0_0_100_0_0_initstate_496,pick_up_the_tomato_sauce_and_place_it_in_the_basket,Robot Initial States,,initstate_496,,,,,,view_0
pick_up_the_tomato_sauce_and_place_it_in_the_basket_view_0_0_151_0_0_initstate_0,pick_up_the_tomato_sauce_and_place_it_in_the_basket,Camera Viewpoints,,initstate_0,,,,,,view_0
pick_up_the_tomato_sauce_and_place_it_in_the_basket_view_0_0_152_0_0_initstate_0,pick_up_the_tomato_sauce_and_place_it_in_the_basket,Camera Viewpoints,,initstate_0,,,,,,view_0
pick_up_the_tomato_sauce_and_place_it_in_the_basket_view_0_0_153_0_0_initstate_0,pick_up_the_tomato_sauce_and_place_it_in_the_basket,Camera Viewpoints,,initstate_0,,,,,,view_0
pick_up_the_tomato_sauce_and_place_it_in_the_basket_view_0_0_154_0_0_initstate_0,pick_up_the_tomato_sauce_and_place_it_in_the_basket,Camera Viewpoints,,initstate_0,,,,,,view_0
pick_up_the_tomato_sauce_and_place_it_in_the_basket_view_0_0_155_0_0_initstate_0,pick_up_the_tomato_sauce_and_place_it_in_the_basket,Camera Viewpoints,,initstate_0,,,,,,view_0
pick_up_the_tomato_sauce_and_place_it_in_the_basket_view_0_0_156_0_0_initstate_0,pick_up_the_tomato_sauce_and_place_it_in_the_basket,Camera Viewpoints,,initstate_0,,,,,,view_0
pick_up_the_tomato_sauce_and_place_it_in_the_basket_view_0_0_157_0_0_initstate_0,pick_up_the_tomato_sauce_and_place_it_in_the_basket,Camera Viewpoints,,initstate_0,,,,,,view_0
pick_up_the_tomato_sauce_and_place_it_in_the_basket_view_0_0_158_0_0_initstate_0,pick_up_the_tomato_sauce_and_place_it_in_the_basket,Camera Viewpoints,,initstate_0,,,,,,view_0
pick_up_the_tomato_sauce_and_place_it_in_the_basket_view_0_0_159_0_0_initstate_0,pick_up_the_tomato_sauce_and_place_it_in_the_basket,Camera Viewpoints,,initstate_0,,,,,,view_0
pick_up_the_tomato_sauce_and_place_it_in_the_basket_view_0_0_160_0_0_initstate_0,pick_up_the_tomato_sauce_and_place_it_in_the_basket,Camera Viewpoints,,initstate_0,,,,,,view_0
pick_up_the_tomato_sauce_and_place_it_in_the_basket_view_0_0_100_350_2_initstate_0,pick_up_the_tomato_sauce_and_place_it_in_the_basket,Camera Viewpoints,,initstate_0,,,,,,view_0
pick_up_the_tomato_sauce_and_place_it_in_the_basket_view_0_0_100_350_4_initstate_0,pick_up_the_tomato_sauce_and_place_it_in_the_basket,Camera Viewpoints,,initstate_0,,,,,,view_0
pick_up_the_tomato_sauce_and_place_it_in_the_basket_view_0_0_100_350_6_initstate_0,pick_up_the_tomato_sauce_and_place_it_in_the_basket,Camera Viewpoints,,initstate_0,,,,,,view_0
pick_up_the_tomato_sauce_and_place_it_in_the_basket_view_0_0_100_350_8_initstate_0,pick_up_the_tomato_sauce_and_place_it_in_the_basket,Camera Viewpoints,,initstate_0,,,,,,view_0
pick_up_the_tomato_sauce_and_place_it_in_the_basket_view_0_0_100_350_10_initstate_0,pick_up_the_tomato_sauce_and_place_it_in_the_basket,Camera Viewpoints,,initstate_0,,,,,,view_0
pick_up_the_tomato_sauce_and_place_it_in_the_basket_view_0_0_100_350_350_initstate_0,pick_up_the_tomato_sauce_and_place_it_in_the_basket,Camera Viewpoints,,initstate_0,,,,,,view_0
pick_up_the_tomato_sauce_and_place_it_in_the_basket_view_0_0_100_350_352_initstate_0,pick_up_the_tomato_sauce_and_place_it_in_the_basket,Camera Viewpoints,,initstate_0,,,,,,view_0
pick_up_the_tomato_sauce_and_place_it_in_the_basket_view_0_0_100_350_354_initstate_0,pick_up_the_tomato_sauce_and_place_it_in_the_basket,Camera Viewpoints,,initstate_0,,,,,,view_0
pick_up_the_tomato_sauce_and_place_it_in_the_basket_view_0_0_100_350_356_initstate_0,pick_up_the_tomato_sauce_and_place_it_in_the_basket,Camera Viewpoints,,initstate_0,,,,,,view_0
pick_up_the_tomato_sauce_and_place_it_in_the_basket_view_0_0_100_350_358_initstate_0,pick_up_the_tomato_sauce_and_place_it_in_the_basket,Camera Viewpoints,,initstate_0,,,,,,view_0
pick_up_the_tomato_sauce_and_place_it_in_the_basket_view_285_0_100_0_0_initstate_0,pick_up_the_tomato_sauce_and_place_it_in_the_basket,Camera Viewpoints,,initstate_0,,,,,,view_285
pick_up_the_tomato_sauce_and_place_it_in_the_basket_view_285_15_100_0_0_initstate_0,pick_up_the_tomato_sauce_and_place_it_in_the_basket,Camera Viewpoints,,initstate_0,,,,,,view_285
pick_up_the_tomato_sauce_and_place_it_in_the_basket_view_286_0_100_0_0_initstate_0,pick_up_the_tomato_sauce_and_place_it_in_the_basket,Camera Viewpoints,,initstate_0,,,,,,view_286
pick_up_the_tomato_sauce_and_place_it_in_the_basket_view_286_15_100_0_0_initstate_0,pick_up_the_tomato_sauce_and_place_it_in_the_basket,Camera Viewpoints,,initstate_0,,,,,,view_286
pick_up_the_tomato_sauce_and_place_it_in_the_basket_view_287_0_100_0_0_initstate_0,pick_up_the_tomato_sauce_and_place_it_in_the_basket,Camera Viewpoints,,initstate_0,,,,,,view_287
pick_up_the_tomato_sauce_and_place_it_in_the_basket_view_287_15_100_0_0_initstate_0,pick_up_the_tomato_sauce_and_place_it_in_the_basket,Camera Viewpoints,,initstate_0,,,,,,view_287
pick_up_the_tomato_sauce_and_place_it_in_the_basket_view_288_0_100_0_0_initstate_0,pick_up_the_tomato_sauce_and_place_it_in_the_basket,Camera Viewpoints,,initstate_0,,,,,,view_288
pick_up_the_tomato_sauce_and_place_it_in_the_basket_view_288_15_100_0_0_initstate_0,pick_up_the_tomato_sauce_and_place_it_in_the_basket,Camera Viewpoints,,initstate_0,,,,,,view_288
pick_up_the_tomato_sauce_and_place_it_in_the_basket_view_289_0_100_0_0_initstate_0,pick_up_the_tomato_sauce_and_place_it_in_the_basket,Camera Viewpoints,,initstate_0,,,,,,view_289
pick_up_the_tomato_sauce_and_place_it_in_the_basket_view_289_15_100_0_0_initstate_0,pick_up_the_tomato_sauce_and_place_it_in_the_basket,Camera Viewpoints,,initstate_0,,,,,,view_289
pick_up_the_tomato_sauce_and_place_it_in_the_basket_view_290_0_100_0_0_initstate_0,pick_up_the_tomato_sauce_and_place_it_in_the_basket,Camera Viewpoints,,initstate_0,,,,,,view_290
pick_up_the_tomato_sauce_and_place_it_in_the_basket_view_290_15_100_0_0_initstate_0,pick_up_the_tomato_sauce_and_place_it_in_the_basket,Camera Viewpoints,,initstate_0,,,,,,view_290
pick_up_the_tomato_sauce_and_place_it_in_the_basket_view_291_0_100_0_0_initstate_0,pick_up_the_tomato_sauce_and_place_it_in_the_basket,Camera Viewpoints,,initstate_0,,,,,,view_291
pick_up_the_tomato_sauce_and_place_it_in_the_basket_view_291_15_100_0_0_initstate_0,pick_up_the_tomato_sauce_and_place_it_in_the_basket,Camera Viewpoints,,initstate_0,,,,,,view_291
pick_up_the_tomato_sauce_and_place_it_in_the_basket_view_292_0_100_0_0_initstate_0,pick_up_the_tomato_sauce_and_place_it_in_the_basket,Camera Viewpoints,,initstate_0,,,,,,view_292
pick_up_the_tomato_sauce_and_place_it_in_the_basket_view_292_15_100_0_0_initstate_0,pick_up_the_tomato_sauce_and_place_it_in_the_basket,Camera Viewpoints,,initstate_0,,,,,,view_292
pick_up_the_tomato_sauce_and_place_it_in_the_basket_view_293_0_100_0_0_initstate_0,pick_up_the_tomato_sauce_and_place_it_in_the_basket,Camera Viewpoints,,initstate_0,,,,,,view_293
pick_up_the_tomato_sauce_and_place_it_in_the_basket_view_293_15_100_0_0_initstate_0,pick_up_the_tomato_sauce_and_place_it_in_the_basket,Camera Viewpoints,,initstate_0,,,,,,view_293
pick_up_the_tomato_sauce_and_place_it_in_the_basket_view_294_0_100_0_0_initstate_0,pick_up_the_tomato_sauce_and_place_it_in_the_basket,Camera Viewpoints,,initstate_0,,,,,,view_294
pick_up_the_tomato_sauce_and_place_it_in_the_basket_view_294_15_100_0_0_initstate_0,pick_up_the_tomato_sauce_and_place_it_in_the_basket,Camera Viewpoints,,initstate_0,,,,,,view_294
pick_up_the_tomato_sauce_and_place_it_in_the_basket_view_295_0_100_0_0_initstate_0,pick_up_the_tomato_sauce_and_place_it_in_the_basket,Camera Viewpoints,,initstate_0,,,,,,view_295
pick_up_the_tomato_sauce_and_place_it_in_the_basket_view_295_15_100_0_0_initstate_0,pick_up_the_tomato_sauce_and_place_it_in_the_basket,Camera Viewpoints,,initstate_0,,,,,,view_295
pick_up_the_tomato_sauce_and_place_it_in_the_basket_view_296_0_100_0_0_initstate_0,pick_up_the_tomato_sauce_and_place_it_in_the_basket,Camera Viewpoints,,initstate_0,,,,,,view_296
pick_up_the_tomato_sauce_and_place_it_in_the_basket_view_296_15_100_0_0_initstate_0,pick_up_the_tomato_sauce_and_place_it_in_the_basket,Camera Viewpoints,,initstate_0,,,,,,view_296
pick_up_the_tomato_sauce_and_place_it_in_the_basket_view_297_0_100_0_0_initstate_0,pick_up_the_tomato_sauce_and_place_it_in_the_basket,Camera Viewpoints,,initstate_0,,,,,,view_297
pick_up_the_tomato_sauce_and_place_it_in_the_basket_view_297_15_100_0_0_initstate_0,pick_up_the_tomato_sauce_and_place_it_in_the_basket,Camera Viewpoints,,initstate_0,,,,,,view_297
pick_up_the_tomato_sauce_and_place_it_in_the_basket_view_298_0_100_0_0_initstate_0,pick_up_the_tomato_sauce_and_place_it_in_the_basket,Camera Viewpoints,,initstate_0,,,,,,view_298
pick_up_the_tomato_sauce_and_place_it_in_the_basket_view_298_15_100_0_0_initstate_0,pick_up_the_tomato_sauce_and_place_it_in_the_basket,Camera Viewpoints,,initstate_0,,,,,,view_298
pick_up_the_tomato_sauce_and_place_it_in_the_basket_view_299_0_100_0_0_initstate_0,pick_up_the_tomato_sauce_and_place_it_in_the_basket,Camera Viewpoints,,initstate_0,,,,,,view_299
pick_up_the_tomato_sauce_and_place_it_in_the_basket_view_299_15_100_0_0_initstate_0,pick_up_the_tomato_sauce_and_place_it_in_the_basket,Camera Viewpoints,,initstate_0,,,,,,view_299
pick_up_the_tomato_sauce_and_place_it_in_the_basket_language_1_view_0_0_100_0_0_initstate_0,pick_up_the_tomato_sauce_and_place_it_in_the_basket,Language Instructions,,initstate_0,language_1,,,,,view_0
pick_up_the_tomato_sauce_and_place_it_in_the_basket_language_2_view_0_0_100_0_0_initstate_0,pick_up_the_tomato_sauce_and_place_it_in_the_basket,Language Instructions,,initstate_0,language_2,,,,,view_0
pick_up_the_tomato_sauce_and_place_it_in_the_basket_language_3_view_0_0_100_0_0_initstate_0,pick_up_the_tomato_sauce_and_place_it_in_the_basket,Language Instructions,,initstate_0,language_3,,,,,view_0
pick_up_the_tomato_sauce_and_place_it_in_the_basket_language_5_view_0_0_100_0_0_initstate_0,pick_up_the_tomato_sauce_and_place_it_in_the_basket,Language Instructions,,initstate_0,language_5,,,,,view_0
pick_up_the_tomato_sauce_and_place_it_in_the_basket_language_6_view_0_0_100_0_0_initstate_0,pick_up_the_tomato_sauce_and_place_it_in_the_basket,Language Instructions,,initstate_0,language_6,,,,,view_0
pick_up_the_tomato_sauce_and_place_it_in_the_basket_language_8_view_0_0_100_0_0_initstate_0,pick_up_the_tomato_sauce_and_place_it_in_the_basket,Language Instructions,,initstate_0,language_8,,,,,view_0
pick_up_the_tomato_sauce_and_place_it_in_the_basket_language_9_view_0_0_100_0_0_initstate_0,pick_up_the_tomato_sauce_and_place_it_in_the_basket,Language Instructions,,initstate_0,language_9,,,,,view_0
pick_up_the_tomato_sauce_and_place_it_in_the_basket_language_10_view_0_0_100_0_0_initstate_0,pick_up_the_tomato_sauce_and_place_it_in_the_basket,Language Instructions,,initstate_0,language_10,,,,,view_0
pick_up_the_tomato_sauce_and_place_it_in_the_basket_language_11_view_0_0_100_0_0_initstate_0,pick_up_the_tomato_sauce_and_place_it_in_the_basket,Language Instructions,,initstate_0,language_11,,,,,view_0
pick_up_the_tomato_sauce_and_place_it_in_the_basket_language_12_view_0_0_100_0_0_initstate_0,pick_up_the_tomato_sauce_and_place_it_in_the_basket,Language Instructions,,initstate_0,language_12,,,,,view_0
pick_up_the_tomato_sauce_and_place_it_in_the_basket_language_13_view_0_0_100_0_0_initstate_0,pick_up_the_tomato_sauce_and_place_it_in_the_basket,Language Instructions,,initstate_0,language_13,,,,,view_0
pick_up_the_tomato_sauce_and_place_it_in_the_basket_language_14_view_0_0_100_0_0_initstate_0,pick_up_the_tomato_sauce_and_place_it_in_the_basket,Language Instructions,,initstate_0,language_14,,,,,view_0
pick_up_the_tomato_sauce_and_place_it_in_the_basket_language_15_view_0_0_100_0_0_initstate_0,pick_up_the_tomato_sauce_and_place_it_in_the_basket,Language Instructions,,initstate_0,language_15,,,,,view_0
pick_up_the_tomato_sauce_and_place_it_in_the_basket_language_16_view_0_0_100_0_0_initstate_0,pick_up_the_tomato_sauce_and_place_it_in_the_basket,Language Instructions,,initstate_0,language_16,,,,,view_0
pick_up_the_tomato_sauce_and_place_it_in_the_basket_language_18_view_0_0_100_0_0_initstate_0,pick_up_the_tomato_sauce_and_place_it_in_the_basket,Language Instructions,,initstate_0,language_18,,,,,view_0
pick_up_the_tomato_sauce_and_place_it_in_the_basket_language_19_view_0_0_100_0_0_initstate_0,pick_up_the_tomato_sauce_and_place_it_in_the_basket,Language Instructions,,initstate_0,language_19,,,,,view_0
pick_up_the_tomato_sauce_and_place_it_in_the_basket_language_20_view_0_0_100_0_0_initstate_0,pick_up_the_tomato_sauce_and_place_it_in_the_basket,Language Instructions,,initstate_0,language_20,,,,,view_0
pick_up_the_tomato_sauce_and_place_it_in_the_basket_language_21_view_0_0_100_0_0_initstate_0,pick_up_the_tomato_sauce_and_place_it_in_the_basket,Language Instructions,,initstate_0,language_21,,,,,view_0
pick_up_the_tomato_sauce_and_place_it_in_the_basket_language_23_view_0_0_100_0_0_initstate_0,pick_up_the_tomato_sauce_and_place_it_in_the_basket,Language Instructions,,initstate_0,language_23,,,,,view_0
pick_up_the_tomato_sauce_and_place_it_in_the_basket_language_25_view_0_0_100_0_0_initstate_0,pick_up_the_tomato_sauce_and_place_it_in_the_basket,Language Instructions,,initstate_0,language_25,,,,,view_0
pick_up_the_tomato_sauce_and_place_it_in_the_basket_language_26_view_0_0_100_0_0_initstate_0,pick_up_the_tomato_sauce_and_place_it_in_the_basket,Language Instructions,,initstate_0,language_26,,,,,view_0
pick_up_the_tomato_sauce_and_place_it_in_the_basket_language_27_view_0_0_100_0_0_initstate_0,pick_up_the_tomato_sauce_and_place_it_in_the_basket,Language Instructions,,initstate_0,language_27,,,,,view_0
pick_up_the_tomato_sauce_and_place_it_in_the_basket_language_28_view_0_0_100_0_0_initstate_0,pick_up_the_tomato_sauce_and_place_it_in_the_basket,Language Instructions,,initstate_0,language_28,,,,,view_0
pick_up_the_tomato_sauce_and_place_it_in_the_basket_language_29_view_0_0_100_0_0_initstate_0,pick_up_the_tomato_sauce_and_place_it_in_the_basket,Language Instructions,,initstate_0,language_29,,,,,view_0
pick_up_the_tomato_sauce_and_place_it_in_the_basket_language_30_view_0_0_100_0_0_initstate_0,pick_up_the_tomato_sauce_and_place_it_in_the_basket,Language Instructions,,initstate_0,language_30,,,,,view_0
pick_up_the_tomato_sauce_and_place_it_in_the_basket_language_31_view_0_0_100_0_0_initstate_0,pick_up_the_tomato_sauce_and_place_it_in_the_basket,Language Instructions,,initstate_0,language_31,,,,,view_0
pick_up_the_tomato_sauce_and_place_it_in_the_basket_language_32_view_0_0_100_0_0_initstate_0,pick_up_the_tomato_sauce_and_place_it_in_the_basket,Language Instructions,,initstate_0,language_32,,,,,view_0
pick_up_the_tomato_sauce_and_place_it_in_the_basket_language_34_view_0_0_100_0_0_initstate_0,pick_up_the_tomato_sauce_and_place_it_in_the_basket,Language Instructions,,initstate_0,language_34,,,,,view_0
pick_up_the_tomato_sauce_and_place_it_in_the_basket_language_35_view_0_0_100_0_0_initstate_0,pick_up_the_tomato_sauce_and_place_it_in_the_basket,Language Instructions,,initstate_0,language_35,,,,,view_0
pick_up_the_tomato_sauce_and_place_it_in_the_basket_language_36_view_0_0_100_0_0_initstate_0,pick_up_the_tomato_sauce_and_place_it_in_the_basket,Language Instructions,,initstate_0,language_36,,,,,view_0
pick_up_the_tomato_sauce_and_place_it_in_the_basket_language_38_view_0_0_100_0_0_initstate_0,pick_up_the_tomato_sauce_and_place_it_in_the_basket,Language Instructions,,initstate_0,language_38,,,,,view_0
pick_up_the_tomato_sauce_and_place_it_in_the_basket_language_41_view_0_0_100_0_0_initstate_0,pick_up_the_tomato_sauce_and_place_it_in_the_basket,Language Instructions,,initstate_0,language_41,,,,,view_0
pick_up_the_tomato_sauce_and_place_it_in_the_basket_language_43_view_0_0_100_0_0_initstate_0,pick_up_the_tomato_sauce_and_place_it_in_the_basket,Language Instructions,,initstate_0,language_43,,,,,view_0
pick_up_the_tomato_sauce_and_place_it_in_the_basket_language_44_view_0_0_100_0_0_initstate_0,pick_up_the_tomato_sauce_and_place_it_in_the_basket,Language Instructions,,initstate_0,language_44,,,,,view_0
pick_up_the_tomato_sauce_and_place_it_in_the_basket_language_49_view_0_0_100_0_0_initstate_0,pick_up_the_tomato_sauce_and_place_it_in_the_basket,Language Instructions,,initstate_0,language_49,,,,,view_0
pick_up_the_tomato_sauce_and_place_it_in_the_basket_language_50_view_0_0_100_0_0_initstate_0,pick_up_the_tomato_sauce_and_place_it_in_the_basket,Language Instructions,,initstate_0,language_50,,,,,view_0
pick_up_the_tomato_sauce_and_place_it_in_the_basket_view_0_0_100_0_0_initstate_0_noise_1,pick_up_the_tomato_sauce_and_place_it_in_the_basket,Sensor Noise,,initstate_0,,,,noise_1,,view_0
pick_up_the_tomato_sauce_and_place_it_in_the_basket_view_0_0_100_0_0_initstate_0_noise_2,pick_up_the_tomato_sauce_and_place_it_in_the_basket,Sensor Noise,,initstate_0,,,,noise_2,,view_0
pick_up_the_tomato_sauce_and_place_it_in_the_basket_view_0_0_100_0_0_initstate_0_noise_3,pick_up_the_tomato_sauce_and_place_it_in_the_basket,Sensor Noise,,initstate_0,,,,noise_3,,view_0
pick_up_the_tomato_sauce_and_place_it_in_the_basket_view_0_0_100_0_0_initstate_0_noise_4,pick_up_the_tomato_sauce_and_place_it_in_the_basket,Sensor Noise,,initstate_0,,,,noise_4,,view_0
pick_up_the_tomato_sauce_and_place_it_in_the_basket_view_0_0_100_0_0_initstate_0_noise_5,pick_up_the_tomato_sauce_and_place_it_in_the_basket,Sensor Noise,,initstate_0,,,,noise_5,,view_0
pick_up_the_tomato_sauce_and_place_it_in_the_basket_view_0_0_100_0_0_initstate_0_noise_6,pick_up_the_tomato_sauce_and_place_it_in_the_basket,Sensor Noise,,initstate_0,,,,noise_6,,view_0
pick_up_the_tomato_sauce_and_place_it_in_the_basket_view_0_0_100_0_0_initstate_0_noise_7,pick_up_the_tomato_sauce_and_place_it_in_the_basket,Sensor Noise,,initstate_0,,,,noise_7,,view_0
pick_up_the_tomato_sauce_and_place_it_in_the_basket_view_0_0_100_0_0_initstate_0_noise_8,pick_up_the_tomato_sauce_and_place_it_in_the_basket,Sensor Noise,,initstate_0,,,,noise_8,,view_0
pick_up_the_tomato_sauce_and_place_it_in_the_basket_view_0_0_100_0_0_initstate_0_noise_9,pick_up_the_tomato_sauce_and_place_it_in_the_basket,Sensor Noise,,initstate_0,,,,noise_9,,view_0
pick_up_the_tomato_sauce_and_place_it_in_the_basket_view_0_0_100_0_0_initstate_0_noise_12,pick_up_the_tomato_sauce_and_place_it_in_the_basket,Sensor Noise,,initstate_0,,,,noise_12,,view_0
pick_up_the_tomato_sauce_and_place_it_in_the_basket_view_0_0_100_0_0_initstate_0_noise_13,pick_up_the_tomato_sauce_and_place_it_in_the_basket,Sensor Noise,,initstate_0,,,,noise_13,,view_0
pick_up_the_tomato_sauce_and_place_it_in_the_basket_view_0_0_100_0_0_initstate_0_noise_14,pick_up_the_tomato_sauce_and_place_it_in_the_basket,Sensor Noise,,initstate_0,,,,noise_14,,view_0
pick_up_the_tomato_sauce_and_place_it_in_the_basket_view_0_0_100_0_0_initstate_0_noise_15,pick_up_the_tomato_sauce_and_place_it_in_the_basket,Sensor Noise,,initstate_0,,,,noise_15,,view_0
pick_up_the_tomato_sauce_and_place_it_in_the_basket_view_0_0_100_0_0_initstate_0_noise_16,pick_up_the_tomato_sauce_and_place_it_in_the_basket,Sensor Noise,,initstate_0,,,,noise_16,,view_0
pick_up_the_tomato_sauce_and_place_it_in_the_basket_view_0_0_100_0_0_initstate_0_noise_17,pick_up_the_tomato_sauce_and_place_it_in_the_basket,Sensor Noise,,initstate_0,,,,noise_17,,view_0
pick_up_the_tomato_sauce_and_place_it_in_the_basket_view_0_0_100_0_0_initstate_0_noise_18,pick_up_the_tomato_sauce_and_place_it_in_the_basket,Sensor Noise,,initstate_0,,,,noise_18,,view_0
pick_up_the_tomato_sauce_and_place_it_in_the_basket_view_0_0_100_0_0_initstate_0_noise_19,pick_up_the_tomato_sauce_and_place_it_in_the_basket,Sensor Noise,,initstate_0,,,,noise_19,,view_0
pick_up_the_tomato_sauce_and_place_it_in_the_basket_view_0_0_100_0_0_initstate_0_noise_20,pick_up_the_tomato_sauce_and_place_it_in_the_basket,Sensor Noise,,initstate_0,,,,noise_20,,view_0
pick_up_the_tomato_sauce_and_place_it_in_the_basket_view_0_0_100_0_0_initstate_0_noise_23,pick_up_the_tomato_sauce_and_place_it_in_the_basket,Sensor Noise,,initstate_0,,,,noise_23,,view_0
pick_up_the_tomato_sauce_and_place_it_in_the_basket_view_0_0_100_0_0_initstate_0_noise_24,pick_up_the_tomato_sauce_and_place_it_in_the_basket,Sensor Noise,,initstate_0,,,,noise_24,,view_0
pick_up_the_tomato_sauce_and_place_it_in_the_basket_view_0_0_100_0_0_initstate_0_noise_25,pick_up_the_tomato_sauce_and_place_it_in_the_basket,Sensor Noise,,initstate_0,,,,noise_25,,view_0
pick_up_the_tomato_sauce_and_place_it_in_the_basket_view_0_0_100_0_0_initstate_0_noise_26,pick_up_the_tomato_sauce_and_place_it_in_the_basket,Sensor Noise,,initstate_0,,,,noise_26,,view_0
pick_up_the_tomato_sauce_and_place_it_in_the_basket_view_0_0_100_0_0_initstate_0_noise_27,pick_up_the_tomato_sauce_and_place_it_in_the_basket,Sensor Noise,,initstate_0,,,,noise_27,,view_0
pick_up_the_tomato_sauce_and_place_it_in_the_basket_view_0_0_100_0_0_initstate_0_noise_28,pick_up_the_tomato_sauce_and_place_it_in_the_basket,Sensor Noise,,initstate_0,,,,noise_28,,view_0
pick_up_the_tomato_sauce_and_place_it_in_the_basket_view_0_0_100_0_0_initstate_0_noise_29,pick_up_the_tomato_sauce_and_place_it_in_the_basket,Sensor Noise,,initstate_0,,,,noise_29,,view_0
pick_up_the_tomato_sauce_and_place_it_in_the_basket_view_0_0_100_0_0_initstate_0_noise_30,pick_up_the_tomato_sauce_and_place_it_in_the_basket,Sensor Noise,,initstate_0,,,,noise_30,,view_0
pick_up_the_tomato_sauce_and_place_it_in_the_basket_view_0_0_100_0_0_initstate_0_noise_33,pick_up_the_tomato_sauce_and_place_it_in_the_basket,Sensor Noise,,initstate_0,,,,noise_33,,view_0
pick_up_the_tomato_sauce_and_place_it_in_the_basket_view_0_0_100_0_0_initstate_0_noise_34,pick_up_the_tomato_sauce_and_place_it_in_the_basket,Sensor Noise,,initstate_0,,,,noise_34,,view_0
pick_up_the_tomato_sauce_and_place_it_in_the_basket_view_0_0_100_0_0_initstate_0_noise_35,pick_up_the_tomato_sauce_and_place_it_in_the_basket,Sensor Noise,,initstate_0,,,,noise_35,,view_0
pick_up_the_tomato_sauce_and_place_it_in_the_basket_view_0_0_100_0_0_initstate_0_noise_36,pick_up_the_tomato_sauce_and_place_it_in_the_basket,Sensor Noise,,initstate_0,,,,noise_36,,view_0
pick_up_the_tomato_sauce_and_place_it_in_the_basket_view_0_0_100_0_0_initstate_0_noise_37,pick_up_the_tomato_sauce_and_place_it_in_the_basket,Sensor Noise,,initstate_0,,,,noise_37,,view_0
pick_up_the_tomato_sauce_and_place_it_in_the_basket_view_0_0_100_0_0_initstate_0_noise_38,pick_up_the_tomato_sauce_and_place_it_in_the_basket,Sensor Noise,,initstate_0,,,,noise_38,,view_0
pick_up_the_tomato_sauce_and_place_it_in_the_basket_view_0_0_100_0_0_initstate_0_noise_39,pick_up_the_tomato_sauce_and_place_it_in_the_basket,Sensor Noise,,initstate_0,,,,noise_39,,view_0
pick_up_the_tomato_sauce_and_place_it_in_the_basket_view_0_0_100_0_0_initstate_0_noise_40,pick_up_the_tomato_sauce_and_place_it_in_the_basket,Sensor Noise,,initstate_0,,,,noise_40,,view_0
pick_up_the_tomato_sauce_and_place_it_in_the_basket_view_0_0_100_0_0_initstate_0_noise_41,pick_up_the_tomato_sauce_and_place_it_in_the_basket,Sensor Noise,,initstate_0,,,,noise_41,,view_0
pick_up_the_tomato_sauce_and_place_it_in_the_basket_view_0_0_100_0_0_initstate_0_noise_42,pick_up_the_tomato_sauce_and_place_it_in_the_basket,Sensor Noise,,initstate_0,,,,noise_42,,view_0
pick_up_the_tomato_sauce_and_place_it_in_the_basket_view_0_0_100_0_0_initstate_0_noise_43,pick_up_the_tomato_sauce_and_place_it_in_the_basket,Sensor Noise,,initstate_0,,,,noise_43,,view_0
pick_up_the_tomato_sauce_and_place_it_in_the_basket_view_0_0_100_0_0_initstate_0_noise_44,pick_up_the_tomato_sauce_and_place_it_in_the_basket,Sensor Noise,,initstate_0,,,,noise_44,,view_0
pick_up_the_tomato_sauce_and_place_it_in_the_basket_view_0_0_100_0_0_initstate_0_noise_45,pick_up_the_tomato_sauce_and_place_it_in_the_basket,Sensor Noise,,initstate_0,,,,noise_45,,view_0
pick_up_the_tomato_sauce_and_place_it_in_the_basket_view_0_0_100_0_0_initstate_0_noise_46,pick_up_the_tomato_sauce_and_place_it_in_the_basket,Sensor Noise,,initstate_0,,,,noise_46,,view_0
pick_up_the_tomato_sauce_and_place_it_in_the_basket_view_0_0_100_0_0_initstate_0_noise_47,pick_up_the_tomato_sauce_and_place_it_in_the_basket,Sensor Noise,,initstate_0,,,,noise_47,,view_0
pick_up_the_tomato_sauce_and_place_it_in_the_basket_view_0_0_100_0_0_initstate_0_noise_48,pick_up_the_tomato_sauce_and_place_it_in_the_basket,Sensor Noise,,initstate_0,,,,noise_48,,view_0
pick_up_the_tomato_sauce_and_place_it_in_the_basket_view_0_0_100_0_0_initstate_0_noise_49,pick_up_the_tomato_sauce_and_place_it_in_the_basket,Sensor Noise,,initstate_0,,,,noise_49,,view_0
pick_up_the_tomato_sauce_and_place_it_in_the_basket_view_0_0_100_0_0_initstate_0_noise_50,pick_up_the_tomato_sauce_and_place_it_in_the_basket,Sensor Noise,,initstate_0,,,,noise_50,,view_0
pick_up_the_tomato_sauce_and_place_it_in_the_basket_add_1,pick_up_the_tomato_sauce_and_place_it_in_the_basket,Objects Layout,add_1,,,,,,,
pick_up_the_tomato_sauce_and_place_it_in_the_basket_add_10,pick_up_the_tomato_sauce_and_place_it_in_the_basket,Objects Layout,add_10,,,,,,,
pick_up_the_tomato_sauce_and_place_it_in_the_basket_add_11,pick_up_the_tomato_sauce_and_place_it_in_the_basket,Objects Layout,add_11,,,,,,,
pick_up_the_tomato_sauce_and_place_it_in_the_basket_add_12,pick_up_the_tomato_sauce_and_place_it_in_the_basket,Objects Layout,add_12,,,,,,,
pick_up_the_tomato_sauce_and_place_it_in_the_basket_add_13,pick_up_the_tomato_sauce_and_place_it_in_the_basket,Objects Layout,add_13,,,,,,,
pick_up_the_tomato_sauce_and_place_it_in_the_basket_add_14,pick_up_the_tomato_sauce_and_place_it_in_the_basket,Objects Layout,add_14,,,,,,,
pick_up_the_tomato_sauce_and_place_it_in_the_basket_add_15,pick_up_the_tomato_sauce_and_place_it_in_the_basket,Objects Layout,add_15,,,,,,,
pick_up_the_tomato_sauce_and_place_it_in_the_basket_add_16,pick_up_the_tomato_sauce_and_place_it_in_the_basket,Objects Layout,add_16,,,,,,,
pick_up_the_tomato_sauce_and_place_it_in_the_basket_add_17,pick_up_the_tomato_sauce_and_place_it_in_the_basket,Objects Layout,add_17,,,,,,,
pick_up_the_tomato_sauce_and_place_it_in_the_basket_add_18,pick_up_the_tomato_sauce_and_place_it_in_the_basket,Objects Layout,add_18,,,,,,,
pick_up_the_tomato_sauce_and_place_it_in_the_basket_add_19,pick_up_the_tomato_sauce_and_place_it_in_the_basket,Objects Layout,add_19,,,,,,,
pick_up_the_tomato_sauce_and_place_it_in_the_basket_add_2,pick_up_the_tomato_sauce_and_place_it_in_the_basket,Objects Layout,add_2,,,,,,,
pick_up_the_tomato_sauce_and_place_it_in_the_basket_add_20,pick_up_the_tomato_sauce_and_place_it_in_the_basket,Objects Layout,add_20,,,,,,,
pick_up_the_tomato_sauce_and_place_it_in_the_basket_add_21,pick_up_the_tomato_sauce_and_place_it_in_the_basket,Objects Layout,add_21,,,,,,,
pick_up_the_tomato_sauce_and_place_it_in_the_basket_add_22,pick_up_the_tomato_sauce_and_place_it_in_the_basket,Objects Layout,add_22,,,,,,,
pick_up_the_tomato_sauce_and_place_it_in_the_basket_add_23,pick_up_the_tomato_sauce_and_place_it_in_the_basket,Objects Layout,add_23,,,,,,,
pick_up_the_tomato_sauce_and_place_it_in_the_basket_add_24,pick_up_the_tomato_sauce_and_place_it_in_the_basket,Objects Layout,add_24,,,,,,,
pick_up_the_tomato_sauce_and_place_it_in_the_basket_add_25,pick_up_the_tomato_sauce_and_place_it_in_the_basket,Objects Layout,add_25,,,,,,,
pick_up_the_tomato_sauce_and_place_it_in_the_basket_add_26,pick_up_the_tomato_sauce_and_place_it_in_the_basket,Objects Layout,add_26,,,,,,,
pick_up_the_tomato_sauce_and_place_it_in_the_basket_add_27,pick_up_the_tomato_sauce_and_place_it_in_the_basket,Objects Layout,add_27,,,,,,,
pick_up_the_tomato_sauce_and_place_it_in_the_basket_add_28,pick_up_the_tomato_sauce_and_place_it_in_the_basket,Objects Layout,add_28,,,,,,,
pick_up_the_tomato_sauce_and_place_it_in_the_basket_add_29,pick_up_the_tomato_sauce_and_place_it_in_the_basket,Objects Layout,add_29,,,,,,,
pick_up_the_tomato_sauce_and_place_it_in_the_basket_add_3,pick_up_the_tomato_sauce_and_place_it_in_the_basket,Objects Layout,add_3,,,,,,,
pick_up_the_tomato_sauce_and_place_it_in_the_basket_add_30,pick_up_the_tomato_sauce_and_place_it_in_the_basket,Objects Layout,add_30,,,,,,,
pick_up_the_tomato_sauce_and_place_it_in_the_basket_add_4,pick_up_the_tomato_sauce_and_place_it_in_the_basket,Objects Layout,add_4,,,,,,,
pick_up_the_tomato_sauce_and_place_it_in_the_basket_add_5,pick_up_the_tomato_sauce_and_place_it_in_the_basket,Objects Layout,add_5,,,,,,,
pick_up_the_tomato_sauce_and_place_it_in_the_basket_add_6,pick_up_the_tomato_sauce_and_place_it_in_the_basket,Objects Layout,add_6,,,,,,,
pick_up_the_tomato_sauce_and_place_it_in_the_basket_add_7,pick_up_the_tomato_sauce_and_place_it_in_the_basket,Objects Layout,add_7,,,,,,,
pick_up_the_tomato_sauce_and_place_it_in_the_basket_add_8,pick_up_the_tomato_sauce_and_place_it_in_the_basket,Objects Layout,add_8,,,,,,,
pick_up_the_tomato_sauce_and_place_it_in_the_basket_add_9,pick_up_the_tomato_sauce_and_place_it_in_the_basket,Objects Layout,add_9,,,,,,,
pick_up_the_tomato_sauce_and_place_it_in_the_basket_level1_sample1,pick_up_the_tomato_sauce_and_place_it_in_the_basket,Objects Layout,,,,level1_sample1,,,,
pick_up_the_tomato_sauce_and_place_it_in_the_basket_level1_sample2,pick_up_the_tomato_sauce_and_place_it_in_the_basket,Objects Layout,,,,level1_sample2,,,,
pick_up_the_tomato_sauce_and_place_it_in_the_basket_level1_sample3,pick_up_the_tomato_sauce_and_place_it_in_the_basket,Objects Layout,,,,level1_sample3,,,,
pick_up_the_tomato_sauce_and_place_it_in_the_basket_level1_sample4,pick_up_the_tomato_sauce_and_place_it_in_the_basket,Objects Layout,,,,level1_sample4,,,,
pick_up_the_tomato_sauce_and_place_it_in_the_basket_level2_sample1,pick_up_the_tomato_sauce_and_place_it_in_the_basket,Objects Layout,,,,level2_sample1,,,,
pick_up_the_tomato_sauce_and_place_it_in_the_basket_level2_sample2,pick_up_the_tomato_sauce_and_place_it_in_the_basket,Objects Layout,,,,level2_sample2,,,,
pick_up_the_tomato_sauce_and_place_it_in_the_basket_level2_sample3,pick_up_the_tomato_sauce_and_place_it_in_the_basket,Objects Layout,,,,level2_sample3,,,,
pick_up_the_tomato_sauce_and_place_it_in_the_basket_level2_sample4,pick_up_the_tomato_sauce_and_place_it_in_the_basket,Objects Layout,,,,level2_sample4,,,,
pick_up_the_tomato_sauce_and_place_it_in_the_basket_level3_sample1,pick_up_the_tomato_sauce_and_place_it_in_the_basket,Objects Layout,,,,level3_sample1,,,,
pick_up_the_tomato_sauce_and_place_it_in_the_basket_level3_sample4,pick_up_the_tomato_sauce_and_place_it_in_the_basket,Objects Layout,,,,level3_sample4,,,,
pick_up_the_tomato_sauce_and_place_it_in_the_basket_level4_sample1,pick_up_the_tomato_sauce_and_place_it_in_the_basket,Objects Layout,,,,level4_sample1,,,,
pick_up_the_tomato_sauce_and_place_it_in_the_basket_level4_sample2,pick_up_the_tomato_sauce_and_place_it_in_the_basket,Objects Layout,,,,level4_sample2,,,,
pick_up_the_tomato_sauce_and_place_it_in_the_basket_level4_sample3,pick_up_the_tomato_sauce_and_place_it_in_the_basket,Objects Layout,,,,level4_sample3,,,,
pick_up_the_tomato_sauce_and_place_it_in_the_basket_level4_sample4,pick_up_the_tomato_sauce_and_place_it_in_the_basket,Objects Layout,,,,level4_sample4,,,,
pick_up_the_tomato_sauce_and_place_it_in_the_basket_level5_sample1,pick_up_the_tomato_sauce_and_place_it_in_the_basket,Objects Layout,,,,level5_sample1,,,,
pick_up_the_tomato_sauce_and_place_it_in_the_basket_level5_sample2,pick_up_the_tomato_sauce_and_place_it_in_the_basket,Objects Layout,,,,level5_sample2,,,,
pick_up_the_tomato_sauce_and_place_it_in_the_basket_level5_sample3,pick_up_the_tomato_sauce_and_place_it_in_the_basket,Objects Layout,,,,level5_sample3,,,,
pick_up_the_tomato_sauce_and_place_it_in_the_basket_level5_sample4,pick_up_the_tomato_sauce_and_place_it_in_the_basket,Objects Layout,,,,level5_sample4,,,,
pick_up_the_tomato_sauce_and_place_it_in_the_basket_light_1,pick_up_the_tomato_sauce_and_place_it_in_the_basket,Light Conditions,,,,,light_1,,,
pick_up_the_tomato_sauce_and_place_it_in_the_basket_light_11,pick_up_the_tomato_sauce_and_place_it_in_the_basket,Light Conditions,,,,,light_11,,,
pick_up_the_tomato_sauce_and_place_it_in_the_basket_light_12,pick_up_the_tomato_sauce_and_place_it_in_the_basket,Light Conditions,,,,,light_12,,,
pick_up_the_tomato_sauce_and_place_it_in_the_basket_light_13,pick_up_the_tomato_sauce_and_place_it_in_the_basket,Light Conditions,,,,,light_13,,,
pick_up_the_tomato_sauce_and_place_it_in_the_basket_light_14,pick_up_the_tomato_sauce_and_place_it_in_the_basket,Light Conditions,,,,,light_14,,,
pick_up_the_tomato_sauce_and_place_it_in_the_basket_light_19,pick_up_the_tomato_sauce_and_place_it_in_the_basket,Light Conditions,,,,,light_19,,,
pick_up_the_tomato_sauce_and_place_it_in_the_basket_light_2,pick_up_the_tomato_sauce_and_place_it_in_the_basket,Light Conditions,,,,,light_2,,,
pick_up_the_tomato_sauce_and_place_it_in_the_basket_light_20,pick_up_the_tomato_sauce_and_place_it_in_the_basket,Light Conditions,,,,,light_20,,,
pick_up_the_tomato_sauce_and_place_it_in_the_basket_light_22,pick_up_the_tomato_sauce_and_place_it_in_the_basket,Light Conditions,,,,,light_22,,,
pick_up_the_tomato_sauce_and_place_it_in_the_basket_light_23,pick_up_the_tomato_sauce_and_place_it_in_the_basket,Light Conditions,,,,,light_23,,,
pick_up_the_tomato_sauce_and_place_it_in_the_basket_light_24,pick_up_the_tomato_sauce_and_place_it_in_the_basket,Light Conditions,,,,,light_24,,,
pick_up_the_tomato_sauce_and_place_it_in_the_basket_light_25,pick_up_the_tomato_sauce_and_place_it_in_the_basket,Light Conditions,,,,,light_25,,,
pick_up_the_tomato_sauce_and_place_it_in_the_basket_light_28,pick_up_the_tomato_sauce_and_place_it_in_the_basket,Light Conditions,,,,,light_28,,,
pick_up_the_tomato_sauce_and_place_it_in_the_basket_light_29,pick_up_the_tomato_sauce_and_place_it_in_the_basket,Light Conditions,,,,,light_29,,,
pick_up_the_tomato_sauce_and_place_it_in_the_basket_light_30,pick_up_the_tomato_sauce_and_place_it_in_the_basket,Light Conditions,,,,,light_30,,,
pick_up_the_tomato_sauce_and_place_it_in_the_basket_light_31,pick_up_the_tomato_sauce_and_place_it_in_the_basket,Light Conditions,,,,,light_31,,,
pick_up_the_tomato_sauce_and_place_it_in_the_basket_light_32,pick_up_the_tomato_sauce_and_place_it_in_the_basket,Light Conditions,,,,,light_32,,,
pick_up_the_tomato_sauce_and_place_it_in_the_basket_light_38,pick_up_the_tomato_sauce_and_place_it_in_the_basket,Light Conditions,,,,,light_38,,,
pick_up_the_tomato_sauce_and_place_it_in_the_basket_light_39,pick_up_the_tomato_sauce_and_place_it_in_the_basket,Light Conditions,,,,,light_39,,,
pick_up_the_tomato_sauce_and_place_it_in_the_basket_light_41,pick_up_the_tomato_sauce_and_place_it_in_the_basket,Light Conditions,,,,,light_41,,,
pick_up_the_tomato_sauce_and_place_it_in_the_basket_light_5,pick_up_the_tomato_sauce_and_place_it_in_the_basket,Light Conditions,,,,,light_5,,,
pick_up_the_tomato_sauce_and_place_it_in_the_basket_light_8,pick_up_the_tomato_sauce_and_place_it_in_the_basket,Light Conditions,,,,,light_8,,,
