task_name,base_task,category,add,initstate,language,light,noise,table,view,layout
open_the_middle_drawer_of_the_cabinet_table_1,open_the_middle_drawer_of_the_cabinet,Background Textures,,,,,,table_1,,
open_the_middle_drawer_of_the_cabinet_table_10,open_the_middle_drawer_of_the_cabinet,Background Textures,,,,,,table_10,,
open_the_middle_drawer_of_the_cabinet_table_12,open_the_middle_drawer_of_the_cabinet,Background Textures,,,,,,table_12,,
open_the_middle_drawer_of_the_cabinet_table_13,open_the_middle_drawer_of_the_cabinet,Background Textures,,,,,,table_13,,
open_the_middle_drawer_of_the_cabinet_table_15,open_the_middle_drawer_of_the_cabinet,Background Textures,,,,,,table_15,,
open_the_middle_drawer_of_the_cabinet_table_16,open_the_middle_drawer_of_the_cabinet,Background Textures,,,,,,table_16,,
open_the_middle_drawer_of_the_cabinet_table_17,open_the_middle_drawer_of_the_cabinet,Background Textures,,,,,,table_17,,
open_the_middle_drawer_of_the_cabinet_table_18,open_the_middle_drawer_of_the_cabinet,Background Textures,,,,,,table_18,,
open_the_middle_drawer_of_the_cabinet_table_19,open_the_middle_drawer_of_the_cabinet,Background Textures,,,,,,table_19,,
open_the_middle_drawer_of_the_cabinet_table_2,open_the_middle_drawer_of_the_cabinet,Background Textures,,,,,,table_2,,
open_the_middle_drawer_of_the_cabinet_table_21,open_the_middle_drawer_of_the_cabinet,Background Textures,,,,,,table_21,,
open_the_middle_drawer_of_the_cabinet_table_22,open_the_middle_drawer_of_the_cabinet,Background Textures,,,,,,table_22,,
open_the_middle_drawer_of_the_cabinet_table_24,open_the_middle_drawer_of_the_cabinet,Background Textures,,,,,,table_24,,
open_the_middle_drawer_of_the_cabinet_table_27,open_the_middle_drawer_of_the_cabinet,Background Textures,,,,,,table_27,,
open_the_middle_drawer_of_the_cabinet_table_28,open_the_middle_drawer_of_the_cabinet,Background Textures,,,,,,table_28,,
open_the_middle_drawer_of_the_cabinet_table_4,open_the_middle_drawer_of_the_cabinet,Background Textures,,,,,,table_4,,
open_the_middle_drawer_of_the_cabinet_table_5,open_the_middle_drawer_of_the_cabinet,Background Textures,,,,,,table_5,,
open_the_middle_drawer_of_the_cabinet_table_8,open_the_middle_drawer_of_the_cabinet,Background Textures,,,,,,table_8,,
open_the_middle_drawer_of_the_cabinet_tb_10,open_the_middle_drawer_of_the_cabinet,Background Textures,,,,,,tb_10,,
open_the_middle_drawer_of_the_cabinet_tb_12,open_the_middle_drawer_of_the_cabinet,Background Textures,,,,,,tb_12,,
open_the_middle_drawer_of_the_cabinet_tb_18,open_the_middle_drawer_of_the_cabinet,Background Textures,,,,,,tb_18,,
open_the_middle_drawer_of_the_cabinet_tb_2,open_the_middle_drawer_of_the_cabinet,Background Textures,,,,,,tb_2,,
open_the_middle_drawer_of_the_cabinet_tb_20,open_the_middle_drawer_of_the_cabinet,Background Textures,,,,,,tb_20,,
open_the_middle_drawer_of_the_cabinet_tb_21,open_the_middle_drawer_of_the_cabinet,Background Textures,,,,,,tb_21,,
open_the_middle_drawer_of_the_cabinet_tb_22,open_the_middle_drawer_of_the_cabinet,Background Textures,,,,,,tb_22,,
open_the_middle_drawer_of_the_cabinet_tb_5,open_the_middle_drawer_of_the_cabinet,Background Textures,,,,,,tb_5,,
open_the_middle_drawer_of_the_cabinet_tb_6,open_the_middle_drawer_of_the_cabinet,Background Textures,,,,,,tb_6,,
open_the_middle_drawer_of_the_cabinet_tb_7,open_the_middle_drawer_of_the_cabinet,Background Textures,,,,,,tb_7,,
open_the_middle_drawer_of_the_cabinet_tb_8,open_the_middle_drawer_of_the_cabinet,Background Textures,,,,,,tb_8,,
open_the_middle_drawer_of_the_cabinet_tb_9,open_the_middle_drawer_of_the_cabinet,Background Textures,,,,,,tb_9,,
open_the_middle_drawer_of_the_cabinet_view_0_0_100_0_0_initstate_1,open_the_middle_drawer_of_the_cabinet,Robot Initial States,,initstate_1,,,,,view_0,
open_the_middle_drawer_of_the_cabinet_view_0_0_100_0_0_initstate_11,open_the_middle_drawer_of_the_cabinet,Robot Initial States,,initstate_11,,,,,view_0,
open_the_middle_drawer_of_the_cabinet_view_0_0_100_0_0_initstate_51,open_the_middle_drawer_of_the_cabinet,Robot Initial States,,initstate_51,,,,,view_0,
open_the_middle_drawer_of_the_cabinet_view_0_0_100_0_0_initstate_71,open_the_middle_drawer_of_the_cabinet,Robot Initial States,,initstate_71,,,,,view_0,
open_the_middle_drawer_of_the_cabinet_view_0_0_100_0_0_initstate_81,open_the_middle_drawer_of_the_cabinet,Robot Initial States,,initstate_81,,,,,view_0,
open_the_middle_drawer_of_the_cabinet_view_0_0_100_0_0_initstate_101,open_the_middle_drawer_of_the_cabinet,Robot Initial States,,initstate_101,,,,,view_0,
open_the_middle_drawer_of_the_cabinet_view_0_0_100_0_0_initstate_121,open_the_middle_drawer_of_the_cabinet,Robot Initial States,,initstate_121,,,,,view_0,
open_the_middle_drawer_of_the_cabinet_view_0_0_100_0_0_initstate_131,open_the_middle_drawer_of_the_cabinet,Robot Initial States,,initstate_131,,,,,view_0,
open_the_middle_drawer_of_the_cabinet_view_0_0_100_0_0_initstate_141,open_the_middle_drawer_of_the_cabinet,Robot Initial States,,initstate_141,,,,,view_0,
open_the_middle_drawer_of_the_cabinet_view_0_0_100_0_0_initstate_151,open_the_middle_drawer_of_the_cabinet,Robot Initial States,,initstate_151,,,,,view_0,
open_the_middle_drawer_of_the_cabinet_view_0_0_100_0_0_initstate_161,open_the_middle_drawer_of_the_cabinet,Robot Initial States,,initstate_161,,,,,view_0,
open_the_middle_drawer_of_the_cabinet_view_0_0_100_0_0_initstate_171,open_the_middle_drawer_of_the_cabinet,Robot Initial States,,initstate_171,,,,,view_0,
open_the_middle_drawer_of_the_cabinet_view_0_0_100_0_0_initstate_181,open_the_middle_drawer_of_the_cabinet,Robot Initial States,,initstate_181,,,,,view_0,
open_the_middle_drawer_of_the_cabinet_view_0_0_100_0_0_initstate_191,open_the_middle_drawer_of_the_cabinet,Robot Initial States,,initstate_191,,,,,view_0,
open_the_middle_drawer_of_the_cabinet_view_0_0_100_0_0_initstate_211,open_the_middle_drawer_of_the_cabinet,Robot Initial States,,initstate_211,,,,,view_0,
open_the_middle_drawer_of_the_cabinet_view_0_0_100_0_0_initstate_221,open_the_middle_drawer_of_the_cabinet,Robot Initial States,,initstate_221,,,,,view_0,
open_the_middle_drawer_of_the_cabinet_view_0_0_100_0_0_initstate_231,open_the_middle_drawer_of_the_cabinet,Robot Initial States,,initstate_231,,,,,view_0,
open_the_middle_drawer_of_the_cabinet_view_0_0_100_0_0_initstate_241,open_the_middle_drawer_of_the_cabinet,Robot Initial States,,initstate_241,,,,,view_0,
open_the_middle_drawer_of_the_cabinet_view_0_0_100_0_0_initstate_251,open_the_middle_drawer_of_the_cabinet,Robot Initial States,,initstate_251,,,,,view_0,
open_the_middle_drawer_of_the_cabinet_view_0_0_100_0_0_initstate_261,open_the_middle_drawer_of_the_cabinet,Robot Initial States,,initstate_261,,,,,view_0,
open_the_middle_drawer_of_the_cabinet_view_0_0_100_0_0_initstate_271,open_the_middle_drawer_of_the_cabinet,Robot Initial States,,initstate_271,,,,,view_0,
open_the_middle_drawer_of_the_cabinet_view_0_0_100_0_0_initstate_281,open_the_middle_drawer_of_the_cabinet,Robot Initial States,,initstate_281,,,,,view_0,
open_the_middle_drawer_of_the_cabinet_view_0_0_100_0_0_initstate_291,open_the_middle_drawer_of_the_cabinet,Robot Initial States,,initstate_291,,,,,view_0,
open_the_middle_drawer_of_the_cabinet_view_0_0_100_0_0_initstate_301,open_the_middle_drawer_of_the_cabinet,Robot Initial States,,initstate_301,,,,,view_0,
open_the_middle_drawer_of_the_cabinet_view_0_0_100_0_0_initstate_311,open_the_middle_drawer_of_the_cabinet,Robot Initial States,,initstate_311,,,,,view_0,
open_the_middle_drawer_of_the_cabinet_view_0_0_100_0_0_initstate_321,open_the_middle_drawer_of_the_cabinet,Robot Initial States,,initstate_321,,,,,view_0,
open_the_middle_drawer_of_the_cabinet_view_0_0_100_0_0_initstate_331,open_the_middle_drawer_of_the_cabinet,Robot Initial States,,initstate_331,,,,,view_0,
open_the_middle_drawer_of_the_cabinet_view_0_0_100_0_0_initstate_341,open_the_middle_drawer_of_the_cabinet,Robot Initial States,,initstate_341,,,,,view_0,
open_the_middle_drawer_of_the_cabinet_view_0_0_100_0_0_initstate_351,open_the_middle_drawer_of_the_cabinet,Robot Initial States,,initstate_351,,,,,view_0,
open_the_middle_drawer_of_the_cabinet_view_0_0_100_0_0_initstate_361,open_the_middle_drawer_of_the_cabinet,Robot Initial States,,initstate_361,,,,,view_0,
open_the_middle_drawer_of_the_cabinet_view_0_0_100_0_0_initstate_371,open_the_middle_drawer_of_the_cabinet,Robot Initial States,,initstate_371,,,,,view_0,
open_the_middle_drawer_of_the_cabinet_view_0_0_100_0_0_initstate_381,open_the_middle_drawer_of_the_cabinet,Robot Initial States,,initstate_381,,,,,view_0,
open_the_middle_drawer_of_the_cabinet_view_0_0_100_0_0_initstate_391,open_the_middle_drawer_of_the_cabinet,Robot Initial States,,initstate_391,,,,,view_0,
open_the_middle_drawer_of_the_cabinet_view_0_0_100_0_0_initstate_401,open_the_middle_drawer_of_the_cabinet,Robot Initial States,,initstate_401,,,,,view_0,
open_the_middle_drawer_of_the_cabinet_view_0_0_100_0_0_initstate_411,open_the_middle_drawer_of_the_cabinet,Robot Initial States,,initstate_411,,,,,view_0,
open_the_middle_drawer_of_the_cabinet_view_0_0_100_0_0_initstate_421,open_the_middle_drawer_of_the_cabinet,Robot Initial States,,initstate_421,,,,,view_0,
open_the_middle_drawer_of_the_cabinet_view_0_0_100_0_0_initstate_431,open_the_middle_drawer_of_the_cabinet,Robot Initial States,,initstate_431,,,,,view_0,
open_the_middle_drawer_of_the_cabinet_view_0_0_100_0_0_initstate_441,open_the_middle_drawer_of_the_cabinet,Robot Initial States,,initstate_441,,,,,view_0,
open_the_middle_drawer_of_the_cabinet_view_0_0_100_0_0_initstate_451,open_the_middle_drawer_of_the_cabinet,Robot Initial States,,initstate_451,,,,,view_0,
open_the_middle_drawer_of_the_cabinet_view_0_0_100_0_0_initstate_461,open_the_middle_drawer_of_the_cabinet,Robot Initial States,,initstate_461,,,,,view_0,
open_the_middle_drawer_of_the_cabinet_view_0_0_100_0_0_initstate_471,open_the_middle_drawer_of_the_cabinet,Robot Initial States,,initstate_471,,,,,view_0,
open_the_middle_drawer_of_the_cabinet_view_0_0_100_0_0_initstate_481,open_the_middle_drawer_of_the_cabinet,Robot Initial States,,initstate_481,,,,,view_0,
open_the_middle_drawer_of_the_cabinet_view_0_0_100_0_0_initstate_491,open_the_middle_drawer_of_the_cabinet,Robot Initial States,,initstate_491,,,,,view_0,
open_the_middle_drawer_of_the_cabinet_view_0_0_100_2_4_initstate_0,open_the_middle_drawer_of_the_cabinet,Camera Viewpoints,,initstate_0,,,,,view_0,
open_the_middle_drawer_of_the_cabinet_view_0_0_100_2_6_initstate_0,open_the_middle_drawer_of_the_cabinet,Camera Viewpoints,,initstate_0,,,,,view_0,
open_the_middle_drawer_of_the_cabinet_view_0_0_100_2_8_initstate_0,open_the_middle_drawer_of_the_cabinet,Camera Viewpoints,,initstate_0,,,,,view_0,
open_the_middle_drawer_of_the_cabinet_view_0_0_100_2_10_initstate_0,open_the_middle_drawer_of_the_cabinet,Camera Viewpoints,,initstate_0,,,,,view_0,
open_the_middle_drawer_of_the_cabinet_view_0_0_100_2_350_initstate_0,open_the_middle_drawer_of_the_cabinet,Camera Viewpoints,,initstate_0,,,,,view_0,
open_the_middle_drawer_of_the_cabinet_view_0_0_100_2_352_initstate_0,open_the_middle_drawer_of_the_cabinet,Camera Viewpoints,,initstate_0,,,,,view_0,
open_the_middle_drawer_of_the_cabinet_view_0_0_100_2_354_initstate_0,open_the_middle_drawer_of_the_cabinet,Camera Viewpoints,,initstate_0,,,,,view_0,
open_the_middle_drawer_of_the_cabinet_view_1_15_100_0_0_initstate_0,open_the_middle_drawer_of_the_cabinet,Camera Viewpoints,,initstate_0,,,,,view_1,
open_the_middle_drawer_of_the_cabinet_view_2_15_100_0_0_initstate_0,open_the_middle_drawer_of_the_cabinet,Camera Viewpoints,,initstate_0,,,,,view_2,
open_the_middle_drawer_of_the_cabinet_view_4_15_100_0_0_initstate_0,open_the_middle_drawer_of_the_cabinet,Camera Viewpoints,,initstate_0,,,,,view_4,
open_the_middle_drawer_of_the_cabinet_view_5_15_100_0_0_initstate_0,open_the_middle_drawer_of_the_cabinet,Camera Viewpoints,,initstate_0,,,,,view_5,
open_the_middle_drawer_of_the_cabinet_view_6_15_100_0_0_initstate_0,open_the_middle_drawer_of_the_cabinet,Camera Viewpoints,,initstate_0,,,,,view_6,
open_the_middle_drawer_of_the_cabinet_view_7_15_100_0_0_initstate_0,open_the_middle_drawer_of_the_cabinet,Camera Viewpoints,,initstate_0,,,,,view_7,
open_the_middle_drawer_of_the_cabinet_view_8_15_100_0_0_initstate_0,open_the_middle_drawer_of_the_cabinet,Camera Viewpoints,,initstate_0,,,,,view_8,
open_the_middle_drawer_of_the_cabinet_view_9_15_100_0_0_initstate_0,open_the_middle_drawer_of_the_cabinet,Camera Viewpoints,,initstate_0,,,,,view_9,
open_the_middle_drawer_of_the_cabinet_view_10_15_100_0_0_initstate_0,open_the_middle_drawer_of_the_cabinet,Camera Viewpoints,,initstate_0,,,,,view_10,
open_the_middle_drawer_of_the_cabinet_view_11_15_100_0_0_initstate_0,open_the_middle_drawer_of_the_cabinet,Camera Viewpoints,,initstate_0,,,,,view_11,
open_the_middle_drawer_of_the_cabinet_view_12_15_100_0_0_initstate_0,open_the_middle_drawer_of_the_cabinet,Camera Viewpoints,,initstate_0,,,,,view_12,
open_the_middle_drawer_of_the_cabinet_view_13_15_100_0_0_initstate_0,open_the_middle_drawer_of_the_cabinet,Camera Viewpoints,,initstate_0,,,,,view_13,
open_the_middle_drawer_of_the_cabinet_view_14_15_100_0_0_initstate_0,open_the_middle_drawer_of_the_cabinet,Camera Viewpoints,,initstate_0,,,,,view_14,
open_the_middle_drawer_of_the_cabinet_view_15_15_100_0_0_initstate_0,open_the_middle_drawer_of_the_cabinet,Camera Viewpoints,,initstate_0,,,,,view_15,
open_the_middle_drawer_of_the_cabinet_language_1_view_0_0_100_0_0_initstate_0,open_the_middle_drawer_of_the_cabinet,Language Instructions,,initstate_0,language_1,,,,view_0,
open_the_middle_drawer_of_the_cabinet_language_2_view_0_0_100_0_0_initstate_0,open_the_middle_drawer_of_the_cabinet,Language Instructions,,initstate_0,language_2,,,,view_0,
open_the_middle_drawer_of_the_cabinet_language_3_view_0_0_100_0_0_initstate_0,open_the_middle_drawer_of_the_cabinet,Language Instructions,,initstate_0,language_3,,,,view_0,
open_the_middle_drawer_of_the_cabinet_language_4_view_0_0_100_0_0_initstate_0,open_the_middle_drawer_of_the_cabinet,Language Instructions,,initstate_0,language_4,,,,view_0,
open_the_middle_drawer_of_the_cabinet_language_5_view_0_0_100_0_0_initstate_0,open_the_middle_drawer_of_the_cabinet,Language Instructions,,initstate_0,language_5,,,,view_0,
open_the_middle_drawer_of_the_cabinet_language_6_view_0_0_100_0_0_initstate_0,open_the_middle_drawer_of_the_cabinet,Language Instructions,,initstate_0,language_6,,,,view_0,
open_the_middle_drawer_of_the_cabinet_language_7_view_0_0_100_0_0_initstate_0,open_the_middle_drawer_of_the_cabinet,Language Instructions,,initstate_0,language_7,,,,view_0,
open_the_middle_drawer_of_the_cabinet_language_8_view_0_0_100_0_0_initstate_0,open_the_middle_drawer_of_the_cabinet,Language Instructions,,initstate_0,language_8,,,,view_0,
open_the_middle_drawer_of_the_cabinet_language_9_view_0_0_100_0_0_initstate_0,open_the_middle_drawer_of_the_cabinet,Language Instructions,,initstate_0,language_9,,,,view_0,
open_the_middle_drawer_of_the_cabinet_language_10_view_0_0_100_0_0_initstate_0,open_the_middle_drawer_of_the_cabinet,Language Instructions,,initstate_0,language_10,,,,view_0,
open_the_middle_drawer_of_the_cabinet_language_11_view_0_0_100_0_0_initstate_0,open_the_middle_drawer_of_the_cabinet,Language Instructions,,initstate_0,language_11,,,,view_0,
open_the_middle_drawer_of_the_cabinet_language_12_view_0_0_100_0_0_initstate_0,open_the_middle_drawer_of_the_cabinet,Language Instructions,,initstate_0,language_12,,,,view_0,
open_the_middle_drawer_of_the_cabinet_language_13_view_0_0_100_0_0_initstate_0,open_the_middle_drawer_of_the_cabinet,Language Instructions,,initstate_0,language_13,,,,view_0,
open_the_middle_drawer_of_the_cabinet_language_14_view_0_0_100_0_0_initstate_0,open_the_middle_drawer_of_the_cabinet,Language Instructions,,initstate_0,language_14,,,,view_0,
open_the_middle_drawer_of_the_cabinet_language_15_view_0_0_100_0_0_initstate_0,open_the_middle_drawer_of_the_cabinet,Language Instructions,,initstate_0,language_15,,,,view_0,
open_the_middle_drawer_of_the_cabinet_language_18_view_0_0_100_0_0_initstate_0,open_the_middle_drawer_of_the_cabinet,Language Instructions,,initstate_0,language_18,,,,view_0,
open_the_middle_drawer_of_the_cabinet_language_19_view_0_0_100_0_0_initstate_0,open_the_middle_drawer_of_the_cabinet,Language Instructions,,initstate_0,language_19,,,,view_0,
open_the_middle_drawer_of_the_cabinet_language_20_view_0_0_100_0_0_initstate_0,open_the_middle_drawer_of_the_cabinet,Language Instructions,,initstate_0,language_20,,,,view_0,
open_the_middle_drawer_of_the_cabinet_language_21_view_0_0_100_0_0_initstate_0,open_the_middle_drawer_of_the_cabinet,Language Instructions,,initstate_0,language_21,,,,view_0,
open_the_middle_drawer_of_the_cabinet_language_22_view_0_0_100_0_0_initstate_0,open_the_middle_drawer_of_the_cabinet,Language Instructions,,initstate_0,language_22,,,,view_0,
open_the_middle_drawer_of_the_cabinet_language_23_view_0_0_100_0_0_initstate_0,open_the_middle_drawer_of_the_cabinet,Language Instructions,,initstate_0,language_23,,,,view_0,
open_the_middle_drawer_of_the_cabinet_language_24_view_0_0_100_0_0_initstate_0,open_the_middle_drawer_of_the_cabinet,Language Instructions,,initstate_0,language_24,,,,view_0,
open_the_middle_drawer_of_the_cabinet_language_25_view_0_0_100_0_0_initstate_0,open_the_middle_drawer_of_the_cabinet,Language Instructions,,initstate_0,language_25,,,,view_0,
open_the_middle_drawer_of_the_cabinet_language_26_view_0_0_100_0_0_initstate_0,open_the_middle_drawer_of_the_cabinet,Language Instructions,,initstate_0,language_26,,,,view_0,
open_the_middle_drawer_of_the_cabinet_language_27_view_0_0_100_0_0_initstate_0,open_the_middle_drawer_of_the_cabinet,Language Instructions,,initstate_0,language_27,,,,view_0,
open_the_middle_drawer_of_the_cabinet_language_28_view_0_0_100_0_0_initstate_0,open_the_middle_drawer_of_the_cabinet,Language Instructions,,initstate_0,language_28,,,,view_0,
open_the_middle_drawer_of_the_cabinet_language_30_view_0_0_100_0_0_initstate_0,open_the_middle_drawer_of_the_cabinet,Language Instructions,,initstate_0,language_30,,,,view_0,
open_the_middle_drawer_of_the_cabinet_language_31_view_0_0_100_0_0_initstate_0,open_the_middle_drawer_of_the_cabinet,Language Instructions,,initstate_0,language_31,,,,view_0,
open_the_middle_drawer_of_the_cabinet_language_32_view_0_0_100_0_0_initstate_0,open_the_middle_drawer_of_the_cabinet,Language Instructions,,initstate_0,language_32,,,,view_0,
open_the_middle_drawer_of_the_cabinet_language_33_view_0_0_100_0_0_initstate_0,open_the_middle_drawer_of_the_cabinet,Language Instructions,,initstate_0,language_33,,,,view_0,
open_the_middle_drawer_of_the_cabinet_language_34_view_0_0_100_0_0_initstate_0,open_the_middle_drawer_of_the_cabinet,Language Instructions,,initstate_0,language_34,,,,view_0,
open_the_middle_drawer_of_the_cabinet_language_36_view_0_0_100_0_0_initstate_0,open_the_middle_drawer_of_the_cabinet,Language Instructions,,initstate_0,language_36,,,,view_0,
open_the_middle_drawer_of_the_cabinet_language_37_view_0_0_100_0_0_initstate_0,open_the_middle_drawer_of_the_cabinet,Language Instructions,,initstate_0,language_37,,,,view_0,
open_the_middle_drawer_of_the_cabinet_language_38_view_0_0_100_0_0_initstate_0,open_the_middle_drawer_of_the_cabinet,Language Instructions,,initstate_0,language_38,,,,view_0,
open_the_middle_drawer_of_the_cabinet_language_39_view_0_0_100_0_0_initstate_0,open_the_middle_drawer_of_the_cabinet,Language Instructions,,initstate_0,language_39,,,,view_0,
open_the_middle_drawer_of_the_cabinet_language_40_view_0_0_100_0_0_initstate_0,open_the_middle_drawer_of_the_cabinet,Language Instructions,,initstate_0,language_40,,,,view_0,
open_the_middle_drawer_of_the_cabinet_language_41_view_0_0_100_0_0_initstate_0,open_the_middle_drawer_of_the_cabinet,Language Instructions,,initstate_0,language_41,,,,view_0,
open_the_middle_drawer_of_the_cabinet_language_42_view_0_0_100_0_0_initstate_0,open_the_middle_drawer_of_the_cabinet,Language Instructions,,initstate_0,language_42,,,,view_0,
open_the_middle_drawer_of_the_cabinet_language_43_view_0_0_100_0_0_initstate_0,open_the_middle_drawer_of_the_cabinet,Language Instructions,,initstate_0,language_43,,,,view_0,
open_the_middle_drawer_of_the_cabinet_language_44_view_0_0_100_0_0_initstate_0,open_the_middle_drawer_of_the_cabinet,Language Instructions,,initstate_0,language_44,,,,view_0,
open_the_middle_drawer_of_the_cabinet_language_45_view_0_0_100_0_0_initstate_0,open_the_middle_drawer_of_the_cabinet,Language Instructions,,initstate_0,language_45,,,,view_0,
open_the_middle_drawer_of_the_cabinet_language_46_view_0_0_100_0_0_initstate_0,open_the_middle_drawer_of_the_cabinet,Language Instructions,,initstate_0,language_46,,,,view_0,
open_the_middle_drawer_of_the_cabinet_language_47_view_0_0_100_0_0_initstate_0,open_the_middle_drawer_of_the_cabinet,Language Instructions,,initstate_0,language_47,,,,view_0,
open_the_middle_drawer_of_the_cabinet_language_48_view_0_0_100_0_0_initstate_0,open_the_middle_drawer_of_the_cabinet,Language Instructions,,initstate_0,language_48,,,,view_0,
open_the_middle_drawer_of_the_cabinet_language_49_view_0_0_100_0_0_initstate_0,open_the_middle_drawer_of_the_cabinet,Language Instructions,,initstate_0,language_49,,,,view_0,
open_the_middle_drawer_of_the_cabinet_language_50_view_0_0_100_0_0_initstate_0,open_the_middle_drawer_of_the_cabinet,Language Instructions,,initstate_0,language_50,,,,view_0,
open_the_middle_drawer_of_the_cabinet_view_0_0_100_0_0_initstate_0_noise_1,open_the_middle_drawer_of_the_cabinet,Sensor Noise,,initstate_0,,,noise_1,,view_0,
open_the_middle_drawer_of_the_cabinet_view_0_0_100_0_0_initstate_0_noise_2,open_the_middle_drawer_of_the_cabinet,Sensor Noise,,initstate_0,,,noise_2,,view_0,
open_the_middle_drawer_of_the_cabinet_view_0_0_100_0_0_initstate_0_noise_3,open_the_middle_drawer_of_the_cabinet,Sensor Noise,,initstate_0,,,noise_3,,view_0,
open_the_middle_drawer_of_the_cabinet_view_0_0_100_0_0_initstate_0_noise_4,open_the_middle_drawer_of_the_cabinet,Sensor Noise,,initstate_0,,,noise_4,,view_0,
open_the_middle_drawer_of_the_cabinet_view_0_0_100_0_0_initstate_0_noise_5,open_the_middle_drawer_of_the_cabinet,Sensor Noise,,initstate_0,,,noise_5,,view_0,
open_the_middle_drawer_of_the_cabinet_view_0_0_100_0_0_initstate_0_noise_6,open_the_middle_drawer_of_the_cabinet,Sensor Noise,,initstate_0,,,noise_6,,view_0,
open_the_middle_drawer_of_the_cabinet_view_0_0_100_0_0_initstate_0_noise_7,open_the_middle_drawer_of_the_cabinet,Sensor Noise,,initstate_0,,,noise_7,,view_0,
open_the_middle_drawer_of_the_cabinet_view_0_0_100_0_0_initstate_0_noise_8,open_the_middle_drawer_of_the_cabinet,Sensor Noise,,initstate_0,,,noise_8,,view_0,
open_the_middle_drawer_of_the_cabinet_view_0_0_100_0_0_initstate_0_noise_9,open_the_middle_drawer_of_the_cabinet,Sensor Noise,,initstate_0,,,noise_9,,view_0,
open_the_middle_drawer_of_the_cabinet_view_0_0_100_0_0_initstate_0_noise_10,open_the_middle_drawer_of_the_cabinet,Sensor Noise,,initstate_0,,,noise_10,,view_0,
open_the_middle_drawer_of_the_cabinet_view_0_0_100_0_0_initstate_0_noise_12,open_the_middle_drawer_of_the_cabinet,Sensor Noise,,initstate_0,,,noise_12,,view_0,
open_the_middle_drawer_of_the_cabinet_view_0_0_100_0_0_initstate_0_noise_13,open_the_middle_drawer_of_the_cabinet,Sensor Noise,,initstate_0,,,noise_13,,view_0,
open_the_middle_drawer_of_the_cabinet_view_0_0_100_0_0_initstate_0_noise_14,open_the_middle_drawer_of_the_cabinet,Sensor Noise,,initstate_0,,,noise_14,,view_0,
open_the_middle_drawer_of_the_cabinet_view_0_0_100_0_0_initstate_0_noise_15,open_the_middle_drawer_of_the_cabinet,Sensor Noise,,initstate_0,,,noise_15,,view_0,
open_the_middle_drawer_of_the_cabinet_view_0_0_100_0_0_initstate_0_noise_16,open_the_middle_drawer_of_the_cabinet,Sensor Noise,,initstate_0,,,noise_16,,view_0,
open_the_middle_drawer_of_the_cabinet_view_0_0_100_0_0_initstate_0_noise_17,open_the_middle_drawer_of_the_cabinet,Sensor Noise,,initstate_0,,,noise_17,,view_0,
open_the_middle_drawer_of_the_cabinet_view_0_0_100_0_0_initstate_0_noise_18,open_the_middle_drawer_of_the_cabinet,Sensor Noise,,initstate_0,,,noise_18,,view_0,
open_the_middle_drawer_of_the_cabinet_view_0_0_100_0_0_initstate_0_noise_19,open_the_middle_drawer_of_the_cabinet,Sensor Noise,,initstate_0,,,noise_19,,view_0,
open_the_middle_drawer_of_the_cabinet_view_0_0_100_0_0_initstate_0_noise_20,open_the_middle_drawer_of_the_cabinet,Sensor Noise,,initstate_0,,,noise_20,,view_0,
open_the_middle_drawer_of_the_cabinet_view_0_0_100_0_0_initstate_0_noise_21,open_the_middle_drawer_of_the_cabinet,Sensor Noise,,initstate_0,,,noise_21,,view_0,
open_the_middle_drawer_of_the_cabinet_view_0_0_100_0_0_initstate_0_noise_23,open_the_middle_drawer_of_the_cabinet,Sensor Noise,,initstate_0,,,noise_23,,view_0,
open_the_middle_drawer_of_the_cabinet_view_0_0_100_0_0_initstate_0_noise_24,open_the_middle_drawer_of_the_cabinet,Sensor Noise,,initstate_0,,,noise_24,,view_0,
open_the_middle_drawer_of_the_cabinet_view_0_0_100_0_0_initstate_0_noise_25,open_the_middle_drawer_of_the_cabinet,Sensor Noise,,initstate_0,,,noise_25,,view_0,
open_the_middle_drawer_of_the_cabinet_view_0_0_100_0_0_initstate_0_noise_26,open_the_middle_drawer_of_the_cabinet,Sensor Noise,,initstate_0,,,noise_26,,view_0,
open_the_middle_drawer_of_the_cabinet_view_0_0_100_0_0_initstate_0_noise_27,open_the_middle_drawer_of_the_cabinet,Sensor Noise,,initstate_0,,,noise_27,,view_0,
open_the_middle_drawer_of_the_cabinet_view_0_0_100_0_0_initstate_0_noise_28,open_the_middle_drawer_of_the_cabinet,Sensor Noise,,initstate_0,,,noise_28,,view_0,
open_the_middle_drawer_of_the_cabinet_view_0_0_100_0_0_initstate_0_noise_35,open_the_middle_drawer_of_the_cabinet,Sensor Noise,,initstate_0,,,noise_35,,view_0,
open_the_middle_drawer_of_the_cabinet_view_0_0_100_0_0_initstate_0_noise_36,open_the_middle_drawer_of_the_cabinet,Sensor Noise,,initstate_0,,,noise_36,,view_0,
open_the_middle_drawer_of_the_cabinet_view_0_0_100_0_0_initstate_0_noise_37,open_the_middle_drawer_of_the_cabinet,Sensor Noise,,initstate_0,,,noise_37,,view_0,
open_the_middle_drawer_of_the_cabinet_view_0_0_100_0_0_initstate_0_noise_38,open_the_middle_drawer_of_the_cabinet,Sensor Noise,,initstate_0,,,noise_38,,view_0,
open_the_middle_drawer_of_the_cabinet_view_0_0_100_0_0_initstate_0_noise_39,open_the_middle_drawer_of_the_cabinet,Sensor Noise,,initstate_0,,,noise_39,,view_0,
open_the_middle_drawer_of_the_cabinet_view_0_0_100_0_0_initstate_0_noise_40,open_the_middle_drawer_of_the_cabinet,Sensor Noise,,initstate_0,,,noise_40,,view_0,
open_the_middle_drawer_of_the_cabinet_view_0_0_100_0_0_initstate_0_noise_41,open_the_middle_drawer_of_the_cabinet,Sensor Noise,,initstate_0,,,noise_41,,view_0,
open_the_middle_drawer_of_the_cabinet_view_0_0_100_0_0_initstate_0_noise_42,open_the_middle_drawer_of_the_cabinet,Sensor Noise,,initstate_0,,,noise_42,,view_0,
open_the_middle_drawer_of_the_cabinet_view_0_0_100_0_0_initstate_0_noise_43,open_the_middle_drawer_of_the_cabinet,Sensor Noise,,initstate_0,,,noise_43,,view_0,
open_the_middle_drawer_of_the_cabinet_view_0_0_100_0_0_initstate_0_noise_44,open_the_middle_drawer_of_the_cabinet,Sensor Noise,,initstate_0,,,noise_44,,view_0,
open_the_middle_drawer_of_the_cabinet_view_0_0_100_0_0_initstate_0_noise_45,open_the_middle_drawer_of_the_cabinet,Sensor Noise,,initstate_0,,,noise_45,,view_0,
open_the_middle_drawer_of_the_cabinet_view_0_0_100_0_0_initstate_0_noise_46,open_the_middle_drawer_of_the_cabinet,Sensor Noise,,initstate_0,,,noise_46,,view_0,
open_the_middle_drawer_of_the_cabinet_view_0_0_100_0_0_initstate_0_noise_47,open_the_middle_drawer_of_the_cabinet,Sensor Noise,,initstate_0,,,noise_47,,view_0,
open_the_middle_drawer_of_the_cabinet_view_0_0_100_0_0_initstate_0_noise_48,open_the_middle_drawer_of_the_cabinet,Sensor Noise,,initstate_0,,,noise_48,,view_0,
open_the_middle_drawer_of_the_cabinet_view_0_0_100_0_0_initstate_0_noise_49,open_the_middle_drawer_of_the_cabinet,Sensor Noise,,initstate_0,,,noise_49,,view_0,
open_the_middle_drawer_of_the_cabinet_view_0_0_100_0_0_initstate_0_noise_50,open_the_middle_drawer_of_the_cabinet,Sensor Noise,,initstate_0,,,noise_50,,view_0,
open_the_middle_drawer_of_the_cabinet_add_10,open_the_middle_drawer_of_the_cabinet,Objects Layout,add_10,,,,,,,
open_the_middle_drawer_of_the_cabinet_add_11,open_the_middle_drawer_of_the_cabinet,Objects Layout,add_11,,,,,,,
open_the_middle_drawer_of_the_cabinet_add_12,open_the_middle_drawer_of_the_cabinet,Objects Layout,add_12,,,,,,,
open_the_middle_drawer_of_the_cabinet_add_13,open_the_middle_drawer_of_the_cabinet,Objects Layout,add_13,,,,,,,
open_the_middle_drawer_of_the_cabinet_add_14,open_the_middle_drawer_of_the_cabinet,Objects Layout,add_14,,,,,,,
open_the_middle_drawer_of_the_cabinet_add_15,open_the_middle_drawer_of_the_cabinet,Objects Layout,add_15,,,,,,,
open_the_middle_drawer_of_the_cabinet_add_16,open_the_middle_drawer_of_the_cabinet,Objects Layout,add_16,,,,,,,
open_the_middle_drawer_of_the_cabinet_add_18,open_the_middle_drawer_of_the_cabinet,Objects Layout,add_18,,,,,,,
open_the_middle_drawer_of_the_cabinet_add_19,open_the_middle_drawer_of_the_cabinet,Objects Layout,add_19,,,,,,,
open_the_middle_drawer_of_the_cabinet_add_2,open_the_middle_drawer_of_the_cabinet,Objects Layout,add_2,,,,,,,
open_the_middle_drawer_of_the_cabinet_add_20,open_the_middle_drawer_of_the_cabinet,Objects Layout,add_20,,,,,,,
open_the_middle_drawer_of_the_cabinet_add_21,open_the_middle_drawer_of_the_cabinet,Objects Layout,add_21,,,,,,,
open_the_middle_drawer_of_the_cabinet_add_22,open_the_middle_drawer_of_the_cabinet,Objects Layout,add_22,,,,,,,
open_the_middle_drawer_of_the_cabinet_add_23,open_the_middle_drawer_of_the_cabinet,Objects Layout,add_23,,,,,,,
open_the_middle_drawer_of_the_cabinet_add_24,open_the_middle_drawer_of_the_cabinet,Objects Layout,add_24,,,,,,,
open_the_middle_drawer_of_the_cabinet_add_25,open_the_middle_drawer_of_the_cabinet,Objects Layout,add_25,,,,,,,
open_the_middle_drawer_of_the_cabinet_add_26,open_the_middle_drawer_of_the_cabinet,Objects Layout,add_26,,,,,,,
open_the_middle_drawer_of_the_cabinet_add_27,open_the_middle_drawer_of_the_cabinet,Objects Layout,add_27,,,,,,,
open_the_middle_drawer_of_the_cabinet_add_28,open_the_middle_drawer_of_the_cabinet,Objects Layout,add_28,,,,,,,
open_the_middle_drawer_of_the_cabinet_add_29,open_the_middle_drawer_of_the_cabinet,Objects Layout,add_29,,,,,,,
open_the_middle_drawer_of_the_cabinet_add_30,open_the_middle_drawer_of_the_cabinet,Objects Layout,add_30,,,,,,,
open_the_middle_drawer_of_the_cabinet_add_5,open_the_middle_drawer_of_the_cabinet,Objects Layout,add_5,,,,,,,
open_the_middle_drawer_of_the_cabinet_add_7,open_the_middle_drawer_of_the_cabinet,Objects Layout,add_7,,,,,,,
open_the_middle_drawer_of_the_cabinet_add_8,open_the_middle_drawer_of_the_cabinet,Objects Layout,add_8,,,,,,,
open_the_middle_drawer_of_the_cabinet_add_9,open_the_middle_drawer_of_the_cabinet,Objects Layout,add_9,,,,,,,
open_the_middle_drawer_of_the_cabinet_light_1,open_the_middle_drawer_of_the_cabinet,Light Conditions,,,,light_1,,,,
open_the_middle_drawer_of_the_cabinet_light_10,open_the_middle_drawer_of_the_cabinet,Light Conditions,,,,light_10,,,,
open_the_middle_drawer_of_the_cabinet_light_11,open_the_middle_drawer_of_the_cabinet,Light Conditions,,,,light_11,,,,
open_the_middle_drawer_of_the_cabinet_light_12,open_the_middle_drawer_of_the_cabinet,Light Conditions,,,,light_12,,,,
open_the_middle_drawer_of_the_cabinet_light_13,open_the_middle_drawer_of_the_cabinet,Light Conditions,,,,light_13,,,,
open_the_middle_drawer_of_the_cabinet_light_14,open_the_middle_drawer_of_the_cabinet,Light Conditions,,,,light_14,,,,
open_the_middle_drawer_of_the_cabinet_light_15,open_the_middle_drawer_of_the_cabinet,Light Conditions,,,,light_15,,,,
open_the_middle_drawer_of_the_cabinet_light_16,open_the_middle_drawer_of_the_cabinet,Light Conditions,,,,light_16,,,,
open_the_middle_drawer_of_the_cabinet_light_17,open_the_middle_drawer_of_the_cabinet,Light Conditions,,,,light_17,,,,
open_the_middle_drawer_of_the_cabinet_light_18,open_the_middle_drawer_of_the_cabinet,Light Conditions,,,,light_18,,,,
open_the_middle_drawer_of_the_cabinet_light_19,open_the_middle_drawer_of_the_cabinet,Light Conditions,,,,light_19,,,,
open_the_middle_drawer_of_the_cabinet_light_2,open_the_middle_drawer_of_the_cabinet,Light Conditions,,,,light_2,,,,
open_the_middle_drawer_of_the_cabinet_light_20,open_the_middle_drawer_of_the_cabinet,Light Conditions,,,,light_20,,,,
open_the_middle_drawer_of_the_cabinet_light_21,open_the_middle_drawer_of_the_cabinet,Light Conditions,,,,light_21,,,,
open_the_middle_drawer_of_the_cabinet_light_24,open_the_middle_drawer_of_the_cabinet,Light Conditions,,,,light_24,,,,
open_the_middle_drawer_of_the_cabinet_light_25,open_the_middle_drawer_of_the_cabinet,Light Conditions,,,,light_25,,,,
open_the_middle_drawer_of_the_cabinet_light_26,open_the_middle_drawer_of_the_cabinet,Light Conditions,,,,light_26,,,,
open_the_middle_drawer_of_the_cabinet_light_27,open_the_middle_drawer_of_the_cabinet,Light Conditions,,,,light_27,,,,
open_the_middle_drawer_of_the_cabinet_light_28,open_the_middle_drawer_of_the_cabinet,Light Conditions,,,,light_28,,,,
open_the_middle_drawer_of_the_cabinet_light_29,open_the_middle_drawer_of_the_cabinet,Light Conditions,,,,light_29,,,,
open_the_middle_drawer_of_the_cabinet_light_3,open_the_middle_drawer_of_the_cabinet,Light Conditions,,,,light_3,,,,
open_the_middle_drawer_of_the_cabinet_light_30,open_the_middle_drawer_of_the_cabinet,Light Conditions,,,,light_30,,,,
open_the_middle_drawer_of_the_cabinet_light_31,open_the_middle_drawer_of_the_cabinet,Light Conditions,,,,light_31,,,,
open_the_middle_drawer_of_the_cabinet_light_33,open_the_middle_drawer_of_the_cabinet,Light Conditions,,,,light_33,,,,
open_the_middle_drawer_of_the_cabinet_light_34,open_the_middle_drawer_of_the_cabinet,Light Conditions,,,,light_34,,,,
open_the_middle_drawer_of_the_cabinet_light_35,open_the_middle_drawer_of_the_cabinet,Light Conditions,,,,light_35,,,,
open_the_middle_drawer_of_the_cabinet_light_36,open_the_middle_drawer_of_the_cabinet,Light Conditions,,,,light_36,,,,
open_the_middle_drawer_of_the_cabinet_light_38,open_the_middle_drawer_of_the_cabinet,Light Conditions,,,,light_38,,,,
open_the_middle_drawer_of_the_cabinet_light_4,open_the_middle_drawer_of_the_cabinet,Light Conditions,,,,light_4,,,,
open_the_middle_drawer_of_the_cabinet_light_41,open_the_middle_drawer_of_the_cabinet,Light Conditions,,,,light_41,,,,
open_the_middle_drawer_of_the_cabinet_light_42,open_the_middle_drawer_of_the_cabinet,Light Conditions,,,,light_42,,,,
open_the_middle_drawer_of_the_cabinet_light_43,open_the_middle_drawer_of_the_cabinet,Light Conditions,,,,light_43,,,,
open_the_middle_drawer_of_the_cabinet_light_45,open_the_middle_drawer_of_the_cabinet,Light Conditions,,,,light_45,,,,
open_the_middle_drawer_of_the_cabinet_light_46,open_the_middle_drawer_of_the_cabinet,Light Conditions,,,,light_46,,,,
open_the_middle_drawer_of_the_cabinet_light_47,open_the_middle_drawer_of_the_cabinet,Light Conditions,,,,light_47,,,,
open_the_middle_drawer_of_the_cabinet_light_48,open_the_middle_drawer_of_the_cabinet,Light Conditions,,,,light_48,,,,
open_the_middle_drawer_of_the_cabinet_light_49,open_the_middle_drawer_of_the_cabinet,Light Conditions,,,,light_49,,,,
open_the_middle_drawer_of_the_cabinet_light_5,open_the_middle_drawer_of_the_cabinet,Light Conditions,,,,light_5,,,,
open_the_middle_drawer_of_the_cabinet_light_50,open_the_middle_drawer_of_the_cabinet,Light Conditions,,,,light_50,,,,
open_the_middle_drawer_of_the_cabinet_light_7,open_the_middle_drawer_of_the_cabinet,Light Conditions,,,,light_7,,,,
open_the_middle_drawer_of_the_cabinet_light_8,open_the_middle_drawer_of_the_cabinet,Light Conditions,,,,light_8,,,,
open_the_middle_drawer_of_the_cabinet_light_9,open_the_middle_drawer_of_the_cabinet,Light Conditions,,,,light_9,,,,
open_the_top_drawer_and_put_the_bowl_inside_table_1,open_the_top_drawer_and_put_the_bowl_inside,Background Textures,,,,,,table_1,,
open_the_top_drawer_and_put_the_bowl_inside_table_11,open_the_top_drawer_and_put_the_bowl_inside,Background Textures,,,,,,table_11,,
open_the_top_drawer_and_put_the_bowl_inside_table_12,open_the_top_drawer_and_put_the_bowl_inside,Background Textures,,,,,,table_12,,
open_the_top_drawer_and_put_the_bowl_inside_table_13,open_the_top_drawer_and_put_the_bowl_inside,Background Textures,,,,,,table_13,,
open_the_top_drawer_and_put_the_bowl_inside_table_14,open_the_top_drawer_and_put_the_bowl_inside,Background Textures,,,,,,table_14,,
open_the_top_drawer_and_put_the_bowl_inside_table_15,open_the_top_drawer_and_put_the_bowl_inside,Background Textures,,,,,,table_15,,
open_the_top_drawer_and_put_the_bowl_inside_table_16,open_the_top_drawer_and_put_the_bowl_inside,Background Textures,,,,,,table_16,,
open_the_top_drawer_and_put_the_bowl_inside_table_17,open_the_top_drawer_and_put_the_bowl_inside,Background Textures,,,,,,table_17,,
open_the_top_drawer_and_put_the_bowl_inside_table_18,open_the_top_drawer_and_put_the_bowl_inside,Background Textures,,,,,,table_18,,
open_the_top_drawer_and_put_the_bowl_inside_table_19,open_the_top_drawer_and_put_the_bowl_inside,Background Textures,,,,,,table_19,,
open_the_top_drawer_and_put_the_bowl_inside_table_2,open_the_top_drawer_and_put_the_bowl_inside,Background Textures,,,,,,table_2,,
open_the_top_drawer_and_put_the_bowl_inside_table_20,open_the_top_drawer_and_put_the_bowl_inside,Background Textures,,,,,,table_20,,
open_the_top_drawer_and_put_the_bowl_inside_table_21,open_the_top_drawer_and_put_the_bowl_inside,Background Textures,,,,,,table_21,,
open_the_top_drawer_and_put_the_bowl_inside_table_22,open_the_top_drawer_and_put_the_bowl_inside,Background Textures,,,,,,table_22,,
open_the_top_drawer_and_put_the_bowl_inside_table_23,open_the_top_drawer_and_put_the_bowl_inside,Background Textures,,,,,,table_23,,
open_the_top_drawer_and_put_the_bowl_inside_table_24,open_the_top_drawer_and_put_the_bowl_inside,Background Textures,,,,,,table_24,,
open_the_top_drawer_and_put_the_bowl_inside_table_25,open_the_top_drawer_and_put_the_bowl_inside,Background Textures,,,,,,table_25,,
open_the_top_drawer_and_put_the_bowl_inside_table_27,open_the_top_drawer_and_put_the_bowl_inside,Background Textures,,,,,,table_27,,
open_the_top_drawer_and_put_the_bowl_inside_table_28,open_the_top_drawer_and_put_the_bowl_inside,Background Textures,,,,,,table_28,,
open_the_top_drawer_and_put_the_bowl_inside_table_3,open_the_top_drawer_and_put_the_bowl_inside,Background Textures,,,,,,table_3,,
open_the_top_drawer_and_put_the_bowl_inside_table_4,open_the_top_drawer_and_put_the_bowl_inside,Background Textures,,,,,,table_4,,
open_the_top_drawer_and_put_the_bowl_inside_table_5,open_the_top_drawer_and_put_the_bowl_inside,Background Textures,,,,,,table_5,,
open_the_top_drawer_and_put_the_bowl_inside_table_6,open_the_top_drawer_and_put_the_bowl_inside,Background Textures,,,,,,table_6,,
open_the_top_drawer_and_put_the_bowl_inside_table_7,open_the_top_drawer_and_put_the_bowl_inside,Background Textures,,,,,,table_7,,
open_the_top_drawer_and_put_the_bowl_inside_table_9,open_the_top_drawer_and_put_the_bowl_inside,Background Textures,,,,,,table_9,,
open_the_top_drawer_and_put_the_bowl_inside_tb_1,open_the_top_drawer_and_put_the_bowl_inside,Background Textures,,,,,,tb_1,,
open_the_top_drawer_and_put_the_bowl_inside_tb_10,open_the_top_drawer_and_put_the_bowl_inside,Background Textures,,,,,,tb_10,,
open_the_top_drawer_and_put_the_bowl_inside_tb_11,open_the_top_drawer_and_put_the_bowl_inside,Background Textures,,,,,,tb_11,,
open_the_top_drawer_and_put_the_bowl_inside_tb_13,open_the_top_drawer_and_put_the_bowl_inside,Background Textures,,,,,,tb_13,,
open_the_top_drawer_and_put_the_bowl_inside_tb_15,open_the_top_drawer_and_put_the_bowl_inside,Background Textures,,,,,,tb_15,,
open_the_top_drawer_and_put_the_bowl_inside_tb_16,open_the_top_drawer_and_put_the_bowl_inside,Background Textures,,,,,,tb_16,,
open_the_top_drawer_and_put_the_bowl_inside_tb_17,open_the_top_drawer_and_put_the_bowl_inside,Background Textures,,,,,,tb_17,,
open_the_top_drawer_and_put_the_bowl_inside_tb_18,open_the_top_drawer_and_put_the_bowl_inside,Background Textures,,,,,,tb_18,,
open_the_top_drawer_and_put_the_bowl_inside_tb_19,open_the_top_drawer_and_put_the_bowl_inside,Background Textures,,,,,,tb_19,,
open_the_top_drawer_and_put_the_bowl_inside_tb_2,open_the_top_drawer_and_put_the_bowl_inside,Background Textures,,,,,,tb_2,,
open_the_top_drawer_and_put_the_bowl_inside_tb_20,open_the_top_drawer_and_put_the_bowl_inside,Background Textures,,,,,,tb_20,,
open_the_top_drawer_and_put_the_bowl_inside_tb_21,open_the_top_drawer_and_put_the_bowl_inside,Background Textures,,,,,,tb_21,,
open_the_top_drawer_and_put_the_bowl_inside_tb_22,open_the_top_drawer_and_put_the_bowl_inside,Background Textures,,,,,,tb_22,,
open_the_top_drawer_and_put_the_bowl_inside_tb_3,open_the_top_drawer_and_put_the_bowl_inside,Background Textures,,,,,,tb_3,,
open_the_top_drawer_and_put_the_bowl_inside_tb_4,open_the_top_drawer_and_put_the_bowl_inside,Background Textures,,,,,,tb_4,,
open_the_top_drawer_and_put_the_bowl_inside_tb_5,open_the_top_drawer_and_put_the_bowl_inside,Background Textures,,,,,,tb_5,,
open_the_top_drawer_and_put_the_bowl_inside_tb_6,open_the_top_drawer_and_put_the_bowl_inside,Background Textures,,,,,,tb_6,,
open_the_top_drawer_and_put_the_bowl_inside_tb_7,open_the_top_drawer_and_put_the_bowl_inside,Background Textures,,,,,,tb_7,,
open_the_top_drawer_and_put_the_bowl_inside_tb_8,open_the_top_drawer_and_put_the_bowl_inside,Background Textures,,,,,,tb_8,,
open_the_top_drawer_and_put_the_bowl_inside_tb_9,open_the_top_drawer_and_put_the_bowl_inside,Background Textures,,,,,,tb_9,,
open_the_top_drawer_and_put_the_bowl_inside_view_0_0_100_0_0_initstate_4,open_the_top_drawer_and_put_the_bowl_inside,Robot Initial States,,initstate_4,,,,,view_0,
open_the_top_drawer_and_put_the_bowl_inside_view_0_0_100_0_0_initstate_14,open_the_top_drawer_and_put_the_bowl_inside,Robot Initial States,,initstate_14,,,,,view_0,
open_the_top_drawer_and_put_the_bowl_inside_view_0_0_100_0_0_initstate_24,open_the_top_drawer_and_put_the_bowl_inside,Robot Initial States,,initstate_24,,,,,view_0,
open_the_top_drawer_and_put_the_bowl_inside_view_0_0_100_0_0_initstate_44,open_the_top_drawer_and_put_the_bowl_inside,Robot Initial States,,initstate_44,,,,,view_0,
open_the_top_drawer_and_put_the_bowl_inside_view_0_0_100_0_0_initstate_54,open_the_top_drawer_and_put_the_bowl_inside,Robot Initial States,,initstate_54,,,,,view_0,
open_the_top_drawer_and_put_the_bowl_inside_view_0_0_100_0_0_initstate_74,open_the_top_drawer_and_put_the_bowl_inside,Robot Initial States,,initstate_74,,,,,view_0,
open_the_top_drawer_and_put_the_bowl_inside_view_0_0_100_0_0_initstate_84,open_the_top_drawer_and_put_the_bowl_inside,Robot Initial States,,initstate_84,,,,,view_0,
open_the_top_drawer_and_put_the_bowl_inside_view_0_0_100_0_0_initstate_94,open_the_top_drawer_and_put_the_bowl_inside,Robot Initial States,,initstate_94,,,,,view_0,
open_the_top_drawer_and_put_the_bowl_inside_view_0_0_100_0_0_initstate_114,open_the_top_drawer_and_put_the_bowl_inside,Robot Initial States,,initstate_114,,,,,view_0,
open_the_top_drawer_and_put_the_bowl_inside_view_0_0_100_0_0_initstate_124,open_the_top_drawer_and_put_the_bowl_inside,Robot Initial States,,initstate_124,,,,,view_0,
open_the_top_drawer_and_put_the_bowl_inside_view_0_0_100_0_0_initstate_144,open_the_top_drawer_and_put_the_bowl_inside,Robot Initial States,,initstate_144,,,,,view_0,
open_the_top_drawer_and_put_the_bowl_inside_view_0_0_100_0_0_initstate_154,open_the_top_drawer_and_put_the_bowl_inside,Robot Initial States,,initstate_154,,,,,view_0,
open_the_top_drawer_and_put_the_bowl_inside_view_0_0_100_0_0_initstate_164,open_the_top_drawer_and_put_the_bowl_inside,Robot Initial States,,initstate_164,,,,,view_0,
open_the_top_drawer_and_put_the_bowl_inside_view_0_0_100_0_0_initstate_174,open_the_top_drawer_and_put_the_bowl_inside,Robot Initial States,,initstate_174,,,,,view_0,
open_the_top_drawer_and_put_the_bowl_inside_view_0_0_100_0_0_initstate_184,open_the_top_drawer_and_put_the_bowl_inside,Robot Initial States,,initstate_184,,,,,view_0,
open_the_top_drawer_and_put_the_bowl_inside_view_0_0_100_0_0_initstate_194,open_the_top_drawer_and_put_the_bowl_inside,Robot Initial States,,initstate_194,,,,,view_0,
open_the_top_drawer_and_put_the_bowl_inside_view_0_0_100_0_0_initstate_204,open_the_top_drawer_and_put_the_bowl_inside,Robot Initial States,,initstate_204,,,,,view_0,
open_the_top_drawer_and_put_the_bowl_inside_view_0_0_100_0_0_initstate_214,open_the_top_drawer_and_put_the_bowl_inside,Robot Initial States,,initstate_214,,,,,view_0,
open_the_top_drawer_and_put_the_bowl_inside_view_0_0_100_0_0_initstate_224,open_the_top_drawer_and_put_the_bowl_inside,Robot Initial States,,initstate_224,,,,,view_0,
open_the_top_drawer_and_put_the_bowl_inside_view_0_0_100_0_0_initstate_234,open_the_top_drawer_and_put_the_bowl_inside,Robot Initial States,,initstate_234,,,,,view_0,
open_the_top_drawer_and_put_the_bowl_inside_view_0_0_100_0_0_initstate_244,open_the_top_drawer_and_put_the_bowl_inside,Robot Initial States,,initstate_244,,,,,view_0,
open_the_top_drawer_and_put_the_bowl_inside_view_0_0_100_0_0_initstate_254,open_the_top_drawer_and_put_the_bowl_inside,Robot Initial States,,initstate_254,,,,,view_0,
open_the_top_drawer_and_put_the_bowl_inside_view_0_0_100_0_0_initstate_264,open_the_top_drawer_and_put_the_bowl_inside,Robot Initial States,,initstate_264,,,,,view_0,
open_the_top_drawer_and_put_the_bowl_inside_view_0_0_100_0_0_initstate_274,open_the_top_drawer_and_put_the_bowl_inside,Robot Initial States,,initstate_274,,,,,view_0,
open_the_top_drawer_and_put_the_bowl_inside_view_0_0_100_0_0_initstate_284,open_the_top_drawer_and_put_the_bowl_inside,Robot Initial States,,initstate_284,,,,,view_0,
open_the_top_drawer_and_put_the_bowl_inside_view_0_0_100_0_0_initstate_294,open_the_top_drawer_and_put_the_bowl_inside,Robot Initial States,,initstate_294,,,,,view_0,
open_the_top_drawer_and_put_the_bowl_inside_view_0_0_100_0_0_initstate_304,open_the_top_drawer_and_put_the_bowl_inside,Robot Initial States,,initstate_304,,,,,view_0,
open_the_top_drawer_and_put_the_bowl_inside_view_0_0_100_0_0_initstate_314,open_the_top_drawer_and_put_the_bowl_inside,Robot Initial States,,initstate_314,,,,,view_0,
open_the_top_drawer_and_put_the_bowl_inside_view_0_0_100_0_0_initstate_324,open_the_top_drawer_and_put_the_bowl_inside,Robot Initial States,,initstate_324,,,,,view_0,
open_the_top_drawer_and_put_the_bowl_inside_view_0_0_100_0_0_initstate_334,open_the_top_drawer_and_put_the_bowl_inside,Robot Initial States,,initstate_334,,,,,view_0,
open_the_top_drawer_and_put_the_bowl_inside_view_0_0_100_0_0_initstate_344,open_the_top_drawer_and_put_the_bowl_inside,Robot Initial States,,initstate_344,,,,,view_0,
open_the_top_drawer_and_put_the_bowl_inside_view_0_0_100_0_0_initstate_354,open_the_top_drawer_and_put_the_bowl_inside,Robot Initial States,,initstate_354,,,,,view_0,
open_the_top_drawer_and_put_the_bowl_inside_view_0_0_100_0_0_initstate_374,open_the_top_drawer_and_put_the_bowl_inside,Robot Initial States,,initstate_374,,,,,view_0,
open_the_top_drawer_and_put_the_bowl_inside_view_0_0_100_0_0_initstate_384,open_the_top_drawer_and_put_the_bowl_inside,Robot Initial States,,initstate_384,,,,,view_0,
open_the_top_drawer_and_put_the_bowl_inside_view_0_0_100_0_0_initstate_394,open_the_top_drawer_and_put_the_bowl_inside,Robot Initial States,,initstate_394,,,,,view_0,
open_the_top_drawer_and_put_the_bowl_inside_view_0_0_100_0_0_initstate_404,open_the_top_drawer_and_put_the_bowl_inside,Robot Initial States,,initstate_404,,,,,view_0,
open_the_top_drawer_and_put_the_bowl_inside_view_0_0_100_0_0_initstate_414,open_the_top_drawer_and_put_the_bowl_inside,Robot Initial States,,initstate_414,,,,,view_0,
open_the_top_drawer_and_put_the_bowl_inside_view_0_0_100_0_0_initstate_424,open_the_top_drawer_and_put_the_bowl_inside,Robot Initial States,,initstate_424,,,,,view_0,
open_the_top_drawer_and_put_the_bowl_inside_view_0_0_100_0_0_initstate_434,open_the_top_drawer_and_put_the_bowl_inside,Robot Initial States,,initstate_434,,,,,view_0,
open_the_top_drawer_and_put_the_bowl_inside_view_0_0_100_0_0_initstate_444,open_the_top_drawer_and_put_the_bowl_inside,Robot Initial States,,initstate_444,,,,,view_0,
open_the_top_drawer_and_put_the_bowl_inside_view_0_0_100_0_0_initstate_454,open_the_top_drawer_and_put_the_bowl_inside,Robot Initial States,,initstate_454,,,,,view_0,
open_the_top_drawer_and_put_the_bowl_inside_view_0_0_100_0_0_initstate_464,open_the_top_drawer_and_put_the_bowl_inside,Robot Initial States,,initstate_464,,,,,view_0,
open_the_top_drawer_and_put_the_bowl_inside_view_0_0_100_0_0_initstate_474,open_the_top_drawer_and_put_the_bowl_inside,Robot Initial States,,initstate_474,,,,,view_0,
open_the_top_drawer_and_put_the_bowl_inside_view_0_0_100_0_0_initstate_484,open_the_top_drawer_and_put_the_bowl_inside,Robot Initial States,,initstate_484,,,,,view_0,
open_the_top_drawer_and_put_the_bowl_inside_view_0_0_100_0_0_initstate_494,open_the_top_drawer_and_put_the_bowl_inside,Robot Initial States,,initstate_494,,,,,view_0,
open_the_top_drawer_and_put_the_bowl_inside_view_0_0_131_0_0_initstate_0,open_the_top_drawer_and_put_the_bowl_inside,Camera Viewpoints,,initstate_0,,,,,view_0,
open_the_top_drawer_and_put_the_bowl_inside_view_0_0_132_0_0_initstate_0,open_the_top_drawer_and_put_the_bowl_inside,Camera Viewpoints,,initstate_0,,,,,view_0,
open_the_top_drawer_and_put_the_bowl_inside_view_0_0_133_0_0_initstate_0,open_the_top_drawer_and_put_the_bowl_inside,Camera Viewpoints,,initstate_0,,,,,view_0,
open_the_top_drawer_and_put_the_bowl_inside_view_0_0_134_0_0_initstate_0,open_the_top_drawer_and_put_the_bowl_inside,Camera Viewpoints,,initstate_0,,,,,view_0,
open_the_top_drawer_and_put_the_bowl_inside_view_0_0_136_0_0_initstate_0,open_the_top_drawer_and_put_the_bowl_inside,Camera Viewpoints,,initstate_0,,,,,view_0,
open_the_top_drawer_and_put_the_bowl_inside_view_0_0_137_0_0_initstate_0,open_the_top_drawer_and_put_the_bowl_inside,Camera Viewpoints,,initstate_0,,,,,view_0,
open_the_top_drawer_and_put_the_bowl_inside_view_0_0_138_0_0_initstate_0,open_the_top_drawer_and_put_the_bowl_inside,Camera Viewpoints,,initstate_0,,,,,view_0,
open_the_top_drawer_and_put_the_bowl_inside_view_0_0_140_0_0_initstate_0,open_the_top_drawer_and_put_the_bowl_inside,Camera Viewpoints,,initstate_0,,,,,view_0,
open_the_top_drawer_and_put_the_bowl_inside_view_0_0_100_8_2_initstate_0,open_the_top_drawer_and_put_the_bowl_inside,Camera Viewpoints,,initstate_0,,,,,view_0,
open_the_top_drawer_and_put_the_bowl_inside_view_0_0_100_8_4_initstate_0,open_the_top_drawer_and_put_the_bowl_inside,Camera Viewpoints,,initstate_0,,,,,view_0,
open_the_top_drawer_and_put_the_bowl_inside_view_0_0_100_8_6_initstate_0,open_the_top_drawer_and_put_the_bowl_inside,Camera Viewpoints,,initstate_0,,,,,view_0,
open_the_top_drawer_and_put_the_bowl_inside_view_0_0_100_8_8_initstate_0,open_the_top_drawer_and_put_the_bowl_inside,Camera Viewpoints,,initstate_0,,,,,view_0,
open_the_top_drawer_and_put_the_bowl_inside_view_0_0_100_8_10_initstate_0,open_the_top_drawer_and_put_the_bowl_inside,Camera Viewpoints,,initstate_0,,,,,view_0,
open_the_top_drawer_and_put_the_bowl_inside_view_0_0_100_8_350_initstate_0,open_the_top_drawer_and_put_the_bowl_inside,Camera Viewpoints,,initstate_0,,,,,view_0,
open_the_top_drawer_and_put_the_bowl_inside_view_0_0_100_8_352_initstate_0,open_the_top_drawer_and_put_the_bowl_inside,Camera Viewpoints,,initstate_0,,,,,view_0,
open_the_top_drawer_and_put_the_bowl_inside_view_0_0_100_8_354_initstate_0,open_the_top_drawer_and_put_the_bowl_inside,Camera Viewpoints,,initstate_0,,,,,view_0,
open_the_top_drawer_and_put_the_bowl_inside_view_0_0_100_8_356_initstate_0,open_the_top_drawer_and_put_the_bowl_inside,Camera Viewpoints,,initstate_0,,,,,view_0,
open_the_top_drawer_and_put_the_bowl_inside_view_0_0_100_8_358_initstate_0,open_the_top_drawer_and_put_the_bowl_inside,Camera Viewpoints,,initstate_0,,,,,view_0,
open_the_top_drawer_and_put_the_bowl_inside_view_46_0_100_0_0_initstate_0,open_the_top_drawer_and_put_the_bowl_inside,Camera Viewpoints,,initstate_0,,,,,view_46,
open_the_top_drawer_and_put_the_bowl_inside_view_46_15_100_0_0_initstate_0,open_the_top_drawer_and_put_the_bowl_inside,Camera Viewpoints,,initstate_0,,,,,view_46,
open_the_top_drawer_and_put_the_bowl_inside_view_47_0_100_0_0_initstate_0,open_the_top_drawer_and_put_the_bowl_inside,Camera Viewpoints,,initstate_0,,,,,view_47,
open_the_top_drawer_and_put_the_bowl_inside_view_47_15_100_0_0_initstate_0,open_the_top_drawer_and_put_the_bowl_inside,Camera Viewpoints,,initstate_0,,,,,view_47,
open_the_top_drawer_and_put_the_bowl_inside_view_48_0_100_0_0_initstate_0,open_the_top_drawer_and_put_the_bowl_inside,Camera Viewpoints,,initstate_0,,,,,view_48,
open_the_top_drawer_and_put_the_bowl_inside_view_48_15_100_0_0_initstate_0,open_the_top_drawer_and_put_the_bowl_inside,Camera Viewpoints,,initstate_0,,,,,view_48,
open_the_top_drawer_and_put_the_bowl_inside_view_49_0_100_0_0_initstate_0,open_the_top_drawer_and_put_the_bowl_inside,Camera Viewpoints,,initstate_0,,,,,view_49,
open_the_top_drawer_and_put_the_bowl_inside_view_49_15_100_0_0_initstate_0,open_the_top_drawer_and_put_the_bowl_inside,Camera Viewpoints,,initstate_0,,,,,view_49,
open_the_top_drawer_and_put_the_bowl_inside_view_50_0_100_0_0_initstate_0,open_the_top_drawer_and_put_the_bowl_inside,Camera Viewpoints,,initstate_0,,,,,view_50,
open_the_top_drawer_and_put_the_bowl_inside_view_50_15_100_0_0_initstate_0,open_the_top_drawer_and_put_the_bowl_inside,Camera Viewpoints,,initstate_0,,,,,view_50,
open_the_top_drawer_and_put_the_bowl_inside_view_51_0_100_0_0_initstate_0,open_the_top_drawer_and_put_the_bowl_inside,Camera Viewpoints,,initstate_0,,,,,view_51,
open_the_top_drawer_and_put_the_bowl_inside_view_51_15_100_0_0_initstate_0,open_the_top_drawer_and_put_the_bowl_inside,Camera Viewpoints,,initstate_0,,,,,view_51,
open_the_top_drawer_and_put_the_bowl_inside_view_52_0_100_0_0_initstate_0,open_the_top_drawer_and_put_the_bowl_inside,Camera Viewpoints,,initstate_0,,,,,view_52,
open_the_top_drawer_and_put_the_bowl_inside_view_52_15_100_0_0_initstate_0,open_the_top_drawer_and_put_the_bowl_inside,Camera Viewpoints,,initstate_0,,,,,view_52,
open_the_top_drawer_and_put_the_bowl_inside_view_53_0_100_0_0_initstate_0,open_the_top_drawer_and_put_the_bowl_inside,Camera Viewpoints,,initstate_0,,,,,view_53,
open_the_top_drawer_and_put_the_bowl_inside_view_53_15_100_0_0_initstate_0,open_the_top_drawer_and_put_the_bowl_inside,Camera Viewpoints,,initstate_0,,,,,view_53,
open_the_top_drawer_and_put_the_bowl_inside_view_54_0_100_0_0_initstate_0,open_the_top_drawer_and_put_the_bowl_inside,Camera Viewpoints,,initstate_0,,,,,view_54,
open_the_top_drawer_and_put_the_bowl_inside_view_54_15_100_0_0_initstate_0,open_the_top_drawer_and_put_the_bowl_inside,Camera Viewpoints,,initstate_0,,,,,view_54,
open_the_top_drawer_and_put_the_bowl_inside_view_55_0_100_0_0_initstate_0,open_the_top_drawer_and_put_the_bowl_inside,Camera Viewpoints,,initstate_0,,,,,view_55,
open_the_top_drawer_and_put_the_bowl_inside_view_55_15_100_0_0_initstate_0,open_the_top_drawer_and_put_the_bowl_inside,Camera Viewpoints,,initstate_0,,,,,view_55,
open_the_top_drawer_and_put_the_bowl_inside_view_56_0_100_0_0_initstate_0,open_the_top_drawer_and_put_the_bowl_inside,Camera Viewpoints,,initstate_0,,,,,view_56,
open_the_top_drawer_and_put_the_bowl_inside_view_56_15_100_0_0_initstate_0,open_the_top_drawer_and_put_the_bowl_inside,Camera Viewpoints,,initstate_0,,,,,view_56,
open_the_top_drawer_and_put_the_bowl_inside_view_57_0_100_0_0_initstate_0,open_the_top_drawer_and_put_the_bowl_inside,Camera Viewpoints,,initstate_0,,,,,view_57,
open_the_top_drawer_and_put_the_bowl_inside_view_57_15_100_0_0_initstate_0,open_the_top_drawer_and_put_the_bowl_inside,Camera Viewpoints,,initstate_0,,,,,view_57,
open_the_top_drawer_and_put_the_bowl_inside_view_58_0_100_0_0_initstate_0,open_the_top_drawer_and_put_the_bowl_inside,Camera Viewpoints,,initstate_0,,,,,view_58,
open_the_top_drawer_and_put_the_bowl_inside_view_58_15_100_0_0_initstate_0,open_the_top_drawer_and_put_the_bowl_inside,Camera Viewpoints,,initstate_0,,,,,view_58,
open_the_top_drawer_and_put_the_bowl_inside_view_59_0_100_0_0_initstate_0,open_the_top_drawer_and_put_the_bowl_inside,Camera Viewpoints,,initstate_0,,,,,view_59,
open_the_top_drawer_and_put_the_bowl_inside_view_59_15_100_0_0_initstate_0,open_the_top_drawer_and_put_the_bowl_inside,Camera Viewpoints,,initstate_0,,,,,view_59,
open_the_top_drawer_and_put_the_bowl_inside_view_60_0_100_0_0_initstate_0,open_the_top_drawer_and_put_the_bowl_inside,Camera Viewpoints,,initstate_0,,,,,view_60,
open_the_top_drawer_and_put_the_bowl_inside_view_60_15_100_0_0_initstate_0,open_the_top_drawer_and_put_the_bowl_inside,Camera Viewpoints,,initstate_0,,,,,view_60,
open_the_top_drawer_and_put_the_bowl_inside_language_1_view_0_0_100_0_0_initstate_0,open_the_top_drawer_and_put_the_bowl_inside,Language Instructions,,initstate_0,language_1,,,,view_0,
open_the_top_drawer_and_put_the_bowl_inside_language_2_view_0_0_100_0_0_initstate_0,open_the_top_drawer_and_put_the_bowl_inside,Language Instructions,,initstate_0,language_2,,,,view_0,
open_the_top_drawer_and_put_the_bowl_inside_language_3_view_0_0_100_0_0_initstate_0,open_the_top_drawer_and_put_the_bowl_inside,Language Instructions,,initstate_0,language_3,,,,view_0,
open_the_top_drawer_and_put_the_bowl_inside_language_4_view_0_0_100_0_0_initstate_0,open_the_top_drawer_and_put_the_bowl_inside,Language Instructions,,initstate_0,language_4,,,,view_0,
open_the_top_drawer_and_put_the_bowl_inside_language_5_view_0_0_100_0_0_initstate_0,open_the_top_drawer_and_put_the_bowl_inside,Language Instructions,,initstate_0,language_5,,,,view_0,
open_the_top_drawer_and_put_the_bowl_inside_language_6_view_0_0_100_0_0_initstate_0,open_the_top_drawer_and_put_the_bowl_inside,Language Instructions,,initstate_0,language_6,,,,view_0,
open_the_top_drawer_and_put_the_bowl_inside_language_7_view_0_0_100_0_0_initstate_0,open_the_top_drawer_and_put_the_bowl_inside,Language Instructions,,initstate_0,language_7,,,,view_0,
open_the_top_drawer_and_put_the_bowl_inside_language_8_view_0_0_100_0_0_initstate_0,open_the_top_drawer_and_put_the_bowl_inside,Language Instructions,,initstate_0,language_8,,,,view_0,
open_the_top_drawer_and_put_the_bowl_inside_language_9_view_0_0_100_0_0_initstate_0,open_the_top_drawer_and_put_the_bowl_inside,Language Instructions,,initstate_0,language_9,,,,view_0,
open_the_top_drawer_and_put_the_bowl_inside_language_10_view_0_0_100_0_0_initstate_0,open_the_top_drawer_and_put_the_bowl_inside,Language Instructions,,initstate_0,language_10,,,,view_0,
open_the_top_drawer_and_put_the_bowl_inside_language_11_view_0_0_100_0_0_initstate_0,open_the_top_drawer_and_put_the_bowl_inside,Language Instructions,,initstate_0,language_11,,,,view_0,
open_the_top_drawer_and_put_the_bowl_inside_language_12_view_0_0_100_0_0_initstate_0,open_the_top_drawer_and_put_the_bowl_inside,Language Instructions,,initstate_0,language_12,,,,view_0,
open_the_top_drawer_and_put_the_bowl_inside_language_13_view_0_0_100_0_0_initstate_0,open_the_top_drawer_and_put_the_bowl_inside,Language Instructions,,initstate_0,language_13,,,,view_0,
open_the_top_drawer_and_put_the_bowl_inside_language_14_view_0_0_100_0_0_initstate_0,open_the_top_drawer_and_put_the_bowl_inside,Language Instructions,,initstate_0,language_14,,,,view_0,
open_the_top_drawer_and_put_the_bowl_inside_language_15_view_0_0_100_0_0_initstate_0,open_the_top_drawer_and_put_the_bowl_inside,Language Instructions,,initstate_0,language_15,,,,view_0,
open_the_top_drawer_and_put_the_bowl_inside_language_16_view_0_0_100_0_0_initstate_0,open_the_top_drawer_and_put_the_bowl_inside,Language Instructions,,initstate_0,language_16,,,,view_0,
open_the_top_drawer_and_put_the_bowl_inside_language_17_view_0_0_100_0_0_initstate_0,open_the_top_drawer_and_put_the_bowl_inside,Language Instructions,,initstate_0,language_17,,,,view_0,
open_the_top_drawer_and_put_the_bowl_inside_language_18_view_0_0_100_0_0_initstate_0,open_the_top_drawer_and_put_the_bowl_inside,Language Instructions,,initstate_0,language_18,,,,view_0,
open_the_top_drawer_and_put_the_bowl_inside_language_19_view_0_0_100_0_0_initstate_0,open_the_top_drawer_and_put_the_bowl_inside,Language Instructions,,initstate_0,language_19,,,,view_0,
open_the_top_drawer_and_put_the_bowl_inside_language_20_view_0_0_100_0_0_initstate_0,open_the_top_drawer_and_put_the_bowl_inside,Language Instructions,,initstate_0,language_20,,,,view_0,
open_the_top_drawer_and_put_the_bowl_inside_language_21_view_0_0_100_0_0_initstate_0,open_the_top_drawer_and_put_the_bowl_inside,Language Instructions,,initstate_0,language_21,,,,view_0,
open_the_top_drawer_and_put_the_bowl_inside_language_22_view_0_0_100_0_0_initstate_0,open_the_top_drawer_and_put_the_bowl_inside,Language Instructions,,initstate_0,language_22,,,,view_0,
open_the_top_drawer_and_put_the_bowl_inside_language_23_view_0_0_100_0_0_initstate_0,open_the_top_drawer_and_put_the_bowl_inside,Language Instructions,,initstate_0,language_23,,,,view_0,
open_the_top_drawer_and_put_the_bowl_inside_language_24_view_0_0_100_0_0_initstate_0,open_the_top_drawer_and_put_the_bowl_inside,Language Instructions,,initstate_0,language_24,,,,view_0,
open_the_top_drawer_and_put_the_bowl_inside_language_25_view_0_0_100_0_0_initstate_0,open_the_top_drawer_and_put_the_bowl_inside,Language Instructions,,initstate_0,language_25,,,,view_0,
open_the_top_drawer_and_put_the_bowl_inside_language_26_view_0_0_100_0_0_initstate_0,open_the_top_drawer_and_put_the_bowl_inside,Language Instructions,,initstate_0,language_26,,,,view_0,
open_the_top_drawer_and_put_the_bowl_inside_language_27_view_0_0_100_0_0_initstate_0,open_the_top_drawer_and_put_the_bowl_inside,Language Instructions,,initstate_0,language_27,,,,view_0,
open_the_top_drawer_and_put_the_bowl_inside_language_28_view_0_0_100_0_0_initstate_0,open_the_top_drawer_and_put_the_bowl_inside,Language Instructions,,initstate_0,language_28,,,,view_0,
open_the_top_drawer_and_put_the_bowl_inside_language_29_view_0_0_100_0_0_initstate_0,open_the_top_drawer_and_put_the_bowl_inside,Language Instructions,,initstate_0,language_29,,,,view_0,
open_the_top_drawer_and_put_the_bowl_inside_language_30_view_0_0_100_0_0_initstate_0,open_the_top_drawer_and_put_the_bowl_inside,Language Instructions,,initstate_0,language_30,,,,view_0,
open_the_top_drawer_and_put_the_bowl_inside_language_31_view_0_0_100_0_0_initstate_0,open_the_top_drawer_and_put_the_bowl_inside,Language Instructions,,initstate_0,language_31,,,,view_0,
open_the_top_drawer_and_put_the_bowl_inside_language_32_view_0_0_100_0_0_initstate_0,open_the_top_drawer_and_put_the_bowl_inside,Language Instructions,,initstate_0,language_32,,,,view_0,
open_the_top_drawer_and_put_the_bowl_inside_language_33_view_0_0_100_0_0_initstate_0,open_the_top_drawer_and_put_the_bowl_inside,Language Instructions,,initstate_0,language_33,,,,view_0,
open_the_top_drawer_and_put_the_bowl_inside_language_34_view_0_0_100_0_0_initstate_0,open_the_top_drawer_and_put_the_bowl_inside,Language Instructions,,initstate_0,language_34,,,,view_0,
open_the_top_drawer_and_put_the_bowl_inside_language_35_view_0_0_100_0_0_initstate_0,open_the_top_drawer_and_put_the_bowl_inside,Language Instructions,,initstate_0,language_35,,,,view_0,
open_the_top_drawer_and_put_the_bowl_inside_language_36_view_0_0_100_0_0_initstate_0,open_the_top_drawer_and_put_the_bowl_inside,Language Instructions,,initstate_0,language_36,,,,view_0,
open_the_top_drawer_and_put_the_bowl_inside_language_37_view_0_0_100_0_0_initstate_0,open_the_top_drawer_and_put_the_bowl_inside,Language Instructions,,initstate_0,language_37,,,,view_0,
open_the_top_drawer_and_put_the_bowl_inside_language_38_view_0_0_100_0_0_initstate_0,open_the_top_drawer_and_put_the_bowl_inside,Language Instructions,,initstate_0,language_38,,,,view_0,
open_the_top_drawer_and_put_the_bowl_inside_language_39_view_0_0_100_0_0_initstate_0,open_the_top_drawer_and_put_the_bowl_inside,Language Instructions,,initstate_0,language_39,,,,view_0,
open_the_top_drawer_and_put_the_bowl_inside_language_40_view_0_0_100_0_0_initstate_0,open_the_top_drawer_and_put_the_bowl_inside,Language Instructions,,initstate_0,language_40,,,,view_0,
open_the_top_drawer_and_put_the_bowl_inside_language_41_view_0_0_100_0_0_initstate_0,open_the_top_drawer_and_put_the_bowl_inside,Language Instructions,,initstate_0,language_41,,,,view_0,
open_the_top_drawer_and_put_the_bowl_inside_language_42_view_0_0_100_0_0_initstate_0,open_the_top_drawer_and_put_the_bowl_inside,Language Instructions,,initstate_0,language_42,,,,view_0,
open_the_top_drawer_and_put_the_bowl_inside_language_43_view_0_0_100_0_0_initstate_0,open_the_top_drawer_and_put_the_bowl_inside,Language Instructions,,initstate_0,language_43,,,,view_0,
open_the_top_drawer_and_put_the_bowl_inside_language_44_view_0_0_100_0_0_initstate_0,open_the_top_drawer_and_put_the_bowl_inside,Language Instructions,,initstate_0,language_44,,,,view_0,
open_the_top_drawer_and_put_the_bowl_inside_language_45_view_0_0_100_0_0_initstate_0,open_the_top_drawer_and_put_the_bowl_inside,Language Instructions,,initstate_0,language_45,,,,view_0,
open_the_top_drawer_and_put_the_bowl_inside_language_46_view_0_0_100_0_0_initstate_0,open_the_top_drawer_and_put_the_bowl_inside,Language Instructions,,initstate_0,language_46,,,,view_0,
open_the_top_drawer_and_put_the_bowl_inside_language_47_view_0_0_100_0_0_initstate_0,open_the_top_drawer_and_put_the_bowl_inside,Language Instructions,,initstate_0,language_47,,,,view_0,
open_the_top_drawer_and_put_the_bowl_inside_language_48_view_0_0_100_0_0_initstate_0,open_the_top_drawer_and_put_the_bowl_inside,Language Instructions,,initstate_0,language_48,,,,view_0,
open_the_top_drawer_and_put_the_bowl_inside_language_49_view_0_0_100_0_0_initstate_0,open_the_top_drawer_and_put_the_bowl_inside,Language Instructions,,initstate_0,language_49,,,,view_0,
open_the_top_drawer_and_put_the_bowl_inside_language_50_view_0_0_100_0_0_initstate_0,open_the_top_drawer_and_put_the_bowl_inside,Language Instructions,,initstate_0,language_50,,,,view_0,
open_the_top_drawer_and_put_the_bowl_inside_view_0_0_100_0_0_initstate_0_noise_1,open_the_top_drawer_and_put_the_bowl_inside,Sensor Noise,,initstate_0,,,noise_1,,view_0,
open_the_top_drawer_and_put_the_bowl_inside_view_0_0_100_0_0_initstate_0_noise_2,open_the_top_drawer_and_put_the_bowl_inside,Sensor Noise,,initstate_0,,,noise_2,,view_0,
open_the_top_drawer_and_put_the_bowl_inside_view_0_0_100_0_0_initstate_0_noise_3,open_the_top_drawer_and_put_the_bowl_inside,Sensor Noise,,initstate_0,,,noise_3,,view_0,
open_the_top_drawer_and_put_the_bowl_inside_view_0_0_100_0_0_initstate_0_noise_5,open_the_top_drawer_and_put_the_bowl_inside,Sensor Noise,,initstate_0,,,noise_5,,view_0,
open_the_top_drawer_and_put_the_bowl_inside_view_0_0_100_0_0_initstate_0_noise_7,open_the_top_drawer_and_put_the_bowl_inside,Sensor Noise,,initstate_0,,,noise_7,,view_0,
open_the_top_drawer_and_put_the_bowl_inside_view_0_0_100_0_0_initstate_0_noise_8,open_the_top_drawer_and_put_the_bowl_inside,Sensor Noise,,initstate_0,,,noise_8,,view_0,
open_the_top_drawer_and_put_the_bowl_inside_view_0_0_100_0_0_initstate_0_noise_9,open_the_top_drawer_and_put_the_bowl_inside,Sensor Noise,,initstate_0,,,noise_9,,view_0,
open_the_top_drawer_and_put_the_bowl_inside_view_0_0_100_0_0_initstate_0_noise_10,open_the_top_drawer_and_put_the_bowl_inside,Sensor Noise,,initstate_0,,,noise_10,,view_0,
open_the_top_drawer_and_put_the_bowl_inside_view_0_0_100_0_0_initstate_0_noise_11,open_the_top_drawer_and_put_the_bowl_inside,Sensor Noise,,initstate_0,,,noise_11,,view_0,
open_the_top_drawer_and_put_the_bowl_inside_view_0_0_100_0_0_initstate_0_noise_13,open_the_top_drawer_and_put_the_bowl_inside,Sensor Noise,,initstate_0,,,noise_13,,view_0,
open_the_top_drawer_and_put_the_bowl_inside_view_0_0_100_0_0_initstate_0_noise_14,open_the_top_drawer_and_put_the_bowl_inside,Sensor Noise,,initstate_0,,,noise_14,,view_0,
open_the_top_drawer_and_put_the_bowl_inside_view_0_0_100_0_0_initstate_0_noise_15,open_the_top_drawer_and_put_the_bowl_inside,Sensor Noise,,initstate_0,,,noise_15,,view_0,
open_the_top_drawer_and_put_the_bowl_inside_view_0_0_100_0_0_initstate_0_noise_16,open_the_top_drawer_and_put_the_bowl_inside,Sensor Noise,,initstate_0,,,noise_16,,view_0,
open_the_top_drawer_and_put_the_bowl_inside_view_0_0_100_0_0_initstate_0_noise_17,open_the_top_drawer_and_put_the_bowl_inside,Sensor Noise,,initstate_0,,,noise_17,,view_0,
open_the_top_drawer_and_put_the_bowl_inside_view_0_0_100_0_0_initstate_0_noise_19,open_the_top_drawer_and_put_the_bowl_inside,Sensor Noise,,initstate_0,,,noise_19,,view_0,
open_the_top_drawer_and_put_the_bowl_inside_view_0_0_100_0_0_initstate_0_noise_20,open_the_top_drawer_and_put_the_bowl_inside,Sensor Noise,,initstate_0,,,noise_20,,view_0,
open_the_top_drawer_and_put_the_bowl_inside_view_0_0_100_0_0_initstate_0_noise_21,open_the_top_drawer_and_put_the_bowl_inside,Sensor Noise,,initstate_0,,,noise_21,,view_0,
open_the_top_drawer_and_put_the_bowl_inside_view_0_0_100_0_0_initstate_0_noise_22,open_the_top_drawer_and_put_the_bowl_inside,Sensor Noise,,initstate_0,,,noise_22,,view_0,
open_the_top_drawer_and_put_the_bowl_inside_view_0_0_100_0_0_initstate_0_noise_23,open_the_top_drawer_and_put_the_bowl_inside,Sensor Noise,,initstate_0,,,noise_23,,view_0,
open_the_top_drawer_and_put_the_bowl_inside_view_0_0_100_0_0_initstate_0_noise_25,open_the_top_drawer_and_put_the_bowl_inside,Sensor Noise,,initstate_0,,,noise_25,,view_0,
open_the_top_drawer_and_put_the_bowl_inside_view_0_0_100_0_0_initstate_0_noise_27,open_the_top_drawer_and_put_the_bowl_inside,Sensor Noise,,initstate_0,,,noise_27,,view_0,
open_the_top_drawer_and_put_the_bowl_inside_view_0_0_100_0_0_initstate_0_noise_28,open_the_top_drawer_and_put_the_bowl_inside,Sensor Noise,,initstate_0,,,noise_28,,view_0,
open_the_top_drawer_and_put_the_bowl_inside_view_0_0_100_0_0_initstate_0_noise_30,open_the_top_drawer_and_put_the_bowl_inside,Sensor Noise,,initstate_0,,,noise_30,,view_0,
open_the_top_drawer_and_put_the_bowl_inside_view_0_0_100_0_0_initstate_0_noise_31,open_the_top_drawer_and_put_the_bowl_inside,Sensor Noise,,initstate_0,,,noise_31,,view_0,
open_the_top_drawer_and_put_the_bowl_inside_view_0_0_100_0_0_initstate_0_noise_32,open_the_top_drawer_and_put_the_bowl_inside,Sensor Noise,,initstate_0,,,noise_32,,view_0,
open_the_top_drawer_and_put_the_bowl_inside_view_0_0_100_0_0_initstate_0_noise_33,open_the_top_drawer_and_put_the_bowl_inside,Sensor Noise,,initstate_0,,,noise_33,,view_0,
open_the_top_drawer_and_put_the_bowl_inside_view_0_0_100_0_0_initstate_0_noise_35,open_the_top_drawer_and_put_the_bowl_inside,Sensor Noise,,initstate_0,,,noise_35,,view_0,
open_the_top_drawer_and_put_the_bowl_inside_view_0_0_100_0_0_initstate_0_noise_36,open_the_top_drawer_and_put_the_bowl_inside,Sensor Noise,,initstate_0,,,noise_36,,view_0,
open_the_top_drawer_and_put_the_bowl_inside_view_0_0_100_0_0_initstate_0_noise_37,open_the_top_drawer_and_put_the_bowl_inside,Sensor Noise,,initstate_0,,,noise_37,,view_0,
open_the_top_drawer_and_put_the_bowl_inside_view_0_0_100_0_0_initstate_0_noise_38,open_the_top_drawer_and_put_the_bowl_inside,Sensor Noise,,initstate_0,,,noise_38,,view_0,
open_the_top_drawer_and_put_the_bowl_inside_view_0_0_100_0_0_initstate_0_noise_40,open_the_top_drawer_and_put_the_bowl_inside,Sensor Noise,,initstate_0,,,noise_40,,view_0,
open_the_top_drawer_and_put_the_bowl_inside_view_0_0_100_0_0_initstate_0_noise_41,open_the_top_drawer_and_put_the_bowl_inside,Sensor Noise,,initstate_0,,,noise_41,,view_0,
open_the_top_drawer_and_put_the_bowl_inside_view_0_0_100_0_0_initstate_0_noise_42,open_the_top_drawer_and_put_the_bowl_inside,Sensor Noise,,initstate_0,,,noise_42,,view_0,
open_the_top_drawer_and_put_the_bowl_inside_view_0_0_100_0_0_initstate_0_noise_43,open_the_top_drawer_and_put_the_bowl_inside,Sensor Noise,,initstate_0,,,noise_43,,view_0,
open_the_top_drawer_and_put_the_bowl_inside_view_0_0_100_0_0_initstate_0_noise_44,open_the_top_drawer_and_put_the_bowl_inside,Sensor Noise,,initstate_0,,,noise_44,,view_0,
open_the_top_drawer_and_put_the_bowl_inside_view_0_0_100_0_0_initstate_0_noise_45,open_the_top_drawer_and_put_the_bowl_inside,Sensor Noise,,initstate_0,,,noise_45,,view_0,
open_the_top_drawer_and_put_the_bowl_inside_view_0_0_100_0_0_initstate_0_noise_46,open_the_top_drawer_and_put_the_bowl_inside,Sensor Noise,,initstate_0,,,noise_46,,view_0,
open_the_top_drawer_and_put_the_bowl_inside_view_0_0_100_0_0_initstate_0_noise_47,open_the_top_drawer_and_put_the_bowl_inside,Sensor Noise,,initstate_0,,,noise_47,,view_0,
open_the_top_drawer_and_put_the_bowl_inside_view_0_0_100_0_0_initstate_0_noise_48,open_the_top_drawer_and_put_the_bowl_inside,Sensor Noise,,initstate_0,,,noise_48,,view_0,
open_the_top_drawer_and_put_the_bowl_inside_view_0_0_100_0_0_initstate_0_noise_49,open_the_top_drawer_and_put_the_bowl_inside,Sensor Noise,,initstate_0,,,noise_49,,view_0,
open_the_top_drawer_and_put_the_bowl_inside_view_0_0_100_0_0_initstate_0_noise_50,open_the_top_drawer_and_put_the_bowl_inside,Sensor Noise,,initstate_0,,,noise_50,,view_0,
open_the_top_drawer_and_put_the_bowl_inside_add_10,open_the_top_drawer_and_put_the_bowl_inside,Objects Layout,add_10,,,,,,,
open_the_top_drawer_and_put_the_bowl_inside_add_11,open_the_top_drawer_and_put_the_bowl_inside,Objects Layout,add_11,,,,,,,
open_the_top_drawer_and_put_the_bowl_inside_add_13,open_the_top_drawer_and_put_the_bowl_inside,Objects Layout,add_13,,,,,,,
open_the_top_drawer_and_put_the_bowl_inside_add_14,open_the_top_drawer_and_put_the_bowl_inside,Objects Layout,add_14,,,,,,,
open_the_top_drawer_and_put_the_bowl_inside_add_15,open_the_top_drawer_and_put_the_bowl_inside,Objects Layout,add_15,,,,,,,
open_the_top_drawer_and_put_the_bowl_inside_add_16,open_the_top_drawer_and_put_the_bowl_inside,Objects Layout,add_16,,,,,,,
open_the_top_drawer_and_put_the_bowl_inside_add_17,open_the_top_drawer_and_put_the_bowl_inside,Objects Layout,add_17,,,,,,,
open_the_top_drawer_and_put_the_bowl_inside_add_18,open_the_top_drawer_and_put_the_bowl_inside,Objects Layout,add_18,,,,,,,
open_the_top_drawer_and_put_the_bowl_inside_add_19,open_the_top_drawer_and_put_the_bowl_inside,Objects Layout,add_19,,,,,,,
open_the_top_drawer_and_put_the_bowl_inside_add_2,open_the_top_drawer_and_put_the_bowl_inside,Objects Layout,add_2,,,,,,,
open_the_top_drawer_and_put_the_bowl_inside_add_20,open_the_top_drawer_and_put_the_bowl_inside,Objects Layout,add_20,,,,,,,
open_the_top_drawer_and_put_the_bowl_inside_add_22,open_the_top_drawer_and_put_the_bowl_inside,Objects Layout,add_22,,,,,,,
open_the_top_drawer_and_put_the_bowl_inside_add_23,open_the_top_drawer_and_put_the_bowl_inside,Objects Layout,add_23,,,,,,,
open_the_top_drawer_and_put_the_bowl_inside_add_24,open_the_top_drawer_and_put_the_bowl_inside,Objects Layout,add_24,,,,,,,
open_the_top_drawer_and_put_the_bowl_inside_add_25,open_the_top_drawer_and_put_the_bowl_inside,Objects Layout,add_25,,,,,,,
open_the_top_drawer_and_put_the_bowl_inside_add_26,open_the_top_drawer_and_put_the_bowl_inside,Objects Layout,add_26,,,,,,,
open_the_top_drawer_and_put_the_bowl_inside_add_27,open_the_top_drawer_and_put_the_bowl_inside,Objects Layout,add_27,,,,,,,
open_the_top_drawer_and_put_the_bowl_inside_add_28,open_the_top_drawer_and_put_the_bowl_inside,Objects Layout,add_28,,,,,,,
open_the_top_drawer_and_put_the_bowl_inside_add_29,open_the_top_drawer_and_put_the_bowl_inside,Objects Layout,add_29,,,,,,,
open_the_top_drawer_and_put_the_bowl_inside_add_3,open_the_top_drawer_and_put_the_bowl_inside,Objects Layout,add_3,,,,,,,
open_the_top_drawer_and_put_the_bowl_inside_add_30,open_the_top_drawer_and_put_the_bowl_inside,Objects Layout,add_30,,,,,,,
open_the_top_drawer_and_put_the_bowl_inside_add_4,open_the_top_drawer_and_put_the_bowl_inside,Objects Layout,add_4,,,,,,,
open_the_top_drawer_and_put_the_bowl_inside_add_5,open_the_top_drawer_and_put_the_bowl_inside,Objects Layout,add_5,,,,,,,
open_the_top_drawer_and_put_the_bowl_inside_add_6,open_the_top_drawer_and_put_the_bowl_inside,Objects Layout,add_6,,,,,,,
open_the_top_drawer_and_put_the_bowl_inside_add_7,open_the_top_drawer_and_put_the_bowl_inside,Objects Layout,add_7,,,,,,,
open_the_top_drawer_and_put_the_bowl_inside_add_8,open_the_top_drawer_and_put_the_bowl_inside,Objects Layout,add_8,,,,,,,
open_the_top_drawer_and_put_the_bowl_inside_add_9,open_the_top_drawer_and_put_the_bowl_inside,Objects Layout,add_9,,,,,,,
open_the_top_drawer_and_put_the_bowl_inside_light_1,open_the_top_drawer_and_put_the_bowl_inside,Light Conditions,,,,light_1,,,,
open_the_top_drawer_and_put_the_bowl_inside_light_10,open_the_top_drawer_and_put_the_bowl_inside,Light Conditions,,,,light_10,,,,
open_the_top_drawer_and_put_the_bowl_inside_light_11,open_the_top_drawer_and_put_the_bowl_inside,Light Conditions,,,,light_11,,,,
open_the_top_drawer_and_put_the_bowl_inside_light_12,open_the_top_drawer_and_put_the_bowl_inside,Light Conditions,,,,light_12,,,,
open_the_top_drawer_and_put_the_bowl_inside_light_13,open_the_top_drawer_and_put_the_bowl_inside,Light Conditions,,,,light_13,,,,
open_the_top_drawer_and_put_the_bowl_inside_light_14,open_the_top_drawer_and_put_the_bowl_inside,Light Conditions,,,,light_14,,,,
open_the_top_drawer_and_put_the_bowl_inside_light_15,open_the_top_drawer_and_put_the_bowl_inside,Light Conditions,,,,light_15,,,,
open_the_top_drawer_and_put_the_bowl_inside_light_16,open_the_top_drawer_and_put_the_bowl_inside,Light Conditions,,,,light_16,,,,
open_the_top_drawer_and_put_the_bowl_inside_light_17,open_the_top_drawer_and_put_the_bowl_inside,Light Conditions,,,,light_17,,,,
open_the_top_drawer_and_put_the_bowl_inside_light_18,open_the_top_drawer_and_put_the_bowl_inside,Light Conditions,,,,light_18,,,,
open_the_top_drawer_and_put_the_bowl_inside_light_19,open_the_top_drawer_and_put_the_bowl_inside,Light Conditions,,,,light_19,,,,
open_the_top_drawer_and_put_the_bowl_inside_light_2,open_the_top_drawer_and_put_the_bowl_inside,Light Conditions,,,,light_2,,,,
open_the_top_drawer_and_put_the_bowl_inside_light_20,open_the_top_drawer_and_put_the_bowl_inside,Light Conditions,,,,light_20,,,,
open_the_top_drawer_and_put_the_bowl_inside_light_21,open_the_top_drawer_and_put_the_bowl_inside,Light Conditions,,,,light_21,,,,
open_the_top_drawer_and_put_the_bowl_inside_light_22,open_the_top_drawer_and_put_the_bowl_inside,Light Conditions,,,,light_22,,,,
open_the_top_drawer_and_put_the_bowl_inside_light_23,open_the_top_drawer_and_put_the_bowl_inside,Light Conditions,,,,light_23,,,,
open_the_top_drawer_and_put_the_bowl_inside_light_24,open_the_top_drawer_and_put_the_bowl_inside,Light Conditions,,,,light_24,,,,
open_the_top_drawer_and_put_the_bowl_inside_light_25,open_the_top_drawer_and_put_the_bowl_inside,Light Conditions,,,,light_25,,,,
open_the_top_drawer_and_put_the_bowl_inside_light_26,open_the_top_drawer_and_put_the_bowl_inside,Light Conditions,,,,light_26,,,,
open_the_top_drawer_and_put_the_bowl_inside_light_27,open_the_top_drawer_and_put_the_bowl_inside,Light Conditions,,,,light_27,,,,
open_the_top_drawer_and_put_the_bowl_inside_light_28,open_the_top_drawer_and_put_the_bowl_inside,Light Conditions,,,,light_28,,,,
open_the_top_drawer_and_put_the_bowl_inside_light_29,open_the_top_drawer_and_put_the_bowl_inside,Light Conditions,,,,light_29,,,,
open_the_top_drawer_and_put_the_bowl_inside_light_3,open_the_top_drawer_and_put_the_bowl_inside,Light Conditions,,,,light_3,,,,
open_the_top_drawer_and_put_the_bowl_inside_light_30,open_the_top_drawer_and_put_the_bowl_inside,Light Conditions,,,,light_30,,,,
open_the_top_drawer_and_put_the_bowl_inside_light_31,open_the_top_drawer_and_put_the_bowl_inside,Light Conditions,,,,light_31,,,,
open_the_top_drawer_and_put_the_bowl_inside_light_32,open_the_top_drawer_and_put_the_bowl_inside,Light Conditions,,,,light_32,,,,
open_the_top_drawer_and_put_the_bowl_inside_light_33,open_the_top_drawer_and_put_the_bowl_inside,Light Conditions,,,,light_33,,,,
open_the_top_drawer_and_put_the_bowl_inside_light_34,open_the_top_drawer_and_put_the_bowl_inside,Light Conditions,,,,light_34,,,,
open_the_top_drawer_and_put_the_bowl_inside_light_35,open_the_top_drawer_and_put_the_bowl_inside,Light Conditions,,,,light_35,,,,
open_the_top_drawer_and_put_the_bowl_inside_light_36,open_the_top_drawer_and_put_the_bowl_inside,Light Conditions,,,,light_36,,,,
open_the_top_drawer_and_put_the_bowl_inside_light_37,open_the_top_drawer_and_put_the_bowl_inside,Light Conditions,,,,light_37,,,,
open_the_top_drawer_and_put_the_bowl_inside_light_38,open_the_top_drawer_and_put_the_bowl_inside,Light Conditions,,,,light_38,,,,
open_the_top_drawer_and_put_the_bowl_inside_light_39,open_the_top_drawer_and_put_the_bowl_inside,Light Conditions,,,,light_39,,,,
open_the_top_drawer_and_put_the_bowl_inside_light_4,open_the_top_drawer_and_put_the_bowl_inside,Light Conditions,,,,light_4,,,,
open_the_top_drawer_and_put_the_bowl_inside_light_40,open_the_top_drawer_and_put_the_bowl_inside,Light Conditions,,,,light_40,,,,
open_the_top_drawer_and_put_the_bowl_inside_light_41,open_the_top_drawer_and_put_the_bowl_inside,Light Conditions,,,,light_41,,,,
open_the_top_drawer_and_put_the_bowl_inside_light_42,open_the_top_drawer_and_put_the_bowl_inside,Light Conditions,,,,light_42,,,,
open_the_top_drawer_and_put_the_bowl_inside_light_43,open_the_top_drawer_and_put_the_bowl_inside,Light Conditions,,,,light_43,,,,
open_the_top_drawer_and_put_the_bowl_inside_light_44,open_the_top_drawer_and_put_the_bowl_inside,Light Conditions,,,,light_44,,,,
open_the_top_drawer_and_put_the_bowl_inside_light_45,open_the_top_drawer_and_put_the_bowl_inside,Light Conditions,,,,light_45,,,,
open_the_top_drawer_and_put_the_bowl_inside_light_46,open_the_top_drawer_and_put_the_bowl_inside,Light Conditions,,,,light_46,,,,
open_the_top_drawer_and_put_the_bowl_inside_light_47,open_the_top_drawer_and_put_the_bowl_inside,Light Conditions,,,,light_47,,,,
open_the_top_drawer_and_put_the_bowl_inside_light_48,open_the_top_drawer_and_put_the_bowl_inside,Light Conditions,,,,light_48,,,,
open_the_top_drawer_and_put_the_bowl_inside_light_49,open_the_top_drawer_and_put_the_bowl_inside,Light Conditions,,,,light_49,,,,
open_the_top_drawer_and_put_the_bowl_inside_light_5,open_the_top_drawer_and_put_the_bowl_inside,Light Conditions,,,,light_5,,,,
open_the_top_drawer_and_put_the_bowl_inside_light_50,open_the_top_drawer_and_put_the_bowl_inside,Light Conditions,,,,light_50,,,,
open_the_top_drawer_and_put_the_bowl_inside_light_6,open_the_top_drawer_and_put_the_bowl_inside,Light Conditions,,,,light_6,,,,
open_the_top_drawer_and_put_the_bowl_inside_light_7,open_the_top_drawer_and_put_the_bowl_inside,Light Conditions,,,,light_7,,,,
open_the_top_drawer_and_put_the_bowl_inside_light_8,open_the_top_drawer_and_put_the_bowl_inside,Light Conditions,,,,light_8,,,,
open_the_top_drawer_and_put_the_bowl_inside_light_9,open_the_top_drawer_and_put_the_bowl_inside,Light Conditions,,,,light_9,,,,
push_the_plate_to_the_front_of_the_stove_table_12,push_the_plate_to_the_front_of_the_stove,Background Textures,,,,,,table_12,,
push_the_plate_to_the_front_of_the_stove_table_14,push_the_plate_to_the_front_of_the_stove,Background Textures,,,,,,table_14,,
push_the_plate_to_the_front_of_the_stove_table_15,push_the_plate_to_the_front_of_the_stove,Background Textures,,,,,,table_15,,
push_the_plate_to_the_front_of_the_stove_table_17,push_the_plate_to_the_front_of_the_stove,Background Textures,,,,,,table_17,,
push_the_plate_to_the_front_of_the_stove_table_19,push_the_plate_to_the_front_of_the_stove,Background Textures,,,,,,table_19,,
push_the_plate_to_the_front_of_the_stove_table_2,push_the_plate_to_the_front_of_the_stove,Background Textures,,,,,,table_2,,
push_the_plate_to_the_front_of_the_stove_table_22,push_the_plate_to_the_front_of_the_stove,Background Textures,,,,,,table_22,,
push_the_plate_to_the_front_of_the_stove_table_23,push_the_plate_to_the_front_of_the_stove,Background Textures,,,,,,table_23,,
push_the_plate_to_the_front_of_the_stove_table_24,push_the_plate_to_the_front_of_the_stove,Background Textures,,,,,,table_24,,
push_the_plate_to_the_front_of_the_stove_table_25,push_the_plate_to_the_front_of_the_stove,Background Textures,,,,,,table_25,,
push_the_plate_to_the_front_of_the_stove_table_26,push_the_plate_to_the_front_of_the_stove,Background Textures,,,,,,table_26,,
push_the_plate_to_the_front_of_the_stove_table_27,push_the_plate_to_the_front_of_the_stove,Background Textures,,,,,,table_27,,
push_the_plate_to_the_front_of_the_stove_table_3,push_the_plate_to_the_front_of_the_stove,Background Textures,,,,,,table_3,,
push_the_plate_to_the_front_of_the_stove_table_4,push_the_plate_to_the_front_of_the_stove,Background Textures,,,,,,table_4,,
push_the_plate_to_the_front_of_the_stove_table_6,push_the_plate_to_the_front_of_the_stove,Background Textures,,,,,,table_6,,
push_the_plate_to_the_front_of_the_stove_table_7,push_the_plate_to_the_front_of_the_stove,Background Textures,,,,,,table_7,,
push_the_plate_to_the_front_of_the_stove_table_8,push_the_plate_to_the_front_of_the_stove,Background Textures,,,,,,table_8,,
push_the_plate_to_the_front_of_the_stove_table_9,push_the_plate_to_the_front_of_the_stove,Background Textures,,,,,,table_9,,
push_the_plate_to_the_front_of_the_stove_tb_1,push_the_plate_to_the_front_of_the_stove,Background Textures,,,,,,tb_1,,
push_the_plate_to_the_front_of_the_stove_tb_12,push_the_plate_to_the_front_of_the_stove,Background Textures,,,,,,tb_12,,
push_the_plate_to_the_front_of_the_stove_tb_16,push_the_plate_to_the_front_of_the_stove,Background Textures,,,,,,tb_16,,
push_the_plate_to_the_front_of_the_stove_tb_17,push_the_plate_to_the_front_of_the_stove,Background Textures,,,,,,tb_17,,
push_the_plate_to_the_front_of_the_stove_tb_19,push_the_plate_to_the_front_of_the_stove,Background Textures,,,,,,tb_19,,
push_the_plate_to_the_front_of_the_stove_tb_21,push_the_plate_to_the_front_of_the_stove,Background Textures,,,,,,tb_21,,
push_the_plate_to_the_front_of_the_stove_tb_22,push_the_plate_to_the_front_of_the_stove,Background Textures,,,,,,tb_22,,
push_the_plate_to_the_front_of_the_stove_tb_7,push_the_plate_to_the_front_of_the_stove,Background Textures,,,,,,tb_7,,
push_the_plate_to_the_front_of_the_stove_tb_9,push_the_plate_to_the_front_of_the_stove,Background Textures,,,,,,tb_9,,
push_the_plate_to_the_front_of_the_stove_view_0_0_100_0_0_initstate_6,push_the_plate_to_the_front_of_the_stove,Robot Initial States,,initstate_6,,,,,view_0,
push_the_plate_to_the_front_of_the_stove_view_0_0_100_0_0_initstate_16,push_the_plate_to_the_front_of_the_stove,Robot Initial States,,initstate_16,,,,,view_0,
push_the_plate_to_the_front_of_the_stove_view_0_0_100_0_0_initstate_106,push_the_plate_to_the_front_of_the_stove,Robot Initial States,,initstate_106,,,,,view_0,
push_the_plate_to_the_front_of_the_stove_view_0_0_100_0_0_initstate_116,push_the_plate_to_the_front_of_the_stove,Robot Initial States,,initstate_116,,,,,view_0,
push_the_plate_to_the_front_of_the_stove_view_0_0_100_0_0_initstate_126,push_the_plate_to_the_front_of_the_stove,Robot Initial States,,initstate_126,,,,,view_0,
push_the_plate_to_the_front_of_the_stove_view_0_0_100_0_0_initstate_136,push_the_plate_to_the_front_of_the_stove,Robot Initial States,,initstate_136,,,,,view_0,
push_the_plate_to_the_front_of_the_stove_view_0_0_100_0_0_initstate_146,push_the_plate_to_the_front_of_the_stove,Robot Initial States,,initstate_146,,,,,view_0,
push_the_plate_to_the_front_of_the_stove_view_0_0_100_0_0_initstate_156,push_the_plate_to_the_front_of_the_stove,Robot Initial States,,initstate_156,,,,,view_0,
push_the_plate_to_the_front_of_the_stove_view_0_0_100_0_0_initstate_176,push_the_plate_to_the_front_of_the_stove,Robot Initial States,,initstate_176,,,,,view_0,
push_the_plate_to_the_front_of_the_stove_view_0_0_100_0_0_initstate_186,push_the_plate_to_the_front_of_the_stove,Robot Initial States,,initstate_186,,,,,view_0,
push_the_plate_to_the_front_of_the_stove_view_0_0_100_0_0_initstate_196,push_the_plate_to_the_front_of_the_stove,Robot Initial States,,initstate_196,,,,,view_0,
push_the_plate_to_the_front_of_the_stove_view_0_0_100_0_0_initstate_206,push_the_plate_to_the_front_of_the_stove,Robot Initial States,,initstate_206,,,,,view_0,
push_the_plate_to_the_front_of_the_stove_view_0_0_100_0_0_initstate_216,push_the_plate_to_the_front_of_the_stove,Robot Initial States,,initstate_216,,,,,view_0,
push_the_plate_to_the_front_of_the_stove_view_0_0_100_0_0_initstate_226,push_the_plate_to_the_front_of_the_stove,Robot Initial States,,initstate_226,,,,,view_0,
push_the_plate_to_the_front_of_the_stove_view_0_0_100_0_0_initstate_236,push_the_plate_to_the_front_of_the_stove,Robot Initial States,,initstate_236,,,,,view_0,
push_the_plate_to_the_front_of_the_stove_view_0_0_100_0_0_initstate_246,push_the_plate_to_the_front_of_the_stove,Robot Initial States,,initstate_246,,,,,view_0,
push_the_plate_to_the_front_of_the_stove_view_0_0_100_0_0_initstate_256,push_the_plate_to_the_front_of_the_stove,Robot Initial States,,initstate_256,,,,,view_0,
push_the_plate_to_the_front_of_the_stove_view_0_0_100_0_0_initstate_266,push_the_plate_to_the_front_of_the_stove,Robot Initial States,,initstate_266,,,,,view_0,
push_the_plate_to_the_front_of_the_stove_view_0_0_100_0_0_initstate_276,push_the_plate_to_the_front_of_the_stove,Robot Initial States,,initstate_276,,,,,view_0,
push_the_plate_to_the_front_of_the_stove_view_0_0_100_0_0_initstate_286,push_the_plate_to_the_front_of_the_stove,Robot Initial States,,initstate_286,,,,,view_0,
push_the_plate_to_the_front_of_the_stove_view_0_0_100_0_0_initstate_296,push_the_plate_to_the_front_of_the_stove,Robot Initial States,,initstate_296,,,,,view_0,
push_the_plate_to_the_front_of_the_stove_view_0_0_100_0_0_initstate_306,push_the_plate_to_the_front_of_the_stove,Robot Initial States,,initstate_306,,,,,view_0,
push_the_plate_to_the_front_of_the_stove_view_0_0_100_0_0_initstate_316,push_the_plate_to_the_front_of_the_stove,Robot Initial States,,initstate_316,,,,,view_0,
push_the_plate_to_the_front_of_the_stove_view_0_0_100_0_0_initstate_326,push_the_plate_to_the_front_of_the_stove,Robot Initial States,,initstate_326,,,,,view_0,
push_the_plate_to_the_front_of_the_stove_view_0_0_100_0_0_initstate_336,push_the_plate_to_the_front_of_the_stove,Robot Initial States,,initstate_336,,,,,view_0,
push_the_plate_to_the_front_of_the_stove_view_0_0_100_0_0_initstate_356,push_the_plate_to_the_front_of_the_stove,Robot Initial States,,initstate_356,,,,,view_0,
push_the_plate_to_the_front_of_the_stove_view_0_0_100_0_0_initstate_366,push_the_plate_to_the_front_of_the_stove,Robot Initial States,,initstate_366,,,,,view_0,
push_the_plate_to_the_front_of_the_stove_view_0_0_100_0_0_initstate_376,push_the_plate_to_the_front_of_the_stove,Robot Initial States,,initstate_376,,,,,view_0,
push_the_plate_to_the_front_of_the_stove_view_0_0_100_0_0_initstate_386,push_the_plate_to_the_front_of_the_stove,Robot Initial States,,initstate_386,,,,,view_0,
push_the_plate_to_the_front_of_the_stove_view_0_0_100_0_0_initstate_396,push_the_plate_to_the_front_of_the_stove,Robot Initial States,,initstate_396,,,,,view_0,
push_the_plate_to_the_front_of_the_stove_view_0_0_100_0_0_initstate_406,push_the_plate_to_the_front_of_the_stove,Robot Initial States,,initstate_406,,,,,view_0,
push_the_plate_to_the_front_of_the_stove_view_0_0_100_0_0_initstate_416,push_the_plate_to_the_front_of_the_stove,Robot Initial States,,initstate_416,,,,,view_0,
push_the_plate_to_the_front_of_the_stove_view_0_0_100_0_0_initstate_426,push_the_plate_to_the_front_of_the_stove,Robot Initial States,,initstate_426,,,,,view_0,
push_the_plate_to_the_front_of_the_stove_view_0_0_100_0_0_initstate_436,push_the_plate_to_the_front_of_the_stove,Robot Initial States,,initstate_436,,,,,view_0,
push_the_plate_to_the_front_of_the_stove_view_0_0_100_0_0_initstate_446,push_the_plate_to_the_front_of_the_stove,Robot Initial States,,initstate_446,,,,,view_0,
push_the_plate_to_the_front_of_the_stove_view_0_0_100_0_0_initstate_456,push_the_plate_to_the_front_of_the_stove,Robot Initial States,,initstate_456,,,,,view_0,
push_the_plate_to_the_front_of_the_stove_view_0_0_100_0_0_initstate_466,push_the_plate_to_the_front_of_the_stove,Robot Initial States,,initstate_466,,,,,view_0,
push_the_plate_to_the_front_of_the_stove_view_0_0_100_0_0_initstate_476,push_the_plate_to_the_front_of_the_stove,Robot Initial States,,initstate_476,,,,,view_0,
push_the_plate_to_the_front_of_the_stove_view_0_0_100_0_0_initstate_486,push_the_plate_to_the_front_of_the_stove,Robot Initial States,,initstate_486,,,,,view_0,
push_the_plate_to_the_front_of_the_stove_view_0_0_100_0_0_initstate_496,push_the_plate_to_the_front_of_the_stove,Robot Initial States,,initstate_496,,,,,view_0,
push_the_plate_to_the_front_of_the_stove_view_0_0_151_0_0_initstate_0,push_the_plate_to_the_front_of_the_stove,Camera Viewpoints,,initstate_0,,,,,view_0,
push_the_plate_to_the_front_of_the_stove_view_0_0_152_0_0_initstate_0,push_the_plate_to_the_front_of_the_stove,Camera Viewpoints,,initstate_0,,,,,view_0,
push_the_plate_to_the_front_of_the_stove_view_0_0_153_0_0_initstate_0,push_the_plate_to_the_front_of_the_stove,Camera Viewpoints,,initstate_0,,,,,view_0,
push_the_plate_to_the_front_of_the_stove_view_0_0_154_0_0_initstate_0,push_the_plate_to_the_front_of_the_stove,Camera Viewpoints,,initstate_0,,,,,view_0,
push_the_plate_to_the_front_of_the_stove_view_0_0_155_0_0_initstate_0,push_the_plate_to_the_front_of_the_stove,Camera Viewpoints,,initstate_0,,,,,view_0,
push_the_plate_to_the_front_of_the_stove_view_0_0_156_0_0_initstate_0,push_the_plate_to_the_front_of_the_stove,Camera Viewpoints,,initstate_0,,,,,view_0,
push_the_plate_to_the_front_of_the_stove_view_0_0_157_0_0_initstate_0,push_the_plate_to_the_front_of_the_stove,Camera Viewpoints,,initstate_0,,,,,view_0,
push_the_plate_to_the_front_of_the_stove_view_0_0_158_0_0_initstate_0,push_the_plate_to_the_front_of_the_stove,Camera Viewpoints,,initstate_0,,,,,view_0,
push_the_plate_to_the_front_of_the_stove_view_0_0_159_0_0_initstate_0,push_the_plate_to_the_front_of_the_stove,Camera Viewpoints,,initstate_0,,,,,view_0,
push_the_plate_to_the_front_of_the_stove_view_0_0_160_0_0_initstate_0,push_the_plate_to_the_front_of_the_stove,Camera Viewpoints,,initstate_0,,,,,view_0,
push_the_plate_to_the_front_of_the_stove_view_0_0_100_350_4_initstate_0,push_the_plate_to_the_front_of_the_stove,Camera Viewpoints,,initstate_0,,,,,view_0,
push_the_plate_to_the_front_of_the_stove_view_0_0_100_350_6_initstate_0,push_the_plate_to_the_front_of_the_stove,Camera Viewpoints,,initstate_0,,,,,view_0,
push_the_plate_to_the_front_of_the_stove_view_0_0_100_350_8_initstate_0,push_the_plate_to_the_front_of_the_stove,Camera Viewpoints,,initstate_0,,,,,view_0,
push_the_plate_to_the_front_of_the_stove_view_0_0_100_350_10_initstate_0,push_the_plate_to_the_front_of_the_stove,Camera Viewpoints,,initstate_0,,,,,view_0,
push_the_plate_to_the_front_of_the_stove_view_0_0_100_350_350_initstate_0,push_the_plate_to_the_front_of_the_stove,Camera Viewpoints,,initstate_0,,,,,view_0,
push_the_plate_to_the_front_of_the_stove_view_0_0_100_350_352_initstate_0,push_the_plate_to_the_front_of_the_stove,Camera Viewpoints,,initstate_0,,,,,view_0,
push_the_plate_to_the_front_of_the_stove_view_0_0_100_350_354_initstate_0,push_the_plate_to_the_front_of_the_stove,Camera Viewpoints,,initstate_0,,,,,view_0,
push_the_plate_to_the_front_of_the_stove_view_0_0_100_350_356_initstate_0,push_the_plate_to_the_front_of_the_stove,Camera Viewpoints,,initstate_0,,,,,view_0,
push_the_plate_to_the_front_of_the_stove_view_0_0_100_350_358_initstate_0,push_the_plate_to_the_front_of_the_stove,Camera Viewpoints,,initstate_0,,,,,view_0,
push_the_plate_to_the_front_of_the_stove_view_285_0_100_0_0_initstate_0,push_the_plate_to_the_front_of_the_stove,Camera Viewpoints,,initstate_0,,,,,view_285,
push_the_plate_to_the_front_of_the_stove_view_285_15_100_0_0_initstate_0,push_the_plate_to_the_front_of_the_stove,Camera Viewpoints,,initstate_0,,,,,view_285,
push_the_plate_to_the_front_of_the_stove_view_286_0_100_0_0_initstate_0,push_the_plate_to_the_front_of_the_stove,Camera Viewpoints,,initstate_0,,,,,view_286,
push_the_plate_to_the_front_of_the_stove_view_286_15_100_0_0_initstate_0,push_the_plate_to_the_front_of_the_stove,Camera Viewpoints,,initstate_0,,,,,view_286,
push_the_plate_to_the_front_of_the_stove_view_287_0_100_0_0_initstate_0,push_the_plate_to_the_front_of_the_stove,Camera Viewpoints,,initstate_0,,,,,view_287,
push_the_plate_to_the_front_of_the_stove_view_287_15_100_0_0_initstate_0,push_the_plate_to_the_front_of_the_stove,Camera Viewpoints,,initstate_0,,,,,view_287,
push_the_plate_to_the_front_of_the_stove_view_288_0_100_0_0_initstate_0,push_the_plate_to_the_front_of_the_stove,Camera Viewpoints,,initstate_0,,,,,view_288,
push_the_plate_to_the_front_of_the_stove_view_288_15_100_0_0_initstate_0,push_the_plate_to_the_front_of_the_stove,Camera Viewpoints,,initstate_0,,,,,view_288,
push_the_plate_to_the_front_of_the_stove_view_289_0_100_0_0_initstate_0,push_the_plate_to_the_front_of_the_stove,Camera Viewpoints,,initstate_0,,,,,view_289,
push_the_plate_to_the_front_of_the_stove_view_289_15_100_0_0_initstate_0,push_the_plate_to_the_front_of_the_stove,Camera Viewpoints,,initstate_0,,,,,view_289,
push_the_plate_to_the_front_of_the_stove_view_290_0_100_0_0_initstate_0,push_the_plate_to_the_front_of_the_stove,Camera Viewpoints,,initstate_0,,,,,view_290,
push_the_plate_to_the_front_of_the_stove_view_290_15_100_0_0_initstate_0,push_the_plate_to_the_front_of_the_stove,Camera Viewpoints,,initstate_0,,,,,view_290,
push_the_plate_to_the_front_of_the_stove_view_291_0_100_0_0_initstate_0,push_the_plate_to_the_front_of_the_stove,Camera Viewpoints,,initstate_0,,,,,view_291,
push_the_plate_to_the_front_of_the_stove_view_291_15_100_0_0_initstate_0,push_the_plate_to_the_front_of_the_stove,Camera Viewpoints,,initstate_0,,,,,view_291,
push_the_plate_to_the_front_of_the_stove_view_292_0_100_0_0_initstate_0,push_the_plate_to_the_front_of_the_stove,Camera Viewpoints,,initstate_0,,,,,view_292,
push_the_plate_to_the_front_of_the_stove_view_292_15_100_0_0_initstate_0,push_the_plate_to_the_front_of_the_stove,Camera Viewpoints,,initstate_0,,,,,view_292,
push_the_plate_to_the_front_of_the_stove_view_293_0_100_0_0_initstate_0,push_the_plate_to_the_front_of_the_stove,Camera Viewpoints,,initstate_0,,,,,view_293,
push_the_plate_to_the_front_of_the_stove_view_293_15_100_0_0_initstate_0,push_the_plate_to_the_front_of_the_stove,Camera Viewpoints,,initstate_0,,,,,view_293,
push_the_plate_to_the_front_of_the_stove_view_294_0_100_0_0_initstate_0,push_the_plate_to_the_front_of_the_stove,Camera Viewpoints,,initstate_0,,,,,view_294,
push_the_plate_to_the_front_of_the_stove_view_294_15_100_0_0_initstate_0,push_the_plate_to_the_front_of_the_stove,Camera Viewpoints,,initstate_0,,,,,view_294,
push_the_plate_to_the_front_of_the_stove_view_295_0_100_0_0_initstate_0,push_the_plate_to_the_front_of_the_stove,Camera Viewpoints,,initstate_0,,,,,view_295,
push_the_plate_to_the_front_of_the_stove_view_295_15_100_0_0_initstate_0,push_the_plate_to_the_front_of_the_stove,Camera Viewpoints,,initstate_0,,,,,view_295,
push_the_plate_to_the_front_of_the_stove_view_296_0_100_0_0_initstate_0,push_the_plate_to_the_front_of_the_stove,Camera Viewpoints,,initstate_0,,,,,view_296,
push_the_plate_to_the_front_of_the_stove_view_296_15_100_0_0_initstate_0,push_the_plate_to_the_front_of_the_stove,Camera Viewpoints,,initstate_0,,,,,view_296,
push_the_plate_to_the_front_of_the_stove_view_297_0_100_0_0_initstate_0,push_the_plate_to_the_front_of_the_stove,Camera Viewpoints,,initstate_0,,,,,view_297,
push_the_plate_to_the_front_of_the_stove_view_297_15_100_0_0_initstate_0,push_the_plate_to_the_front_of_the_stove,Camera Viewpoints,,initstate_0,,,,,view_297,
push_the_plate_to_the_front_of_the_stove_view_298_0_100_0_0_initstate_0,push_the_plate_to_the_front_of_the_stove,Camera Viewpoints,,initstate_0,,,,,view_298,
push_the_plate_to_the_front_of_the_stove_view_298_15_100_0_0_initstate_0,push_the_plate_to_the_front_of_the_stove,Camera Viewpoints,,initstate_0,,,,,view_298,
push_the_plate_to_the_front_of_the_stove_view_299_0_100_0_0_initstate_0,push_the_plate_to_the_front_of_the_stove,Camera Viewpoints,,initstate_0,,,,,view_299,
push_the_plate_to_the_front_of_the_stove_view_299_15_100_0_0_initstate_0,push_the_plate_to_the_front_of_the_stove,Camera Viewpoints,,initstate_0,,,,,view_299,
push_the_plate_to_the_front_of_the_stove_language_1_view_0_0_100_0_0_initstate_0,push_the_plate_to_the_front_of_the_stove,Language Instructions,,initstate_0,language_1,,,,view_0,
push_the_plate_to_the_front_of_the_stove_language_2_view_0_0_100_0_0_initstate_0,push_the_plate_to_the_front_of_the_stove,Language Instructions,,initstate_0,language_2,,,,view_0,
push_the_plate_to_the_front_of_the_stove_language_3_view_0_0_100_0_0_initstate_0,push_the_plate_to_the_front_of_the_stove,Language Instructions,,initstate_0,language_3,,,,view_0,
push_the_plate_to_the_front_of_the_stove_language_5_view_0_0_100_0_0_initstate_0,push_the_plate_to_the_front_of_the_stove,Language Instructions,,initstate_0,language_5,,,,view_0,
push_the_plate_to_the_front_of_the_stove_language_6_view_0_0_100_0_0_initstate_0,push_the_plate_to_the_front_of_the_stove,Language Instructions,,initstate_0,language_6,,,,view_0,
push_the_plate_to_the_front_of_the_stove_language_9_view_0_0_100_0_0_initstate_0,push_the_plate_to_the_front_of_the_stove,Language Instructions,,initstate_0,language_9,,,,view_0,
push_the_plate_to_the_front_of_the_stove_language_10_view_0_0_100_0_0_initstate_0,push_the_plate_to_the_front_of_the_stove,Language Instructions,,initstate_0,language_10,,,,view_0,
push_the_plate_to_the_front_of_the_stove_language_11_view_0_0_100_0_0_initstate_0,push_the_plate_to_the_front_of_the_stove,Language Instructions,,initstate_0,language_11,,,,view_0,
push_the_plate_to_the_front_of_the_stove_language_12_view_0_0_100_0_0_initstate_0,push_the_plate_to_the_front_of_the_stove,Language Instructions,,initstate_0,language_12,,,,view_0,
push_the_plate_to_the_front_of_the_stove_language_13_view_0_0_100_0_0_initstate_0,push_the_plate_to_the_front_of_the_stove,Language Instructions,,initstate_0,language_13,,,,view_0,
push_the_plate_to_the_front_of_the_stove_language_14_view_0_0_100_0_0_initstate_0,push_the_plate_to_the_front_of_the_stove,Language Instructions,,initstate_0,language_14,,,,view_0,
push_the_plate_to_the_front_of_the_stove_language_15_view_0_0_100_0_0_initstate_0,push_the_plate_to_the_front_of_the_stove,Language Instructions,,initstate_0,language_15,,,,view_0,
push_the_plate_to_the_front_of_the_stove_language_16_view_0_0_100_0_0_initstate_0,push_the_plate_to_the_front_of_the_stove,Language Instructions,,initstate_0,language_16,,,,view_0,
push_the_plate_to_the_front_of_the_stove_language_18_view_0_0_100_0_0_initstate_0,push_the_plate_to_the_front_of_the_stove,Language Instructions,,initstate_0,language_18,,,,view_0,
push_the_plate_to_the_front_of_the_stove_language_19_view_0_0_100_0_0_initstate_0,push_the_plate_to_the_front_of_the_stove,Language Instructions,,initstate_0,language_19,,,,view_0,
push_the_plate_to_the_front_of_the_stove_language_20_view_0_0_100_0_0_initstate_0,push_the_plate_to_the_front_of_the_stove,Language Instructions,,initstate_0,language_20,,,,view_0,
push_the_plate_to_the_front_of_the_stove_language_21_view_0_0_100_0_0_initstate_0,push_the_plate_to_the_front_of_the_stove,Language Instructions,,initstate_0,language_21,,,,view_0,
push_the_plate_to_the_front_of_the_stove_language_22_view_0_0_100_0_0_initstate_0,push_the_plate_to_the_front_of_the_stove,Language Instructions,,initstate_0,language_22,,,,view_0,
push_the_plate_to_the_front_of_the_stove_language_23_view_0_0_100_0_0_initstate_0,push_the_plate_to_the_front_of_the_stove,Language Instructions,,initstate_0,language_23,,,,view_0,
push_the_plate_to_the_front_of_the_stove_language_25_view_0_0_100_0_0_initstate_0,push_the_plate_to_the_front_of_the_stove,Language Instructions,,initstate_0,language_25,,,,view_0,
push_the_plate_to_the_front_of_the_stove_language_26_view_0_0_100_0_0_initstate_0,push_the_plate_to_the_front_of_the_stove,Language Instructions,,initstate_0,language_26,,,,view_0,
push_the_plate_to_the_front_of_the_stove_language_27_view_0_0_100_0_0_initstate_0,push_the_plate_to_the_front_of_the_stove,Language Instructions,,initstate_0,language_27,,,,view_0,
push_the_plate_to_the_front_of_the_stove_language_28_view_0_0_100_0_0_initstate_0,push_the_plate_to_the_front_of_the_stove,Language Instructions,,initstate_0,language_28,,,,view_0,
push_the_plate_to_the_front_of_the_stove_language_29_view_0_0_100_0_0_initstate_0,push_the_plate_to_the_front_of_the_stove,Language Instructions,,initstate_0,language_29,,,,view_0,
push_the_plate_to_the_front_of_the_stove_language_30_view_0_0_100_0_0_initstate_0,push_the_plate_to_the_front_of_the_stove,Language Instructions,,initstate_0,language_30,,,,view_0,
push_the_plate_to_the_front_of_the_stove_language_31_view_0_0_100_0_0_initstate_0,push_the_plate_to_the_front_of_the_stove,Language Instructions,,initstate_0,language_31,,,,view_0,
push_the_plate_to_the_front_of_the_stove_language_32_view_0_0_100_0_0_initstate_0,push_the_plate_to_the_front_of_the_stove,Language Instructions,,initstate_0,language_32,,,,view_0,
push_the_plate_to_the_front_of_the_stove_language_34_view_0_0_100_0_0_initstate_0,push_the_plate_to_the_front_of_the_stove,Language Instructions,,initstate_0,language_34,,,,view_0,
push_the_plate_to_the_front_of_the_stove_language_35_view_0_0_100_0_0_initstate_0,push_the_plate_to_the_front_of_the_stove,Language Instructions,,initstate_0,language_35,,,,view_0,
push_the_plate_to_the_front_of_the_stove_language_36_view_0_0_100_0_0_initstate_0,push_the_plate_to_the_front_of_the_stove,Language Instructions,,initstate_0,language_36,,,,view_0,
push_the_plate_to_the_front_of_the_stove_language_38_view_0_0_100_0_0_initstate_0,push_the_plate_to_the_front_of_the_stove,Language Instructions,,initstate_0,language_38,,,,view_0,
push_the_plate_to_the_front_of_the_stove_language_41_view_0_0_100_0_0_initstate_0,push_the_plate_to_the_front_of_the_stove,Language Instructions,,initstate_0,language_41,,,,view_0,
push_the_plate_to_the_front_of_the_stove_language_42_view_0_0_100_0_0_initstate_0,push_the_plate_to_the_front_of_the_stove,Language Instructions,,initstate_0,language_42,,,,view_0,
push_the_plate_to_the_front_of_the_stove_language_43_view_0_0_100_0_0_initstate_0,push_the_plate_to_the_front_of_the_stove,Language Instructions,,initstate_0,language_43,,,,view_0,
push_the_plate_to_the_front_of_the_stove_language_44_view_0_0_100_0_0_initstate_0,push_the_plate_to_the_front_of_the_stove,Language Instructions,,initstate_0,language_44,,,,view_0,
push_the_plate_to_the_front_of_the_stove_language_46_view_0_0_100_0_0_initstate_0,push_the_plate_to_the_front_of_the_stove,Language Instructions,,initstate_0,language_46,,,,view_0,
push_the_plate_to_the_front_of_the_stove_language_48_view_0_0_100_0_0_initstate_0,push_the_plate_to_the_front_of_the_stove,Language Instructions,,initstate_0,language_48,,,,view_0,
push_the_plate_to_the_front_of_the_stove_language_49_view_0_0_100_0_0_initstate_0,push_the_plate_to_the_front_of_the_stove,Language Instructions,,initstate_0,language_49,,,,view_0,
push_the_plate_to_the_front_of_the_stove_language_50_view_0_0_100_0_0_initstate_0,push_the_plate_to_the_front_of_the_stove,Language Instructions,,initstate_0,language_50,,,,view_0,
push_the_plate_to_the_front_of_the_stove_view_0_0_100_0_0_initstate_0_noise_3,push_the_plate_to_the_front_of_the_stove,Sensor Noise,,initstate_0,,,noise_3,,view_0,
push_the_plate_to_the_front_of_the_stove_view_0_0_100_0_0_initstate_0_noise_4,push_the_plate_to_the_front_of_the_stove,Sensor Noise,,initstate_0,,,noise_4,,view_0,
push_the_plate_to_the_front_of_the_stove_view_0_0_100_0_0_initstate_0_noise_5,push_the_plate_to_the_front_of_the_stove,Sensor Noise,,initstate_0,,,noise_5,,view_0,
push_the_plate_to_the_front_of_the_stove_view_0_0_100_0_0_initstate_0_noise_6,push_the_plate_to_the_front_of_the_stove,Sensor Noise,,initstate_0,,,noise_6,,view_0,
push_the_plate_to_the_front_of_the_stove_view_0_0_100_0_0_initstate_0_noise_7,push_the_plate_to_the_front_of_the_stove,Sensor Noise,,initstate_0,,,noise_7,,view_0,
push_the_plate_to_the_front_of_the_stove_view_0_0_100_0_0_initstate_0_noise_8,push_the_plate_to_the_front_of_the_stove,Sensor Noise,,initstate_0,,,noise_8,,view_0,
push_the_plate_to_the_front_of_the_stove_view_0_0_100_0_0_initstate_0_noise_10,push_the_plate_to_the_front_of_the_stove,Sensor Noise,,initstate_0,,,noise_10,,view_0,
push_the_plate_to_the_front_of_the_stove_view_0_0_100_0_0_initstate_0_noise_11,push_the_plate_to_the_front_of_the_stove,Sensor Noise,,initstate_0,,,noise_11,,view_0,
push_the_plate_to_the_front_of_the_stove_view_0_0_100_0_0_initstate_0_noise_13,push_the_plate_to_the_front_of_the_stove,Sensor Noise,,initstate_0,,,noise_13,,view_0,
push_the_plate_to_the_front_of_the_stove_view_0_0_100_0_0_initstate_0_noise_14,push_the_plate_to_the_front_of_the_stove,Sensor Noise,,initstate_0,,,noise_14,,view_0,
push_the_plate_to_the_front_of_the_stove_view_0_0_100_0_0_initstate_0_noise_15,push_the_plate_to_the_front_of_the_stove,Sensor Noise,,initstate_0,,,noise_15,,view_0,
push_the_plate_to_the_front_of_the_stove_view_0_0_100_0_0_initstate_0_noise_17,push_the_plate_to_the_front_of_the_stove,Sensor Noise,,initstate_0,,,noise_17,,view_0,
push_the_plate_to_the_front_of_the_stove_view_0_0_100_0_0_initstate_0_noise_19,push_the_plate_to_the_front_of_the_stove,Sensor Noise,,initstate_0,,,noise_19,,view_0,
push_the_plate_to_the_front_of_the_stove_view_0_0_100_0_0_initstate_0_noise_20,push_the_plate_to_the_front_of_the_stove,Sensor Noise,,initstate_0,,,noise_20,,view_0,
push_the_plate_to_the_front_of_the_stove_view_0_0_100_0_0_initstate_0_noise_24,push_the_plate_to_the_front_of_the_stove,Sensor Noise,,initstate_0,,,noise_24,,view_0,
push_the_plate_to_the_front_of_the_stove_view_0_0_100_0_0_initstate_0_noise_25,push_the_plate_to_the_front_of_the_stove,Sensor Noise,,initstate_0,,,noise_25,,view_0,
push_the_plate_to_the_front_of_the_stove_view_0_0_100_0_0_initstate_0_noise_26,push_the_plate_to_the_front_of_the_stove,Sensor Noise,,initstate_0,,,noise_26,,view_0,
push_the_plate_to_the_front_of_the_stove_view_0_0_100_0_0_initstate_0_noise_27,push_the_plate_to_the_front_of_the_stove,Sensor Noise,,initstate_0,,,noise_27,,view_0,
push_the_plate_to_the_front_of_the_stove_view_0_0_100_0_0_initstate_0_noise_28,push_the_plate_to_the_front_of_the_stove,Sensor Noise,,initstate_0,,,noise_28,,view_0,
push_the_plate_to_the_front_of_the_stove_view_0_0_100_0_0_initstate_0_noise_30,push_the_plate_to_the_front_of_the_stove,Sensor Noise,,initstate_0,,,noise_30,,view_0,
push_the_plate_to_the_front_of_the_stove_view_0_0_100_0_0_initstate_0_noise_36,push_the_plate_to_the_front_of_the_stove,Sensor Noise,,initstate_0,,,noise_36,,view_0,
push_the_plate_to_the_front_of_the_stove_view_0_0_100_0_0_initstate_0_noise_37,push_the_plate_to_the_front_of_the_stove,Sensor Noise,,initstate_0,,,noise_37,,view_0,
push_the_plate_to_the_front_of_the_stove_view_0_0_100_0_0_initstate_0_noise_38,push_the_plate_to_the_front_of_the_stove,Sensor Noise,,initstate_0,,,noise_38,,view_0,
push_the_plate_to_the_front_of_the_stove_view_0_0_100_0_0_initstate_0_noise_39,push_the_plate_to_the_front_of_the_stove,Sensor Noise,,initstate_0,,,noise_39,,view_0,
push_the_plate_to_the_front_of_the_stove_view_0_0_100_0_0_initstate_0_noise_40,push_the_plate_to_the_front_of_the_stove,Sensor Noise,,initstate_0,,,noise_40,,view_0,
push_the_plate_to_the_front_of_the_stove_view_0_0_100_0_0_initstate_0_noise_43,push_the_plate_to_the_front_of_the_stove,Sensor Noise,,initstate_0,,,noise_43,,view_0,
push_the_plate_to_the_front_of_the_stove_view_0_0_100_0_0_initstate_0_noise_44,push_the_plate_to_the_front_of_the_stove,Sensor Noise,,initstate_0,,,noise_44,,view_0,
push_the_plate_to_the_front_of_the_stove_view_0_0_100_0_0_initstate_0_noise_45,push_the_plate_to_the_front_of_the_stove,Sensor Noise,,initstate_0,,,noise_45,,view_0,
push_the_plate_to_the_front_of_the_stove_view_0_0_100_0_0_initstate_0_noise_46,push_the_plate_to_the_front_of_the_stove,Sensor Noise,,initstate_0,,,noise_46,,view_0,
push_the_plate_to_the_front_of_the_stove_view_0_0_100_0_0_initstate_0_noise_47,push_the_plate_to_the_front_of_the_stove,Sensor Noise,,initstate_0,,,noise_47,,view_0,
push_the_plate_to_the_front_of_the_stove_view_0_0_100_0_0_initstate_0_noise_48,push_the_plate_to_the_front_of_the_stove,Sensor Noise,,initstate_0,,,noise_48,,view_0,
push_the_plate_to_the_front_of_the_stove_view_0_0_100_0_0_initstate_0_noise_49,push_the_plate_to_the_front_of_the_stove,Sensor Noise,,initstate_0,,,noise_49,,view_0,
push_the_plate_to_the_front_of_the_stove_view_0_0_100_0_0_initstate_0_noise_50,push_the_plate_to_the_front_of_the_stove,Sensor Noise,,initstate_0,,,noise_50,,view_0,
push_the_plate_to_the_front_of_the_stove_add_1,push_the_plate_to_the_front_of_the_stove,Objects Layout,add_1,,,,,,,
push_the_plate_to_the_front_of_the_stove_add_10,push_the_plate_to_the_front_of_the_stove,Objects Layout,add_10,,,,,,,
push_the_plate_to_the_front_of_the_stove_add_11,push_the_plate_to_the_front_of_the_stove,Objects Layout,add_11,,,,,,,
push_the_plate_to_the_front_of_the_stove_add_12,push_the_plate_to_the_front_of_the_stove,Objects Layout,add_12,,,,,,,
push_the_plate_to_the_front_of_the_stove_add_14,push_the_plate_to_the_front_of_the_stove,Objects Layout,add_14,,,,,,,
push_the_plate_to_the_front_of_the_stove_add_15,push_the_plate_to_the_front_of_the_stove,Objects Layout,add_15,,,,,,,
push_the_plate_to_the_front_of_the_stove_add_16,push_the_plate_to_the_front_of_the_stove,Objects Layout,add_16,,,,,,,
push_the_plate_to_the_front_of_the_stove_add_17,push_the_plate_to_the_front_of_the_stove,Objects Layout,add_17,,,,,,,
push_the_plate_to_the_front_of_the_stove_add_18,push_the_plate_to_the_front_of_the_stove,Objects Layout,add_18,,,,,,,
push_the_plate_to_the_front_of_the_stove_add_19,push_the_plate_to_the_front_of_the_stove,Objects Layout,add_19,,,,,,,
push_the_plate_to_the_front_of_the_stove_add_2,push_the_plate_to_the_front_of_the_stove,Objects Layout,add_2,,,,,,,
push_the_plate_to_the_front_of_the_stove_add_21,push_the_plate_to_the_front_of_the_stove,Objects Layout,add_21,,,,,,,
push_the_plate_to_the_front_of_the_stove_add_22,push_the_plate_to_the_front_of_the_stove,Objects Layout,add_22,,,,,,,
push_the_plate_to_the_front_of_the_stove_add_23,push_the_plate_to_the_front_of_the_stove,Objects Layout,add_23,,,,,,,
push_the_plate_to_the_front_of_the_stove_add_24,push_the_plate_to_the_front_of_the_stove,Objects Layout,add_24,,,,,,,
push_the_plate_to_the_front_of_the_stove_add_25,push_the_plate_to_the_front_of_the_stove,Objects Layout,add_25,,,,,,,
push_the_plate_to_the_front_of_the_stove_add_26,push_the_plate_to_the_front_of_the_stove,Objects Layout,add_26,,,,,,,
push_the_plate_to_the_front_of_the_stove_add_27,push_the_plate_to_the_front_of_the_stove,Objects Layout,add_27,,,,,,,
push_the_plate_to_the_front_of_the_stove_add_28,push_the_plate_to_the_front_of_the_stove,Objects Layout,add_28,,,,,,,
push_the_plate_to_the_front_of_the_stove_add_29,push_the_plate_to_the_front_of_the_stove,Objects Layout,add_29,,,,,,,
push_the_plate_to_the_front_of_the_stove_add_3,push_the_plate_to_the_front_of_the_stove,Objects Layout,add_3,,,,,,,
push_the_plate_to_the_front_of_the_stove_add_30,push_the_plate_to_the_front_of_the_stove,Objects Layout,add_30,,,,,,,
push_the_plate_to_the_front_of_the_stove_add_5,push_the_plate_to_the_front_of_the_stove,Objects Layout,add_5,,,,,,,
push_the_plate_to_the_front_of_the_stove_add_6,push_the_plate_to_the_front_of_the_stove,Objects Layout,add_6,,,,,,,
push_the_plate_to_the_front_of_the_stove_add_7,push_the_plate_to_the_front_of_the_stove,Objects Layout,add_7,,,,,,,
push_the_plate_to_the_front_of_the_stove_add_8,push_the_plate_to_the_front_of_the_stove,Objects Layout,add_8,,,,,,,
push_the_plate_to_the_front_of_the_stove_add_9,push_the_plate_to_the_front_of_the_stove,Objects Layout,add_9,,,,,,,
push_the_plate_to_the_front_of_the_stove_light_1,push_the_plate_to_the_front_of_the_stove,Light Conditions,,,,light_1,,,,
push_the_plate_to_the_front_of_the_stove_light_10,push_the_plate_to_the_front_of_the_stove,Light Conditions,,,,light_10,,,,
push_the_plate_to_the_front_of_the_stove_light_11,push_the_plate_to_the_front_of_the_stove,Light Conditions,,,,light_11,,,,
push_the_plate_to_the_front_of_the_stove_light_13,push_the_plate_to_the_front_of_the_stove,Light Conditions,,,,light_13,,,,
push_the_plate_to_the_front_of_the_stove_light_15,push_the_plate_to_the_front_of_the_stove,Light Conditions,,,,light_15,,,,
push_the_plate_to_the_front_of_the_stove_light_17,push_the_plate_to_the_front_of_the_stove,Light Conditions,,,,light_17,,,,
push_the_plate_to_the_front_of_the_stove_light_19,push_the_plate_to_the_front_of_the_stove,Light Conditions,,,,light_19,,,,
push_the_plate_to_the_front_of_the_stove_light_2,push_the_plate_to_the_front_of_the_stove,Light Conditions,,,,light_2,,,,
push_the_plate_to_the_front_of_the_stove_light_21,push_the_plate_to_the_front_of_the_stove,Light Conditions,,,,light_21,,,,
push_the_plate_to_the_front_of_the_stove_light_22,push_the_plate_to_the_front_of_the_stove,Light Conditions,,,,light_22,,,,
push_the_plate_to_the_front_of_the_stove_light_23,push_the_plate_to_the_front_of_the_stove,Light Conditions,,,,light_23,,,,
push_the_plate_to_the_front_of_the_stove_light_24,push_the_plate_to_the_front_of_the_stove,Light Conditions,,,,light_24,,,,
push_the_plate_to_the_front_of_the_stove_light_26,push_the_plate_to_the_front_of_the_stove,Light Conditions,,,,light_26,,,,
push_the_plate_to_the_front_of_the_stove_light_27,push_the_plate_to_the_front_of_the_stove,Light Conditions,,,,light_27,,,,
push_the_plate_to_the_front_of_the_stove_light_28,push_the_plate_to_the_front_of_the_stove,Light Conditions,,,,light_28,,,,
push_the_plate_to_the_front_of_the_stove_light_29,push_the_plate_to_the_front_of_the_stove,Light Conditions,,,,light_29,,,,
push_the_plate_to_the_front_of_the_stove_light_30,push_the_plate_to_the_front_of_the_stove,Light Conditions,,,,light_30,,,,
push_the_plate_to_the_front_of_the_stove_light_31,push_the_plate_to_the_front_of_the_stove,Light Conditions,,,,light_31,,,,
push_the_plate_to_the_front_of_the_stove_light_32,push_the_plate_to_the_front_of_the_stove,Light Conditions,,,,light_32,,,,
push_the_plate_to_the_front_of_the_stove_light_33,push_the_plate_to_the_front_of_the_stove,Light Conditions,,,,light_33,,,,
push_the_plate_to_the_front_of_the_stove_light_34,push_the_plate_to_the_front_of_the_stove,Light Conditions,,,,light_34,,,,
push_the_plate_to_the_front_of_the_stove_light_35,push_the_plate_to_the_front_of_the_stove,Light Conditions,,,,light_35,,,,
push_the_plate_to_the_front_of_the_stove_light_36,push_the_plate_to_the_front_of_the_stove,Light Conditions,,,,light_36,,,,
push_the_plate_to_the_front_of_the_stove_light_37,push_the_plate_to_the_front_of_the_stove,Light Conditions,,,,light_37,,,,
push_the_plate_to_the_front_of_the_stove_light_38,push_the_plate_to_the_front_of_the_stove,Light Conditions,,,,light_38,,,,
push_the_plate_to_the_front_of_the_stove_light_39,push_the_plate_to_the_front_of_the_stove,Light Conditions,,,,light_39,,,,
push_the_plate_to_the_front_of_the_stove_light_4,push_the_plate_to_the_front_of_the_stove,Light Conditions,,,,light_4,,,,
push_the_plate_to_the_front_of_the_stove_light_40,push_the_plate_to_the_front_of_the_stove,Light Conditions,,,,light_40,,,,
push_the_plate_to_the_front_of_the_stove_light_41,push_the_plate_to_the_front_of_the_stove,Light Conditions,,,,light_41,,,,
push_the_plate_to_the_front_of_the_stove_light_42,push_the_plate_to_the_front_of_the_stove,Light Conditions,,,,light_42,,,,
push_the_plate_to_the_front_of_the_stove_light_43,push_the_plate_to_the_front_of_the_stove,Light Conditions,,,,light_43,,,,
push_the_plate_to_the_front_of_the_stove_light_44,push_the_plate_to_the_front_of_the_stove,Light Conditions,,,,light_44,,,,
push_the_plate_to_the_front_of_the_stove_light_46,push_the_plate_to_the_front_of_the_stove,Light Conditions,,,,light_46,,,,
push_the_plate_to_the_front_of_the_stove_light_48,push_the_plate_to_the_front_of_the_stove,Light Conditions,,,,light_48,,,,
push_the_plate_to_the_front_of_the_stove_light_50,push_the_plate_to_the_front_of_the_stove,Light Conditions,,,,light_50,,,,
push_the_plate_to_the_front_of_the_stove_light_6,push_the_plate_to_the_front_of_the_stove,Light Conditions,,,,light_6,,,,
put_the_bowl_on_the_plate_table_1,put_the_bowl_on_the_plate,Background Textures,,,,,,table_1,,
put_the_bowl_on_the_plate_table_10,put_the_bowl_on_the_plate,Background Textures,,,,,,table_10,,
put_the_bowl_on_the_plate_table_12,put_the_bowl_on_the_plate,Background Textures,,,,,,table_12,,
put_the_bowl_on_the_plate_table_13,put_the_bowl_on_the_plate,Background Textures,,,,,,table_13,,
put_the_bowl_on_the_plate_table_15,put_the_bowl_on_the_plate,Background Textures,,,,,,table_15,,
put_the_bowl_on_the_plate_table_16,put_the_bowl_on_the_plate,Background Textures,,,,,,table_16,,
put_the_bowl_on_the_plate_table_17,put_the_bowl_on_the_plate,Background Textures,,,,,,table_17,,
put_the_bowl_on_the_plate_table_2,put_the_bowl_on_the_plate,Background Textures,,,,,,table_2,,
put_the_bowl_on_the_plate_table_21,put_the_bowl_on_the_plate,Background Textures,,,,,,table_21,,
put_the_bowl_on_the_plate_table_22,put_the_bowl_on_the_plate,Background Textures,,,,,,table_22,,
put_the_bowl_on_the_plate_table_23,put_the_bowl_on_the_plate,Background Textures,,,,,,table_23,,
put_the_bowl_on_the_plate_table_24,put_the_bowl_on_the_plate,Background Textures,,,,,,table_24,,
put_the_bowl_on_the_plate_table_27,put_the_bowl_on_the_plate,Background Textures,,,,,,table_27,,
put_the_bowl_on_the_plate_table_3,put_the_bowl_on_the_plate,Background Textures,,,,,,table_3,,
put_the_bowl_on_the_plate_table_4,put_the_bowl_on_the_plate,Background Textures,,,,,,table_4,,
put_the_bowl_on_the_plate_table_6,put_the_bowl_on_the_plate,Background Textures,,,,,,table_6,,
put_the_bowl_on_the_plate_table_8,put_the_bowl_on_the_plate,Background Textures,,,,,,table_8,,
put_the_bowl_on_the_plate_tb_1,put_the_bowl_on_the_plate,Background Textures,,,,,,tb_1,,
put_the_bowl_on_the_plate_tb_11,put_the_bowl_on_the_plate,Background Textures,,,,,,tb_11,,
put_the_bowl_on_the_plate_tb_13,put_the_bowl_on_the_plate,Background Textures,,,,,,tb_13,,
put_the_bowl_on_the_plate_tb_15,put_the_bowl_on_the_plate,Background Textures,,,,,,tb_15,,
put_the_bowl_on_the_plate_tb_16,put_the_bowl_on_the_plate,Background Textures,,,,,,tb_16,,
put_the_bowl_on_the_plate_tb_18,put_the_bowl_on_the_plate,Background Textures,,,,,,tb_18,,
put_the_bowl_on_the_plate_tb_19,put_the_bowl_on_the_plate,Background Textures,,,,,,tb_19,,
put_the_bowl_on_the_plate_tb_2,put_the_bowl_on_the_plate,Background Textures,,,,,,tb_2,,
put_the_bowl_on_the_plate_tb_20,put_the_bowl_on_the_plate,Background Textures,,,,,,tb_20,,
put_the_bowl_on_the_plate_tb_21,put_the_bowl_on_the_plate,Background Textures,,,,,,tb_21,,
put_the_bowl_on_the_plate_tb_22,put_the_bowl_on_the_plate,Background Textures,,,,,,tb_22,,
put_the_bowl_on_the_plate_tb_3,put_the_bowl_on_the_plate,Background Textures,,,,,,tb_3,,
put_the_bowl_on_the_plate_tb_9,put_the_bowl_on_the_plate,Background Textures,,,,,,tb_9,,
put_the_bowl_on_the_plate_view_0_0_100_0_0_initstate_19,put_the_bowl_on_the_plate,Robot Initial States,,initstate_19,,,,,view_0,
put_the_bowl_on_the_plate_view_0_0_100_0_0_initstate_69,put_the_bowl_on_the_plate,Robot Initial States,,initstate_69,,,,,view_0,
put_the_bowl_on_the_plate_view_0_0_100_0_0_initstate_89,put_the_bowl_on_the_plate,Robot Initial States,,initstate_89,,,,,view_0,
put_the_bowl_on_the_plate_view_0_0_100_0_0_initstate_109,put_the_bowl_on_the_plate,Robot Initial States,,initstate_109,,,,,view_0,
put_the_bowl_on_the_plate_view_0_0_100_0_0_initstate_119,put_the_bowl_on_the_plate,Robot Initial States,,initstate_119,,,,,view_0,
put_the_bowl_on_the_plate_view_0_0_100_0_0_initstate_129,put_the_bowl_on_the_plate,Robot Initial States,,initstate_129,,,,,view_0,
put_the_bowl_on_the_plate_view_0_0_100_0_0_initstate_139,put_the_bowl_on_the_plate,Robot Initial States,,initstate_139,,,,,view_0,
put_the_bowl_on_the_plate_view_0_0_100_0_0_initstate_149,put_the_bowl_on_the_plate,Robot Initial States,,initstate_149,,,,,view_0,
put_the_bowl_on_the_plate_view_0_0_100_0_0_initstate_159,put_the_bowl_on_the_plate,Robot Initial States,,initstate_159,,,,,view_0,
put_the_bowl_on_the_plate_view_0_0_100_0_0_initstate_169,put_the_bowl_on_the_plate,Robot Initial States,,initstate_169,,,,,view_0,
put_the_bowl_on_the_plate_view_0_0_100_0_0_initstate_199,put_the_bowl_on_the_plate,Robot Initial States,,initstate_199,,,,,view_0,
put_the_bowl_on_the_plate_view_0_0_100_0_0_initstate_209,put_the_bowl_on_the_plate,Robot Initial States,,initstate_209,,,,,view_0,
put_the_bowl_on_the_plate_view_0_0_100_0_0_initstate_219,put_the_bowl_on_the_plate,Robot Initial States,,initstate_219,,,,,view_0,
put_the_bowl_on_the_plate_view_0_0_100_0_0_initstate_229,put_the_bowl_on_the_plate,Robot Initial States,,initstate_229,,,,,view_0,
put_the_bowl_on_the_plate_view_0_0_100_0_0_initstate_239,put_the_bowl_on_the_plate,Robot Initial States,,initstate_239,,,,,view_0,
put_the_bowl_on_the_plate_view_0_0_100_0_0_initstate_249,put_the_bowl_on_the_plate,Robot Initial States,,initstate_249,,,,,view_0,
put_the_bowl_on_the_plate_view_0_0_100_0_0_initstate_259,put_the_bowl_on_the_plate,Robot Initial States,,initstate_259,,,,,view_0,
put_the_bowl_on_the_plate_view_0_0_100_0_0_initstate_269,put_the_bowl_on_the_plate,Robot Initial States,,initstate_269,,,,,view_0,
put_the_bowl_on_the_plate_view_0_0_100_0_0_initstate_279,put_the_bowl_on_the_plate,Robot Initial States,,initstate_279,,,,,view_0,
put_the_bowl_on_the_plate_view_0_0_100_0_0_initstate_289,put_the_bowl_on_the_plate,Robot Initial States,,initstate_289,,,,,view_0,
put_the_bowl_on_the_plate_view_0_0_100_0_0_initstate_299,put_the_bowl_on_the_plate,Robot Initial States,,initstate_299,,,,,view_0,
put_the_bowl_on_the_plate_view_0_0_100_0_0_initstate_309,put_the_bowl_on_the_plate,Robot Initial States,,initstate_309,,,,,view_0,
put_the_bowl_on_the_plate_view_0_0_100_0_0_initstate_319,put_the_bowl_on_the_plate,Robot Initial States,,initstate_319,,,,,view_0,
put_the_bowl_on_the_plate_view_0_0_100_0_0_initstate_329,put_the_bowl_on_the_plate,Robot Initial States,,initstate_329,,,,,view_0,
put_the_bowl_on_the_plate_view_0_0_100_0_0_initstate_369,put_the_bowl_on_the_plate,Robot Initial States,,initstate_369,,,,,view_0,
put_the_bowl_on_the_plate_view_0_0_100_0_0_initstate_379,put_the_bowl_on_the_plate,Robot Initial States,,initstate_379,,,,,view_0,
put_the_bowl_on_the_plate_view_0_0_100_0_0_initstate_389,put_the_bowl_on_the_plate,Robot Initial States,,initstate_389,,,,,view_0,
put_the_bowl_on_the_plate_view_0_0_100_0_0_initstate_409,put_the_bowl_on_the_plate,Robot Initial States,,initstate_409,,,,,view_0,
put_the_bowl_on_the_plate_view_0_0_100_0_0_initstate_419,put_the_bowl_on_the_plate,Robot Initial States,,initstate_419,,,,,view_0,
put_the_bowl_on_the_plate_view_0_0_100_0_0_initstate_429,put_the_bowl_on_the_plate,Robot Initial States,,initstate_429,,,,,view_0,
put_the_bowl_on_the_plate_view_0_0_100_0_0_initstate_439,put_the_bowl_on_the_plate,Robot Initial States,,initstate_439,,,,,view_0,
put_the_bowl_on_the_plate_view_0_0_100_0_0_initstate_449,put_the_bowl_on_the_plate,Robot Initial States,,initstate_449,,,,,view_0,
put_the_bowl_on_the_plate_view_0_0_100_0_0_initstate_459,put_the_bowl_on_the_plate,Robot Initial States,,initstate_459,,,,,view_0,
put_the_bowl_on_the_plate_view_0_0_100_0_0_initstate_469,put_the_bowl_on_the_plate,Robot Initial States,,initstate_469,,,,,view_0,
put_the_bowl_on_the_plate_view_0_0_100_0_0_initstate_479,put_the_bowl_on_the_plate,Robot Initial States,,initstate_479,,,,,view_0,
put_the_bowl_on_the_plate_view_0_0_100_0_0_initstate_489,put_the_bowl_on_the_plate,Robot Initial States,,initstate_489,,,,,view_0,
put_the_bowl_on_the_plate_view_0_0_100_0_0_initstate_499,put_the_bowl_on_the_plate,Robot Initial States,,initstate_499,,,,,view_0,
put_the_bowl_on_the_plate_view_0_0_181_0_0_initstate_0,put_the_bowl_on_the_plate,Camera Viewpoints,,initstate_0,,,,,view_0,
put_the_bowl_on_the_plate_view_0_0_182_0_0_initstate_0,put_the_bowl_on_the_plate,Camera Viewpoints,,initstate_0,,,,,view_0,
put_the_bowl_on_the_plate_view_0_0_183_0_0_initstate_0,put_the_bowl_on_the_plate,Camera Viewpoints,,initstate_0,,,,,view_0,
put_the_bowl_on_the_plate_view_0_0_184_0_0_initstate_0,put_the_bowl_on_the_plate,Camera Viewpoints,,initstate_0,,,,,view_0,
put_the_bowl_on_the_plate_view_0_0_185_0_0_initstate_0,put_the_bowl_on_the_plate,Camera Viewpoints,,initstate_0,,,,,view_0,
put_the_bowl_on_the_plate_view_0_0_186_0_0_initstate_0,put_the_bowl_on_the_plate,Camera Viewpoints,,initstate_0,,,,,view_0,
put_the_bowl_on_the_plate_view_0_0_187_0_0_initstate_0,put_the_bowl_on_the_plate,Camera Viewpoints,,initstate_0,,,,,view_0,
put_the_bowl_on_the_plate_view_0_0_188_0_0_initstate_0,put_the_bowl_on_the_plate,Camera Viewpoints,,initstate_0,,,,,view_0,
put_the_bowl_on_the_plate_view_0_0_189_0_0_initstate_0,put_the_bowl_on_the_plate,Camera Viewpoints,,initstate_0,,,,,view_0,
put_the_bowl_on_the_plate_view_0_0_190_0_0_initstate_0,put_the_bowl_on_the_plate,Camera Viewpoints,,initstate_0,,,,,view_0,
put_the_bowl_on_the_plate_view_0_0_100_356_8_initstate_0,put_the_bowl_on_the_plate,Camera Viewpoints,,initstate_0,,,,,view_0,
put_the_bowl_on_the_plate_view_0_0_100_356_10_initstate_0,put_the_bowl_on_the_plate,Camera Viewpoints,,initstate_0,,,,,view_0,
put_the_bowl_on_the_plate_view_0_0_100_356_352_initstate_0,put_the_bowl_on_the_plate,Camera Viewpoints,,initstate_0,,,,,view_0,
put_the_bowl_on_the_plate_view_330_0_100_0_0_initstate_0,put_the_bowl_on_the_plate,Camera Viewpoints,,initstate_0,,,,,view_330,
put_the_bowl_on_the_plate_view_330_15_100_0_0_initstate_0,put_the_bowl_on_the_plate,Camera Viewpoints,,initstate_0,,,,,view_330,
put_the_bowl_on_the_plate_view_332_15_100_0_0_initstate_0,put_the_bowl_on_the_plate,Camera Viewpoints,,initstate_0,,,,,view_332,
put_the_bowl_on_the_plate_view_333_15_100_0_0_initstate_0,put_the_bowl_on_the_plate,Camera Viewpoints,,initstate_0,,,,,view_333,
put_the_bowl_on_the_plate_view_334_15_100_0_0_initstate_0,put_the_bowl_on_the_plate,Camera Viewpoints,,initstate_0,,,,,view_334,
put_the_bowl_on_the_plate_view_335_15_100_0_0_initstate_0,put_the_bowl_on_the_plate,Camera Viewpoints,,initstate_0,,,,,view_335,
put_the_bowl_on_the_plate_view_336_15_100_0_0_initstate_0,put_the_bowl_on_the_plate,Camera Viewpoints,,initstate_0,,,,,view_336,
put_the_bowl_on_the_plate_view_337_0_100_0_0_initstate_0,put_the_bowl_on_the_plate,Camera Viewpoints,,initstate_0,,,,,view_337,
put_the_bowl_on_the_plate_view_337_15_100_0_0_initstate_0,put_the_bowl_on_the_plate,Camera Viewpoints,,initstate_0,,,,,view_337,
put_the_bowl_on_the_plate_view_338_0_100_0_0_initstate_0,put_the_bowl_on_the_plate,Camera Viewpoints,,initstate_0,,,,,view_338,
put_the_bowl_on_the_plate_view_338_15_100_0_0_initstate_0,put_the_bowl_on_the_plate,Camera Viewpoints,,initstate_0,,,,,view_338,
put_the_bowl_on_the_plate_view_339_0_100_0_0_initstate_0,put_the_bowl_on_the_plate,Camera Viewpoints,,initstate_0,,,,,view_339,
put_the_bowl_on_the_plate_view_339_15_100_0_0_initstate_0,put_the_bowl_on_the_plate,Camera Viewpoints,,initstate_0,,,,,view_339,
put_the_bowl_on_the_plate_view_340_15_100_0_0_initstate_0,put_the_bowl_on_the_plate,Camera Viewpoints,,initstate_0,,,,,view_340,
put_the_bowl_on_the_plate_view_341_15_100_0_0_initstate_0,put_the_bowl_on_the_plate,Camera Viewpoints,,initstate_0,,,,,view_341,
put_the_bowl_on_the_plate_view_342_15_100_0_0_initstate_0,put_the_bowl_on_the_plate,Camera Viewpoints,,initstate_0,,,,,view_342,
put_the_bowl_on_the_plate_view_343_15_100_0_0_initstate_0,put_the_bowl_on_the_plate,Camera Viewpoints,,initstate_0,,,,,view_343,
put_the_bowl_on_the_plate_view_344_15_100_0_0_initstate_0,put_the_bowl_on_the_plate,Camera Viewpoints,,initstate_0,,,,,view_344,
put_the_bowl_on_the_plate_language_1_view_0_0_100_0_0_initstate_0,put_the_bowl_on_the_plate,Language Instructions,,initstate_0,language_1,,,,view_0,
put_the_bowl_on_the_plate_language_2_view_0_0_100_0_0_initstate_0,put_the_bowl_on_the_plate,Language Instructions,,initstate_0,language_2,,,,view_0,
put_the_bowl_on_the_plate_language_4_view_0_0_100_0_0_initstate_0,put_the_bowl_on_the_plate,Language Instructions,,initstate_0,language_4,,,,view_0,
put_the_bowl_on_the_plate_language_6_view_0_0_100_0_0_initstate_0,put_the_bowl_on_the_plate,Language Instructions,,initstate_0,language_6,,,,view_0,
put_the_bowl_on_the_plate_language_7_view_0_0_100_0_0_initstate_0,put_the_bowl_on_the_plate,Language Instructions,,initstate_0,language_7,,,,view_0,
put_the_bowl_on_the_plate_language_8_view_0_0_100_0_0_initstate_0,put_the_bowl_on_the_plate,Language Instructions,,initstate_0,language_8,,,,view_0,
put_the_bowl_on_the_plate_language_9_view_0_0_100_0_0_initstate_0,put_the_bowl_on_the_plate,Language Instructions,,initstate_0,language_9,,,,view_0,
put_the_bowl_on_the_plate_language_11_view_0_0_100_0_0_initstate_0,put_the_bowl_on_the_plate,Language Instructions,,initstate_0,language_11,,,,view_0,
put_the_bowl_on_the_plate_language_12_view_0_0_100_0_0_initstate_0,put_the_bowl_on_the_plate,Language Instructions,,initstate_0,language_12,,,,view_0,
put_the_bowl_on_the_plate_language_14_view_0_0_100_0_0_initstate_0,put_the_bowl_on_the_plate,Language Instructions,,initstate_0,language_14,,,,view_0,
put_the_bowl_on_the_plate_language_16_view_0_0_100_0_0_initstate_0,put_the_bowl_on_the_plate,Language Instructions,,initstate_0,language_16,,,,view_0,
put_the_bowl_on_the_plate_language_17_view_0_0_100_0_0_initstate_0,put_the_bowl_on_the_plate,Language Instructions,,initstate_0,language_17,,,,view_0,
put_the_bowl_on_the_plate_language_18_view_0_0_100_0_0_initstate_0,put_the_bowl_on_the_plate,Language Instructions,,initstate_0,language_18,,,,view_0,
put_the_bowl_on_the_plate_language_21_view_0_0_100_0_0_initstate_0,put_the_bowl_on_the_plate,Language Instructions,,initstate_0,language_21,,,,view_0,
put_the_bowl_on_the_plate_language_22_view_0_0_100_0_0_initstate_0,put_the_bowl_on_the_plate,Language Instructions,,initstate_0,language_22,,,,view_0,
put_the_bowl_on_the_plate_language_23_view_0_0_100_0_0_initstate_0,put_the_bowl_on_the_plate,Language Instructions,,initstate_0,language_23,,,,view_0,
put_the_bowl_on_the_plate_language_26_view_0_0_100_0_0_initstate_0,put_the_bowl_on_the_plate,Language Instructions,,initstate_0,language_26,,,,view_0,
put_the_bowl_on_the_plate_language_27_view_0_0_100_0_0_initstate_0,put_the_bowl_on_the_plate,Language Instructions,,initstate_0,language_27,,,,view_0,
put_the_bowl_on_the_plate_language_28_view_0_0_100_0_0_initstate_0,put_the_bowl_on_the_plate,Language Instructions,,initstate_0,language_28,,,,view_0,
put_the_bowl_on_the_plate_language_30_view_0_0_100_0_0_initstate_0,put_the_bowl_on_the_plate,Language Instructions,,initstate_0,language_30,,,,view_0,
put_the_bowl_on_the_plate_language_31_view_0_0_100_0_0_initstate_0,put_the_bowl_on_the_plate,Language Instructions,,initstate_0,language_31,,,,view_0,
put_the_bowl_on_the_plate_language_32_view_0_0_100_0_0_initstate_0,put_the_bowl_on_the_plate,Language Instructions,,initstate_0,language_32,,,,view_0,
put_the_bowl_on_the_plate_language_33_view_0_0_100_0_0_initstate_0,put_the_bowl_on_the_plate,Language Instructions,,initstate_0,language_33,,,,view_0,
put_the_bowl_on_the_plate_language_34_view_0_0_100_0_0_initstate_0,put_the_bowl_on_the_plate,Language Instructions,,initstate_0,language_34,,,,view_0,
put_the_bowl_on_the_plate_language_35_view_0_0_100_0_0_initstate_0,put_the_bowl_on_the_plate,Language Instructions,,initstate_0,language_35,,,,view_0,
put_the_bowl_on_the_plate_language_36_view_0_0_100_0_0_initstate_0,put_the_bowl_on_the_plate,Language Instructions,,initstate_0,language_36,,,,view_0,
put_the_bowl_on_the_plate_language_37_view_0_0_100_0_0_initstate_0,put_the_bowl_on_the_plate,Language Instructions,,initstate_0,language_37,,,,view_0,
put_the_bowl_on_the_plate_language_40_view_0_0_100_0_0_initstate_0,put_the_bowl_on_the_plate,Language Instructions,,initstate_0,language_40,,,,view_0,
put_the_bowl_on_the_plate_language_41_view_0_0_100_0_0_initstate_0,put_the_bowl_on_the_plate,Language Instructions,,initstate_0,language_41,,,,view_0,
put_the_bowl_on_the_plate_language_42_view_0_0_100_0_0_initstate_0,put_the_bowl_on_the_plate,Language Instructions,,initstate_0,language_42,,,,view_0,
put_the_bowl_on_the_plate_language_43_view_0_0_100_0_0_initstate_0,put_the_bowl_on_the_plate,Language Instructions,,initstate_0,language_43,,,,view_0,
put_the_bowl_on_the_plate_language_46_view_0_0_100_0_0_initstate_0,put_the_bowl_on_the_plate,Language Instructions,,initstate_0,language_46,,,,view_0,
put_the_bowl_on_the_plate_language_47_view_0_0_100_0_0_initstate_0,put_the_bowl_on_the_plate,Language Instructions,,initstate_0,language_47,,,,view_0,
put_the_bowl_on_the_plate_language_48_view_0_0_100_0_0_initstate_0,put_the_bowl_on_the_plate,Language Instructions,,initstate_0,language_48,,,,view_0,
put_the_bowl_on_the_plate_language_49_view_0_0_100_0_0_initstate_0,put_the_bowl_on_the_plate,Language Instructions,,initstate_0,language_49,,,,view_0,
put_the_bowl_on_the_plate_view_0_0_100_0_0_initstate_0_noise_4,put_the_bowl_on_the_plate,Sensor Noise,,initstate_0,,,noise_4,,view_0,
put_the_bowl_on_the_plate_view_0_0_100_0_0_initstate_0_noise_5,put_the_bowl_on_the_plate,Sensor Noise,,initstate_0,,,noise_5,,view_0,
put_the_bowl_on_the_plate_view_0_0_100_0_0_initstate_0_noise_6,put_the_bowl_on_the_plate,Sensor Noise,,initstate_0,,,noise_6,,view_0,
put_the_bowl_on_the_plate_view_0_0_100_0_0_initstate_0_noise_7,put_the_bowl_on_the_plate,Sensor Noise,,initstate_0,,,noise_7,,view_0,
put_the_bowl_on_the_plate_view_0_0_100_0_0_initstate_0_noise_8,put_the_bowl_on_the_plate,Sensor Noise,,initstate_0,,,noise_8,,view_0,
put_the_bowl_on_the_plate_view_0_0_100_0_0_initstate_0_noise_9,put_the_bowl_on_the_plate,Sensor Noise,,initstate_0,,,noise_9,,view_0,
put_the_bowl_on_the_plate_view_0_0_100_0_0_initstate_0_noise_13,put_the_bowl_on_the_plate,Sensor Noise,,initstate_0,,,noise_13,,view_0,
put_the_bowl_on_the_plate_view_0_0_100_0_0_initstate_0_noise_14,put_the_bowl_on_the_plate,Sensor Noise,,initstate_0,,,noise_14,,view_0,
put_the_bowl_on_the_plate_view_0_0_100_0_0_initstate_0_noise_15,put_the_bowl_on_the_plate,Sensor Noise,,initstate_0,,,noise_15,,view_0,
put_the_bowl_on_the_plate_view_0_0_100_0_0_initstate_0_noise_16,put_the_bowl_on_the_plate,Sensor Noise,,initstate_0,,,noise_16,,view_0,
put_the_bowl_on_the_plate_view_0_0_100_0_0_initstate_0_noise_17,put_the_bowl_on_the_plate,Sensor Noise,,initstate_0,,,noise_17,,view_0,
put_the_bowl_on_the_plate_view_0_0_100_0_0_initstate_0_noise_18,put_the_bowl_on_the_plate,Sensor Noise,,initstate_0,,,noise_18,,view_0,
put_the_bowl_on_the_plate_view_0_0_100_0_0_initstate_0_noise_19,put_the_bowl_on_the_plate,Sensor Noise,,initstate_0,,,noise_19,,view_0,
put_the_bowl_on_the_plate_view_0_0_100_0_0_initstate_0_noise_20,put_the_bowl_on_the_plate,Sensor Noise,,initstate_0,,,noise_20,,view_0,
put_the_bowl_on_the_plate_view_0_0_100_0_0_initstate_0_noise_26,put_the_bowl_on_the_plate,Sensor Noise,,initstate_0,,,noise_26,,view_0,
put_the_bowl_on_the_plate_view_0_0_100_0_0_initstate_0_noise_27,put_the_bowl_on_the_plate,Sensor Noise,,initstate_0,,,noise_27,,view_0,
put_the_bowl_on_the_plate_view_0_0_100_0_0_initstate_0_noise_28,put_the_bowl_on_the_plate,Sensor Noise,,initstate_0,,,noise_28,,view_0,
put_the_bowl_on_the_plate_view_0_0_100_0_0_initstate_0_noise_29,put_the_bowl_on_the_plate,Sensor Noise,,initstate_0,,,noise_29,,view_0,
put_the_bowl_on_the_plate_view_0_0_100_0_0_initstate_0_noise_30,put_the_bowl_on_the_plate,Sensor Noise,,initstate_0,,,noise_30,,view_0,
put_the_bowl_on_the_plate_view_0_0_100_0_0_initstate_0_noise_37,put_the_bowl_on_the_plate,Sensor Noise,,initstate_0,,,noise_37,,view_0,
put_the_bowl_on_the_plate_view_0_0_100_0_0_initstate_0_noise_38,put_the_bowl_on_the_plate,Sensor Noise,,initstate_0,,,noise_38,,view_0,
put_the_bowl_on_the_plate_view_0_0_100_0_0_initstate_0_noise_39,put_the_bowl_on_the_plate,Sensor Noise,,initstate_0,,,noise_39,,view_0,
put_the_bowl_on_the_plate_view_0_0_100_0_0_initstate_0_noise_41,put_the_bowl_on_the_plate,Sensor Noise,,initstate_0,,,noise_41,,view_0,
put_the_bowl_on_the_plate_view_0_0_100_0_0_initstate_0_noise_42,put_the_bowl_on_the_plate,Sensor Noise,,initstate_0,,,noise_42,,view_0,
put_the_bowl_on_the_plate_view_0_0_100_0_0_initstate_0_noise_43,put_the_bowl_on_the_plate,Sensor Noise,,initstate_0,,,noise_43,,view_0,
put_the_bowl_on_the_plate_view_0_0_100_0_0_initstate_0_noise_44,put_the_bowl_on_the_plate,Sensor Noise,,initstate_0,,,noise_44,,view_0,
put_the_bowl_on_the_plate_view_0_0_100_0_0_initstate_0_noise_45,put_the_bowl_on_the_plate,Sensor Noise,,initstate_0,,,noise_45,,view_0,
put_the_bowl_on_the_plate_view_0_0_100_0_0_initstate_0_noise_46,put_the_bowl_on_the_plate,Sensor Noise,,initstate_0,,,noise_46,,view_0,
put_the_bowl_on_the_plate_view_0_0_100_0_0_initstate_0_noise_47,put_the_bowl_on_the_plate,Sensor Noise,,initstate_0,,,noise_47,,view_0,
put_the_bowl_on_the_plate_view_0_0_100_0_0_initstate_0_noise_48,put_the_bowl_on_the_plate,Sensor Noise,,initstate_0,,,noise_48,,view_0,
put_the_bowl_on_the_plate_view_0_0_100_0_0_initstate_0_noise_49,put_the_bowl_on_the_plate,Sensor Noise,,initstate_0,,,noise_49,,view_0,
put_the_bowl_on_the_plate_view_0_0_100_0_0_initstate_0_noise_50,put_the_bowl_on_the_plate,Sensor Noise,,initstate_0,,,noise_50,,view_0,
put_the_bowl_on_the_plate_add_1,put_the_bowl_on_the_plate,Objects Layout,add_1,,,,,,,
put_the_bowl_on_the_plate_add_10,put_the_bowl_on_the_plate,Objects Layout,add_10,,,,,,,
put_the_bowl_on_the_plate_add_12,put_the_bowl_on_the_plate,Objects Layout,add_12,,,,,,,
put_the_bowl_on_the_plate_add_13,put_the_bowl_on_the_plate,Objects Layout,add_13,,,,,,,
put_the_bowl_on_the_plate_add_14,put_the_bowl_on_the_plate,Objects Layout,add_14,,,,,,,
put_the_bowl_on_the_plate_add_15,put_the_bowl_on_the_plate,Objects Layout,add_15,,,,,,,
put_the_bowl_on_the_plate_add_16,put_the_bowl_on_the_plate,Objects Layout,add_16,,,,,,,
put_the_bowl_on_the_plate_add_17,put_the_bowl_on_the_plate,Objects Layout,add_17,,,,,,,
put_the_bowl_on_the_plate_add_18,put_the_bowl_on_the_plate,Objects Layout,add_18,,,,,,,
put_the_bowl_on_the_plate_add_19,put_the_bowl_on_the_plate,Objects Layout,add_19,,,,,,,
put_the_bowl_on_the_plate_add_20,put_the_bowl_on_the_plate,Objects Layout,add_20,,,,,,,
put_the_bowl_on_the_plate_add_21,put_the_bowl_on_the_plate,Objects Layout,add_21,,,,,,,
put_the_bowl_on_the_plate_add_22,put_the_bowl_on_the_plate,Objects Layout,add_22,,,,,,,
put_the_bowl_on_the_plate_add_23,put_the_bowl_on_the_plate,Objects Layout,add_23,,,,,,,
put_the_bowl_on_the_plate_add_24,put_the_bowl_on_the_plate,Objects Layout,add_24,,,,,,,
put_the_bowl_on_the_plate_add_25,put_the_bowl_on_the_plate,Objects Layout,add_25,,,,,,,
put_the_bowl_on_the_plate_add_26,put_the_bowl_on_the_plate,Objects Layout,add_26,,,,,,,
put_the_bowl_on_the_plate_add_27,put_the_bowl_on_the_plate,Objects Layout,add_27,,,,,,,
put_the_bowl_on_the_plate_add_28,put_the_bowl_on_the_plate,Objects Layout,add_28,,,,,,,
put_the_bowl_on_the_plate_add_29,put_the_bowl_on_the_plate,Objects Layout,add_29,,,,,,,
put_the_bowl_on_the_plate_add_3,put_the_bowl_on_the_plate,Objects Layout,add_3,,,,,,,
put_the_bowl_on_the_plate_add_30,put_the_bowl_on_the_plate,Objects Layout,add_30,,,,,,,
put_the_bowl_on_the_plate_add_4,put_the_bowl_on_the_plate,Objects Layout,add_4,,,,,,,
put_the_bowl_on_the_plate_add_5,put_the_bowl_on_the_plate,Objects Layout,add_5,,,,,,,
put_the_bowl_on_the_plate_add_9,put_the_bowl_on_the_plate,Objects Layout,add_9,,,,,,,
put_the_bowl_on_the_plate_light_1,put_the_bowl_on_the_plate,Light Conditions,,,,light_1,,,,
put_the_bowl_on_the_plate_light_11,put_the_bowl_on_the_plate,Light Conditions,,,,light_11,,,,
put_the_bowl_on_the_plate_light_13,put_the_bowl_on_the_plate,Light Conditions,,,,light_13,,,,
put_the_bowl_on_the_plate_light_15,put_the_bowl_on_the_plate,Light Conditions,,,,light_15,,,,
put_the_bowl_on_the_plate_light_16,put_the_bowl_on_the_plate,Light Conditions,,,,light_16,,,,
put_the_bowl_on_the_plate_light_18,put_the_bowl_on_the_plate,Light Conditions,,,,light_18,,,,
put_the_bowl_on_the_plate_light_2,put_the_bowl_on_the_plate,Light Conditions,,,,light_2,,,,
put_the_bowl_on_the_plate_light_20,put_the_bowl_on_the_plate,Light Conditions,,,,light_20,,,,
put_the_bowl_on_the_plate_light_24,put_the_bowl_on_the_plate,Light Conditions,,,,light_24,,,,
put_the_bowl_on_the_plate_light_26,put_the_bowl_on_the_plate,Light Conditions,,,,light_26,,,,
put_the_bowl_on_the_plate_light_27,put_the_bowl_on_the_plate,Light Conditions,,,,light_27,,,,
put_the_bowl_on_the_plate_light_29,put_the_bowl_on_the_plate,Light Conditions,,,,light_29,,,,
put_the_bowl_on_the_plate_light_34,put_the_bowl_on_the_plate,Light Conditions,,,,light_34,,,,
put_the_bowl_on_the_plate_light_35,put_the_bowl_on_the_plate,Light Conditions,,,,light_35,,,,
put_the_bowl_on_the_plate_light_36,put_the_bowl_on_the_plate,Light Conditions,,,,light_36,,,,
put_the_bowl_on_the_plate_light_37,put_the_bowl_on_the_plate,Light Conditions,,,,light_37,,,,
put_the_bowl_on_the_plate_light_38,put_the_bowl_on_the_plate,Light Conditions,,,,light_38,,,,
put_the_bowl_on_the_plate_light_39,put_the_bowl_on_the_plate,Light Conditions,,,,light_39,,,,
put_the_bowl_on_the_plate_light_4,put_the_bowl_on_the_plate,Light Conditions,,,,light_4,,,,
put_the_bowl_on_the_plate_light_40,put_the_bowl_on_the_plate,Light Conditions,,,,light_40,,,,
put_the_bowl_on_the_plate_light_42,put_the_bowl_on_the_plate,Light Conditions,,,,light_42,,,,
put_the_bowl_on_the_plate_light_44,put_the_bowl_on_the_plate,Light Conditions,,,,light_44,,,,
put_the_bowl_on_the_plate_light_49,put_the_bowl_on_the_plate,Light Conditions,,,,light_49,,,,
put_the_bowl_on_the_plate_light_5,put_the_bowl_on_the_plate,Light Conditions,,,,light_5,,,,
put_the_bowl_on_the_plate_light_7,put_the_bowl_on_the_plate,Light Conditions,,,,light_7,,,,
put_the_bowl_on_the_plate_light_9,put_the_bowl_on_the_plate,Light Conditions,,,,light_9,,,,
put_the_bowl_on_the_stove_table_1,put_the_bowl_on_the_stove,Background Textures,,,,,,table_1,,
put_the_bowl_on_the_stove_table_24,put_the_bowl_on_the_stove,Background Textures,,,,,,table_24,,
put_the_bowl_on_the_stove_table_3,put_the_bowl_on_the_stove,Background Textures,,,,,,table_3,,
put_the_bowl_on_the_stove_table_4,put_the_bowl_on_the_stove,Background Textures,,,,,,table_4,,
put_the_bowl_on_the_stove_table_5,put_the_bowl_on_the_stove,Background Textures,,,,,,table_5,,
put_the_bowl_on_the_stove_table_7,put_the_bowl_on_the_stove,Background Textures,,,,,,table_7,,
put_the_bowl_on_the_stove_view_0_0_100_0_0_initstate_2,put_the_bowl_on_the_stove,Robot Initial States,,initstate_2,,,,,view_0,
put_the_bowl_on_the_stove_view_0_0_100_0_0_initstate_42,put_the_bowl_on_the_stove,Robot Initial States,,initstate_42,,,,,view_0,
put_the_bowl_on_the_stove_view_0_0_100_0_0_initstate_62,put_the_bowl_on_the_stove,Robot Initial States,,initstate_62,,,,,view_0,
put_the_bowl_on_the_stove_view_0_0_100_0_0_initstate_102,put_the_bowl_on_the_stove,Robot Initial States,,initstate_102,,,,,view_0,
put_the_bowl_on_the_stove_view_0_0_100_0_0_initstate_112,put_the_bowl_on_the_stove,Robot Initial States,,initstate_112,,,,,view_0,
put_the_bowl_on_the_stove_view_0_0_100_0_0_initstate_132,put_the_bowl_on_the_stove,Robot Initial States,,initstate_132,,,,,view_0,
put_the_bowl_on_the_stove_view_0_0_100_0_0_initstate_142,put_the_bowl_on_the_stove,Robot Initial States,,initstate_142,,,,,view_0,
put_the_bowl_on_the_stove_view_0_0_100_0_0_initstate_152,put_the_bowl_on_the_stove,Robot Initial States,,initstate_152,,,,,view_0,
put_the_bowl_on_the_stove_view_0_0_100_0_0_initstate_172,put_the_bowl_on_the_stove,Robot Initial States,,initstate_172,,,,,view_0,
put_the_bowl_on_the_stove_view_0_0_100_0_0_initstate_212,put_the_bowl_on_the_stove,Robot Initial States,,initstate_212,,,,,view_0,
put_the_bowl_on_the_stove_view_0_0_100_0_0_initstate_222,put_the_bowl_on_the_stove,Robot Initial States,,initstate_222,,,,,view_0,
put_the_bowl_on_the_stove_view_0_0_100_0_0_initstate_232,put_the_bowl_on_the_stove,Robot Initial States,,initstate_232,,,,,view_0,
put_the_bowl_on_the_stove_view_0_0_100_0_0_initstate_242,put_the_bowl_on_the_stove,Robot Initial States,,initstate_242,,,,,view_0,
put_the_bowl_on_the_stove_view_0_0_100_0_0_initstate_252,put_the_bowl_on_the_stove,Robot Initial States,,initstate_252,,,,,view_0,
put_the_bowl_on_the_stove_view_0_0_100_0_0_initstate_262,put_the_bowl_on_the_stove,Robot Initial States,,initstate_262,,,,,view_0,
put_the_bowl_on_the_stove_view_0_0_100_0_0_initstate_272,put_the_bowl_on_the_stove,Robot Initial States,,initstate_272,,,,,view_0,
put_the_bowl_on_the_stove_view_0_0_100_0_0_initstate_282,put_the_bowl_on_the_stove,Robot Initial States,,initstate_282,,,,,view_0,
put_the_bowl_on_the_stove_view_0_0_100_0_0_initstate_292,put_the_bowl_on_the_stove,Robot Initial States,,initstate_292,,,,,view_0,
put_the_bowl_on_the_stove_view_0_0_100_0_0_initstate_302,put_the_bowl_on_the_stove,Robot Initial States,,initstate_302,,,,,view_0,
put_the_bowl_on_the_stove_view_0_0_100_0_0_initstate_312,put_the_bowl_on_the_stove,Robot Initial States,,initstate_312,,,,,view_0,
put_the_bowl_on_the_stove_view_0_0_100_0_0_initstate_322,put_the_bowl_on_the_stove,Robot Initial States,,initstate_322,,,,,view_0,
put_the_bowl_on_the_stove_view_0_0_100_0_0_initstate_332,put_the_bowl_on_the_stove,Robot Initial States,,initstate_332,,,,,view_0,
put_the_bowl_on_the_stove_view_0_0_100_0_0_initstate_342,put_the_bowl_on_the_stove,Robot Initial States,,initstate_342,,,,,view_0,
put_the_bowl_on_the_stove_view_0_0_100_0_0_initstate_352,put_the_bowl_on_the_stove,Robot Initial States,,initstate_352,,,,,view_0,
put_the_bowl_on_the_stove_view_0_0_100_0_0_initstate_362,put_the_bowl_on_the_stove,Robot Initial States,,initstate_362,,,,,view_0,
put_the_bowl_on_the_stove_view_0_0_100_0_0_initstate_372,put_the_bowl_on_the_stove,Robot Initial States,,initstate_372,,,,,view_0,
put_the_bowl_on_the_stove_view_0_0_100_0_0_initstate_382,put_the_bowl_on_the_stove,Robot Initial States,,initstate_382,,,,,view_0,
put_the_bowl_on_the_stove_view_0_0_100_0_0_initstate_392,put_the_bowl_on_the_stove,Robot Initial States,,initstate_392,,,,,view_0,
put_the_bowl_on_the_stove_view_0_0_100_0_0_initstate_402,put_the_bowl_on_the_stove,Robot Initial States,,initstate_402,,,,,view_0,
put_the_bowl_on_the_stove_view_0_0_100_0_0_initstate_412,put_the_bowl_on_the_stove,Robot Initial States,,initstate_412,,,,,view_0,
put_the_bowl_on_the_stove_view_0_0_100_0_0_initstate_422,put_the_bowl_on_the_stove,Robot Initial States,,initstate_422,,,,,view_0,
put_the_bowl_on_the_stove_view_0_0_100_0_0_initstate_432,put_the_bowl_on_the_stove,Robot Initial States,,initstate_432,,,,,view_0,
put_the_bowl_on_the_stove_view_0_0_100_0_0_initstate_442,put_the_bowl_on_the_stove,Robot Initial States,,initstate_442,,,,,view_0,
put_the_bowl_on_the_stove_view_0_0_100_0_0_initstate_452,put_the_bowl_on_the_stove,Robot Initial States,,initstate_452,,,,,view_0,
put_the_bowl_on_the_stove_view_0_0_100_0_0_initstate_462,put_the_bowl_on_the_stove,Robot Initial States,,initstate_462,,,,,view_0,
put_the_bowl_on_the_stove_view_0_0_100_0_0_initstate_472,put_the_bowl_on_the_stove,Robot Initial States,,initstate_472,,,,,view_0,
put_the_bowl_on_the_stove_view_0_0_100_0_0_initstate_482,put_the_bowl_on_the_stove,Robot Initial States,,initstate_482,,,,,view_0,
put_the_bowl_on_the_stove_view_0_0_100_0_0_initstate_492,put_the_bowl_on_the_stove,Robot Initial States,,initstate_492,,,,,view_0,
put_the_bowl_on_the_stove_view_0_0_115_0_0_initstate_0,put_the_bowl_on_the_stove,Camera Viewpoints,,initstate_0,,,,,view_0,
put_the_bowl_on_the_stove_view_0_0_119_0_0_initstate_0,put_the_bowl_on_the_stove,Camera Viewpoints,,initstate_0,,,,,view_0,
put_the_bowl_on_the_stove_view_0_0_120_0_0_initstate_0,put_the_bowl_on_the_stove,Camera Viewpoints,,initstate_0,,,,,view_0,
put_the_bowl_on_the_stove_view_0_0_100_4_6_initstate_0,put_the_bowl_on_the_stove,Camera Viewpoints,,initstate_0,,,,,view_0,
put_the_bowl_on_the_stove_view_0_0_100_4_10_initstate_0,put_the_bowl_on_the_stove,Camera Viewpoints,,initstate_0,,,,,view_0,
put_the_bowl_on_the_stove_view_0_0_100_4_350_initstate_0,put_the_bowl_on_the_stove,Camera Viewpoints,,initstate_0,,,,,view_0,
put_the_bowl_on_the_stove_view_0_0_100_4_352_initstate_0,put_the_bowl_on_the_stove,Camera Viewpoints,,initstate_0,,,,,view_0,
put_the_bowl_on_the_stove_view_16_15_100_0_0_initstate_0,put_the_bowl_on_the_stove,Camera Viewpoints,,initstate_0,,,,,view_16,
put_the_bowl_on_the_stove_view_17_0_100_0_0_initstate_0,put_the_bowl_on_the_stove,Camera Viewpoints,,initstate_0,,,,,view_17,
put_the_bowl_on_the_stove_view_17_15_100_0_0_initstate_0,put_the_bowl_on_the_stove,Camera Viewpoints,,initstate_0,,,,,view_17,
put_the_bowl_on_the_stove_view_18_0_100_0_0_initstate_0,put_the_bowl_on_the_stove,Camera Viewpoints,,initstate_0,,,,,view_18,
put_the_bowl_on_the_stove_view_18_15_100_0_0_initstate_0,put_the_bowl_on_the_stove,Camera Viewpoints,,initstate_0,,,,,view_18,
put_the_bowl_on_the_stove_view_19_0_100_0_0_initstate_0,put_the_bowl_on_the_stove,Camera Viewpoints,,initstate_0,,,,,view_19,
put_the_bowl_on_the_stove_view_19_15_100_0_0_initstate_0,put_the_bowl_on_the_stove,Camera Viewpoints,,initstate_0,,,,,view_19,
put_the_bowl_on_the_stove_view_20_15_100_0_0_initstate_0,put_the_bowl_on_the_stove,Camera Viewpoints,,initstate_0,,,,,view_20,
put_the_bowl_on_the_stove_view_21_15_100_0_0_initstate_0,put_the_bowl_on_the_stove,Camera Viewpoints,,initstate_0,,,,,view_21,
put_the_bowl_on_the_stove_view_22_15_100_0_0_initstate_0,put_the_bowl_on_the_stove,Camera Viewpoints,,initstate_0,,,,,view_22,
put_the_bowl_on_the_stove_view_23_0_100_0_0_initstate_0,put_the_bowl_on_the_stove,Camera Viewpoints,,initstate_0,,,,,view_23,
put_the_bowl_on_the_stove_view_23_15_100_0_0_initstate_0,put_the_bowl_on_the_stove,Camera Viewpoints,,initstate_0,,,,,view_23,
put_the_bowl_on_the_stove_view_24_0_100_0_0_initstate_0,put_the_bowl_on_the_stove,Camera Viewpoints,,initstate_0,,,,,view_24,
put_the_bowl_on_the_stove_view_24_15_100_0_0_initstate_0,put_the_bowl_on_the_stove,Camera Viewpoints,,initstate_0,,,,,view_24,
put_the_bowl_on_the_stove_view_25_0_100_0_0_initstate_0,put_the_bowl_on_the_stove,Camera Viewpoints,,initstate_0,,,,,view_25,
put_the_bowl_on_the_stove_view_25_15_100_0_0_initstate_0,put_the_bowl_on_the_stove,Camera Viewpoints,,initstate_0,,,,,view_25,
put_the_bowl_on_the_stove_view_26_0_100_0_0_initstate_0,put_the_bowl_on_the_stove,Camera Viewpoints,,initstate_0,,,,,view_26,
put_the_bowl_on_the_stove_view_26_15_100_0_0_initstate_0,put_the_bowl_on_the_stove,Camera Viewpoints,,initstate_0,,,,,view_26,
put_the_bowl_on_the_stove_view_27_15_100_0_0_initstate_0,put_the_bowl_on_the_stove,Camera Viewpoints,,initstate_0,,,,,view_27,
put_the_bowl_on_the_stove_view_28_0_100_0_0_initstate_0,put_the_bowl_on_the_stove,Camera Viewpoints,,initstate_0,,,,,view_28,
put_the_bowl_on_the_stove_view_28_15_100_0_0_initstate_0,put_the_bowl_on_the_stove,Camera Viewpoints,,initstate_0,,,,,view_28,
put_the_bowl_on_the_stove_view_29_0_100_0_0_initstate_0,put_the_bowl_on_the_stove,Camera Viewpoints,,initstate_0,,,,,view_29,
put_the_bowl_on_the_stove_view_29_15_100_0_0_initstate_0,put_the_bowl_on_the_stove,Camera Viewpoints,,initstate_0,,,,,view_29,
put_the_bowl_on_the_stove_view_30_0_100_0_0_initstate_0,put_the_bowl_on_the_stove,Camera Viewpoints,,initstate_0,,,,,view_30,
put_the_bowl_on_the_stove_view_30_15_100_0_0_initstate_0,put_the_bowl_on_the_stove,Camera Viewpoints,,initstate_0,,,,,view_30,
put_the_bowl_on_the_stove_language_1_view_0_0_100_0_0_initstate_0,put_the_bowl_on_the_stove,Language Instructions,,initstate_0,language_1,,,,view_0,
put_the_bowl_on_the_stove_language_2_view_0_0_100_0_0_initstate_0,put_the_bowl_on_the_stove,Language Instructions,,initstate_0,language_2,,,,view_0,
put_the_bowl_on_the_stove_language_3_view_0_0_100_0_0_initstate_0,put_the_bowl_on_the_stove,Language Instructions,,initstate_0,language_3,,,,view_0,
put_the_bowl_on_the_stove_language_6_view_0_0_100_0_0_initstate_0,put_the_bowl_on_the_stove,Language Instructions,,initstate_0,language_6,,,,view_0,
put_the_bowl_on_the_stove_language_10_view_0_0_100_0_0_initstate_0,put_the_bowl_on_the_stove,Language Instructions,,initstate_0,language_10,,,,view_0,
put_the_bowl_on_the_stove_language_15_view_0_0_100_0_0_initstate_0,put_the_bowl_on_the_stove,Language Instructions,,initstate_0,language_15,,,,view_0,
put_the_bowl_on_the_stove_language_16_view_0_0_100_0_0_initstate_0,put_the_bowl_on_the_stove,Language Instructions,,initstate_0,language_16,,,,view_0,
put_the_bowl_on_the_stove_language_21_view_0_0_100_0_0_initstate_0,put_the_bowl_on_the_stove,Language Instructions,,initstate_0,language_21,,,,view_0,
put_the_bowl_on_the_stove_language_26_view_0_0_100_0_0_initstate_0,put_the_bowl_on_the_stove,Language Instructions,,initstate_0,language_26,,,,view_0,
put_the_bowl_on_the_stove_language_27_view_0_0_100_0_0_initstate_0,put_the_bowl_on_the_stove,Language Instructions,,initstate_0,language_27,,,,view_0,
put_the_bowl_on_the_stove_language_34_view_0_0_100_0_0_initstate_0,put_the_bowl_on_the_stove,Language Instructions,,initstate_0,language_34,,,,view_0,
put_the_bowl_on_the_stove_language_39_view_0_0_100_0_0_initstate_0,put_the_bowl_on_the_stove,Language Instructions,,initstate_0,language_39,,,,view_0,
put_the_bowl_on_the_stove_language_40_view_0_0_100_0_0_initstate_0,put_the_bowl_on_the_stove,Language Instructions,,initstate_0,language_40,,,,view_0,
put_the_bowl_on_the_stove_language_41_view_0_0_100_0_0_initstate_0,put_the_bowl_on_the_stove,Language Instructions,,initstate_0,language_41,,,,view_0,
put_the_bowl_on_the_stove_language_43_view_0_0_100_0_0_initstate_0,put_the_bowl_on_the_stove,Language Instructions,,initstate_0,language_43,,,,view_0,
put_the_bowl_on_the_stove_language_44_view_0_0_100_0_0_initstate_0,put_the_bowl_on_the_stove,Language Instructions,,initstate_0,language_44,,,,view_0,
put_the_bowl_on_the_stove_language_45_view_0_0_100_0_0_initstate_0,put_the_bowl_on_the_stove,Language Instructions,,initstate_0,language_45,,,,view_0,
put_the_bowl_on_the_stove_language_46_view_0_0_100_0_0_initstate_0,put_the_bowl_on_the_stove,Language Instructions,,initstate_0,language_46,,,,view_0,
put_the_bowl_on_the_stove_language_49_view_0_0_100_0_0_initstate_0,put_the_bowl_on_the_stove,Language Instructions,,initstate_0,language_49,,,,view_0,
put_the_bowl_on_the_stove_view_0_0_100_0_0_initstate_0_noise_4,put_the_bowl_on_the_stove,Sensor Noise,,initstate_0,,,noise_4,,view_0,
put_the_bowl_on_the_stove_view_0_0_100_0_0_initstate_0_noise_5,put_the_bowl_on_the_stove,Sensor Noise,,initstate_0,,,noise_5,,view_0,
put_the_bowl_on_the_stove_view_0_0_100_0_0_initstate_0_noise_6,put_the_bowl_on_the_stove,Sensor Noise,,initstate_0,,,noise_6,,view_0,
put_the_bowl_on_the_stove_view_0_0_100_0_0_initstate_0_noise_7,put_the_bowl_on_the_stove,Sensor Noise,,initstate_0,,,noise_7,,view_0,
put_the_bowl_on_the_stove_view_0_0_100_0_0_initstate_0_noise_8,put_the_bowl_on_the_stove,Sensor Noise,,initstate_0,,,noise_8,,view_0,
put_the_bowl_on_the_stove_view_0_0_100_0_0_initstate_0_noise_9,put_the_bowl_on_the_stove,Sensor Noise,,initstate_0,,,noise_9,,view_0,
put_the_bowl_on_the_stove_view_0_0_100_0_0_initstate_0_noise_13,put_the_bowl_on_the_stove,Sensor Noise,,initstate_0,,,noise_13,,view_0,
put_the_bowl_on_the_stove_view_0_0_100_0_0_initstate_0_noise_14,put_the_bowl_on_the_stove,Sensor Noise,,initstate_0,,,noise_14,,view_0,
put_the_bowl_on_the_stove_view_0_0_100_0_0_initstate_0_noise_15,put_the_bowl_on_the_stove,Sensor Noise,,initstate_0,,,noise_15,,view_0,
put_the_bowl_on_the_stove_view_0_0_100_0_0_initstate_0_noise_16,put_the_bowl_on_the_stove,Sensor Noise,,initstate_0,,,noise_16,,view_0,
put_the_bowl_on_the_stove_view_0_0_100_0_0_initstate_0_noise_17,put_the_bowl_on_the_stove,Sensor Noise,,initstate_0,,,noise_17,,view_0,
put_the_bowl_on_the_stove_view_0_0_100_0_0_initstate_0_noise_18,put_the_bowl_on_the_stove,Sensor Noise,,initstate_0,,,noise_18,,view_0,
put_the_bowl_on_the_stove_view_0_0_100_0_0_initstate_0_noise_19,put_the_bowl_on_the_stove,Sensor Noise,,initstate_0,,,noise_19,,view_0,
put_the_bowl_on_the_stove_view_0_0_100_0_0_initstate_0_noise_20,put_the_bowl_on_the_stove,Sensor Noise,,initstate_0,,,noise_20,,view_0,
put_the_bowl_on_the_stove_view_0_0_100_0_0_initstate_0_noise_25,put_the_bowl_on_the_stove,Sensor Noise,,initstate_0,,,noise_25,,view_0,
put_the_bowl_on_the_stove_view_0_0_100_0_0_initstate_0_noise_26,put_the_bowl_on_the_stove,Sensor Noise,,initstate_0,,,noise_26,,view_0,
put_the_bowl_on_the_stove_view_0_0_100_0_0_initstate_0_noise_27,put_the_bowl_on_the_stove,Sensor Noise,,initstate_0,,,noise_27,,view_0,
put_the_bowl_on_the_stove_view_0_0_100_0_0_initstate_0_noise_28,put_the_bowl_on_the_stove,Sensor Noise,,initstate_0,,,noise_28,,view_0,
put_the_bowl_on_the_stove_view_0_0_100_0_0_initstate_0_noise_29,put_the_bowl_on_the_stove,Sensor Noise,,initstate_0,,,noise_29,,view_0,
put_the_bowl_on_the_stove_view_0_0_100_0_0_initstate_0_noise_36,put_the_bowl_on_the_stove,Sensor Noise,,initstate_0,,,noise_36,,view_0,
put_the_bowl_on_the_stove_view_0_0_100_0_0_initstate_0_noise_37,put_the_bowl_on_the_stove,Sensor Noise,,initstate_0,,,noise_37,,view_0,
put_the_bowl_on_the_stove_view_0_0_100_0_0_initstate_0_noise_38,put_the_bowl_on_the_stove,Sensor Noise,,initstate_0,,,noise_38,,view_0,
put_the_bowl_on_the_stove_view_0_0_100_0_0_initstate_0_noise_43,put_the_bowl_on_the_stove,Sensor Noise,,initstate_0,,,noise_43,,view_0,
put_the_bowl_on_the_stove_view_0_0_100_0_0_initstate_0_noise_44,put_the_bowl_on_the_stove,Sensor Noise,,initstate_0,,,noise_44,,view_0,
put_the_bowl_on_the_stove_view_0_0_100_0_0_initstate_0_noise_45,put_the_bowl_on_the_stove,Sensor Noise,,initstate_0,,,noise_45,,view_0,
put_the_bowl_on_the_stove_view_0_0_100_0_0_initstate_0_noise_46,put_the_bowl_on_the_stove,Sensor Noise,,initstate_0,,,noise_46,,view_0,
put_the_bowl_on_the_stove_view_0_0_100_0_0_initstate_0_noise_48,put_the_bowl_on_the_stove,Sensor Noise,,initstate_0,,,noise_48,,view_0,
put_the_bowl_on_the_stove_view_0_0_100_0_0_initstate_0_noise_49,put_the_bowl_on_the_stove,Sensor Noise,,initstate_0,,,noise_49,,view_0,
put_the_bowl_on_the_stove_view_0_0_100_0_0_initstate_0_noise_50,put_the_bowl_on_the_stove,Sensor Noise,,initstate_0,,,noise_50,,view_0,
put_the_bowl_on_the_stove_add_14,put_the_bowl_on_the_stove,Objects Layout,add_14,,,,,,,
put_the_bowl_on_the_stove_add_18,put_the_bowl_on_the_stove,Objects Layout,add_18,,,,,,,
put_the_bowl_on_the_stove_add_22,put_the_bowl_on_the_stove,Objects Layout,add_22,,,,,,,
put_the_bowl_on_the_stove_add_24,put_the_bowl_on_the_stove,Objects Layout,add_24,,,,,,,
put_the_bowl_on_the_stove_add_25,put_the_bowl_on_the_stove,Objects Layout,add_25,,,,,,,
put_the_bowl_on_the_stove_add_26,put_the_bowl_on_the_stove,Objects Layout,add_26,,,,,,,
put_the_bowl_on_the_stove_add_27,put_the_bowl_on_the_stove,Objects Layout,add_27,,,,,,,
put_the_bowl_on_the_stove_add_28,put_the_bowl_on_the_stove,Objects Layout,add_28,,,,,,,
put_the_bowl_on_the_stove_add_29,put_the_bowl_on_the_stove,Objects Layout,add_29,,,,,,,
put_the_bowl_on_the_stove_add_30,put_the_bowl_on_the_stove,Objects Layout,add_30,,,,,,,
put_the_bowl_on_the_stove_light_11,put_the_bowl_on_the_stove,Light Conditions,,,,light_11,,,,
put_the_bowl_on_the_stove_light_15,put_the_bowl_on_the_stove,Light Conditions,,,,light_15,,,,
put_the_bowl_on_the_stove_light_24,put_the_bowl_on_the_stove,Light Conditions,,,,light_24,,,,
put_the_bowl_on_the_stove_light_37,put_the_bowl_on_the_stove,Light Conditions,,,,light_37,,,,
put_the_bowl_on_top_of_the_cabinet_table_1,put_the_bowl_on_top_of_the_cabinet,Background Textures,,,,,,table_1,,
put_the_bowl_on_top_of_the_cabinet_table_10,put_the_bowl_on_top_of_the_cabinet,Background Textures,,,,,,table_10,,
put_the_bowl_on_top_of_the_cabinet_table_12,put_the_bowl_on_top_of_the_cabinet,Background Textures,,,,,,table_12,,
put_the_bowl_on_top_of_the_cabinet_table_13,put_the_bowl_on_top_of_the_cabinet,Background Textures,,,,,,table_13,,
put_the_bowl_on_top_of_the_cabinet_table_19,put_the_bowl_on_top_of_the_cabinet,Background Textures,,,,,,table_19,,
put_the_bowl_on_top_of_the_cabinet_table_3,put_the_bowl_on_top_of_the_cabinet,Background Textures,,,,,,table_3,,
put_the_bowl_on_top_of_the_cabinet_table_9,put_the_bowl_on_top_of_the_cabinet,Background Textures,,,,,,table_9,,
put_the_bowl_on_top_of_the_cabinet_tb_1,put_the_bowl_on_top_of_the_cabinet,Background Textures,,,,,,tb_1,,
put_the_bowl_on_top_of_the_cabinet_tb_19,put_the_bowl_on_top_of_the_cabinet,Background Textures,,,,,,tb_19,,
put_the_bowl_on_top_of_the_cabinet_tb_2,put_the_bowl_on_top_of_the_cabinet,Background Textures,,,,,,tb_2,,
put_the_bowl_on_top_of_the_cabinet_tb_20,put_the_bowl_on_top_of_the_cabinet,Background Textures,,,,,,tb_20,,
put_the_bowl_on_top_of_the_cabinet_tb_21,put_the_bowl_on_top_of_the_cabinet,Background Textures,,,,,,tb_21,,
put_the_bowl_on_top_of_the_cabinet_tb_3,put_the_bowl_on_top_of_the_cabinet,Background Textures,,,,,,tb_3,,
put_the_bowl_on_top_of_the_cabinet_view_0_0_100_0_0_initstate_15,put_the_bowl_on_top_of_the_cabinet,Robot Initial States,,initstate_15,,,,,view_0,
put_the_bowl_on_top_of_the_cabinet_view_0_0_100_0_0_initstate_55,put_the_bowl_on_top_of_the_cabinet,Robot Initial States,,initstate_55,,,,,view_0,
put_the_bowl_on_top_of_the_cabinet_view_0_0_100_0_0_initstate_65,put_the_bowl_on_top_of_the_cabinet,Robot Initial States,,initstate_65,,,,,view_0,
put_the_bowl_on_top_of_the_cabinet_view_0_0_100_0_0_initstate_95,put_the_bowl_on_top_of_the_cabinet,Robot Initial States,,initstate_95,,,,,view_0,
put_the_bowl_on_top_of_the_cabinet_view_0_0_100_0_0_initstate_105,put_the_bowl_on_top_of_the_cabinet,Robot Initial States,,initstate_105,,,,,view_0,
put_the_bowl_on_top_of_the_cabinet_view_0_0_100_0_0_initstate_115,put_the_bowl_on_top_of_the_cabinet,Robot Initial States,,initstate_115,,,,,view_0,
put_the_bowl_on_top_of_the_cabinet_view_0_0_100_0_0_initstate_125,put_the_bowl_on_top_of_the_cabinet,Robot Initial States,,initstate_125,,,,,view_0,
put_the_bowl_on_top_of_the_cabinet_view_0_0_100_0_0_initstate_135,put_the_bowl_on_top_of_the_cabinet,Robot Initial States,,initstate_135,,,,,view_0,
put_the_bowl_on_top_of_the_cabinet_view_0_0_100_0_0_initstate_145,put_the_bowl_on_top_of_the_cabinet,Robot Initial States,,initstate_145,,,,,view_0,
put_the_bowl_on_top_of_the_cabinet_view_0_0_100_0_0_initstate_165,put_the_bowl_on_top_of_the_cabinet,Robot Initial States,,initstate_165,,,,,view_0,
put_the_bowl_on_top_of_the_cabinet_view_0_0_100_0_0_initstate_175,put_the_bowl_on_top_of_the_cabinet,Robot Initial States,,initstate_175,,,,,view_0,
put_the_bowl_on_top_of_the_cabinet_view_0_0_100_0_0_initstate_185,put_the_bowl_on_top_of_the_cabinet,Robot Initial States,,initstate_185,,,,,view_0,
put_the_bowl_on_top_of_the_cabinet_view_0_0_100_0_0_initstate_195,put_the_bowl_on_top_of_the_cabinet,Robot Initial States,,initstate_195,,,,,view_0,
put_the_bowl_on_top_of_the_cabinet_view_0_0_100_0_0_initstate_205,put_the_bowl_on_top_of_the_cabinet,Robot Initial States,,initstate_205,,,,,view_0,
put_the_bowl_on_top_of_the_cabinet_view_0_0_100_0_0_initstate_215,put_the_bowl_on_top_of_the_cabinet,Robot Initial States,,initstate_215,,,,,view_0,
put_the_bowl_on_top_of_the_cabinet_view_0_0_100_0_0_initstate_225,put_the_bowl_on_top_of_the_cabinet,Robot Initial States,,initstate_225,,,,,view_0,
put_the_bowl_on_top_of_the_cabinet_view_0_0_100_0_0_initstate_235,put_the_bowl_on_top_of_the_cabinet,Robot Initial States,,initstate_235,,,,,view_0,
put_the_bowl_on_top_of_the_cabinet_view_0_0_100_0_0_initstate_245,put_the_bowl_on_top_of_the_cabinet,Robot Initial States,,initstate_245,,,,,view_0,
put_the_bowl_on_top_of_the_cabinet_view_0_0_100_0_0_initstate_255,put_the_bowl_on_top_of_the_cabinet,Robot Initial States,,initstate_255,,,,,view_0,
put_the_bowl_on_top_of_the_cabinet_view_0_0_100_0_0_initstate_265,put_the_bowl_on_top_of_the_cabinet,Robot Initial States,,initstate_265,,,,,view_0,
put_the_bowl_on_top_of_the_cabinet_view_0_0_100_0_0_initstate_275,put_the_bowl_on_top_of_the_cabinet,Robot Initial States,,initstate_275,,,,,view_0,
put_the_bowl_on_top_of_the_cabinet_view_0_0_100_0_0_initstate_285,put_the_bowl_on_top_of_the_cabinet,Robot Initial States,,initstate_285,,,,,view_0,
put_the_bowl_on_top_of_the_cabinet_view_0_0_100_0_0_initstate_295,put_the_bowl_on_top_of_the_cabinet,Robot Initial States,,initstate_295,,,,,view_0,
put_the_bowl_on_top_of_the_cabinet_view_0_0_100_0_0_initstate_305,put_the_bowl_on_top_of_the_cabinet,Robot Initial States,,initstate_305,,,,,view_0,
put_the_bowl_on_top_of_the_cabinet_view_0_0_100_0_0_initstate_315,put_the_bowl_on_top_of_the_cabinet,Robot Initial States,,initstate_315,,,,,view_0,
put_the_bowl_on_top_of_the_cabinet_view_0_0_100_0_0_initstate_325,put_the_bowl_on_top_of_the_cabinet,Robot Initial States,,initstate_325,,,,,view_0,
put_the_bowl_on_top_of_the_cabinet_view_0_0_100_0_0_initstate_335,put_the_bowl_on_top_of_the_cabinet,Robot Initial States,,initstate_335,,,,,view_0,
put_the_bowl_on_top_of_the_cabinet_view_0_0_100_0_0_initstate_345,put_the_bowl_on_top_of_the_cabinet,Robot Initial States,,initstate_345,,,,,view_0,
put_the_bowl_on_top_of_the_cabinet_view_0_0_100_0_0_initstate_355,put_the_bowl_on_top_of_the_cabinet,Robot Initial States,,initstate_355,,,,,view_0,
put_the_bowl_on_top_of_the_cabinet_view_0_0_100_0_0_initstate_365,put_the_bowl_on_top_of_the_cabinet,Robot Initial States,,initstate_365,,,,,view_0,
put_the_bowl_on_top_of_the_cabinet_view_0_0_100_0_0_initstate_375,put_the_bowl_on_top_of_the_cabinet,Robot Initial States,,initstate_375,,,,,view_0,
put_the_bowl_on_top_of_the_cabinet_view_0_0_100_0_0_initstate_385,put_the_bowl_on_top_of_the_cabinet,Robot Initial States,,initstate_385,,,,,view_0,
put_the_bowl_on_top_of_the_cabinet_view_0_0_100_0_0_initstate_395,put_the_bowl_on_top_of_the_cabinet,Robot Initial States,,initstate_395,,,,,view_0,
put_the_bowl_on_top_of_the_cabinet_view_0_0_100_0_0_initstate_405,put_the_bowl_on_top_of_the_cabinet,Robot Initial States,,initstate_405,,,,,view_0,
put_the_bowl_on_top_of_the_cabinet_view_0_0_100_0_0_initstate_415,put_the_bowl_on_top_of_the_cabinet,Robot Initial States,,initstate_415,,,,,view_0,
put_the_bowl_on_top_of_the_cabinet_view_0_0_100_0_0_initstate_425,put_the_bowl_on_top_of_the_cabinet,Robot Initial States,,initstate_425,,,,,view_0,
put_the_bowl_on_top_of_the_cabinet_view_0_0_100_0_0_initstate_435,put_the_bowl_on_top_of_the_cabinet,Robot Initial States,,initstate_435,,,,,view_0,
put_the_bowl_on_top_of_the_cabinet_view_0_0_100_0_0_initstate_445,put_the_bowl_on_top_of_the_cabinet,Robot Initial States,,initstate_445,,,,,view_0,
put_the_bowl_on_top_of_the_cabinet_view_0_0_100_0_0_initstate_455,put_the_bowl_on_top_of_the_cabinet,Robot Initial States,,initstate_455,,,,,view_0,
put_the_bowl_on_top_of_the_cabinet_view_0_0_100_0_0_initstate_465,put_the_bowl_on_top_of_the_cabinet,Robot Initial States,,initstate_465,,,,,view_0,
put_the_bowl_on_top_of_the_cabinet_view_0_0_100_0_0_initstate_475,put_the_bowl_on_top_of_the_cabinet,Robot Initial States,,initstate_475,,,,,view_0,
put_the_bowl_on_top_of_the_cabinet_view_0_0_100_0_0_initstate_485,put_the_bowl_on_top_of_the_cabinet,Robot Initial States,,initstate_485,,,,,view_0,
put_the_bowl_on_top_of_the_cabinet_view_0_0_100_0_0_initstate_495,put_the_bowl_on_top_of_the_cabinet,Robot Initial States,,initstate_495,,,,,view_0,
put_the_bowl_on_top_of_the_cabinet_view_0_0_141_0_0_initstate_0,put_the_bowl_on_top_of_the_cabinet,Camera Viewpoints,,initstate_0,,,,,view_0,
put_the_bowl_on_top_of_the_cabinet_view_0_0_142_0_0_initstate_0,put_the_bowl_on_top_of_the_cabinet,Camera Viewpoints,,initstate_0,,,,,view_0,
put_the_bowl_on_top_of_the_cabinet_view_0_0_143_0_0_initstate_0,put_the_bowl_on_top_of_the_cabinet,Camera Viewpoints,,initstate_0,,,,,view_0,
put_the_bowl_on_top_of_the_cabinet_view_0_0_144_0_0_initstate_0,put_the_bowl_on_top_of_the_cabinet,Camera Viewpoints,,initstate_0,,,,,view_0,
put_the_bowl_on_top_of_the_cabinet_view_0_0_145_0_0_initstate_0,put_the_bowl_on_top_of_the_cabinet,Camera Viewpoints,,initstate_0,,,,,view_0,
put_the_bowl_on_top_of_the_cabinet_view_0_0_146_0_0_initstate_0,put_the_bowl_on_top_of_the_cabinet,Camera Viewpoints,,initstate_0,,,,,view_0,
put_the_bowl_on_top_of_the_cabinet_view_0_0_147_0_0_initstate_0,put_the_bowl_on_top_of_the_cabinet,Camera Viewpoints,,initstate_0,,,,,view_0,
put_the_bowl_on_top_of_the_cabinet_view_0_0_148_0_0_initstate_0,put_the_bowl_on_top_of_the_cabinet,Camera Viewpoints,,initstate_0,,,,,view_0,
put_the_bowl_on_top_of_the_cabinet_view_0_0_149_0_0_initstate_0,put_the_bowl_on_top_of_the_cabinet,Camera Viewpoints,,initstate_0,,,,,view_0,
put_the_bowl_on_top_of_the_cabinet_view_0_0_150_0_0_initstate_0,put_the_bowl_on_top_of_the_cabinet,Camera Viewpoints,,initstate_0,,,,,view_0,
put_the_bowl_on_top_of_the_cabinet_view_0_0_100_10_2_initstate_0,put_the_bowl_on_top_of_the_cabinet,Camera Viewpoints,,initstate_0,,,,,view_0,
put_the_bowl_on_top_of_the_cabinet_view_0_0_100_10_4_initstate_0,put_the_bowl_on_top_of_the_cabinet,Camera Viewpoints,,initstate_0,,,,,view_0,
put_the_bowl_on_top_of_the_cabinet_view_0_0_100_10_6_initstate_0,put_the_bowl_on_top_of_the_cabinet,Camera Viewpoints,,initstate_0,,,,,view_0,
put_the_bowl_on_top_of_the_cabinet_view_0_0_100_10_8_initstate_0,put_the_bowl_on_top_of_the_cabinet,Camera Viewpoints,,initstate_0,,,,,view_0,
put_the_bowl_on_top_of_the_cabinet_view_0_0_100_10_10_initstate_0,put_the_bowl_on_top_of_the_cabinet,Camera Viewpoints,,initstate_0,,,,,view_0,
put_the_bowl_on_top_of_the_cabinet_view_0_0_100_10_350_initstate_0,put_the_bowl_on_top_of_the_cabinet,Camera Viewpoints,,initstate_0,,,,,view_0,
put_the_bowl_on_top_of_the_cabinet_view_0_0_100_10_352_initstate_0,put_the_bowl_on_top_of_the_cabinet,Camera Viewpoints,,initstate_0,,,,,view_0,
put_the_bowl_on_top_of_the_cabinet_view_0_0_100_10_354_initstate_0,put_the_bowl_on_top_of_the_cabinet,Camera Viewpoints,,initstate_0,,,,,view_0,
put_the_bowl_on_top_of_the_cabinet_view_0_0_100_10_356_initstate_0,put_the_bowl_on_top_of_the_cabinet,Camera Viewpoints,,initstate_0,,,,,view_0,
put_the_bowl_on_top_of_the_cabinet_view_0_0_100_10_358_initstate_0,put_the_bowl_on_top_of_the_cabinet,Camera Viewpoints,,initstate_0,,,,,view_0,
put_the_bowl_on_top_of_the_cabinet_view_61_0_100_0_0_initstate_0,put_the_bowl_on_top_of_the_cabinet,Camera Viewpoints,,initstate_0,,,,,view_61,
put_the_bowl_on_top_of_the_cabinet_view_61_15_100_0_0_initstate_0,put_the_bowl_on_top_of_the_cabinet,Camera Viewpoints,,initstate_0,,,,,view_61,
put_the_bowl_on_top_of_the_cabinet_view_62_0_100_0_0_initstate_0,put_the_bowl_on_top_of_the_cabinet,Camera Viewpoints,,initstate_0,,,,,view_62,
put_the_bowl_on_top_of_the_cabinet_view_62_15_100_0_0_initstate_0,put_the_bowl_on_top_of_the_cabinet,Camera Viewpoints,,initstate_0,,,,,view_62,
put_the_bowl_on_top_of_the_cabinet_view_63_0_100_0_0_initstate_0,put_the_bowl_on_top_of_the_cabinet,Camera Viewpoints,,initstate_0,,,,,view_63,
put_the_bowl_on_top_of_the_cabinet_view_63_15_100_0_0_initstate_0,put_the_bowl_on_top_of_the_cabinet,Camera Viewpoints,,initstate_0,,,,,view_63,
put_the_bowl_on_top_of_the_cabinet_view_64_0_100_0_0_initstate_0,put_the_bowl_on_top_of_the_cabinet,Camera Viewpoints,,initstate_0,,,,,view_64,
put_the_bowl_on_top_of_the_cabinet_view_64_15_100_0_0_initstate_0,put_the_bowl_on_top_of_the_cabinet,Camera Viewpoints,,initstate_0,,,,,view_64,
put_the_bowl_on_top_of_the_cabinet_view_65_0_100_0_0_initstate_0,put_the_bowl_on_top_of_the_cabinet,Camera Viewpoints,,initstate_0,,,,,view_65,
put_the_bowl_on_top_of_the_cabinet_view_65_15_100_0_0_initstate_0,put_the_bowl_on_top_of_the_cabinet,Camera Viewpoints,,initstate_0,,,,,view_65,
put_the_bowl_on_top_of_the_cabinet_view_66_0_100_0_0_initstate_0,put_the_bowl_on_top_of_the_cabinet,Camera Viewpoints,,initstate_0,,,,,view_66,
put_the_bowl_on_top_of_the_cabinet_view_66_15_100_0_0_initstate_0,put_the_bowl_on_top_of_the_cabinet,Camera Viewpoints,,initstate_0,,,,,view_66,
put_the_bowl_on_top_of_the_cabinet_view_67_0_100_0_0_initstate_0,put_the_bowl_on_top_of_the_cabinet,Camera Viewpoints,,initstate_0,,,,,view_67,
put_the_bowl_on_top_of_the_cabinet_view_67_15_100_0_0_initstate_0,put_the_bowl_on_top_of_the_cabinet,Camera Viewpoints,,initstate_0,,,,,view_67,
put_the_bowl_on_top_of_the_cabinet_view_68_0_100_0_0_initstate_0,put_the_bowl_on_top_of_the_cabinet,Camera Viewpoints,,initstate_0,,,,,view_68,
put_the_bowl_on_top_of_the_cabinet_view_68_15_100_0_0_initstate_0,put_the_bowl_on_top_of_the_cabinet,Camera Viewpoints,,initstate_0,,,,,view_68,
put_the_bowl_on_top_of_the_cabinet_view_69_0_100_0_0_initstate_0,put_the_bowl_on_top_of_the_cabinet,Camera Viewpoints,,initstate_0,,,,,view_69,
put_the_bowl_on_top_of_the_cabinet_view_69_15_100_0_0_initstate_0,put_the_bowl_on_top_of_the_cabinet,Camera Viewpoints,,initstate_0,,,,,view_69,
put_the_bowl_on_top_of_the_cabinet_view_70_0_100_0_0_initstate_0,put_the_bowl_on_top_of_the_cabinet,Camera Viewpoints,,initstate_0,,,,,view_70,
put_the_bowl_on_top_of_the_cabinet_view_70_15_100_0_0_initstate_0,put_the_bowl_on_top_of_the_cabinet,Camera Viewpoints,,initstate_0,,,,,view_70,
put_the_bowl_on_top_of_the_cabinet_view_71_0_100_0_0_initstate_0,put_the_bowl_on_top_of_the_cabinet,Camera Viewpoints,,initstate_0,,,,,view_71,
put_the_bowl_on_top_of_the_cabinet_view_71_15_100_0_0_initstate_0,put_the_bowl_on_top_of_the_cabinet,Camera Viewpoints,,initstate_0,,,,,view_71,
put_the_bowl_on_top_of_the_cabinet_view_72_0_100_0_0_initstate_0,put_the_bowl_on_top_of_the_cabinet,Camera Viewpoints,,initstate_0,,,,,view_72,
put_the_bowl_on_top_of_the_cabinet_view_72_15_100_0_0_initstate_0,put_the_bowl_on_top_of_the_cabinet,Camera Viewpoints,,initstate_0,,,,,view_72,
put_the_bowl_on_top_of_the_cabinet_view_73_0_100_0_0_initstate_0,put_the_bowl_on_top_of_the_cabinet,Camera Viewpoints,,initstate_0,,,,,view_73,
put_the_bowl_on_top_of_the_cabinet_view_73_15_100_0_0_initstate_0,put_the_bowl_on_top_of_the_cabinet,Camera Viewpoints,,initstate_0,,,,,view_73,
put_the_bowl_on_top_of_the_cabinet_view_74_0_100_0_0_initstate_0,put_the_bowl_on_top_of_the_cabinet,Camera Viewpoints,,initstate_0,,,,,view_74,
put_the_bowl_on_top_of_the_cabinet_view_74_15_100_0_0_initstate_0,put_the_bowl_on_top_of_the_cabinet,Camera Viewpoints,,initstate_0,,,,,view_74,
put_the_bowl_on_top_of_the_cabinet_view_75_0_100_0_0_initstate_0,put_the_bowl_on_top_of_the_cabinet,Camera Viewpoints,,initstate_0,,,,,view_75,
put_the_bowl_on_top_of_the_cabinet_view_75_15_100_0_0_initstate_0,put_the_bowl_on_top_of_the_cabinet,Camera Viewpoints,,initstate_0,,,,,view_75,
put_the_bowl_on_top_of_the_cabinet_language_1_view_0_0_100_0_0_initstate_0,put_the_bowl_on_top_of_the_cabinet,Language Instructions,,initstate_0,language_1,,,,view_0,
put_the_bowl_on_top_of_the_cabinet_language_2_view_0_0_100_0_0_initstate_0,put_the_bowl_on_top_of_the_cabinet,Language Instructions,,initstate_0,language_2,,,,view_0,
put_the_bowl_on_top_of_the_cabinet_language_3_view_0_0_100_0_0_initstate_0,put_the_bowl_on_top_of_the_cabinet,Language Instructions,,initstate_0,language_3,,,,view_0,
put_the_bowl_on_top_of_the_cabinet_language_4_view_0_0_100_0_0_initstate_0,put_the_bowl_on_top_of_the_cabinet,Language Instructions,,initstate_0,language_4,,,,view_0,
put_the_bowl_on_top_of_the_cabinet_language_5_view_0_0_100_0_0_initstate_0,put_the_bowl_on_top_of_the_cabinet,Language Instructions,,initstate_0,language_5,,,,view_0,
put_the_bowl_on_top_of_the_cabinet_language_7_view_0_0_100_0_0_initstate_0,put_the_bowl_on_top_of_the_cabinet,Language Instructions,,initstate_0,language_7,,,,view_0,
put_the_bowl_on_top_of_the_cabinet_language_8_view_0_0_100_0_0_initstate_0,put_the_bowl_on_top_of_the_cabinet,Language Instructions,,initstate_0,language_8,,,,view_0,
put_the_bowl_on_top_of_the_cabinet_language_9_view_0_0_100_0_0_initstate_0,put_the_bowl_on_top_of_the_cabinet,Language Instructions,,initstate_0,language_9,,,,view_0,
put_the_bowl_on_top_of_the_cabinet_language_10_view_0_0_100_0_0_initstate_0,put_the_bowl_on_top_of_the_cabinet,Language Instructions,,initstate_0,language_10,,,,view_0,
put_the_bowl_on_top_of_the_cabinet_language_11_view_0_0_100_0_0_initstate_0,put_the_bowl_on_top_of_the_cabinet,Language Instructions,,initstate_0,language_11,,,,view_0,
put_the_bowl_on_top_of_the_cabinet_language_12_view_0_0_100_0_0_initstate_0,put_the_bowl_on_top_of_the_cabinet,Language Instructions,,initstate_0,language_12,,,,view_0,
put_the_bowl_on_top_of_the_cabinet_language_13_view_0_0_100_0_0_initstate_0,put_the_bowl_on_top_of_the_cabinet,Language Instructions,,initstate_0,language_13,,,,view_0,
put_the_bowl_on_top_of_the_cabinet_language_15_view_0_0_100_0_0_initstate_0,put_the_bowl_on_top_of_the_cabinet,Language Instructions,,initstate_0,language_15,,,,view_0,
put_the_bowl_on_top_of_the_cabinet_language_16_view_0_0_100_0_0_initstate_0,put_the_bowl_on_top_of_the_cabinet,Language Instructions,,initstate_0,language_16,,,,view_0,
put_the_bowl_on_top_of_the_cabinet_language_17_view_0_0_100_0_0_initstate_0,put_the_bowl_on_top_of_the_cabinet,Language Instructions,,initstate_0,language_17,,,,view_0,
put_the_bowl_on_top_of_the_cabinet_language_18_view_0_0_100_0_0_initstate_0,put_the_bowl_on_top_of_the_cabinet,Language Instructions,,initstate_0,language_18,,,,view_0,
put_the_bowl_on_top_of_the_cabinet_language_20_view_0_0_100_0_0_initstate_0,put_the_bowl_on_top_of_the_cabinet,Language Instructions,,initstate_0,language_20,,,,view_0,
put_the_bowl_on_top_of_the_cabinet_language_21_view_0_0_100_0_0_initstate_0,put_the_bowl_on_top_of_the_cabinet,Language Instructions,,initstate_0,language_21,,,,view_0,
put_the_bowl_on_top_of_the_cabinet_language_22_view_0_0_100_0_0_initstate_0,put_the_bowl_on_top_of_the_cabinet,Language Instructions,,initstate_0,language_22,,,,view_0,
put_the_bowl_on_top_of_the_cabinet_language_24_view_0_0_100_0_0_initstate_0,put_the_bowl_on_top_of_the_cabinet,Language Instructions,,initstate_0,language_24,,,,view_0,
put_the_bowl_on_top_of_the_cabinet_language_25_view_0_0_100_0_0_initstate_0,put_the_bowl_on_top_of_the_cabinet,Language Instructions,,initstate_0,language_25,,,,view_0,
put_the_bowl_on_top_of_the_cabinet_language_26_view_0_0_100_0_0_initstate_0,put_the_bowl_on_top_of_the_cabinet,Language Instructions,,initstate_0,language_26,,,,view_0,
put_the_bowl_on_top_of_the_cabinet_language_27_view_0_0_100_0_0_initstate_0,put_the_bowl_on_top_of_the_cabinet,Language Instructions,,initstate_0,language_27,,,,view_0,
put_the_bowl_on_top_of_the_cabinet_language_28_view_0_0_100_0_0_initstate_0,put_the_bowl_on_top_of_the_cabinet,Language Instructions,,initstate_0,language_28,,,,view_0,
put_the_bowl_on_top_of_the_cabinet_language_29_view_0_0_100_0_0_initstate_0,put_the_bowl_on_top_of_the_cabinet,Language Instructions,,initstate_0,language_29,,,,view_0,
put_the_bowl_on_top_of_the_cabinet_language_30_view_0_0_100_0_0_initstate_0,put_the_bowl_on_top_of_the_cabinet,Language Instructions,,initstate_0,language_30,,,,view_0,
put_the_bowl_on_top_of_the_cabinet_language_31_view_0_0_100_0_0_initstate_0,put_the_bowl_on_top_of_the_cabinet,Language Instructions,,initstate_0,language_31,,,,view_0,
put_the_bowl_on_top_of_the_cabinet_language_33_view_0_0_100_0_0_initstate_0,put_the_bowl_on_top_of_the_cabinet,Language Instructions,,initstate_0,language_33,,,,view_0,
put_the_bowl_on_top_of_the_cabinet_language_34_view_0_0_100_0_0_initstate_0,put_the_bowl_on_top_of_the_cabinet,Language Instructions,,initstate_0,language_34,,,,view_0,
put_the_bowl_on_top_of_the_cabinet_language_35_view_0_0_100_0_0_initstate_0,put_the_bowl_on_top_of_the_cabinet,Language Instructions,,initstate_0,language_35,,,,view_0,
put_the_bowl_on_top_of_the_cabinet_language_36_view_0_0_100_0_0_initstate_0,put_the_bowl_on_top_of_the_cabinet,Language Instructions,,initstate_0,language_36,,,,view_0,
put_the_bowl_on_top_of_the_cabinet_language_37_view_0_0_100_0_0_initstate_0,put_the_bowl_on_top_of_the_cabinet,Language Instructions,,initstate_0,language_37,,,,view_0,
put_the_bowl_on_top_of_the_cabinet_language_38_view_0_0_100_0_0_initstate_0,put_the_bowl_on_top_of_the_cabinet,Language Instructions,,initstate_0,language_38,,,,view_0,
put_the_bowl_on_top_of_the_cabinet_language_39_view_0_0_100_0_0_initstate_0,put_the_bowl_on_top_of_the_cabinet,Language Instructions,,initstate_0,language_39,,,,view_0,
put_the_bowl_on_top_of_the_cabinet_language_40_view_0_0_100_0_0_initstate_0,put_the_bowl_on_top_of_the_cabinet,Language Instructions,,initstate_0,language_40,,,,view_0,
put_the_bowl_on_top_of_the_cabinet_language_41_view_0_0_100_0_0_initstate_0,put_the_bowl_on_top_of_the_cabinet,Language Instructions,,initstate_0,language_41,,,,view_0,
put_the_bowl_on_top_of_the_cabinet_language_42_view_0_0_100_0_0_initstate_0,put_the_bowl_on_top_of_the_cabinet,Language Instructions,,initstate_0,language_42,,,,view_0,
put_the_bowl_on_top_of_the_cabinet_language_43_view_0_0_100_0_0_initstate_0,put_the_bowl_on_top_of_the_cabinet,Language Instructions,,initstate_0,language_43,,,,view_0,
put_the_bowl_on_top_of_the_cabinet_language_44_view_0_0_100_0_0_initstate_0,put_the_bowl_on_top_of_the_cabinet,Language Instructions,,initstate_0,language_44,,,,view_0,
put_the_bowl_on_top_of_the_cabinet_language_45_view_0_0_100_0_0_initstate_0,put_the_bowl_on_top_of_the_cabinet,Language Instructions,,initstate_0,language_45,,,,view_0,
put_the_bowl_on_top_of_the_cabinet_language_46_view_0_0_100_0_0_initstate_0,put_the_bowl_on_top_of_the_cabinet,Language Instructions,,initstate_0,language_46,,,,view_0,
put_the_bowl_on_top_of_the_cabinet_language_47_view_0_0_100_0_0_initstate_0,put_the_bowl_on_top_of_the_cabinet,Language Instructions,,initstate_0,language_47,,,,view_0,
put_the_bowl_on_top_of_the_cabinet_language_48_view_0_0_100_0_0_initstate_0,put_the_bowl_on_top_of_the_cabinet,Language Instructions,,initstate_0,language_48,,,,view_0,
put_the_bowl_on_top_of_the_cabinet_language_49_view_0_0_100_0_0_initstate_0,put_the_bowl_on_top_of_the_cabinet,Language Instructions,,initstate_0,language_49,,,,view_0,
put_the_bowl_on_top_of_the_cabinet_view_0_0_100_0_0_initstate_0_noise_1,put_the_bowl_on_top_of_the_cabinet,Sensor Noise,,initstate_0,,,noise_1,,view_0,
put_the_bowl_on_top_of_the_cabinet_view_0_0_100_0_0_initstate_0_noise_2,put_the_bowl_on_top_of_the_cabinet,Sensor Noise,,initstate_0,,,noise_2,,view_0,
put_the_bowl_on_top_of_the_cabinet_view_0_0_100_0_0_initstate_0_noise_4,put_the_bowl_on_top_of_the_cabinet,Sensor Noise,,initstate_0,,,noise_4,,view_0,
put_the_bowl_on_top_of_the_cabinet_view_0_0_100_0_0_initstate_0_noise_5,put_the_bowl_on_top_of_the_cabinet,Sensor Noise,,initstate_0,,,noise_5,,view_0,
put_the_bowl_on_top_of_the_cabinet_view_0_0_100_0_0_initstate_0_noise_6,put_the_bowl_on_top_of_the_cabinet,Sensor Noise,,initstate_0,,,noise_6,,view_0,
put_the_bowl_on_top_of_the_cabinet_view_0_0_100_0_0_initstate_0_noise_7,put_the_bowl_on_top_of_the_cabinet,Sensor Noise,,initstate_0,,,noise_7,,view_0,
put_the_bowl_on_top_of_the_cabinet_view_0_0_100_0_0_initstate_0_noise_8,put_the_bowl_on_top_of_the_cabinet,Sensor Noise,,initstate_0,,,noise_8,,view_0,
put_the_bowl_on_top_of_the_cabinet_view_0_0_100_0_0_initstate_0_noise_9,put_the_bowl_on_top_of_the_cabinet,Sensor Noise,,initstate_0,,,noise_9,,view_0,
put_the_bowl_on_top_of_the_cabinet_view_0_0_100_0_0_initstate_0_noise_10,put_the_bowl_on_top_of_the_cabinet,Sensor Noise,,initstate_0,,,noise_10,,view_0,
put_the_bowl_on_top_of_the_cabinet_view_0_0_100_0_0_initstate_0_noise_11,put_the_bowl_on_top_of_the_cabinet,Sensor Noise,,initstate_0,,,noise_11,,view_0,
put_the_bowl_on_top_of_the_cabinet_view_0_0_100_0_0_initstate_0_noise_12,put_the_bowl_on_top_of_the_cabinet,Sensor Noise,,initstate_0,,,noise_12,,view_0,
put_the_bowl_on_top_of_the_cabinet_view_0_0_100_0_0_initstate_0_noise_13,put_the_bowl_on_top_of_the_cabinet,Sensor Noise,,initstate_0,,,noise_13,,view_0,
put_the_bowl_on_top_of_the_cabinet_view_0_0_100_0_0_initstate_0_noise_14,put_the_bowl_on_top_of_the_cabinet,Sensor Noise,,initstate_0,,,noise_14,,view_0,
put_the_bowl_on_top_of_the_cabinet_view_0_0_100_0_0_initstate_0_noise_15,put_the_bowl_on_top_of_the_cabinet,Sensor Noise,,initstate_0,,,noise_15,,view_0,
put_the_bowl_on_top_of_the_cabinet_view_0_0_100_0_0_initstate_0_noise_16,put_the_bowl_on_top_of_the_cabinet,Sensor Noise,,initstate_0,,,noise_16,,view_0,
put_the_bowl_on_top_of_the_cabinet_view_0_0_100_0_0_initstate_0_noise_17,put_the_bowl_on_top_of_the_cabinet,Sensor Noise,,initstate_0,,,noise_17,,view_0,
put_the_bowl_on_top_of_the_cabinet_view_0_0_100_0_0_initstate_0_noise_18,put_the_bowl_on_top_of_the_cabinet,Sensor Noise,,initstate_0,,,noise_18,,view_0,
put_the_bowl_on_top_of_the_cabinet_view_0_0_100_0_0_initstate_0_noise_19,put_the_bowl_on_top_of_the_cabinet,Sensor Noise,,initstate_0,,,noise_19,,view_0,
put_the_bowl_on_top_of_the_cabinet_view_0_0_100_0_0_initstate_0_noise_20,put_the_bowl_on_top_of_the_cabinet,Sensor Noise,,initstate_0,,,noise_20,,view_0,
put_the_bowl_on_top_of_the_cabinet_view_0_0_100_0_0_initstate_0_noise_21,put_the_bowl_on_top_of_the_cabinet,Sensor Noise,,initstate_0,,,noise_21,,view_0,
put_the_bowl_on_top_of_the_cabinet_view_0_0_100_0_0_initstate_0_noise_22,put_the_bowl_on_top_of_the_cabinet,Sensor Noise,,initstate_0,,,noise_22,,view_0,
put_the_bowl_on_top_of_the_cabinet_view_0_0_100_0_0_initstate_0_noise_23,put_the_bowl_on_top_of_the_cabinet,Sensor Noise,,initstate_0,,,noise_23,,view_0,
put_the_bowl_on_top_of_the_cabinet_view_0_0_100_0_0_initstate_0_noise_25,put_the_bowl_on_top_of_the_cabinet,Sensor Noise,,initstate_0,,,noise_25,,view_0,
put_the_bowl_on_top_of_the_cabinet_view_0_0_100_0_0_initstate_0_noise_26,put_the_bowl_on_top_of_the_cabinet,Sensor Noise,,initstate_0,,,noise_26,,view_0,
put_the_bowl_on_top_of_the_cabinet_view_0_0_100_0_0_initstate_0_noise_27,put_the_bowl_on_top_of_the_cabinet,Sensor Noise,,initstate_0,,,noise_27,,view_0,
put_the_bowl_on_top_of_the_cabinet_view_0_0_100_0_0_initstate_0_noise_28,put_the_bowl_on_top_of_the_cabinet,Sensor Noise,,initstate_0,,,noise_28,,view_0,
put_the_bowl_on_top_of_the_cabinet_view_0_0_100_0_0_initstate_0_noise_29,put_the_bowl_on_top_of_the_cabinet,Sensor Noise,,initstate_0,,,noise_29,,view_0,
put_the_bowl_on_top_of_the_cabinet_view_0_0_100_0_0_initstate_0_noise_30,put_the_bowl_on_top_of_the_cabinet,Sensor Noise,,initstate_0,,,noise_30,,view_0,
put_the_bowl_on_top_of_the_cabinet_view_0_0_100_0_0_initstate_0_noise_32,put_the_bowl_on_top_of_the_cabinet,Sensor Noise,,initstate_0,,,noise_32,,view_0,
put_the_bowl_on_top_of_the_cabinet_view_0_0_100_0_0_initstate_0_noise_33,put_the_bowl_on_top_of_the_cabinet,Sensor Noise,,initstate_0,,,noise_33,,view_0,
put_the_bowl_on_top_of_the_cabinet_view_0_0_100_0_0_initstate_0_noise_34,put_the_bowl_on_top_of_the_cabinet,Sensor Noise,,initstate_0,,,noise_34,,view_0,
put_the_bowl_on_top_of_the_cabinet_view_0_0_100_0_0_initstate_0_noise_35,put_the_bowl_on_top_of_the_cabinet,Sensor Noise,,initstate_0,,,noise_35,,view_0,
put_the_bowl_on_top_of_the_cabinet_view_0_0_100_0_0_initstate_0_noise_36,put_the_bowl_on_top_of_the_cabinet,Sensor Noise,,initstate_0,,,noise_36,,view_0,
put_the_bowl_on_top_of_the_cabinet_view_0_0_100_0_0_initstate_0_noise_37,put_the_bowl_on_top_of_the_cabinet,Sensor Noise,,initstate_0,,,noise_37,,view_0,
put_the_bowl_on_top_of_the_cabinet_view_0_0_100_0_0_initstate_0_noise_38,put_the_bowl_on_top_of_the_cabinet,Sensor Noise,,initstate_0,,,noise_38,,view_0,
put_the_bowl_on_top_of_the_cabinet_view_0_0_100_0_0_initstate_0_noise_39,put_the_bowl_on_top_of_the_cabinet,Sensor Noise,,initstate_0,,,noise_39,,view_0,
put_the_bowl_on_top_of_the_cabinet_view_0_0_100_0_0_initstate_0_noise_40,put_the_bowl_on_top_of_the_cabinet,Sensor Noise,,initstate_0,,,noise_40,,view_0,
put_the_bowl_on_top_of_the_cabinet_view_0_0_100_0_0_initstate_0_noise_41,put_the_bowl_on_top_of_the_cabinet,Sensor Noise,,initstate_0,,,noise_41,,view_0,
put_the_bowl_on_top_of_the_cabinet_view_0_0_100_0_0_initstate_0_noise_42,put_the_bowl_on_top_of_the_cabinet,Sensor Noise,,initstate_0,,,noise_42,,view_0,
put_the_bowl_on_top_of_the_cabinet_view_0_0_100_0_0_initstate_0_noise_43,put_the_bowl_on_top_of_the_cabinet,Sensor Noise,,initstate_0,,,noise_43,,view_0,
put_the_bowl_on_top_of_the_cabinet_view_0_0_100_0_0_initstate_0_noise_44,put_the_bowl_on_top_of_the_cabinet,Sensor Noise,,initstate_0,,,noise_44,,view_0,
put_the_bowl_on_top_of_the_cabinet_view_0_0_100_0_0_initstate_0_noise_45,put_the_bowl_on_top_of_the_cabinet,Sensor Noise,,initstate_0,,,noise_45,,view_0,
put_the_bowl_on_top_of_the_cabinet_view_0_0_100_0_0_initstate_0_noise_47,put_the_bowl_on_top_of_the_cabinet,Sensor Noise,,initstate_0,,,noise_47,,view_0,
put_the_bowl_on_top_of_the_cabinet_view_0_0_100_0_0_initstate_0_noise_48,put_the_bowl_on_top_of_the_cabinet,Sensor Noise,,initstate_0,,,noise_48,,view_0,
put_the_bowl_on_top_of_the_cabinet_view_0_0_100_0_0_initstate_0_noise_49,put_the_bowl_on_top_of_the_cabinet,Sensor Noise,,initstate_0,,,noise_49,,view_0,
put_the_bowl_on_top_of_the_cabinet_view_0_0_100_0_0_initstate_0_noise_50,put_the_bowl_on_top_of_the_cabinet,Sensor Noise,,initstate_0,,,noise_50,,view_0,
put_the_bowl_on_top_of_the_cabinet_add_10,put_the_bowl_on_top_of_the_cabinet,Objects Layout,add_10,,,,,,,
put_the_bowl_on_top_of_the_cabinet_add_15,put_the_bowl_on_top_of_the_cabinet,Objects Layout,add_15,,,,,,,
put_the_bowl_on_top_of_the_cabinet_add_16,put_the_bowl_on_top_of_the_cabinet,Objects Layout,add_16,,,,,,,
put_the_bowl_on_top_of_the_cabinet_add_17,put_the_bowl_on_top_of_the_cabinet,Objects Layout,add_17,,,,,,,
put_the_bowl_on_top_of_the_cabinet_add_18,put_the_bowl_on_top_of_the_cabinet,Objects Layout,add_18,,,,,,,
put_the_bowl_on_top_of_the_cabinet_add_19,put_the_bowl_on_top_of_the_cabinet,Objects Layout,add_19,,,,,,,
put_the_bowl_on_top_of_the_cabinet_add_20,put_the_bowl_on_top_of_the_cabinet,Objects Layout,add_20,,,,,,,
put_the_bowl_on_top_of_the_cabinet_add_22,put_the_bowl_on_top_of_the_cabinet,Objects Layout,add_22,,,,,,,
put_the_bowl_on_top_of_the_cabinet_add_23,put_the_bowl_on_top_of_the_cabinet,Objects Layout,add_23,,,,,,,
put_the_bowl_on_top_of_the_cabinet_add_24,put_the_bowl_on_top_of_the_cabinet,Objects Layout,add_24,,,,,,,
put_the_bowl_on_top_of_the_cabinet_add_25,put_the_bowl_on_top_of_the_cabinet,Objects Layout,add_25,,,,,,,
put_the_bowl_on_top_of_the_cabinet_add_26,put_the_bowl_on_top_of_the_cabinet,Objects Layout,add_26,,,,,,,
put_the_bowl_on_top_of_the_cabinet_add_27,put_the_bowl_on_top_of_the_cabinet,Objects Layout,add_27,,,,,,,
put_the_bowl_on_top_of_the_cabinet_add_28,put_the_bowl_on_top_of_the_cabinet,Objects Layout,add_28,,,,,,,
put_the_bowl_on_top_of_the_cabinet_add_29,put_the_bowl_on_top_of_the_cabinet,Objects Layout,add_29,,,,,,,
put_the_bowl_on_top_of_the_cabinet_add_30,put_the_bowl_on_top_of_the_cabinet,Objects Layout,add_30,,,,,,,
put_the_bowl_on_top_of_the_cabinet_light_10,put_the_bowl_on_top_of_the_cabinet,Light Conditions,,,,light_10,,,,
put_the_bowl_on_top_of_the_cabinet_light_15,put_the_bowl_on_top_of_the_cabinet,Light Conditions,,,,light_15,,,,
put_the_bowl_on_top_of_the_cabinet_light_2,put_the_bowl_on_top_of_the_cabinet,Light Conditions,,,,light_2,,,,
put_the_bowl_on_top_of_the_cabinet_light_21,put_the_bowl_on_top_of_the_cabinet,Light Conditions,,,,light_21,,,,
put_the_bowl_on_top_of_the_cabinet_light_24,put_the_bowl_on_top_of_the_cabinet,Light Conditions,,,,light_24,,,,
put_the_bowl_on_top_of_the_cabinet_light_38,put_the_bowl_on_top_of_the_cabinet,Light Conditions,,,,light_38,,,,
put_the_bowl_on_top_of_the_cabinet_light_39,put_the_bowl_on_top_of_the_cabinet,Light Conditions,,,,light_39,,,,
put_the_bowl_on_top_of_the_cabinet_light_40,put_the_bowl_on_top_of_the_cabinet,Light Conditions,,,,light_40,,,,
put_the_bowl_on_top_of_the_cabinet_light_44,put_the_bowl_on_top_of_the_cabinet,Light Conditions,,,,light_44,,,,
put_the_bowl_on_top_of_the_cabinet_light_45,put_the_bowl_on_top_of_the_cabinet,Light Conditions,,,,light_45,,,,
put_the_bowl_on_top_of_the_cabinet_light_50,put_the_bowl_on_top_of_the_cabinet,Light Conditions,,,,light_50,,,,
put_the_bowl_on_top_of_the_cabinet_light_6,put_the_bowl_on_top_of_the_cabinet,Light Conditions,,,,light_6,,,,
put_the_bowl_on_top_of_the_cabinet_light_8,put_the_bowl_on_top_of_the_cabinet,Light Conditions,,,,light_8,,,,
put_the_cream_cheese_in_the_bowl_table_1,put_the_cream_cheese_in_the_bowl,Background Textures,,,,,,table_1,,
put_the_cream_cheese_in_the_bowl_table_11,put_the_cream_cheese_in_the_bowl,Background Textures,,,,,,table_11,,
put_the_cream_cheese_in_the_bowl_table_12,put_the_cream_cheese_in_the_bowl,Background Textures,,,,,,table_12,,
put_the_cream_cheese_in_the_bowl_table_13,put_the_cream_cheese_in_the_bowl,Background Textures,,,,,,table_13,,
put_the_cream_cheese_in_the_bowl_table_21,put_the_cream_cheese_in_the_bowl,Background Textures,,,,,,table_21,,
put_the_cream_cheese_in_the_bowl_table_22,put_the_cream_cheese_in_the_bowl,Background Textures,,,,,,table_22,,
put_the_cream_cheese_in_the_bowl_table_23,put_the_cream_cheese_in_the_bowl,Background Textures,,,,,,table_23,,
put_the_cream_cheese_in_the_bowl_table_26,put_the_cream_cheese_in_the_bowl,Background Textures,,,,,,table_26,,
put_the_cream_cheese_in_the_bowl_table_27,put_the_cream_cheese_in_the_bowl,Background Textures,,,,,,table_27,,
put_the_cream_cheese_in_the_bowl_table_3,put_the_cream_cheese_in_the_bowl,Background Textures,,,,,,table_3,,
put_the_cream_cheese_in_the_bowl_table_4,put_the_cream_cheese_in_the_bowl,Background Textures,,,,,,table_4,,
put_the_cream_cheese_in_the_bowl_table_5,put_the_cream_cheese_in_the_bowl,Background Textures,,,,,,table_5,,
put_the_cream_cheese_in_the_bowl_table_7,put_the_cream_cheese_in_the_bowl,Background Textures,,,,,,table_7,,
put_the_cream_cheese_in_the_bowl_table_8,put_the_cream_cheese_in_the_bowl,Background Textures,,,,,,table_8,,
put_the_cream_cheese_in_the_bowl_table_9,put_the_cream_cheese_in_the_bowl,Background Textures,,,,,,table_9,,
put_the_cream_cheese_in_the_bowl_tb_1,put_the_cream_cheese_in_the_bowl,Background Textures,,,,,,tb_1,,
put_the_cream_cheese_in_the_bowl_tb_10,put_the_cream_cheese_in_the_bowl,Background Textures,,,,,,tb_10,,
put_the_cream_cheese_in_the_bowl_tb_11,put_the_cream_cheese_in_the_bowl,Background Textures,,,,,,tb_11,,
put_the_cream_cheese_in_the_bowl_tb_12,put_the_cream_cheese_in_the_bowl,Background Textures,,,,,,tb_12,,
put_the_cream_cheese_in_the_bowl_tb_13,put_the_cream_cheese_in_the_bowl,Background Textures,,,,,,tb_13,,
put_the_cream_cheese_in_the_bowl_tb_14,put_the_cream_cheese_in_the_bowl,Background Textures,,,,,,tb_14,,
put_the_cream_cheese_in_the_bowl_tb_15,put_the_cream_cheese_in_the_bowl,Background Textures,,,,,,tb_15,,
put_the_cream_cheese_in_the_bowl_tb_16,put_the_cream_cheese_in_the_bowl,Background Textures,,,,,,tb_16,,
put_the_cream_cheese_in_the_bowl_tb_17,put_the_cream_cheese_in_the_bowl,Background Textures,,,,,,tb_17,,
put_the_cream_cheese_in_the_bowl_tb_18,put_the_cream_cheese_in_the_bowl,Background Textures,,,,,,tb_18,,
put_the_cream_cheese_in_the_bowl_tb_19,put_the_cream_cheese_in_the_bowl,Background Textures,,,,,,tb_19,,
put_the_cream_cheese_in_the_bowl_tb_20,put_the_cream_cheese_in_the_bowl,Background Textures,,,,,,tb_20,,
put_the_cream_cheese_in_the_bowl_tb_21,put_the_cream_cheese_in_the_bowl,Background Textures,,,,,,tb_21,,
put_the_cream_cheese_in_the_bowl_tb_22,put_the_cream_cheese_in_the_bowl,Background Textures,,,,,,tb_22,,
put_the_cream_cheese_in_the_bowl_tb_6,put_the_cream_cheese_in_the_bowl,Background Textures,,,,,,tb_6,,
put_the_cream_cheese_in_the_bowl_tb_8,put_the_cream_cheese_in_the_bowl,Background Textures,,,,,,tb_8,,
put_the_cream_cheese_in_the_bowl_tb_9,put_the_cream_cheese_in_the_bowl,Background Textures,,,,,,tb_9,,
put_the_cream_cheese_in_the_bowl_view_0_0_100_0_0_initstate_7,put_the_cream_cheese_in_the_bowl,Robot Initial States,,initstate_7,,,,,view_0,
put_the_cream_cheese_in_the_bowl_view_0_0_100_0_0_initstate_17,put_the_cream_cheese_in_the_bowl,Robot Initial States,,initstate_17,,,,,view_0,
put_the_cream_cheese_in_the_bowl_view_0_0_100_0_0_initstate_27,put_the_cream_cheese_in_the_bowl,Robot Initial States,,initstate_27,,,,,view_0,
put_the_cream_cheese_in_the_bowl_view_0_0_100_0_0_initstate_47,put_the_cream_cheese_in_the_bowl,Robot Initial States,,initstate_47,,,,,view_0,
put_the_cream_cheese_in_the_bowl_view_0_0_100_0_0_initstate_57,put_the_cream_cheese_in_the_bowl,Robot Initial States,,initstate_57,,,,,view_0,
put_the_cream_cheese_in_the_bowl_view_0_0_100_0_0_initstate_67,put_the_cream_cheese_in_the_bowl,Robot Initial States,,initstate_67,,,,,view_0,
put_the_cream_cheese_in_the_bowl_view_0_0_100_0_0_initstate_77,put_the_cream_cheese_in_the_bowl,Robot Initial States,,initstate_77,,,,,view_0,
put_the_cream_cheese_in_the_bowl_view_0_0_100_0_0_initstate_87,put_the_cream_cheese_in_the_bowl,Robot Initial States,,initstate_87,,,,,view_0,
put_the_cream_cheese_in_the_bowl_view_0_0_100_0_0_initstate_97,put_the_cream_cheese_in_the_bowl,Robot Initial States,,initstate_97,,,,,view_0,
put_the_cream_cheese_in_the_bowl_view_0_0_100_0_0_initstate_107,put_the_cream_cheese_in_the_bowl,Robot Initial States,,initstate_107,,,,,view_0,
put_the_cream_cheese_in_the_bowl_view_0_0_100_0_0_initstate_117,put_the_cream_cheese_in_the_bowl,Robot Initial States,,initstate_117,,,,,view_0,
put_the_cream_cheese_in_the_bowl_view_0_0_100_0_0_initstate_127,put_the_cream_cheese_in_the_bowl,Robot Initial States,,initstate_127,,,,,view_0,
put_the_cream_cheese_in_the_bowl_view_0_0_100_0_0_initstate_137,put_the_cream_cheese_in_the_bowl,Robot Initial States,,initstate_137,,,,,view_0,
put_the_cream_cheese_in_the_bowl_view_0_0_100_0_0_initstate_147,put_the_cream_cheese_in_the_bowl,Robot Initial States,,initstate_147,,,,,view_0,
put_the_cream_cheese_in_the_bowl_view_0_0_100_0_0_initstate_157,put_the_cream_cheese_in_the_bowl,Robot Initial States,,initstate_157,,,,,view_0,
put_the_cream_cheese_in_the_bowl_view_0_0_100_0_0_initstate_167,put_the_cream_cheese_in_the_bowl,Robot Initial States,,initstate_167,,,,,view_0,
put_the_cream_cheese_in_the_bowl_view_0_0_100_0_0_initstate_177,put_the_cream_cheese_in_the_bowl,Robot Initial States,,initstate_177,,,,,view_0,
put_the_cream_cheese_in_the_bowl_view_0_0_100_0_0_initstate_187,put_the_cream_cheese_in_the_bowl,Robot Initial States,,initstate_187,,,,,view_0,
put_the_cream_cheese_in_the_bowl_view_0_0_100_0_0_initstate_197,put_the_cream_cheese_in_the_bowl,Robot Initial States,,initstate_197,,,,,view_0,
put_the_cream_cheese_in_the_bowl_view_0_0_100_0_0_initstate_207,put_the_cream_cheese_in_the_bowl,Robot Initial States,,initstate_207,,,,,view_0,
put_the_cream_cheese_in_the_bowl_view_0_0_100_0_0_initstate_217,put_the_cream_cheese_in_the_bowl,Robot Initial States,,initstate_217,,,,,view_0,
put_the_cream_cheese_in_the_bowl_view_0_0_100_0_0_initstate_237,put_the_cream_cheese_in_the_bowl,Robot Initial States,,initstate_237,,,,,view_0,
put_the_cream_cheese_in_the_bowl_view_0_0_100_0_0_initstate_247,put_the_cream_cheese_in_the_bowl,Robot Initial States,,initstate_247,,,,,view_0,
put_the_cream_cheese_in_the_bowl_view_0_0_100_0_0_initstate_257,put_the_cream_cheese_in_the_bowl,Robot Initial States,,initstate_257,,,,,view_0,
put_the_cream_cheese_in_the_bowl_view_0_0_100_0_0_initstate_267,put_the_cream_cheese_in_the_bowl,Robot Initial States,,initstate_267,,,,,view_0,
put_the_cream_cheese_in_the_bowl_view_0_0_100_0_0_initstate_277,put_the_cream_cheese_in_the_bowl,Robot Initial States,,initstate_277,,,,,view_0,
put_the_cream_cheese_in_the_bowl_view_0_0_100_0_0_initstate_287,put_the_cream_cheese_in_the_bowl,Robot Initial States,,initstate_287,,,,,view_0,
put_the_cream_cheese_in_the_bowl_view_0_0_100_0_0_initstate_297,put_the_cream_cheese_in_the_bowl,Robot Initial States,,initstate_297,,,,,view_0,
put_the_cream_cheese_in_the_bowl_view_0_0_100_0_0_initstate_307,put_the_cream_cheese_in_the_bowl,Robot Initial States,,initstate_307,,,,,view_0,
put_the_cream_cheese_in_the_bowl_view_0_0_100_0_0_initstate_317,put_the_cream_cheese_in_the_bowl,Robot Initial States,,initstate_317,,,,,view_0,
put_the_cream_cheese_in_the_bowl_view_0_0_100_0_0_initstate_337,put_the_cream_cheese_in_the_bowl,Robot Initial States,,initstate_337,,,,,view_0,
put_the_cream_cheese_in_the_bowl_view_0_0_100_0_0_initstate_347,put_the_cream_cheese_in_the_bowl,Robot Initial States,,initstate_347,,,,,view_0,
put_the_cream_cheese_in_the_bowl_view_0_0_100_0_0_initstate_357,put_the_cream_cheese_in_the_bowl,Robot Initial States,,initstate_357,,,,,view_0,
put_the_cream_cheese_in_the_bowl_view_0_0_100_0_0_initstate_367,put_the_cream_cheese_in_the_bowl,Robot Initial States,,initstate_367,,,,,view_0,
put_the_cream_cheese_in_the_bowl_view_0_0_100_0_0_initstate_377,put_the_cream_cheese_in_the_bowl,Robot Initial States,,initstate_377,,,,,view_0,
put_the_cream_cheese_in_the_bowl_view_0_0_100_0_0_initstate_387,put_the_cream_cheese_in_the_bowl,Robot Initial States,,initstate_387,,,,,view_0,
put_the_cream_cheese_in_the_bowl_view_0_0_100_0_0_initstate_397,put_the_cream_cheese_in_the_bowl,Robot Initial States,,initstate_397,,,,,view_0,
put_the_cream_cheese_in_the_bowl_view_0_0_100_0_0_initstate_407,put_the_cream_cheese_in_the_bowl,Robot Initial States,,initstate_407,,,,,view_0,
put_the_cream_cheese_in_the_bowl_view_0_0_100_0_0_initstate_417,put_the_cream_cheese_in_the_bowl,Robot Initial States,,initstate_417,,,,,view_0,
put_the_cream_cheese_in_the_bowl_view_0_0_100_0_0_initstate_427,put_the_cream_cheese_in_the_bowl,Robot Initial States,,initstate_427,,,,,view_0,
put_the_cream_cheese_in_the_bowl_view_0_0_100_0_0_initstate_437,put_the_cream_cheese_in_the_bowl,Robot Initial States,,initstate_437,,,,,view_0,
put_the_cream_cheese_in_the_bowl_view_0_0_100_0_0_initstate_447,put_the_cream_cheese_in_the_bowl,Robot Initial States,,initstate_447,,,,,view_0,
put_the_cream_cheese_in_the_bowl_view_0_0_100_0_0_initstate_457,put_the_cream_cheese_in_the_bowl,Robot Initial States,,initstate_457,,,,,view_0,
put_the_cream_cheese_in_the_bowl_view_0_0_100_0_0_initstate_467,put_the_cream_cheese_in_the_bowl,Robot Initial States,,initstate_467,,,,,view_0,
put_the_cream_cheese_in_the_bowl_view_0_0_100_0_0_initstate_477,put_the_cream_cheese_in_the_bowl,Robot Initial States,,initstate_477,,,,,view_0,
put_the_cream_cheese_in_the_bowl_view_0_0_100_0_0_initstate_487,put_the_cream_cheese_in_the_bowl,Robot Initial States,,initstate_487,,,,,view_0,
put_the_cream_cheese_in_the_bowl_view_0_0_100_0_0_initstate_497,put_the_cream_cheese_in_the_bowl,Robot Initial States,,initstate_497,,,,,view_0,
put_the_cream_cheese_in_the_bowl_view_0_0_161_0_0_initstate_0,put_the_cream_cheese_in_the_bowl,Camera Viewpoints,,initstate_0,,,,,view_0,
put_the_cream_cheese_in_the_bowl_view_0_0_162_0_0_initstate_0,put_the_cream_cheese_in_the_bowl,Camera Viewpoints,,initstate_0,,,,,view_0,
put_the_cream_cheese_in_the_bowl_view_0_0_163_0_0_initstate_0,put_the_cream_cheese_in_the_bowl,Camera Viewpoints,,initstate_0,,,,,view_0,
put_the_cream_cheese_in_the_bowl_view_0_0_164_0_0_initstate_0,put_the_cream_cheese_in_the_bowl,Camera Viewpoints,,initstate_0,,,,,view_0,
put_the_cream_cheese_in_the_bowl_view_0_0_165_0_0_initstate_0,put_the_cream_cheese_in_the_bowl,Camera Viewpoints,,initstate_0,,,,,view_0,
put_the_cream_cheese_in_the_bowl_view_0_0_166_0_0_initstate_0,put_the_cream_cheese_in_the_bowl,Camera Viewpoints,,initstate_0,,,,,view_0,
put_the_cream_cheese_in_the_bowl_view_0_0_167_0_0_initstate_0,put_the_cream_cheese_in_the_bowl,Camera Viewpoints,,initstate_0,,,,,view_0,
put_the_cream_cheese_in_the_bowl_view_0_0_168_0_0_initstate_0,put_the_cream_cheese_in_the_bowl,Camera Viewpoints,,initstate_0,,,,,view_0,
put_the_cream_cheese_in_the_bowl_view_0_0_169_0_0_initstate_0,put_the_cream_cheese_in_the_bowl,Camera Viewpoints,,initstate_0,,,,,view_0,
put_the_cream_cheese_in_the_bowl_view_0_0_170_0_0_initstate_0,put_the_cream_cheese_in_the_bowl,Camera Viewpoints,,initstate_0,,,,,view_0,
put_the_cream_cheese_in_the_bowl_view_0_0_100_352_2_initstate_0,put_the_cream_cheese_in_the_bowl,Camera Viewpoints,,initstate_0,,,,,view_0,
put_the_cream_cheese_in_the_bowl_view_0_0_100_352_4_initstate_0,put_the_cream_cheese_in_the_bowl,Camera Viewpoints,,initstate_0,,,,,view_0,
put_the_cream_cheese_in_the_bowl_view_0_0_100_352_6_initstate_0,put_the_cream_cheese_in_the_bowl,Camera Viewpoints,,initstate_0,,,,,view_0,
put_the_cream_cheese_in_the_bowl_view_0_0_100_352_8_initstate_0,put_the_cream_cheese_in_the_bowl,Camera Viewpoints,,initstate_0,,,,,view_0,
put_the_cream_cheese_in_the_bowl_view_0_0_100_352_10_initstate_0,put_the_cream_cheese_in_the_bowl,Camera Viewpoints,,initstate_0,,,,,view_0,
put_the_cream_cheese_in_the_bowl_view_0_0_100_352_350_initstate_0,put_the_cream_cheese_in_the_bowl,Camera Viewpoints,,initstate_0,,,,,view_0,
put_the_cream_cheese_in_the_bowl_view_0_0_100_352_352_initstate_0,put_the_cream_cheese_in_the_bowl,Camera Viewpoints,,initstate_0,,,,,view_0,
put_the_cream_cheese_in_the_bowl_view_0_0_100_352_354_initstate_0,put_the_cream_cheese_in_the_bowl,Camera Viewpoints,,initstate_0,,,,,view_0,
put_the_cream_cheese_in_the_bowl_view_0_0_100_352_356_initstate_0,put_the_cream_cheese_in_the_bowl,Camera Viewpoints,,initstate_0,,,,,view_0,
put_the_cream_cheese_in_the_bowl_view_0_0_100_352_358_initstate_0,put_the_cream_cheese_in_the_bowl,Camera Viewpoints,,initstate_0,,,,,view_0,
put_the_cream_cheese_in_the_bowl_view_300_0_100_0_0_initstate_0,put_the_cream_cheese_in_the_bowl,Camera Viewpoints,,initstate_0,,,,,view_300,
put_the_cream_cheese_in_the_bowl_view_300_15_100_0_0_initstate_0,put_the_cream_cheese_in_the_bowl,Camera Viewpoints,,initstate_0,,,,,view_300,
put_the_cream_cheese_in_the_bowl_view_301_0_100_0_0_initstate_0,put_the_cream_cheese_in_the_bowl,Camera Viewpoints,,initstate_0,,,,,view_301,
put_the_cream_cheese_in_the_bowl_view_301_15_100_0_0_initstate_0,put_the_cream_cheese_in_the_bowl,Camera Viewpoints,,initstate_0,,,,,view_301,
put_the_cream_cheese_in_the_bowl_view_302_0_100_0_0_initstate_0,put_the_cream_cheese_in_the_bowl,Camera Viewpoints,,initstate_0,,,,,view_302,
put_the_cream_cheese_in_the_bowl_view_302_15_100_0_0_initstate_0,put_the_cream_cheese_in_the_bowl,Camera Viewpoints,,initstate_0,,,,,view_302,
put_the_cream_cheese_in_the_bowl_view_303_0_100_0_0_initstate_0,put_the_cream_cheese_in_the_bowl,Camera Viewpoints,,initstate_0,,,,,view_303,
put_the_cream_cheese_in_the_bowl_view_303_15_100_0_0_initstate_0,put_the_cream_cheese_in_the_bowl,Camera Viewpoints,,initstate_0,,,,,view_303,
put_the_cream_cheese_in_the_bowl_view_304_0_100_0_0_initstate_0,put_the_cream_cheese_in_the_bowl,Camera Viewpoints,,initstate_0,,,,,view_304,
put_the_cream_cheese_in_the_bowl_view_304_15_100_0_0_initstate_0,put_the_cream_cheese_in_the_bowl,Camera Viewpoints,,initstate_0,,,,,view_304,
put_the_cream_cheese_in_the_bowl_view_305_0_100_0_0_initstate_0,put_the_cream_cheese_in_the_bowl,Camera Viewpoints,,initstate_0,,,,,view_305,
put_the_cream_cheese_in_the_bowl_view_305_15_100_0_0_initstate_0,put_the_cream_cheese_in_the_bowl,Camera Viewpoints,,initstate_0,,,,,view_305,
put_the_cream_cheese_in_the_bowl_view_306_0_100_0_0_initstate_0,put_the_cream_cheese_in_the_bowl,Camera Viewpoints,,initstate_0,,,,,view_306,
put_the_cream_cheese_in_the_bowl_view_306_15_100_0_0_initstate_0,put_the_cream_cheese_in_the_bowl,Camera Viewpoints,,initstate_0,,,,,view_306,
put_the_cream_cheese_in_the_bowl_view_307_0_100_0_0_initstate_0,put_the_cream_cheese_in_the_bowl,Camera Viewpoints,,initstate_0,,,,,view_307,
put_the_cream_cheese_in_the_bowl_view_307_15_100_0_0_initstate_0,put_the_cream_cheese_in_the_bowl,Camera Viewpoints,,initstate_0,,,,,view_307,
put_the_cream_cheese_in_the_bowl_view_308_0_100_0_0_initstate_0,put_the_cream_cheese_in_the_bowl,Camera Viewpoints,,initstate_0,,,,,view_308,
put_the_cream_cheese_in_the_bowl_view_308_15_100_0_0_initstate_0,put_the_cream_cheese_in_the_bowl,Camera Viewpoints,,initstate_0,,,,,view_308,
put_the_cream_cheese_in_the_bowl_view_309_0_100_0_0_initstate_0,put_the_cream_cheese_in_the_bowl,Camera Viewpoints,,initstate_0,,,,,view_309,
put_the_cream_cheese_in_the_bowl_view_309_15_100_0_0_initstate_0,put_the_cream_cheese_in_the_bowl,Camera Viewpoints,,initstate_0,,,,,view_309,
put_the_cream_cheese_in_the_bowl_view_310_0_100_0_0_initstate_0,put_the_cream_cheese_in_the_bowl,Camera Viewpoints,,initstate_0,,,,,view_310,
put_the_cream_cheese_in_the_bowl_view_310_15_100_0_0_initstate_0,put_the_cream_cheese_in_the_bowl,Camera Viewpoints,,initstate_0,,,,,view_310,
put_the_cream_cheese_in_the_bowl_view_311_0_100_0_0_initstate_0,put_the_cream_cheese_in_the_bowl,Camera Viewpoints,,initstate_0,,,,,view_311,
put_the_cream_cheese_in_the_bowl_view_311_15_100_0_0_initstate_0,put_the_cream_cheese_in_the_bowl,Camera Viewpoints,,initstate_0,,,,,view_311,
put_the_cream_cheese_in_the_bowl_view_312_0_100_0_0_initstate_0,put_the_cream_cheese_in_the_bowl,Camera Viewpoints,,initstate_0,,,,,view_312,
put_the_cream_cheese_in_the_bowl_view_313_0_100_0_0_initstate_0,put_the_cream_cheese_in_the_bowl,Camera Viewpoints,,initstate_0,,,,,view_313,
put_the_cream_cheese_in_the_bowl_view_313_15_100_0_0_initstate_0,put_the_cream_cheese_in_the_bowl,Camera Viewpoints,,initstate_0,,,,,view_313,
put_the_cream_cheese_in_the_bowl_view_314_0_100_0_0_initstate_0,put_the_cream_cheese_in_the_bowl,Camera Viewpoints,,initstate_0,,,,,view_314,
put_the_cream_cheese_in_the_bowl_view_314_15_100_0_0_initstate_0,put_the_cream_cheese_in_the_bowl,Camera Viewpoints,,initstate_0,,,,,view_314,
put_the_cream_cheese_in_the_bowl_language_1_view_0_0_100_0_0_initstate_0,put_the_cream_cheese_in_the_bowl,Language Instructions,,initstate_0,language_1,,,,view_0,
put_the_cream_cheese_in_the_bowl_language_2_view_0_0_100_0_0_initstate_0,put_the_cream_cheese_in_the_bowl,Language Instructions,,initstate_0,language_2,,,,view_0,
put_the_cream_cheese_in_the_bowl_language_4_view_0_0_100_0_0_initstate_0,put_the_cream_cheese_in_the_bowl,Language Instructions,,initstate_0,language_4,,,,view_0,
put_the_cream_cheese_in_the_bowl_language_5_view_0_0_100_0_0_initstate_0,put_the_cream_cheese_in_the_bowl,Language Instructions,,initstate_0,language_5,,,,view_0,
put_the_cream_cheese_in_the_bowl_language_6_view_0_0_100_0_0_initstate_0,put_the_cream_cheese_in_the_bowl,Language Instructions,,initstate_0,language_6,,,,view_0,
put_the_cream_cheese_in_the_bowl_language_7_view_0_0_100_0_0_initstate_0,put_the_cream_cheese_in_the_bowl,Language Instructions,,initstate_0,language_7,,,,view_0,
put_the_cream_cheese_in_the_bowl_language_8_view_0_0_100_0_0_initstate_0,put_the_cream_cheese_in_the_bowl,Language Instructions,,initstate_0,language_8,,,,view_0,
put_the_cream_cheese_in_the_bowl_language_9_view_0_0_100_0_0_initstate_0,put_the_cream_cheese_in_the_bowl,Language Instructions,,initstate_0,language_9,,,,view_0,
put_the_cream_cheese_in_the_bowl_language_10_view_0_0_100_0_0_initstate_0,put_the_cream_cheese_in_the_bowl,Language Instructions,,initstate_0,language_10,,,,view_0,
put_the_cream_cheese_in_the_bowl_language_11_view_0_0_100_0_0_initstate_0,put_the_cream_cheese_in_the_bowl,Language Instructions,,initstate_0,language_11,,,,view_0,
put_the_cream_cheese_in_the_bowl_language_12_view_0_0_100_0_0_initstate_0,put_the_cream_cheese_in_the_bowl,Language Instructions,,initstate_0,language_12,,,,view_0,
put_the_cream_cheese_in_the_bowl_language_13_view_0_0_100_0_0_initstate_0,put_the_cream_cheese_in_the_bowl,Language Instructions,,initstate_0,language_13,,,,view_0,
put_the_cream_cheese_in_the_bowl_language_14_view_0_0_100_0_0_initstate_0,put_the_cream_cheese_in_the_bowl,Language Instructions,,initstate_0,language_14,,,,view_0,
put_the_cream_cheese_in_the_bowl_language_15_view_0_0_100_0_0_initstate_0,put_the_cream_cheese_in_the_bowl,Language Instructions,,initstate_0,language_15,,,,view_0,
put_the_cream_cheese_in_the_bowl_language_16_view_0_0_100_0_0_initstate_0,put_the_cream_cheese_in_the_bowl,Language Instructions,,initstate_0,language_16,,,,view_0,
put_the_cream_cheese_in_the_bowl_language_17_view_0_0_100_0_0_initstate_0,put_the_cream_cheese_in_the_bowl,Language Instructions,,initstate_0,language_17,,,,view_0,
put_the_cream_cheese_in_the_bowl_language_18_view_0_0_100_0_0_initstate_0,put_the_cream_cheese_in_the_bowl,Language Instructions,,initstate_0,language_18,,,,view_0,
put_the_cream_cheese_in_the_bowl_language_19_view_0_0_100_0_0_initstate_0,put_the_cream_cheese_in_the_bowl,Language Instructions,,initstate_0,language_19,,,,view_0,
put_the_cream_cheese_in_the_bowl_language_20_view_0_0_100_0_0_initstate_0,put_the_cream_cheese_in_the_bowl,Language Instructions,,initstate_0,language_20,,,,view_0,
put_the_cream_cheese_in_the_bowl_language_21_view_0_0_100_0_0_initstate_0,put_the_cream_cheese_in_the_bowl,Language Instructions,,initstate_0,language_21,,,,view_0,
put_the_cream_cheese_in_the_bowl_language_22_view_0_0_100_0_0_initstate_0,put_the_cream_cheese_in_the_bowl,Language Instructions,,initstate_0,language_22,,,,view_0,
put_the_cream_cheese_in_the_bowl_language_23_view_0_0_100_0_0_initstate_0,put_the_cream_cheese_in_the_bowl,Language Instructions,,initstate_0,language_23,,,,view_0,
put_the_cream_cheese_in_the_bowl_language_24_view_0_0_100_0_0_initstate_0,put_the_cream_cheese_in_the_bowl,Language Instructions,,initstate_0,language_24,,,,view_0,
put_the_cream_cheese_in_the_bowl_language_25_view_0_0_100_0_0_initstate_0,put_the_cream_cheese_in_the_bowl,Language Instructions,,initstate_0,language_25,,,,view_0,
put_the_cream_cheese_in_the_bowl_language_26_view_0_0_100_0_0_initstate_0,put_the_cream_cheese_in_the_bowl,Language Instructions,,initstate_0,language_26,,,,view_0,
put_the_cream_cheese_in_the_bowl_language_27_view_0_0_100_0_0_initstate_0,put_the_cream_cheese_in_the_bowl,Language Instructions,,initstate_0,language_27,,,,view_0,
put_the_cream_cheese_in_the_bowl_language_28_view_0_0_100_0_0_initstate_0,put_the_cream_cheese_in_the_bowl,Language Instructions,,initstate_0,language_28,,,,view_0,
put_the_cream_cheese_in_the_bowl_language_29_view_0_0_100_0_0_initstate_0,put_the_cream_cheese_in_the_bowl,Language Instructions,,initstate_0,language_29,,,,view_0,
put_the_cream_cheese_in_the_bowl_language_30_view_0_0_100_0_0_initstate_0,put_the_cream_cheese_in_the_bowl,Language Instructions,,initstate_0,language_30,,,,view_0,
put_the_cream_cheese_in_the_bowl_language_31_view_0_0_100_0_0_initstate_0,put_the_cream_cheese_in_the_bowl,Language Instructions,,initstate_0,language_31,,,,view_0,
put_the_cream_cheese_in_the_bowl_language_32_view_0_0_100_0_0_initstate_0,put_the_cream_cheese_in_the_bowl,Language Instructions,,initstate_0,language_32,,,,view_0,
put_the_cream_cheese_in_the_bowl_language_33_view_0_0_100_0_0_initstate_0,put_the_cream_cheese_in_the_bowl,Language Instructions,,initstate_0,language_33,,,,view_0,
put_the_cream_cheese_in_the_bowl_language_34_view_0_0_100_0_0_initstate_0,put_the_cream_cheese_in_the_bowl,Language Instructions,,initstate_0,language_34,,,,view_0,
put_the_cream_cheese_in_the_bowl_language_35_view_0_0_100_0_0_initstate_0,put_the_cream_cheese_in_the_bowl,Language Instructions,,initstate_0,language_35,,,,view_0,
put_the_cream_cheese_in_the_bowl_language_36_view_0_0_100_0_0_initstate_0,put_the_cream_cheese_in_the_bowl,Language Instructions,,initstate_0,language_36,,,,view_0,
put_the_cream_cheese_in_the_bowl_language_37_view_0_0_100_0_0_initstate_0,put_the_cream_cheese_in_the_bowl,Language Instructions,,initstate_0,language_37,,,,view_0,
put_the_cream_cheese_in_the_bowl_language_38_view_0_0_100_0_0_initstate_0,put_the_cream_cheese_in_the_bowl,Language Instructions,,initstate_0,language_38,,,,view_0,
put_the_cream_cheese_in_the_bowl_language_39_view_0_0_100_0_0_initstate_0,put_the_cream_cheese_in_the_bowl,Language Instructions,,initstate_0,language_39,,,,view_0,
put_the_cream_cheese_in_the_bowl_language_40_view_0_0_100_0_0_initstate_0,put_the_cream_cheese_in_the_bowl,Language Instructions,,initstate_0,language_40,,,,view_0,
put_the_cream_cheese_in_the_bowl_language_41_view_0_0_100_0_0_initstate_0,put_the_cream_cheese_in_the_bowl,Language Instructions,,initstate_0,language_41,,,,view_0,
put_the_cream_cheese_in_the_bowl_language_42_view_0_0_100_0_0_initstate_0,put_the_cream_cheese_in_the_bowl,Language Instructions,,initstate_0,language_42,,,,view_0,
put_the_cream_cheese_in_the_bowl_language_43_view_0_0_100_0_0_initstate_0,put_the_cream_cheese_in_the_bowl,Language Instructions,,initstate_0,language_43,,,,view_0,
put_the_cream_cheese_in_the_bowl_language_44_view_0_0_100_0_0_initstate_0,put_the_cream_cheese_in_the_bowl,Language Instructions,,initstate_0,language_44,,,,view_0,
put_the_cream_cheese_in_the_bowl_language_45_view_0_0_100_0_0_initstate_0,put_the_cream_cheese_in_the_bowl,Language Instructions,,initstate_0,language_45,,,,view_0,
put_the_cream_cheese_in_the_bowl_language_46_view_0_0_100_0_0_initstate_0,put_the_cream_cheese_in_the_bowl,Language Instructions,,initstate_0,language_46,,,,view_0,
put_the_cream_cheese_in_the_bowl_language_47_view_0_0_100_0_0_initstate_0,put_the_cream_cheese_in_the_bowl,Language Instructions,,initstate_0,language_47,,,,view_0,
put_the_cream_cheese_in_the_bowl_language_48_view_0_0_100_0_0_initstate_0,put_the_cream_cheese_in_the_bowl,Language Instructions,,initstate_0,language_48,,,,view_0,
put_the_cream_cheese_in_the_bowl_language_49_view_0_0_100_0_0_initstate_0,put_the_cream_cheese_in_the_bowl,Language Instructions,,initstate_0,language_49,,,,view_0,
put_the_cream_cheese_in_the_bowl_view_0_0_100_0_0_initstate_0_noise_1,put_the_cream_cheese_in_the_bowl,Sensor Noise,,initstate_0,,,noise_1,,view_0,
put_the_cream_cheese_in_the_bowl_view_0_0_100_0_0_initstate_0_noise_3,put_the_cream_cheese_in_the_bowl,Sensor Noise,,initstate_0,,,noise_3,,view_0,
put_the_cream_cheese_in_the_bowl_view_0_0_100_0_0_initstate_0_noise_4,put_the_cream_cheese_in_the_bowl,Sensor Noise,,initstate_0,,,noise_4,,view_0,
put_the_cream_cheese_in_the_bowl_view_0_0_100_0_0_initstate_0_noise_5,put_the_cream_cheese_in_the_bowl,Sensor Noise,,initstate_0,,,noise_5,,view_0,
put_the_cream_cheese_in_the_bowl_view_0_0_100_0_0_initstate_0_noise_6,put_the_cream_cheese_in_the_bowl,Sensor Noise,,initstate_0,,,noise_6,,view_0,
put_the_cream_cheese_in_the_bowl_view_0_0_100_0_0_initstate_0_noise_7,put_the_cream_cheese_in_the_bowl,Sensor Noise,,initstate_0,,,noise_7,,view_0,
put_the_cream_cheese_in_the_bowl_view_0_0_100_0_0_initstate_0_noise_8,put_the_cream_cheese_in_the_bowl,Sensor Noise,,initstate_0,,,noise_8,,view_0,
put_the_cream_cheese_in_the_bowl_view_0_0_100_0_0_initstate_0_noise_9,put_the_cream_cheese_in_the_bowl,Sensor Noise,,initstate_0,,,noise_9,,view_0,
put_the_cream_cheese_in_the_bowl_view_0_0_100_0_0_initstate_0_noise_10,put_the_cream_cheese_in_the_bowl,Sensor Noise,,initstate_0,,,noise_10,,view_0,
put_the_cream_cheese_in_the_bowl_view_0_0_100_0_0_initstate_0_noise_11,put_the_cream_cheese_in_the_bowl,Sensor Noise,,initstate_0,,,noise_11,,view_0,
put_the_cream_cheese_in_the_bowl_view_0_0_100_0_0_initstate_0_noise_12,put_the_cream_cheese_in_the_bowl,Sensor Noise,,initstate_0,,,noise_12,,view_0,
put_the_cream_cheese_in_the_bowl_view_0_0_100_0_0_initstate_0_noise_14,put_the_cream_cheese_in_the_bowl,Sensor Noise,,initstate_0,,,noise_14,,view_0,
put_the_cream_cheese_in_the_bowl_view_0_0_100_0_0_initstate_0_noise_16,put_the_cream_cheese_in_the_bowl,Sensor Noise,,initstate_0,,,noise_16,,view_0,
put_the_cream_cheese_in_the_bowl_view_0_0_100_0_0_initstate_0_noise_17,put_the_cream_cheese_in_the_bowl,Sensor Noise,,initstate_0,,,noise_17,,view_0,
put_the_cream_cheese_in_the_bowl_view_0_0_100_0_0_initstate_0_noise_18,put_the_cream_cheese_in_the_bowl,Sensor Noise,,initstate_0,,,noise_18,,view_0,
put_the_cream_cheese_in_the_bowl_view_0_0_100_0_0_initstate_0_noise_19,put_the_cream_cheese_in_the_bowl,Sensor Noise,,initstate_0,,,noise_19,,view_0,
put_the_cream_cheese_in_the_bowl_view_0_0_100_0_0_initstate_0_noise_20,put_the_cream_cheese_in_the_bowl,Sensor Noise,,initstate_0,,,noise_20,,view_0,
put_the_cream_cheese_in_the_bowl_view_0_0_100_0_0_initstate_0_noise_21,put_the_cream_cheese_in_the_bowl,Sensor Noise,,initstate_0,,,noise_21,,view_0,
put_the_cream_cheese_in_the_bowl_view_0_0_100_0_0_initstate_0_noise_22,put_the_cream_cheese_in_the_bowl,Sensor Noise,,initstate_0,,,noise_22,,view_0,
put_the_cream_cheese_in_the_bowl_view_0_0_100_0_0_initstate_0_noise_23,put_the_cream_cheese_in_the_bowl,Sensor Noise,,initstate_0,,,noise_23,,view_0,
put_the_cream_cheese_in_the_bowl_view_0_0_100_0_0_initstate_0_noise_24,put_the_cream_cheese_in_the_bowl,Sensor Noise,,initstate_0,,,noise_24,,view_0,
put_the_cream_cheese_in_the_bowl_view_0_0_100_0_0_initstate_0_noise_25,put_the_cream_cheese_in_the_bowl,Sensor Noise,,initstate_0,,,noise_25,,view_0,
put_the_cream_cheese_in_the_bowl_view_0_0_100_0_0_initstate_0_noise_26,put_the_cream_cheese_in_the_bowl,Sensor Noise,,initstate_0,,,noise_26,,view_0,
put_the_cream_cheese_in_the_bowl_view_0_0_100_0_0_initstate_0_noise_27,put_the_cream_cheese_in_the_bowl,Sensor Noise,,initstate_0,,,noise_27,,view_0,
put_the_cream_cheese_in_the_bowl_view_0_0_100_0_0_initstate_0_noise_28,put_the_cream_cheese_in_the_bowl,Sensor Noise,,initstate_0,,,noise_28,,view_0,
put_the_cream_cheese_in_the_bowl_view_0_0_100_0_0_initstate_0_noise_29,put_the_cream_cheese_in_the_bowl,Sensor Noise,,initstate_0,,,noise_29,,view_0,
put_the_cream_cheese_in_the_bowl_view_0_0_100_0_0_initstate_0_noise_30,put_the_cream_cheese_in_the_bowl,Sensor Noise,,initstate_0,,,noise_30,,view_0,
put_the_cream_cheese_in_the_bowl_view_0_0_100_0_0_initstate_0_noise_31,put_the_cream_cheese_in_the_bowl,Sensor Noise,,initstate_0,,,noise_31,,view_0,
put_the_cream_cheese_in_the_bowl_view_0_0_100_0_0_initstate_0_noise_32,put_the_cream_cheese_in_the_bowl,Sensor Noise,,initstate_0,,,noise_32,,view_0,
put_the_cream_cheese_in_the_bowl_view_0_0_100_0_0_initstate_0_noise_33,put_the_cream_cheese_in_the_bowl,Sensor Noise,,initstate_0,,,noise_33,,view_0,
put_the_cream_cheese_in_the_bowl_view_0_0_100_0_0_initstate_0_noise_34,put_the_cream_cheese_in_the_bowl,Sensor Noise,,initstate_0,,,noise_34,,view_0,
put_the_cream_cheese_in_the_bowl_view_0_0_100_0_0_initstate_0_noise_35,put_the_cream_cheese_in_the_bowl,Sensor Noise,,initstate_0,,,noise_35,,view_0,
put_the_cream_cheese_in_the_bowl_view_0_0_100_0_0_initstate_0_noise_36,put_the_cream_cheese_in_the_bowl,Sensor Noise,,initstate_0,,,noise_36,,view_0,
put_the_cream_cheese_in_the_bowl_view_0_0_100_0_0_initstate_0_noise_37,put_the_cream_cheese_in_the_bowl,Sensor Noise,,initstate_0,,,noise_37,,view_0,
put_the_cream_cheese_in_the_bowl_view_0_0_100_0_0_initstate_0_noise_38,put_the_cream_cheese_in_the_bowl,Sensor Noise,,initstate_0,,,noise_38,,view_0,
put_the_cream_cheese_in_the_bowl_view_0_0_100_0_0_initstate_0_noise_39,put_the_cream_cheese_in_the_bowl,Sensor Noise,,initstate_0,,,noise_39,,view_0,
put_the_cream_cheese_in_the_bowl_view_0_0_100_0_0_initstate_0_noise_40,put_the_cream_cheese_in_the_bowl,Sensor Noise,,initstate_0,,,noise_40,,view_0,
put_the_cream_cheese_in_the_bowl_view_0_0_100_0_0_initstate_0_noise_41,put_the_cream_cheese_in_the_bowl,Sensor Noise,,initstate_0,,,noise_41,,view_0,
put_the_cream_cheese_in_the_bowl_view_0_0_100_0_0_initstate_0_noise_42,put_the_cream_cheese_in_the_bowl,Sensor Noise,,initstate_0,,,noise_42,,view_0,
put_the_cream_cheese_in_the_bowl_view_0_0_100_0_0_initstate_0_noise_43,put_the_cream_cheese_in_the_bowl,Sensor Noise,,initstate_0,,,noise_43,,view_0,
put_the_cream_cheese_in_the_bowl_view_0_0_100_0_0_initstate_0_noise_44,put_the_cream_cheese_in_the_bowl,Sensor Noise,,initstate_0,,,noise_44,,view_0,
put_the_cream_cheese_in_the_bowl_view_0_0_100_0_0_initstate_0_noise_45,put_the_cream_cheese_in_the_bowl,Sensor Noise,,initstate_0,,,noise_45,,view_0,
put_the_cream_cheese_in_the_bowl_view_0_0_100_0_0_initstate_0_noise_46,put_the_cream_cheese_in_the_bowl,Sensor Noise,,initstate_0,,,noise_46,,view_0,
put_the_cream_cheese_in_the_bowl_view_0_0_100_0_0_initstate_0_noise_47,put_the_cream_cheese_in_the_bowl,Sensor Noise,,initstate_0,,,noise_47,,view_0,
put_the_cream_cheese_in_the_bowl_view_0_0_100_0_0_initstate_0_noise_48,put_the_cream_cheese_in_the_bowl,Sensor Noise,,initstate_0,,,noise_48,,view_0,
put_the_cream_cheese_in_the_bowl_view_0_0_100_0_0_initstate_0_noise_49,put_the_cream_cheese_in_the_bowl,Sensor Noise,,initstate_0,,,noise_49,,view_0,
put_the_cream_cheese_in_the_bowl_view_0_0_100_0_0_initstate_0_noise_50,put_the_cream_cheese_in_the_bowl,Sensor Noise,,initstate_0,,,noise_50,,view_0,
put_the_cream_cheese_in_the_bowl_add_10,put_the_cream_cheese_in_the_bowl,Objects Layout,add_10,,,,,,,
put_the_cream_cheese_in_the_bowl_add_11,put_the_cream_cheese_in_the_bowl,Objects Layout,add_11,,,,,,,
put_the_cream_cheese_in_the_bowl_add_12,put_the_cream_cheese_in_the_bowl,Objects Layout,add_12,,,,,,,
put_the_cream_cheese_in_the_bowl_add_13,put_the_cream_cheese_in_the_bowl,Objects Layout,add_13,,,,,,,
put_the_cream_cheese_in_the_bowl_add_14,put_the_cream_cheese_in_the_bowl,Objects Layout,add_14,,,,,,,
put_the_cream_cheese_in_the_bowl_add_16,put_the_cream_cheese_in_the_bowl,Objects Layout,add_16,,,,,,,
put_the_cream_cheese_in_the_bowl_add_17,put_the_cream_cheese_in_the_bowl,Objects Layout,add_17,,,,,,,
put_the_cream_cheese_in_the_bowl_add_18,put_the_cream_cheese_in_the_bowl,Objects Layout,add_18,,,,,,,
put_the_cream_cheese_in_the_bowl_add_19,put_the_cream_cheese_in_the_bowl,Objects Layout,add_19,,,,,,,
put_the_cream_cheese_in_the_bowl_add_20,put_the_cream_cheese_in_the_bowl,Objects Layout,add_20,,,,,,,
put_the_cream_cheese_in_the_bowl_add_21,put_the_cream_cheese_in_the_bowl,Objects Layout,add_21,,,,,,,
put_the_cream_cheese_in_the_bowl_add_22,put_the_cream_cheese_in_the_bowl,Objects Layout,add_22,,,,,,,
put_the_cream_cheese_in_the_bowl_add_23,put_the_cream_cheese_in_the_bowl,Objects Layout,add_23,,,,,,,
put_the_cream_cheese_in_the_bowl_add_24,put_the_cream_cheese_in_the_bowl,Objects Layout,add_24,,,,,,,
put_the_cream_cheese_in_the_bowl_add_25,put_the_cream_cheese_in_the_bowl,Objects Layout,add_25,,,,,,,
put_the_cream_cheese_in_the_bowl_add_26,put_the_cream_cheese_in_the_bowl,Objects Layout,add_26,,,,,,,
put_the_cream_cheese_in_the_bowl_add_27,put_the_cream_cheese_in_the_bowl,Objects Layout,add_27,,,,,,,
put_the_cream_cheese_in_the_bowl_add_28,put_the_cream_cheese_in_the_bowl,Objects Layout,add_28,,,,,,,
put_the_cream_cheese_in_the_bowl_add_29,put_the_cream_cheese_in_the_bowl,Objects Layout,add_29,,,,,,,
put_the_cream_cheese_in_the_bowl_add_3,put_the_cream_cheese_in_the_bowl,Objects Layout,add_3,,,,,,,
put_the_cream_cheese_in_the_bowl_add_30,put_the_cream_cheese_in_the_bowl,Objects Layout,add_30,,,,,,,
put_the_cream_cheese_in_the_bowl_add_4,put_the_cream_cheese_in_the_bowl,Objects Layout,add_4,,,,,,,
put_the_cream_cheese_in_the_bowl_add_5,put_the_cream_cheese_in_the_bowl,Objects Layout,add_5,,,,,,,
put_the_cream_cheese_in_the_bowl_add_8,put_the_cream_cheese_in_the_bowl,Objects Layout,add_8,,,,,,,
put_the_cream_cheese_in_the_bowl_add_9,put_the_cream_cheese_in_the_bowl,Objects Layout,add_9,,,,,,,
put_the_cream_cheese_in_the_bowl_light_1,put_the_cream_cheese_in_the_bowl,Light Conditions,,,,light_1,,,,
put_the_cream_cheese_in_the_bowl_light_10,put_the_cream_cheese_in_the_bowl,Light Conditions,,,,light_10,,,,
put_the_cream_cheese_in_the_bowl_light_14,put_the_cream_cheese_in_the_bowl,Light Conditions,,,,light_14,,,,
put_the_cream_cheese_in_the_bowl_light_15,put_the_cream_cheese_in_the_bowl,Light Conditions,,,,light_15,,,,
put_the_cream_cheese_in_the_bowl_light_18,put_the_cream_cheese_in_the_bowl,Light Conditions,,,,light_18,,,,
put_the_cream_cheese_in_the_bowl_light_21,put_the_cream_cheese_in_the_bowl,Light Conditions,,,,light_21,,,,
put_the_cream_cheese_in_the_bowl_light_22,put_the_cream_cheese_in_the_bowl,Light Conditions,,,,light_22,,,,
put_the_cream_cheese_in_the_bowl_light_25,put_the_cream_cheese_in_the_bowl,Light Conditions,,,,light_25,,,,
put_the_cream_cheese_in_the_bowl_light_26,put_the_cream_cheese_in_the_bowl,Light Conditions,,,,light_26,,,,
put_the_cream_cheese_in_the_bowl_light_27,put_the_cream_cheese_in_the_bowl,Light Conditions,,,,light_27,,,,
put_the_cream_cheese_in_the_bowl_light_30,put_the_cream_cheese_in_the_bowl,Light Conditions,,,,light_30,,,,
put_the_cream_cheese_in_the_bowl_light_32,put_the_cream_cheese_in_the_bowl,Light Conditions,,,,light_32,,,,
put_the_cream_cheese_in_the_bowl_light_37,put_the_cream_cheese_in_the_bowl,Light Conditions,,,,light_37,,,,
put_the_cream_cheese_in_the_bowl_light_38,put_the_cream_cheese_in_the_bowl,Light Conditions,,,,light_38,,,,
put_the_cream_cheese_in_the_bowl_light_39,put_the_cream_cheese_in_the_bowl,Light Conditions,,,,light_39,,,,
put_the_cream_cheese_in_the_bowl_light_41,put_the_cream_cheese_in_the_bowl,Light Conditions,,,,light_41,,,,
put_the_cream_cheese_in_the_bowl_light_42,put_the_cream_cheese_in_the_bowl,Light Conditions,,,,light_42,,,,
put_the_cream_cheese_in_the_bowl_light_44,put_the_cream_cheese_in_the_bowl,Light Conditions,,,,light_44,,,,
put_the_cream_cheese_in_the_bowl_light_46,put_the_cream_cheese_in_the_bowl,Light Conditions,,,,light_46,,,,
put_the_cream_cheese_in_the_bowl_light_48,put_the_cream_cheese_in_the_bowl,Light Conditions,,,,light_48,,,,
put_the_cream_cheese_in_the_bowl_light_5,put_the_cream_cheese_in_the_bowl,Light Conditions,,,,light_5,,,,
put_the_cream_cheese_in_the_bowl_light_50,put_the_cream_cheese_in_the_bowl,Light Conditions,,,,light_50,,,,
put_the_cream_cheese_in_the_bowl_light_6,put_the_cream_cheese_in_the_bowl,Light Conditions,,,,light_6,,,,
put_the_cream_cheese_in_the_bowl_light_7,put_the_cream_cheese_in_the_bowl,Light Conditions,,,,light_7,,,,
put_the_cream_cheese_in_the_bowl_light_8,put_the_cream_cheese_in_the_bowl,Light Conditions,,,,light_8,,,,
put_the_wine_bottle_on_the_rack_table_1,put_the_wine_bottle_on_the_rack,Background Textures,,,,,,table_1,,
put_the_wine_bottle_on_the_rack_table_10,put_the_wine_bottle_on_the_rack,Background Textures,,,,,,table_10,,
put_the_wine_bottle_on_the_rack_table_11,put_the_wine_bottle_on_the_rack,Background Textures,,,,,,table_11,,
put_the_wine_bottle_on_the_rack_table_12,put_the_wine_bottle_on_the_rack,Background Textures,,,,,,table_12,,
put_the_wine_bottle_on_the_rack_table_13,put_the_wine_bottle_on_the_rack,Background Textures,,,,,,table_13,,
put_the_wine_bottle_on_the_rack_table_14,put_the_wine_bottle_on_the_rack,Background Textures,,,,,,table_14,,
put_the_wine_bottle_on_the_rack_table_15,put_the_wine_bottle_on_the_rack,Background Textures,,,,,,table_15,,
put_the_wine_bottle_on_the_rack_table_16,put_the_wine_bottle_on_the_rack,Background Textures,,,,,,table_16,,
put_the_wine_bottle_on_the_rack_table_17,put_the_wine_bottle_on_the_rack,Background Textures,,,,,,table_17,,
put_the_wine_bottle_on_the_rack_table_18,put_the_wine_bottle_on_the_rack,Background Textures,,,,,,table_18,,
put_the_wine_bottle_on_the_rack_table_19,put_the_wine_bottle_on_the_rack,Background Textures,,,,,,table_19,,
put_the_wine_bottle_on_the_rack_table_2,put_the_wine_bottle_on_the_rack,Background Textures,,,,,,table_2,,
put_the_wine_bottle_on_the_rack_table_20,put_the_wine_bottle_on_the_rack,Background Textures,,,,,,table_20,,
put_the_wine_bottle_on_the_rack_table_22,put_the_wine_bottle_on_the_rack,Background Textures,,,,,,table_22,,
put_the_wine_bottle_on_the_rack_table_23,put_the_wine_bottle_on_the_rack,Background Textures,,,,,,table_23,,
put_the_wine_bottle_on_the_rack_table_24,put_the_wine_bottle_on_the_rack,Background Textures,,,,,,table_24,,
put_the_wine_bottle_on_the_rack_table_25,put_the_wine_bottle_on_the_rack,Background Textures,,,,,,table_25,,
put_the_wine_bottle_on_the_rack_table_26,put_the_wine_bottle_on_the_rack,Background Textures,,,,,,table_26,,
put_the_wine_bottle_on_the_rack_table_27,put_the_wine_bottle_on_the_rack,Background Textures,,,,,,table_27,,
put_the_wine_bottle_on_the_rack_table_28,put_the_wine_bottle_on_the_rack,Background Textures,,,,,,table_28,,
put_the_wine_bottle_on_the_rack_table_3,put_the_wine_bottle_on_the_rack,Background Textures,,,,,,table_3,,
put_the_wine_bottle_on_the_rack_table_5,put_the_wine_bottle_on_the_rack,Background Textures,,,,,,table_5,,
put_the_wine_bottle_on_the_rack_table_6,put_the_wine_bottle_on_the_rack,Background Textures,,,,,,table_6,,
put_the_wine_bottle_on_the_rack_table_7,put_the_wine_bottle_on_the_rack,Background Textures,,,,,,table_7,,
put_the_wine_bottle_on_the_rack_table_8,put_the_wine_bottle_on_the_rack,Background Textures,,,,,,table_8,,
put_the_wine_bottle_on_the_rack_table_9,put_the_wine_bottle_on_the_rack,Background Textures,,,,,,table_9,,
put_the_wine_bottle_on_the_rack_tb_1,put_the_wine_bottle_on_the_rack,Background Textures,,,,,,tb_1,,
put_the_wine_bottle_on_the_rack_tb_10,put_the_wine_bottle_on_the_rack,Background Textures,,,,,,tb_10,,
put_the_wine_bottle_on_the_rack_tb_11,put_the_wine_bottle_on_the_rack,Background Textures,,,,,,tb_11,,
put_the_wine_bottle_on_the_rack_tb_12,put_the_wine_bottle_on_the_rack,Background Textures,,,,,,tb_12,,
put_the_wine_bottle_on_the_rack_tb_13,put_the_wine_bottle_on_the_rack,Background Textures,,,,,,tb_13,,
put_the_wine_bottle_on_the_rack_tb_14,put_the_wine_bottle_on_the_rack,Background Textures,,,,,,tb_14,,
put_the_wine_bottle_on_the_rack_tb_15,put_the_wine_bottle_on_the_rack,Background Textures,,,,,,tb_15,,
put_the_wine_bottle_on_the_rack_tb_16,put_the_wine_bottle_on_the_rack,Background Textures,,,,,,tb_16,,
put_the_wine_bottle_on_the_rack_tb_17,put_the_wine_bottle_on_the_rack,Background Textures,,,,,,tb_17,,
put_the_wine_bottle_on_the_rack_tb_18,put_the_wine_bottle_on_the_rack,Background Textures,,,,,,tb_18,,
put_the_wine_bottle_on_the_rack_tb_19,put_the_wine_bottle_on_the_rack,Background Textures,,,,,,tb_19,,
put_the_wine_bottle_on_the_rack_tb_20,put_the_wine_bottle_on_the_rack,Background Textures,,,,,,tb_20,,
put_the_wine_bottle_on_the_rack_tb_21,put_the_wine_bottle_on_the_rack,Background Textures,,,,,,tb_21,,
put_the_wine_bottle_on_the_rack_tb_22,put_the_wine_bottle_on_the_rack,Background Textures,,,,,,tb_22,,
put_the_wine_bottle_on_the_rack_tb_3,put_the_wine_bottle_on_the_rack,Background Textures,,,,,,tb_3,,
put_the_wine_bottle_on_the_rack_tb_4,put_the_wine_bottle_on_the_rack,Background Textures,,,,,,tb_4,,
put_the_wine_bottle_on_the_rack_tb_5,put_the_wine_bottle_on_the_rack,Background Textures,,,,,,tb_5,,
put_the_wine_bottle_on_the_rack_tb_6,put_the_wine_bottle_on_the_rack,Background Textures,,,,,,tb_6,,
put_the_wine_bottle_on_the_rack_tb_8,put_the_wine_bottle_on_the_rack,Background Textures,,,,,,tb_8,,
put_the_wine_bottle_on_the_rack_tb_9,put_the_wine_bottle_on_the_rack,Background Textures,,,,,,tb_9,,
put_the_wine_bottle_on_the_rack_view_0_0_100_0_0_initstate_10,put_the_wine_bottle_on_the_rack,Robot Initial States,,initstate_10,,,,,view_0,
put_the_wine_bottle_on_the_rack_view_0_0_100_0_0_initstate_20,put_the_wine_bottle_on_the_rack,Robot Initial States,,initstate_20,,,,,view_0,
put_the_wine_bottle_on_the_rack_view_0_0_100_0_0_initstate_30,put_the_wine_bottle_on_the_rack,Robot Initial States,,initstate_30,,,,,view_0,
put_the_wine_bottle_on_the_rack_view_0_0_100_0_0_initstate_40,put_the_wine_bottle_on_the_rack,Robot Initial States,,initstate_40,,,,,view_0,
put_the_wine_bottle_on_the_rack_view_0_0_100_0_0_initstate_50,put_the_wine_bottle_on_the_rack,Robot Initial States,,initstate_50,,,,,view_0,
put_the_wine_bottle_on_the_rack_view_0_0_100_0_0_initstate_70,put_the_wine_bottle_on_the_rack,Robot Initial States,,initstate_70,,,,,view_0,
put_the_wine_bottle_on_the_rack_view_0_0_100_0_0_initstate_80,put_the_wine_bottle_on_the_rack,Robot Initial States,,initstate_80,,,,,view_0,
put_the_wine_bottle_on_the_rack_view_0_0_100_0_0_initstate_90,put_the_wine_bottle_on_the_rack,Robot Initial States,,initstate_90,,,,,view_0,
put_the_wine_bottle_on_the_rack_view_0_0_100_0_0_initstate_110,put_the_wine_bottle_on_the_rack,Robot Initial States,,initstate_110,,,,,view_0,
put_the_wine_bottle_on_the_rack_view_0_0_100_0_0_initstate_120,put_the_wine_bottle_on_the_rack,Robot Initial States,,initstate_120,,,,,view_0,
put_the_wine_bottle_on_the_rack_view_0_0_100_0_0_initstate_130,put_the_wine_bottle_on_the_rack,Robot Initial States,,initstate_130,,,,,view_0,
put_the_wine_bottle_on_the_rack_view_0_0_100_0_0_initstate_140,put_the_wine_bottle_on_the_rack,Robot Initial States,,initstate_140,,,,,view_0,
put_the_wine_bottle_on_the_rack_view_0_0_100_0_0_initstate_160,put_the_wine_bottle_on_the_rack,Robot Initial States,,initstate_160,,,,,view_0,
put_the_wine_bottle_on_the_rack_view_0_0_100_0_0_initstate_170,put_the_wine_bottle_on_the_rack,Robot Initial States,,initstate_170,,,,,view_0,
put_the_wine_bottle_on_the_rack_view_0_0_100_0_0_initstate_180,put_the_wine_bottle_on_the_rack,Robot Initial States,,initstate_180,,,,,view_0,
put_the_wine_bottle_on_the_rack_view_0_0_100_0_0_initstate_190,put_the_wine_bottle_on_the_rack,Robot Initial States,,initstate_190,,,,,view_0,
put_the_wine_bottle_on_the_rack_view_0_0_100_0_0_initstate_200,put_the_wine_bottle_on_the_rack,Robot Initial States,,initstate_200,,,,,view_0,
put_the_wine_bottle_on_the_rack_view_0_0_100_0_0_initstate_210,put_the_wine_bottle_on_the_rack,Robot Initial States,,initstate_210,,,,,view_0,
put_the_wine_bottle_on_the_rack_view_0_0_100_0_0_initstate_220,put_the_wine_bottle_on_the_rack,Robot Initial States,,initstate_220,,,,,view_0,
put_the_wine_bottle_on_the_rack_view_0_0_100_0_0_initstate_230,put_the_wine_bottle_on_the_rack,Robot Initial States,,initstate_230,,,,,view_0,
put_the_wine_bottle_on_the_rack_view_0_0_100_0_0_initstate_240,put_the_wine_bottle_on_the_rack,Robot Initial States,,initstate_240,,,,,view_0,
put_the_wine_bottle_on_the_rack_view_0_0_100_0_0_initstate_250,put_the_wine_bottle_on_the_rack,Robot Initial States,,initstate_250,,,,,view_0,
put_the_wine_bottle_on_the_rack_view_0_0_100_0_0_initstate_260,put_the_wine_bottle_on_the_rack,Robot Initial States,,initstate_260,,,,,view_0,
put_the_wine_bottle_on_the_rack_view_0_0_100_0_0_initstate_270,put_the_wine_bottle_on_the_rack,Robot Initial States,,initstate_270,,,,,view_0,
put_the_wine_bottle_on_the_rack_view_0_0_100_0_0_initstate_280,put_the_wine_bottle_on_the_rack,Robot Initial States,,initstate_280,,,,,view_0,
put_the_wine_bottle_on_the_rack_view_0_0_100_0_0_initstate_290,put_the_wine_bottle_on_the_rack,Robot Initial States,,initstate_290,,,,,view_0,
put_the_wine_bottle_on_the_rack_view_0_0_100_0_0_initstate_300,put_the_wine_bottle_on_the_rack,Robot Initial States,,initstate_300,,,,,view_0,
put_the_wine_bottle_on_the_rack_view_0_0_100_0_0_initstate_360,put_the_wine_bottle_on_the_rack,Robot Initial States,,initstate_360,,,,,view_0,
put_the_wine_bottle_on_the_rack_view_0_0_100_0_0_initstate_370,put_the_wine_bottle_on_the_rack,Robot Initial States,,initstate_370,,,,,view_0,
put_the_wine_bottle_on_the_rack_view_0_0_100_0_0_initstate_380,put_the_wine_bottle_on_the_rack,Robot Initial States,,initstate_380,,,,,view_0,
put_the_wine_bottle_on_the_rack_view_0_0_100_0_0_initstate_390,put_the_wine_bottle_on_the_rack,Robot Initial States,,initstate_390,,,,,view_0,
put_the_wine_bottle_on_the_rack_view_0_0_100_0_0_initstate_400,put_the_wine_bottle_on_the_rack,Robot Initial States,,initstate_400,,,,,view_0,
put_the_wine_bottle_on_the_rack_view_0_0_100_0_0_initstate_420,put_the_wine_bottle_on_the_rack,Robot Initial States,,initstate_420,,,,,view_0,
put_the_wine_bottle_on_the_rack_view_0_0_100_0_0_initstate_440,put_the_wine_bottle_on_the_rack,Robot Initial States,,initstate_440,,,,,view_0,
put_the_wine_bottle_on_the_rack_view_0_0_100_0_0_initstate_450,put_the_wine_bottle_on_the_rack,Robot Initial States,,initstate_450,,,,,view_0,
put_the_wine_bottle_on_the_rack_view_0_0_100_0_0_initstate_460,put_the_wine_bottle_on_the_rack,Robot Initial States,,initstate_460,,,,,view_0,
put_the_wine_bottle_on_the_rack_view_0_0_100_0_0_initstate_480,put_the_wine_bottle_on_the_rack,Robot Initial States,,initstate_480,,,,,view_0,
put_the_wine_bottle_on_the_rack_view_0_0_100_0_0_initstate_490,put_the_wine_bottle_on_the_rack,Robot Initial States,,initstate_490,,,,,view_0,
put_the_wine_bottle_on_the_rack_view_0_0_100_0_0_initstate_500,put_the_wine_bottle_on_the_rack,Robot Initial States,,initstate_500,,,,,view_0,
put_the_wine_bottle_on_the_rack_view_0_0_191_0_0_initstate_0,put_the_wine_bottle_on_the_rack,Camera Viewpoints,,initstate_0,,,,,view_0,
put_the_wine_bottle_on_the_rack_view_0_0_192_0_0_initstate_0,put_the_wine_bottle_on_the_rack,Camera Viewpoints,,initstate_0,,,,,view_0,
put_the_wine_bottle_on_the_rack_view_0_0_193_0_0_initstate_0,put_the_wine_bottle_on_the_rack,Camera Viewpoints,,initstate_0,,,,,view_0,
put_the_wine_bottle_on_the_rack_view_0_0_194_0_0_initstate_0,put_the_wine_bottle_on_the_rack,Camera Viewpoints,,initstate_0,,,,,view_0,
put_the_wine_bottle_on_the_rack_view_0_0_195_0_0_initstate_0,put_the_wine_bottle_on_the_rack,Camera Viewpoints,,initstate_0,,,,,view_0,
put_the_wine_bottle_on_the_rack_view_0_0_196_0_0_initstate_0,put_the_wine_bottle_on_the_rack,Camera Viewpoints,,initstate_0,,,,,view_0,
put_the_wine_bottle_on_the_rack_view_0_0_197_0_0_initstate_0,put_the_wine_bottle_on_the_rack,Camera Viewpoints,,initstate_0,,,,,view_0,
put_the_wine_bottle_on_the_rack_view_0_0_198_0_0_initstate_0,put_the_wine_bottle_on_the_rack,Camera Viewpoints,,initstate_0,,,,,view_0,
put_the_wine_bottle_on_the_rack_view_0_0_199_0_0_initstate_0,put_the_wine_bottle_on_the_rack,Camera Viewpoints,,initstate_0,,,,,view_0,
put_the_wine_bottle_on_the_rack_view_0_0_200_0_0_initstate_0,put_the_wine_bottle_on_the_rack,Camera Viewpoints,,initstate_0,,,,,view_0,
put_the_wine_bottle_on_the_rack_view_0_0_100_358_2_initstate_0,put_the_wine_bottle_on_the_rack,Camera Viewpoints,,initstate_0,,,,,view_0,
put_the_wine_bottle_on_the_rack_view_0_0_100_358_4_initstate_0,put_the_wine_bottle_on_the_rack,Camera Viewpoints,,initstate_0,,,,,view_0,
put_the_wine_bottle_on_the_rack_view_0_0_100_358_6_initstate_0,put_the_wine_bottle_on_the_rack,Camera Viewpoints,,initstate_0,,,,,view_0,
put_the_wine_bottle_on_the_rack_view_0_0_100_358_8_initstate_0,put_the_wine_bottle_on_the_rack,Camera Viewpoints,,initstate_0,,,,,view_0,
put_the_wine_bottle_on_the_rack_view_0_0_100_358_10_initstate_0,put_the_wine_bottle_on_the_rack,Camera Viewpoints,,initstate_0,,,,,view_0,
put_the_wine_bottle_on_the_rack_view_0_0_100_358_350_initstate_0,put_the_wine_bottle_on_the_rack,Camera Viewpoints,,initstate_0,,,,,view_0,
put_the_wine_bottle_on_the_rack_view_0_0_100_358_352_initstate_0,put_the_wine_bottle_on_the_rack,Camera Viewpoints,,initstate_0,,,,,view_0,
put_the_wine_bottle_on_the_rack_view_0_0_100_358_356_initstate_0,put_the_wine_bottle_on_the_rack,Camera Viewpoints,,initstate_0,,,,,view_0,
put_the_wine_bottle_on_the_rack_view_0_0_100_358_358_initstate_0,put_the_wine_bottle_on_the_rack,Camera Viewpoints,,initstate_0,,,,,view_0,
put_the_wine_bottle_on_the_rack_view_345_0_100_0_0_initstate_0,put_the_wine_bottle_on_the_rack,Camera Viewpoints,,initstate_0,,,,,view_345,
put_the_wine_bottle_on_the_rack_view_345_15_100_0_0_initstate_0,put_the_wine_bottle_on_the_rack,Camera Viewpoints,,initstate_0,,,,,view_345,
put_the_wine_bottle_on_the_rack_view_346_0_100_0_0_initstate_0,put_the_wine_bottle_on_the_rack,Camera Viewpoints,,initstate_0,,,,,view_346,
put_the_wine_bottle_on_the_rack_view_346_15_100_0_0_initstate_0,put_the_wine_bottle_on_the_rack,Camera Viewpoints,,initstate_0,,,,,view_346,
put_the_wine_bottle_on_the_rack_view_347_0_100_0_0_initstate_0,put_the_wine_bottle_on_the_rack,Camera Viewpoints,,initstate_0,,,,,view_347,
put_the_wine_bottle_on_the_rack_view_347_15_100_0_0_initstate_0,put_the_wine_bottle_on_the_rack,Camera Viewpoints,,initstate_0,,,,,view_347,
put_the_wine_bottle_on_the_rack_view_348_0_100_0_0_initstate_0,put_the_wine_bottle_on_the_rack,Camera Viewpoints,,initstate_0,,,,,view_348,
put_the_wine_bottle_on_the_rack_view_348_15_100_0_0_initstate_0,put_the_wine_bottle_on_the_rack,Camera Viewpoints,,initstate_0,,,,,view_348,
put_the_wine_bottle_on_the_rack_view_349_0_100_0_0_initstate_0,put_the_wine_bottle_on_the_rack,Camera Viewpoints,,initstate_0,,,,,view_349,
put_the_wine_bottle_on_the_rack_view_349_15_100_0_0_initstate_0,put_the_wine_bottle_on_the_rack,Camera Viewpoints,,initstate_0,,,,,view_349,
put_the_wine_bottle_on_the_rack_view_350_15_100_0_0_initstate_0,put_the_wine_bottle_on_the_rack,Camera Viewpoints,,initstate_0,,,,,view_350,
put_the_wine_bottle_on_the_rack_view_351_0_100_0_0_initstate_0,put_the_wine_bottle_on_the_rack,Camera Viewpoints,,initstate_0,,,,,view_351,
put_the_wine_bottle_on_the_rack_view_351_15_100_0_0_initstate_0,put_the_wine_bottle_on_the_rack,Camera Viewpoints,,initstate_0,,,,,view_351,
put_the_wine_bottle_on_the_rack_view_352_0_100_0_0_initstate_0,put_the_wine_bottle_on_the_rack,Camera Viewpoints,,initstate_0,,,,,view_352,
put_the_wine_bottle_on_the_rack_view_352_15_100_0_0_initstate_0,put_the_wine_bottle_on_the_rack,Camera Viewpoints,,initstate_0,,,,,view_352,
put_the_wine_bottle_on_the_rack_view_353_0_100_0_0_initstate_0,put_the_wine_bottle_on_the_rack,Camera Viewpoints,,initstate_0,,,,,view_353,
put_the_wine_bottle_on_the_rack_view_353_15_100_0_0_initstate_0,put_the_wine_bottle_on_the_rack,Camera Viewpoints,,initstate_0,,,,,view_353,
put_the_wine_bottle_on_the_rack_view_354_15_100_0_0_initstate_0,put_the_wine_bottle_on_the_rack,Camera Viewpoints,,initstate_0,,,,,view_354,
put_the_wine_bottle_on_the_rack_view_355_15_100_0_0_initstate_0,put_the_wine_bottle_on_the_rack,Camera Viewpoints,,initstate_0,,,,,view_355,
put_the_wine_bottle_on_the_rack_view_356_0_100_0_0_initstate_0,put_the_wine_bottle_on_the_rack,Camera Viewpoints,,initstate_0,,,,,view_356,
put_the_wine_bottle_on_the_rack_view_356_15_100_0_0_initstate_0,put_the_wine_bottle_on_the_rack,Camera Viewpoints,,initstate_0,,,,,view_356,
put_the_wine_bottle_on_the_rack_view_357_15_100_0_0_initstate_0,put_the_wine_bottle_on_the_rack,Camera Viewpoints,,initstate_0,,,,,view_357,
put_the_wine_bottle_on_the_rack_view_359_15_100_0_0_initstate_0,put_the_wine_bottle_on_the_rack,Camera Viewpoints,,initstate_0,,,,,view_359,
put_the_wine_bottle_on_the_rack_language_1_view_0_0_100_0_0_initstate_0,put_the_wine_bottle_on_the_rack,Language Instructions,,initstate_0,language_1,,,,view_0,
put_the_wine_bottle_on_the_rack_language_2_view_0_0_100_0_0_initstate_0,put_the_wine_bottle_on_the_rack,Language Instructions,,initstate_0,language_2,,,,view_0,
put_the_wine_bottle_on_the_rack_language_3_view_0_0_100_0_0_initstate_0,put_the_wine_bottle_on_the_rack,Language Instructions,,initstate_0,language_3,,,,view_0,
put_the_wine_bottle_on_the_rack_language_4_view_0_0_100_0_0_initstate_0,put_the_wine_bottle_on_the_rack,Language Instructions,,initstate_0,language_4,,,,view_0,
put_the_wine_bottle_on_the_rack_language_5_view_0_0_100_0_0_initstate_0,put_the_wine_bottle_on_the_rack,Language Instructions,,initstate_0,language_5,,,,view_0,
put_the_wine_bottle_on_the_rack_language_6_view_0_0_100_0_0_initstate_0,put_the_wine_bottle_on_the_rack,Language Instructions,,initstate_0,language_6,,,,view_0,
put_the_wine_bottle_on_the_rack_language_7_view_0_0_100_0_0_initstate_0,put_the_wine_bottle_on_the_rack,Language Instructions,,initstate_0,language_7,,,,view_0,
put_the_wine_bottle_on_the_rack_language_8_view_0_0_100_0_0_initstate_0,put_the_wine_bottle_on_the_rack,Language Instructions,,initstate_0,language_8,,,,view_0,
put_the_wine_bottle_on_the_rack_language_9_view_0_0_100_0_0_initstate_0,put_the_wine_bottle_on_the_rack,Language Instructions,,initstate_0,language_9,,,,view_0,
put_the_wine_bottle_on_the_rack_language_10_view_0_0_100_0_0_initstate_0,put_the_wine_bottle_on_the_rack,Language Instructions,,initstate_0,language_10,,,,view_0,
put_the_wine_bottle_on_the_rack_language_11_view_0_0_100_0_0_initstate_0,put_the_wine_bottle_on_the_rack,Language Instructions,,initstate_0,language_11,,,,view_0,
put_the_wine_bottle_on_the_rack_language_12_view_0_0_100_0_0_initstate_0,put_the_wine_bottle_on_the_rack,Language Instructions,,initstate_0,language_12,,,,view_0,
put_the_wine_bottle_on_the_rack_language_13_view_0_0_100_0_0_initstate_0,put_the_wine_bottle_on_the_rack,Language Instructions,,initstate_0,language_13,,,,view_0,
put_the_wine_bottle_on_the_rack_language_14_view_0_0_100_0_0_initstate_0,put_the_wine_bottle_on_the_rack,Language Instructions,,initstate_0,language_14,,,,view_0,
put_the_wine_bottle_on_the_rack_language_15_view_0_0_100_0_0_initstate_0,put_the_wine_bottle_on_the_rack,Language Instructions,,initstate_0,language_15,,,,view_0,
put_the_wine_bottle_on_the_rack_language_16_view_0_0_100_0_0_initstate_0,put_the_wine_bottle_on_the_rack,Language Instructions,,initstate_0,language_16,,,,view_0,
put_the_wine_bottle_on_the_rack_language_17_view_0_0_100_0_0_initstate_0,put_the_wine_bottle_on_the_rack,Language Instructions,,initstate_0,language_17,,,,view_0,
put_the_wine_bottle_on_the_rack_language_18_view_0_0_100_0_0_initstate_0,put_the_wine_bottle_on_the_rack,Language Instructions,,initstate_0,language_18,,,,view_0,
put_the_wine_bottle_on_the_rack_language_19_view_0_0_100_0_0_initstate_0,put_the_wine_bottle_on_the_rack,Language Instructions,,initstate_0,language_19,,,,view_0,
put_the_wine_bottle_on_the_rack_language_20_view_0_0_100_0_0_initstate_0,put_the_wine_bottle_on_the_rack,Language Instructions,,initstate_0,language_20,,,,view_0,
put_the_wine_bottle_on_the_rack_language_21_view_0_0_100_0_0_initstate_0,put_the_wine_bottle_on_the_rack,Language Instructions,,initstate_0,language_21,,,,view_0,
put_the_wine_bottle_on_the_rack_language_22_view_0_0_100_0_0_initstate_0,put_the_wine_bottle_on_the_rack,Language Instructions,,initstate_0,language_22,,,,view_0,
put_the_wine_bottle_on_the_rack_language_23_view_0_0_100_0_0_initstate_0,put_the_wine_bottle_on_the_rack,Language Instructions,,initstate_0,language_23,,,,view_0,
put_the_wine_bottle_on_the_rack_language_24_view_0_0_100_0_0_initstate_0,put_the_wine_bottle_on_the_rack,Language Instructions,,initstate_0,language_24,,,,view_0,
put_the_wine_bottle_on_the_rack_language_25_view_0_0_100_0_0_initstate_0,put_the_wine_bottle_on_the_rack,Language Instructions,,initstate_0,language_25,,,,view_0,
put_the_wine_bottle_on_the_rack_language_26_view_0_0_100_0_0_initstate_0,put_the_wine_bottle_on_the_rack,Language Instructions,,initstate_0,language_26,,,,view_0,
put_the_wine_bottle_on_the_rack_language_27_view_0_0_100_0_0_initstate_0,put_the_wine_bottle_on_the_rack,Language Instructions,,initstate_0,language_27,,,,view_0,
put_the_wine_bottle_on_the_rack_language_28_view_0_0_100_0_0_initstate_0,put_the_wine_bottle_on_the_rack,Language Instructions,,initstate_0,language_28,,,,view_0,
put_the_wine_bottle_on_the_rack_language_29_view_0_0_100_0_0_initstate_0,put_the_wine_bottle_on_the_rack,Language Instructions,,initstate_0,language_29,,,,view_0,
put_the_wine_bottle_on_the_rack_language_30_view_0_0_100_0_0_initstate_0,put_the_wine_bottle_on_the_rack,Language Instructions,,initstate_0,language_30,,,,view_0,
put_the_wine_bottle_on_the_rack_language_31_view_0_0_100_0_0_initstate_0,put_the_wine_bottle_on_the_rack,Language Instructions,,initstate_0,language_31,,,,view_0,
put_the_wine_bottle_on_the_rack_language_32_view_0_0_100_0_0_initstate_0,put_the_wine_bottle_on_the_rack,Language Instructions,,initstate_0,language_32,,,,view_0,
put_the_wine_bottle_on_the_rack_language_33_view_0_0_100_0_0_initstate_0,put_the_wine_bottle_on_the_rack,Language Instructions,,initstate_0,language_33,,,,view_0,
put_the_wine_bottle_on_the_rack_language_34_view_0_0_100_0_0_initstate_0,put_the_wine_bottle_on_the_rack,Language Instructions,,initstate_0,language_34,,,,view_0,
put_the_wine_bottle_on_the_rack_language_35_view_0_0_100_0_0_initstate_0,put_the_wine_bottle_on_the_rack,Language Instructions,,initstate_0,language_35,,,,view_0,
put_the_wine_bottle_on_the_rack_language_36_view_0_0_100_0_0_initstate_0,put_the_wine_bottle_on_the_rack,Language Instructions,,initstate_0,language_36,,,,view_0,
put_the_wine_bottle_on_the_rack_language_37_view_0_0_100_0_0_initstate_0,put_the_wine_bottle_on_the_rack,Language Instructions,,initstate_0,language_37,,,,view_0,
put_the_wine_bottle_on_the_rack_language_38_view_0_0_100_0_0_initstate_0,put_the_wine_bottle_on_the_rack,Language Instructions,,initstate_0,language_38,,,,view_0,
put_the_wine_bottle_on_the_rack_language_39_view_0_0_100_0_0_initstate_0,put_the_wine_bottle_on_the_rack,Language Instructions,,initstate_0,language_39,,,,view_0,
put_the_wine_bottle_on_the_rack_language_40_view_0_0_100_0_0_initstate_0,put_the_wine_bottle_on_the_rack,Language Instructions,,initstate_0,language_40,,,,view_0,
put_the_wine_bottle_on_the_rack_language_41_view_0_0_100_0_0_initstate_0,put_the_wine_bottle_on_the_rack,Language Instructions,,initstate_0,language_41,,,,view_0,
put_the_wine_bottle_on_the_rack_language_42_view_0_0_100_0_0_initstate_0,put_the_wine_bottle_on_the_rack,Language Instructions,,initstate_0,language_42,,,,view_0,
put_the_wine_bottle_on_the_rack_language_43_view_0_0_100_0_0_initstate_0,put_the_wine_bottle_on_the_rack,Language Instructions,,initstate_0,language_43,,,,view_0,
put_the_wine_bottle_on_the_rack_language_44_view_0_0_100_0_0_initstate_0,put_the_wine_bottle_on_the_rack,Language Instructions,,initstate_0,language_44,,,,view_0,
put_the_wine_bottle_on_the_rack_language_45_view_0_0_100_0_0_initstate_0,put_the_wine_bottle_on_the_rack,Language Instructions,,initstate_0,language_45,,,,view_0,
put_the_wine_bottle_on_the_rack_language_46_view_0_0_100_0_0_initstate_0,put_the_wine_bottle_on_the_rack,Language Instructions,,initstate_0,language_46,,,,view_0,
put_the_wine_bottle_on_the_rack_language_47_view_0_0_100_0_0_initstate_0,put_the_wine_bottle_on_the_rack,Language Instructions,,initstate_0,language_47,,,,view_0,
put_the_wine_bottle_on_the_rack_language_48_view_0_0_100_0_0_initstate_0,put_the_wine_bottle_on_the_rack,Language Instructions,,initstate_0,language_48,,,,view_0,
put_the_wine_bottle_on_the_rack_language_49_view_0_0_100_0_0_initstate_0,put_the_wine_bottle_on_the_rack,Language Instructions,,initstate_0,language_49,,,,view_0,
put_the_wine_bottle_on_the_rack_language_50_view_0_0_100_0_0_initstate_0,put_the_wine_bottle_on_the_rack,Language Instructions,,initstate_0,language_50,,,,view_0,
put_the_wine_bottle_on_the_rack_view_0_0_100_0_0_initstate_0_noise_1,put_the_wine_bottle_on_the_rack,Sensor Noise,,initstate_0,,,noise_1,,view_0,
put_the_wine_bottle_on_the_rack_view_0_0_100_0_0_initstate_0_noise_2,put_the_wine_bottle_on_the_rack,Sensor Noise,,initstate_0,,,noise_2,,view_0,
put_the_wine_bottle_on_the_rack_view_0_0_100_0_0_initstate_0_noise_3,put_the_wine_bottle_on_the_rack,Sensor Noise,,initstate_0,,,noise_3,,view_0,
put_the_wine_bottle_on_the_rack_view_0_0_100_0_0_initstate_0_noise_4,put_the_wine_bottle_on_the_rack,Sensor Noise,,initstate_0,,,noise_4,,view_0,
put_the_wine_bottle_on_the_rack_view_0_0_100_0_0_initstate_0_noise_5,put_the_wine_bottle_on_the_rack,Sensor Noise,,initstate_0,,,noise_5,,view_0,
put_the_wine_bottle_on_the_rack_view_0_0_100_0_0_initstate_0_noise_6,put_the_wine_bottle_on_the_rack,Sensor Noise,,initstate_0,,,noise_6,,view_0,
put_the_wine_bottle_on_the_rack_view_0_0_100_0_0_initstate_0_noise_7,put_the_wine_bottle_on_the_rack,Sensor Noise,,initstate_0,,,noise_7,,view_0,
put_the_wine_bottle_on_the_rack_view_0_0_100_0_0_initstate_0_noise_8,put_the_wine_bottle_on_the_rack,Sensor Noise,,initstate_0,,,noise_8,,view_0,
put_the_wine_bottle_on_the_rack_view_0_0_100_0_0_initstate_0_noise_9,put_the_wine_bottle_on_the_rack,Sensor Noise,,initstate_0,,,noise_9,,view_0,
put_the_wine_bottle_on_the_rack_view_0_0_100_0_0_initstate_0_noise_10,put_the_wine_bottle_on_the_rack,Sensor Noise,,initstate_0,,,noise_10,,view_0,
put_the_wine_bottle_on_the_rack_view_0_0_100_0_0_initstate_0_noise_11,put_the_wine_bottle_on_the_rack,Sensor Noise,,initstate_0,,,noise_11,,view_0,
put_the_wine_bottle_on_the_rack_view_0_0_100_0_0_initstate_0_noise_12,put_the_wine_bottle_on_the_rack,Sensor Noise,,initstate_0,,,noise_12,,view_0,
put_the_wine_bottle_on_the_rack_view_0_0_100_0_0_initstate_0_noise_13,put_the_wine_bottle_on_the_rack,Sensor Noise,,initstate_0,,,noise_13,,view_0,
put_the_wine_bottle_on_the_rack_view_0_0_100_0_0_initstate_0_noise_14,put_the_wine_bottle_on_the_rack,Sensor Noise,,initstate_0,,,noise_14,,view_0,
put_the_wine_bottle_on_the_rack_view_0_0_100_0_0_initstate_0_noise_15,put_the_wine_bottle_on_the_rack,Sensor Noise,,initstate_0,,,noise_15,,view_0,
put_the_wine_bottle_on_the_rack_view_0_0_100_0_0_initstate_0_noise_16,put_the_wine_bottle_on_the_rack,Sensor Noise,,initstate_0,,,noise_16,,view_0,
put_the_wine_bottle_on_the_rack_view_0_0_100_0_0_initstate_0_noise_18,put_the_wine_bottle_on_the_rack,Sensor Noise,,initstate_0,,,noise_18,,view_0,
put_the_wine_bottle_on_the_rack_view_0_0_100_0_0_initstate_0_noise_19,put_the_wine_bottle_on_the_rack,Sensor Noise,,initstate_0,,,noise_19,,view_0,
put_the_wine_bottle_on_the_rack_view_0_0_100_0_0_initstate_0_noise_20,put_the_wine_bottle_on_the_rack,Sensor Noise,,initstate_0,,,noise_20,,view_0,
put_the_wine_bottle_on_the_rack_view_0_0_100_0_0_initstate_0_noise_23,put_the_wine_bottle_on_the_rack,Sensor Noise,,initstate_0,,,noise_23,,view_0,
put_the_wine_bottle_on_the_rack_view_0_0_100_0_0_initstate_0_noise_24,put_the_wine_bottle_on_the_rack,Sensor Noise,,initstate_0,,,noise_24,,view_0,
put_the_wine_bottle_on_the_rack_view_0_0_100_0_0_initstate_0_noise_25,put_the_wine_bottle_on_the_rack,Sensor Noise,,initstate_0,,,noise_25,,view_0,
put_the_wine_bottle_on_the_rack_view_0_0_100_0_0_initstate_0_noise_26,put_the_wine_bottle_on_the_rack,Sensor Noise,,initstate_0,,,noise_26,,view_0,
put_the_wine_bottle_on_the_rack_view_0_0_100_0_0_initstate_0_noise_27,put_the_wine_bottle_on_the_rack,Sensor Noise,,initstate_0,,,noise_27,,view_0,
put_the_wine_bottle_on_the_rack_view_0_0_100_0_0_initstate_0_noise_28,put_the_wine_bottle_on_the_rack,Sensor Noise,,initstate_0,,,noise_28,,view_0,
put_the_wine_bottle_on_the_rack_view_0_0_100_0_0_initstate_0_noise_29,put_the_wine_bottle_on_the_rack,Sensor Noise,,initstate_0,,,noise_29,,view_0,
put_the_wine_bottle_on_the_rack_view_0_0_100_0_0_initstate_0_noise_30,put_the_wine_bottle_on_the_rack,Sensor Noise,,initstate_0,,,noise_30,,view_0,
put_the_wine_bottle_on_the_rack_view_0_0_100_0_0_initstate_0_noise_32,put_the_wine_bottle_on_the_rack,Sensor Noise,,initstate_0,,,noise_32,,view_0,
put_the_wine_bottle_on_the_rack_view_0_0_100_0_0_initstate_0_noise_33,put_the_wine_bottle_on_the_rack,Sensor Noise,,initstate_0,,,noise_33,,view_0,
put_the_wine_bottle_on_the_rack_view_0_0_100_0_0_initstate_0_noise_34,put_the_wine_bottle_on_the_rack,Sensor Noise,,initstate_0,,,noise_34,,view_0,
put_the_wine_bottle_on_the_rack_view_0_0_100_0_0_initstate_0_noise_35,put_the_wine_bottle_on_the_rack,Sensor Noise,,initstate_0,,,noise_35,,view_0,
put_the_wine_bottle_on_the_rack_view_0_0_100_0_0_initstate_0_noise_36,put_the_wine_bottle_on_the_rack,Sensor Noise,,initstate_0,,,noise_36,,view_0,
put_the_wine_bottle_on_the_rack_view_0_0_100_0_0_initstate_0_noise_37,put_the_wine_bottle_on_the_rack,Sensor Noise,,initstate_0,,,noise_37,,view_0,
put_the_wine_bottle_on_the_rack_view_0_0_100_0_0_initstate_0_noise_41,put_the_wine_bottle_on_the_rack,Sensor Noise,,initstate_0,,,noise_41,,view_0,
put_the_wine_bottle_on_the_rack_view_0_0_100_0_0_initstate_0_noise_43,put_the_wine_bottle_on_the_rack,Sensor Noise,,initstate_0,,,noise_43,,view_0,
put_the_wine_bottle_on_the_rack_view_0_0_100_0_0_initstate_0_noise_44,put_the_wine_bottle_on_the_rack,Sensor Noise,,initstate_0,,,noise_44,,view_0,
put_the_wine_bottle_on_the_rack_view_0_0_100_0_0_initstate_0_noise_45,put_the_wine_bottle_on_the_rack,Sensor Noise,,initstate_0,,,noise_45,,view_0,
put_the_wine_bottle_on_the_rack_view_0_0_100_0_0_initstate_0_noise_46,put_the_wine_bottle_on_the_rack,Sensor Noise,,initstate_0,,,noise_46,,view_0,
put_the_wine_bottle_on_the_rack_view_0_0_100_0_0_initstate_0_noise_47,put_the_wine_bottle_on_the_rack,Sensor Noise,,initstate_0,,,noise_47,,view_0,
put_the_wine_bottle_on_the_rack_view_0_0_100_0_0_initstate_0_noise_48,put_the_wine_bottle_on_the_rack,Sensor Noise,,initstate_0,,,noise_48,,view_0,
put_the_wine_bottle_on_the_rack_view_0_0_100_0_0_initstate_0_noise_49,put_the_wine_bottle_on_the_rack,Sensor Noise,,initstate_0,,,noise_49,,view_0,
put_the_wine_bottle_on_the_rack_view_0_0_100_0_0_initstate_0_noise_50,put_the_wine_bottle_on_the_rack,Sensor Noise,,initstate_0,,,noise_50,,view_0,
put_the_wine_bottle_on_the_rack_add_1,put_the_wine_bottle_on_the_rack,Objects Layout,add_1,,,,,,,
put_the_wine_bottle_on_the_rack_add_10,put_the_wine_bottle_on_the_rack,Objects Layout,add_10,,,,,,,
put_the_wine_bottle_on_the_rack_add_11,put_the_wine_bottle_on_the_rack,Objects Layout,add_11,,,,,,,
put_the_wine_bottle_on_the_rack_add_12,put_the_wine_bottle_on_the_rack,Objects Layout,add_12,,,,,,,
put_the_wine_bottle_on_the_rack_add_13,put_the_wine_bottle_on_the_rack,Objects Layout,add_13,,,,,,,
put_the_wine_bottle_on_the_rack_add_14,put_the_wine_bottle_on_the_rack,Objects Layout,add_14,,,,,,,
put_the_wine_bottle_on_the_rack_add_15,put_the_wine_bottle_on_the_rack,Objects Layout,add_15,,,,,,,
put_the_wine_bottle_on_the_rack_add_16,put_the_wine_bottle_on_the_rack,Objects Layout,add_16,,,,,,,
put_the_wine_bottle_on_the_rack_add_17,put_the_wine_bottle_on_the_rack,Objects Layout,add_17,,,,,,,
put_the_wine_bottle_on_the_rack_add_18,put_the_wine_bottle_on_the_rack,Objects Layout,add_18,,,,,,,
put_the_wine_bottle_on_the_rack_add_19,put_the_wine_bottle_on_the_rack,Objects Layout,add_19,,,,,,,
put_the_wine_bottle_on_the_rack_add_2,put_the_wine_bottle_on_the_rack,Objects Layout,add_2,,,,,,,
put_the_wine_bottle_on_the_rack_add_20,put_the_wine_bottle_on_the_rack,Objects Layout,add_20,,,,,,,
put_the_wine_bottle_on_the_rack_add_21,put_the_wine_bottle_on_the_rack,Objects Layout,add_21,,,,,,,
put_the_wine_bottle_on_the_rack_add_22,put_the_wine_bottle_on_the_rack,Objects Layout,add_22,,,,,,,
put_the_wine_bottle_on_the_rack_add_23,put_the_wine_bottle_on_the_rack,Objects Layout,add_23,,,,,,,
put_the_wine_bottle_on_the_rack_add_24,put_the_wine_bottle_on_the_rack,Objects Layout,add_24,,,,,,,
put_the_wine_bottle_on_the_rack_add_25,put_the_wine_bottle_on_the_rack,Objects Layout,add_25,,,,,,,
put_the_wine_bottle_on_the_rack_add_26,put_the_wine_bottle_on_the_rack,Objects Layout,add_26,,,,,,,
put_the_wine_bottle_on_the_rack_add_27,put_the_wine_bottle_on_the_rack,Objects Layout,add_27,,,,,,,
put_the_wine_bottle_on_the_rack_add_28,put_the_wine_bottle_on_the_rack,Objects Layout,add_28,,,,,,,
put_the_wine_bottle_on_the_rack_add_29,put_the_wine_bottle_on_the_rack,Objects Layout,add_29,,,,,,,
put_the_wine_bottle_on_the_rack_add_3,put_the_wine_bottle_on_the_rack,Objects Layout,add_3,,,,,,,
put_the_wine_bottle_on_the_rack_add_30,put_the_wine_bottle_on_the_rack,Objects Layout,add_30,,,,,,,
put_the_wine_bottle_on_the_rack_add_4,put_the_wine_bottle_on_the_rack,Objects Layout,add_4,,,,,,,
put_the_wine_bottle_on_the_rack_add_5,put_the_wine_bottle_on_the_rack,Objects Layout,add_5,,,,,,,
put_the_wine_bottle_on_the_rack_add_6,put_the_wine_bottle_on_the_rack,Objects Layout,add_6,,,,,,,
put_the_wine_bottle_on_the_rack_add_7,put_the_wine_bottle_on_the_rack,Objects Layout,add_7,,,,,,,
put_the_wine_bottle_on_the_rack_add_8,put_the_wine_bottle_on_the_rack,Objects Layout,add_8,,,,,,,
put_the_wine_bottle_on_the_rack_add_9,put_the_wine_bottle_on_the_rack,Objects Layout,add_9,,,,,,,
put_the_wine_bottle_on_the_rack_light_10,put_the_wine_bottle_on_the_rack,Light Conditions,,,,light_10,,,,
put_the_wine_bottle_on_the_rack_light_11,put_the_wine_bottle_on_the_rack,Light Conditions,,,,light_11,,,,
put_the_wine_bottle_on_the_rack_light_12,put_the_wine_bottle_on_the_rack,Light Conditions,,,,light_12,,,,
put_the_wine_bottle_on_the_rack_light_13,put_the_wine_bottle_on_the_rack,Light Conditions,,,,light_13,,,,
put_the_wine_bottle_on_the_rack_light_15,put_the_wine_bottle_on_the_rack,Light Conditions,,,,light_15,,,,
put_the_wine_bottle_on_the_rack_light_16,put_the_wine_bottle_on_the_rack,Light Conditions,,,,light_16,,,,
put_the_wine_bottle_on_the_rack_light_17,put_the_wine_bottle_on_the_rack,Light Conditions,,,,light_17,,,,
put_the_wine_bottle_on_the_rack_light_18,put_the_wine_bottle_on_the_rack,Light Conditions,,,,light_18,,,,
put_the_wine_bottle_on_the_rack_light_19,put_the_wine_bottle_on_the_rack,Light Conditions,,,,light_19,,,,
put_the_wine_bottle_on_the_rack_light_2,put_the_wine_bottle_on_the_rack,Light Conditions,,,,light_2,,,,
put_the_wine_bottle_on_the_rack_light_20,put_the_wine_bottle_on_the_rack,Light Conditions,,,,light_20,,,,
put_the_wine_bottle_on_the_rack_light_21,put_the_wine_bottle_on_the_rack,Light Conditions,,,,light_21,,,,
put_the_wine_bottle_on_the_rack_light_22,put_the_wine_bottle_on_the_rack,Light Conditions,,,,light_22,,,,
put_the_wine_bottle_on_the_rack_light_24,put_the_wine_bottle_on_the_rack,Light Conditions,,,,light_24,,,,
put_the_wine_bottle_on_the_rack_light_25,put_the_wine_bottle_on_the_rack,Light Conditions,,,,light_25,,,,
put_the_wine_bottle_on_the_rack_light_26,put_the_wine_bottle_on_the_rack,Light Conditions,,,,light_26,,,,
put_the_wine_bottle_on_the_rack_light_27,put_the_wine_bottle_on_the_rack,Light Conditions,,,,light_27,,,,
put_the_wine_bottle_on_the_rack_light_28,put_the_wine_bottle_on_the_rack,Light Conditions,,,,light_28,,,,
put_the_wine_bottle_on_the_rack_light_29,put_the_wine_bottle_on_the_rack,Light Conditions,,,,light_29,,,,
put_the_wine_bottle_on_the_rack_light_31,put_the_wine_bottle_on_the_rack,Light Conditions,,,,light_31,,,,
put_the_wine_bottle_on_the_rack_light_33,put_the_wine_bottle_on_the_rack,Light Conditions,,,,light_33,,,,
put_the_wine_bottle_on_the_rack_light_35,put_the_wine_bottle_on_the_rack,Light Conditions,,,,light_35,,,,
put_the_wine_bottle_on_the_rack_light_36,put_the_wine_bottle_on_the_rack,Light Conditions,,,,light_36,,,,
put_the_wine_bottle_on_the_rack_light_39,put_the_wine_bottle_on_the_rack,Light Conditions,,,,light_39,,,,
put_the_wine_bottle_on_the_rack_light_41,put_the_wine_bottle_on_the_rack,Light Conditions,,,,light_41,,,,
put_the_wine_bottle_on_the_rack_light_43,put_the_wine_bottle_on_the_rack,Light Conditions,,,,light_43,,,,
put_the_wine_bottle_on_the_rack_light_44,put_the_wine_bottle_on_the_rack,Light Conditions,,,,light_44,,,,
put_the_wine_bottle_on_the_rack_light_46,put_the_wine_bottle_on_the_rack,Light Conditions,,,,light_46,,,,
put_the_wine_bottle_on_the_rack_light_49,put_the_wine_bottle_on_the_rack,Light Conditions,,,,light_49,,,,
put_the_wine_bottle_on_the_rack_light_5,put_the_wine_bottle_on_the_rack,Light Conditions,,,,light_5,,,,
put_the_wine_bottle_on_the_rack_light_50,put_the_wine_bottle_on_the_rack,Light Conditions,,,,light_50,,,,
put_the_wine_bottle_on_the_rack_light_6,put_the_wine_bottle_on_the_rack,Light Conditions,,,,light_6,,,,
put_the_wine_bottle_on_the_rack_light_7,put_the_wine_bottle_on_the_rack,Light Conditions,,,,light_7,,,,
put_the_wine_bottle_on_the_rack_light_8,put_the_wine_bottle_on_the_rack,Light Conditions,,,,light_8,,,,
put_the_wine_bottle_on_top_of_the_cabinet_table_1,put_the_wine_bottle_on_top_of_the_cabinet,Background Textures,,,,,,table_1,,
put_the_wine_bottle_on_top_of_the_cabinet_table_11,put_the_wine_bottle_on_top_of_the_cabinet,Background Textures,,,,,,table_11,,
put_the_wine_bottle_on_top_of_the_cabinet_table_12,put_the_wine_bottle_on_top_of_the_cabinet,Background Textures,,,,,,table_12,,
put_the_wine_bottle_on_top_of_the_cabinet_table_14,put_the_wine_bottle_on_top_of_the_cabinet,Background Textures,,,,,,table_14,,
put_the_wine_bottle_on_top_of_the_cabinet_table_15,put_the_wine_bottle_on_top_of_the_cabinet,Background Textures,,,,,,table_15,,
put_the_wine_bottle_on_top_of_the_cabinet_table_18,put_the_wine_bottle_on_top_of_the_cabinet,Background Textures,,,,,,table_18,,
put_the_wine_bottle_on_top_of_the_cabinet_table_19,put_the_wine_bottle_on_top_of_the_cabinet,Background Textures,,,,,,table_19,,
put_the_wine_bottle_on_top_of_the_cabinet_table_2,put_the_wine_bottle_on_top_of_the_cabinet,Background Textures,,,,,,table_2,,
put_the_wine_bottle_on_top_of_the_cabinet_table_20,put_the_wine_bottle_on_top_of_the_cabinet,Background Textures,,,,,,table_20,,
put_the_wine_bottle_on_top_of_the_cabinet_table_21,put_the_wine_bottle_on_top_of_the_cabinet,Background Textures,,,,,,table_21,,
put_the_wine_bottle_on_top_of_the_cabinet_table_22,put_the_wine_bottle_on_top_of_the_cabinet,Background Textures,,,,,,table_22,,
put_the_wine_bottle_on_top_of_the_cabinet_table_23,put_the_wine_bottle_on_top_of_the_cabinet,Background Textures,,,,,,table_23,,
put_the_wine_bottle_on_top_of_the_cabinet_table_25,put_the_wine_bottle_on_top_of_the_cabinet,Background Textures,,,,,,table_25,,
put_the_wine_bottle_on_top_of_the_cabinet_table_26,put_the_wine_bottle_on_top_of_the_cabinet,Background Textures,,,,,,table_26,,
put_the_wine_bottle_on_top_of_the_cabinet_table_3,put_the_wine_bottle_on_top_of_the_cabinet,Background Textures,,,,,,table_3,,
put_the_wine_bottle_on_top_of_the_cabinet_table_4,put_the_wine_bottle_on_top_of_the_cabinet,Background Textures,,,,,,table_4,,
put_the_wine_bottle_on_top_of_the_cabinet_table_6,put_the_wine_bottle_on_top_of_the_cabinet,Background Textures,,,,,,table_6,,
put_the_wine_bottle_on_top_of_the_cabinet_table_7,put_the_wine_bottle_on_top_of_the_cabinet,Background Textures,,,,,,table_7,,
put_the_wine_bottle_on_top_of_the_cabinet_table_9,put_the_wine_bottle_on_top_of_the_cabinet,Background Textures,,,,,,table_9,,
put_the_wine_bottle_on_top_of_the_cabinet_tb_1,put_the_wine_bottle_on_top_of_the_cabinet,Background Textures,,,,,,tb_1,,
put_the_wine_bottle_on_top_of_the_cabinet_tb_10,put_the_wine_bottle_on_top_of_the_cabinet,Background Textures,,,,,,tb_10,,
put_the_wine_bottle_on_top_of_the_cabinet_tb_11,put_the_wine_bottle_on_top_of_the_cabinet,Background Textures,,,,,,tb_11,,
put_the_wine_bottle_on_top_of_the_cabinet_tb_12,put_the_wine_bottle_on_top_of_the_cabinet,Background Textures,,,,,,tb_12,,
put_the_wine_bottle_on_top_of_the_cabinet_tb_13,put_the_wine_bottle_on_top_of_the_cabinet,Background Textures,,,,,,tb_13,,
put_the_wine_bottle_on_top_of_the_cabinet_tb_14,put_the_wine_bottle_on_top_of_the_cabinet,Background Textures,,,,,,tb_14,,
put_the_wine_bottle_on_top_of_the_cabinet_tb_15,put_the_wine_bottle_on_top_of_the_cabinet,Background Textures,,,,,,tb_15,,
put_the_wine_bottle_on_top_of_the_cabinet_tb_16,put_the_wine_bottle_on_top_of_the_cabinet,Background Textures,,,,,,tb_16,,
put_the_wine_bottle_on_top_of_the_cabinet_tb_18,put_the_wine_bottle_on_top_of_the_cabinet,Background Textures,,,,,,tb_18,,
put_the_wine_bottle_on_top_of_the_cabinet_tb_19,put_the_wine_bottle_on_top_of_the_cabinet,Background Textures,,,,,,tb_19,,
put_the_wine_bottle_on_top_of_the_cabinet_tb_2,put_the_wine_bottle_on_top_of_the_cabinet,Background Textures,,,,,,tb_2,,
put_the_wine_bottle_on_top_of_the_cabinet_tb_20,put_the_wine_bottle_on_top_of_the_cabinet,Background Textures,,,,,,tb_20,,
put_the_wine_bottle_on_top_of_the_cabinet_tb_21,put_the_wine_bottle_on_top_of_the_cabinet,Background Textures,,,,,,tb_21,,
put_the_wine_bottle_on_top_of_the_cabinet_tb_22,put_the_wine_bottle_on_top_of_the_cabinet,Background Textures,,,,,,tb_22,,
put_the_wine_bottle_on_top_of_the_cabinet_tb_23,put_the_wine_bottle_on_top_of_the_cabinet,Background Textures,,,,,,tb_23,,
put_the_wine_bottle_on_top_of_the_cabinet_tb_3,put_the_wine_bottle_on_top_of_the_cabinet,Background Textures,,,,,,tb_3,,
put_the_wine_bottle_on_top_of_the_cabinet_tb_4,put_the_wine_bottle_on_top_of_the_cabinet,Background Textures,,,,,,tb_4,,
put_the_wine_bottle_on_top_of_the_cabinet_tb_5,put_the_wine_bottle_on_top_of_the_cabinet,Background Textures,,,,,,tb_5,,
put_the_wine_bottle_on_top_of_the_cabinet_tb_6,put_the_wine_bottle_on_top_of_the_cabinet,Background Textures,,,,,,tb_6,,
put_the_wine_bottle_on_top_of_the_cabinet_tb_7,put_the_wine_bottle_on_top_of_the_cabinet,Background Textures,,,,,,tb_7,,
put_the_wine_bottle_on_top_of_the_cabinet_tb_8,put_the_wine_bottle_on_top_of_the_cabinet,Background Textures,,,,,,tb_8,,
put_the_wine_bottle_on_top_of_the_cabinet_tb_9,put_the_wine_bottle_on_top_of_the_cabinet,Background Textures,,,,,,tb_9,,
put_the_wine_bottle_on_top_of_the_cabinet_view_0_0_100_0_0_initstate_3,put_the_wine_bottle_on_top_of_the_cabinet,Robot Initial States,,initstate_3,,,,,view_0,
put_the_wine_bottle_on_top_of_the_cabinet_view_0_0_100_0_0_initstate_13,put_the_wine_bottle_on_top_of_the_cabinet,Robot Initial States,,initstate_13,,,,,view_0,
put_the_wine_bottle_on_top_of_the_cabinet_view_0_0_100_0_0_initstate_23,put_the_wine_bottle_on_top_of_the_cabinet,Robot Initial States,,initstate_23,,,,,view_0,
put_the_wine_bottle_on_top_of_the_cabinet_view_0_0_100_0_0_initstate_43,put_the_wine_bottle_on_top_of_the_cabinet,Robot Initial States,,initstate_43,,,,,view_0,
put_the_wine_bottle_on_top_of_the_cabinet_view_0_0_100_0_0_initstate_63,put_the_wine_bottle_on_top_of_the_cabinet,Robot Initial States,,initstate_63,,,,,view_0,
put_the_wine_bottle_on_top_of_the_cabinet_view_0_0_100_0_0_initstate_73,put_the_wine_bottle_on_top_of_the_cabinet,Robot Initial States,,initstate_73,,,,,view_0,
put_the_wine_bottle_on_top_of_the_cabinet_view_0_0_100_0_0_initstate_83,put_the_wine_bottle_on_top_of_the_cabinet,Robot Initial States,,initstate_83,,,,,view_0,
put_the_wine_bottle_on_top_of_the_cabinet_view_0_0_100_0_0_initstate_103,put_the_wine_bottle_on_top_of_the_cabinet,Robot Initial States,,initstate_103,,,,,view_0,
put_the_wine_bottle_on_top_of_the_cabinet_view_0_0_100_0_0_initstate_113,put_the_wine_bottle_on_top_of_the_cabinet,Robot Initial States,,initstate_113,,,,,view_0,
put_the_wine_bottle_on_top_of_the_cabinet_view_0_0_100_0_0_initstate_123,put_the_wine_bottle_on_top_of_the_cabinet,Robot Initial States,,initstate_123,,,,,view_0,
put_the_wine_bottle_on_top_of_the_cabinet_view_0_0_100_0_0_initstate_133,put_the_wine_bottle_on_top_of_the_cabinet,Robot Initial States,,initstate_133,,,,,view_0,
put_the_wine_bottle_on_top_of_the_cabinet_view_0_0_100_0_0_initstate_143,put_the_wine_bottle_on_top_of_the_cabinet,Robot Initial States,,initstate_143,,,,,view_0,
put_the_wine_bottle_on_top_of_the_cabinet_view_0_0_100_0_0_initstate_153,put_the_wine_bottle_on_top_of_the_cabinet,Robot Initial States,,initstate_153,,,,,view_0,
put_the_wine_bottle_on_top_of_the_cabinet_view_0_0_100_0_0_initstate_163,put_the_wine_bottle_on_top_of_the_cabinet,Robot Initial States,,initstate_163,,,,,view_0,
put_the_wine_bottle_on_top_of_the_cabinet_view_0_0_100_0_0_initstate_173,put_the_wine_bottle_on_top_of_the_cabinet,Robot Initial States,,initstate_173,,,,,view_0,
put_the_wine_bottle_on_top_of_the_cabinet_view_0_0_100_0_0_initstate_183,put_the_wine_bottle_on_top_of_the_cabinet,Robot Initial States,,initstate_183,,,,,view_0,
put_the_wine_bottle_on_top_of_the_cabinet_view_0_0_100_0_0_initstate_193,put_the_wine_bottle_on_top_of_the_cabinet,Robot Initial States,,initstate_193,,,,,view_0,
put_the_wine_bottle_on_top_of_the_cabinet_view_0_0_100_0_0_initstate_203,put_the_wine_bottle_on_top_of_the_cabinet,Robot Initial States,,initstate_203,,,,,view_0,
put_the_wine_bottle_on_top_of_the_cabinet_view_0_0_100_0_0_initstate_213,put_the_wine_bottle_on_top_of_the_cabinet,Robot Initial States,,initstate_213,,,,,view_0,
put_the_wine_bottle_on_top_of_the_cabinet_view_0_0_100_0_0_initstate_223,put_the_wine_bottle_on_top_of_the_cabinet,Robot Initial States,,initstate_223,,,,,view_0,
put_the_wine_bottle_on_top_of_the_cabinet_view_0_0_100_0_0_initstate_233,put_the_wine_bottle_on_top_of_the_cabinet,Robot Initial States,,initstate_233,,,,,view_0,
put_the_wine_bottle_on_top_of_the_cabinet_view_0_0_100_0_0_initstate_243,put_the_wine_bottle_on_top_of_the_cabinet,Robot Initial States,,initstate_243,,,,,view_0,
put_the_wine_bottle_on_top_of_the_cabinet_view_0_0_100_0_0_initstate_253,put_the_wine_bottle_on_top_of_the_cabinet,Robot Initial States,,initstate_253,,,,,view_0,
put_the_wine_bottle_on_top_of_the_cabinet_view_0_0_100_0_0_initstate_283,put_the_wine_bottle_on_top_of_the_cabinet,Robot Initial States,,initstate_283,,,,,view_0,
put_the_wine_bottle_on_top_of_the_cabinet_view_0_0_100_0_0_initstate_293,put_the_wine_bottle_on_top_of_the_cabinet,Robot Initial States,,initstate_293,,,,,view_0,
put_the_wine_bottle_on_top_of_the_cabinet_view_0_0_100_0_0_initstate_303,put_the_wine_bottle_on_top_of_the_cabinet,Robot Initial States,,initstate_303,,,,,view_0,
put_the_wine_bottle_on_top_of_the_cabinet_view_0_0_100_0_0_initstate_323,put_the_wine_bottle_on_top_of_the_cabinet,Robot Initial States,,initstate_323,,,,,view_0,
put_the_wine_bottle_on_top_of_the_cabinet_view_0_0_100_0_0_initstate_343,put_the_wine_bottle_on_top_of_the_cabinet,Robot Initial States,,initstate_343,,,,,view_0,
put_the_wine_bottle_on_top_of_the_cabinet_view_0_0_100_0_0_initstate_353,put_the_wine_bottle_on_top_of_the_cabinet,Robot Initial States,,initstate_353,,,,,view_0,
put_the_wine_bottle_on_top_of_the_cabinet_view_0_0_100_0_0_initstate_363,put_the_wine_bottle_on_top_of_the_cabinet,Robot Initial States,,initstate_363,,,,,view_0,
put_the_wine_bottle_on_top_of_the_cabinet_view_0_0_100_0_0_initstate_373,put_the_wine_bottle_on_top_of_the_cabinet,Robot Initial States,,initstate_373,,,,,view_0,
put_the_wine_bottle_on_top_of_the_cabinet_view_0_0_100_0_0_initstate_403,put_the_wine_bottle_on_top_of_the_cabinet,Robot Initial States,,initstate_403,,,,,view_0,
put_the_wine_bottle_on_top_of_the_cabinet_view_0_0_100_0_0_initstate_413,put_the_wine_bottle_on_top_of_the_cabinet,Robot Initial States,,initstate_413,,,,,view_0,
put_the_wine_bottle_on_top_of_the_cabinet_view_0_0_100_0_0_initstate_423,put_the_wine_bottle_on_top_of_the_cabinet,Robot Initial States,,initstate_423,,,,,view_0,
put_the_wine_bottle_on_top_of_the_cabinet_view_0_0_100_0_0_initstate_433,put_the_wine_bottle_on_top_of_the_cabinet,Robot Initial States,,initstate_433,,,,,view_0,
put_the_wine_bottle_on_top_of_the_cabinet_view_0_0_100_0_0_initstate_453,put_the_wine_bottle_on_top_of_the_cabinet,Robot Initial States,,initstate_453,,,,,view_0,
put_the_wine_bottle_on_top_of_the_cabinet_view_0_0_100_0_0_initstate_463,put_the_wine_bottle_on_top_of_the_cabinet,Robot Initial States,,initstate_463,,,,,view_0,
put_the_wine_bottle_on_top_of_the_cabinet_view_0_0_100_0_0_initstate_473,put_the_wine_bottle_on_top_of_the_cabinet,Robot Initial States,,initstate_473,,,,,view_0,
put_the_wine_bottle_on_top_of_the_cabinet_view_0_0_100_0_0_initstate_483,put_the_wine_bottle_on_top_of_the_cabinet,Robot Initial States,,initstate_483,,,,,view_0,
put_the_wine_bottle_on_top_of_the_cabinet_view_0_0_100_0_0_initstate_493,put_the_wine_bottle_on_top_of_the_cabinet,Robot Initial States,,initstate_493,,,,,view_0,
put_the_wine_bottle_on_top_of_the_cabinet_view_0_0_123_0_0_initstate_0,put_the_wine_bottle_on_top_of_the_cabinet,Camera Viewpoints,,initstate_0,,,,,view_0,
put_the_wine_bottle_on_top_of_the_cabinet_view_0_0_125_0_0_initstate_0,put_the_wine_bottle_on_top_of_the_cabinet,Camera Viewpoints,,initstate_0,,,,,view_0,
put_the_wine_bottle_on_top_of_the_cabinet_view_0_0_126_0_0_initstate_0,put_the_wine_bottle_on_top_of_the_cabinet,Camera Viewpoints,,initstate_0,,,,,view_0,
put_the_wine_bottle_on_top_of_the_cabinet_view_0_0_127_0_0_initstate_0,put_the_wine_bottle_on_top_of_the_cabinet,Camera Viewpoints,,initstate_0,,,,,view_0,
put_the_wine_bottle_on_top_of_the_cabinet_view_0_0_128_0_0_initstate_0,put_the_wine_bottle_on_top_of_the_cabinet,Camera Viewpoints,,initstate_0,,,,,view_0,
put_the_wine_bottle_on_top_of_the_cabinet_view_0_0_129_0_0_initstate_0,put_the_wine_bottle_on_top_of_the_cabinet,Camera Viewpoints,,initstate_0,,,,,view_0,
put_the_wine_bottle_on_top_of_the_cabinet_view_0_0_130_0_0_initstate_0,put_the_wine_bottle_on_top_of_the_cabinet,Camera Viewpoints,,initstate_0,,,,,view_0,
put_the_wine_bottle_on_top_of_the_cabinet_view_0_0_100_6_4_initstate_0,put_the_wine_bottle_on_top_of_the_cabinet,Camera Viewpoints,,initstate_0,,,,,view_0,
put_the_wine_bottle_on_top_of_the_cabinet_view_0_0_100_6_6_initstate_0,put_the_wine_bottle_on_top_of_the_cabinet,Camera Viewpoints,,initstate_0,,,,,view_0,
put_the_wine_bottle_on_top_of_the_cabinet_view_0_0_100_6_10_initstate_0,put_the_wine_bottle_on_top_of_the_cabinet,Camera Viewpoints,,initstate_0,,,,,view_0,
put_the_wine_bottle_on_top_of_the_cabinet_view_31_0_100_0_0_initstate_0,put_the_wine_bottle_on_top_of_the_cabinet,Camera Viewpoints,,initstate_0,,,,,view_31,
put_the_wine_bottle_on_top_of_the_cabinet_view_31_15_100_0_0_initstate_0,put_the_wine_bottle_on_top_of_the_cabinet,Camera Viewpoints,,initstate_0,,,,,view_31,
put_the_wine_bottle_on_top_of_the_cabinet_view_32_0_100_0_0_initstate_0,put_the_wine_bottle_on_top_of_the_cabinet,Camera Viewpoints,,initstate_0,,,,,view_32,
put_the_wine_bottle_on_top_of_the_cabinet_view_32_15_100_0_0_initstate_0,put_the_wine_bottle_on_top_of_the_cabinet,Camera Viewpoints,,initstate_0,,,,,view_32,
put_the_wine_bottle_on_top_of_the_cabinet_view_33_0_100_0_0_initstate_0,put_the_wine_bottle_on_top_of_the_cabinet,Camera Viewpoints,,initstate_0,,,,,view_33,
put_the_wine_bottle_on_top_of_the_cabinet_view_33_15_100_0_0_initstate_0,put_the_wine_bottle_on_top_of_the_cabinet,Camera Viewpoints,,initstate_0,,,,,view_33,
put_the_wine_bottle_on_top_of_the_cabinet_view_34_0_100_0_0_initstate_0,put_the_wine_bottle_on_top_of_the_cabinet,Camera Viewpoints,,initstate_0,,,,,view_34,
put_the_wine_bottle_on_top_of_the_cabinet_view_34_15_100_0_0_initstate_0,put_the_wine_bottle_on_top_of_the_cabinet,Camera Viewpoints,,initstate_0,,,,,view_34,
put_the_wine_bottle_on_top_of_the_cabinet_view_35_0_100_0_0_initstate_0,put_the_wine_bottle_on_top_of_the_cabinet,Camera Viewpoints,,initstate_0,,,,,view_35,
put_the_wine_bottle_on_top_of_the_cabinet_view_35_15_100_0_0_initstate_0,put_the_wine_bottle_on_top_of_the_cabinet,Camera Viewpoints,,initstate_0,,,,,view_35,
put_the_wine_bottle_on_top_of_the_cabinet_view_36_0_100_0_0_initstate_0,put_the_wine_bottle_on_top_of_the_cabinet,Camera Viewpoints,,initstate_0,,,,,view_36,
put_the_wine_bottle_on_top_of_the_cabinet_view_36_15_100_0_0_initstate_0,put_the_wine_bottle_on_top_of_the_cabinet,Camera Viewpoints,,initstate_0,,,,,view_36,
put_the_wine_bottle_on_top_of_the_cabinet_view_37_0_100_0_0_initstate_0,put_the_wine_bottle_on_top_of_the_cabinet,Camera Viewpoints,,initstate_0,,,,,view_37,
put_the_wine_bottle_on_top_of_the_cabinet_view_37_15_100_0_0_initstate_0,put_the_wine_bottle_on_top_of_the_cabinet,Camera Viewpoints,,initstate_0,,,,,view_37,
put_the_wine_bottle_on_top_of_the_cabinet_view_38_0_100_0_0_initstate_0,put_the_wine_bottle_on_top_of_the_cabinet,Camera Viewpoints,,initstate_0,,,,,view_38,
put_the_wine_bottle_on_top_of_the_cabinet_view_38_15_100_0_0_initstate_0,put_the_wine_bottle_on_top_of_the_cabinet,Camera Viewpoints,,initstate_0,,,,,view_38,
put_the_wine_bottle_on_top_of_the_cabinet_view_39_0_100_0_0_initstate_0,put_the_wine_bottle_on_top_of_the_cabinet,Camera Viewpoints,,initstate_0,,,,,view_39,
put_the_wine_bottle_on_top_of_the_cabinet_view_39_15_100_0_0_initstate_0,put_the_wine_bottle_on_top_of_the_cabinet,Camera Viewpoints,,initstate_0,,,,,view_39,
put_the_wine_bottle_on_top_of_the_cabinet_view_40_0_100_0_0_initstate_0,put_the_wine_bottle_on_top_of_the_cabinet,Camera Viewpoints,,initstate_0,,,,,view_40,
put_the_wine_bottle_on_top_of_the_cabinet_view_40_15_100_0_0_initstate_0,put_the_wine_bottle_on_top_of_the_cabinet,Camera Viewpoints,,initstate_0,,,,,view_40,
put_the_wine_bottle_on_top_of_the_cabinet_view_41_0_100_0_0_initstate_0,put_the_wine_bottle_on_top_of_the_cabinet,Camera Viewpoints,,initstate_0,,,,,view_41,
put_the_wine_bottle_on_top_of_the_cabinet_view_41_15_100_0_0_initstate_0,put_the_wine_bottle_on_top_of_the_cabinet,Camera Viewpoints,,initstate_0,,,,,view_41,
put_the_wine_bottle_on_top_of_the_cabinet_view_42_0_100_0_0_initstate_0,put_the_wine_bottle_on_top_of_the_cabinet,Camera Viewpoints,,initstate_0,,,,,view_42,
put_the_wine_bottle_on_top_of_the_cabinet_view_42_15_100_0_0_initstate_0,put_the_wine_bottle_on_top_of_the_cabinet,Camera Viewpoints,,initstate_0,,,,,view_42,
put_the_wine_bottle_on_top_of_the_cabinet_view_43_0_100_0_0_initstate_0,put_the_wine_bottle_on_top_of_the_cabinet,Camera Viewpoints,,initstate_0,,,,,view_43,
put_the_wine_bottle_on_top_of_the_cabinet_view_43_15_100_0_0_initstate_0,put_the_wine_bottle_on_top_of_the_cabinet,Camera Viewpoints,,initstate_0,,,,,view_43,
put_the_wine_bottle_on_top_of_the_cabinet_view_44_0_100_0_0_initstate_0,put_the_wine_bottle_on_top_of_the_cabinet,Camera Viewpoints,,initstate_0,,,,,view_44,
put_the_wine_bottle_on_top_of_the_cabinet_view_44_15_100_0_0_initstate_0,put_the_wine_bottle_on_top_of_the_cabinet,Camera Viewpoints,,initstate_0,,,,,view_44,
put_the_wine_bottle_on_top_of_the_cabinet_view_45_0_100_0_0_initstate_0,put_the_wine_bottle_on_top_of_the_cabinet,Camera Viewpoints,,initstate_0,,,,,view_45,
put_the_wine_bottle_on_top_of_the_cabinet_view_45_15_100_0_0_initstate_0,put_the_wine_bottle_on_top_of_the_cabinet,Camera Viewpoints,,initstate_0,,,,,view_45,
put_the_wine_bottle_on_top_of_the_cabinet_language_1_view_0_0_100_0_0_initstate_0,put_the_wine_bottle_on_top_of_the_cabinet,Language Instructions,,initstate_0,language_1,,,,view_0,
put_the_wine_bottle_on_top_of_the_cabinet_language_3_view_0_0_100_0_0_initstate_0,put_the_wine_bottle_on_top_of_the_cabinet,Language Instructions,,initstate_0,language_3,,,,view_0,
put_the_wine_bottle_on_top_of_the_cabinet_language_4_view_0_0_100_0_0_initstate_0,put_the_wine_bottle_on_top_of_the_cabinet,Language Instructions,,initstate_0,language_4,,,,view_0,
put_the_wine_bottle_on_top_of_the_cabinet_language_5_view_0_0_100_0_0_initstate_0,put_the_wine_bottle_on_top_of_the_cabinet,Language Instructions,,initstate_0,language_5,,,,view_0,
put_the_wine_bottle_on_top_of_the_cabinet_language_6_view_0_0_100_0_0_initstate_0,put_the_wine_bottle_on_top_of_the_cabinet,Language Instructions,,initstate_0,language_6,,,,view_0,
put_the_wine_bottle_on_top_of_the_cabinet_language_7_view_0_0_100_0_0_initstate_0,put_the_wine_bottle_on_top_of_the_cabinet,Language Instructions,,initstate_0,language_7,,,,view_0,
put_the_wine_bottle_on_top_of_the_cabinet_language_8_view_0_0_100_0_0_initstate_0,put_the_wine_bottle_on_top_of_the_cabinet,Language Instructions,,initstate_0,language_8,,,,view_0,
put_the_wine_bottle_on_top_of_the_cabinet_language_9_view_0_0_100_0_0_initstate_0,put_the_wine_bottle_on_top_of_the_cabinet,Language Instructions,,initstate_0,language_9,,,,view_0,
put_the_wine_bottle_on_top_of_the_cabinet_language_10_view_0_0_100_0_0_initstate_0,put_the_wine_bottle_on_top_of_the_cabinet,Language Instructions,,initstate_0,language_10,,,,view_0,
put_the_wine_bottle_on_top_of_the_cabinet_language_11_view_0_0_100_0_0_initstate_0,put_the_wine_bottle_on_top_of_the_cabinet,Language Instructions,,initstate_0,language_11,,,,view_0,
put_the_wine_bottle_on_top_of_the_cabinet_language_12_view_0_0_100_0_0_initstate_0,put_the_wine_bottle_on_top_of_the_cabinet,Language Instructions,,initstate_0,language_12,,,,view_0,
put_the_wine_bottle_on_top_of_the_cabinet_language_13_view_0_0_100_0_0_initstate_0,put_the_wine_bottle_on_top_of_the_cabinet,Language Instructions,,initstate_0,language_13,,,,view_0,
put_the_wine_bottle_on_top_of_the_cabinet_language_16_view_0_0_100_0_0_initstate_0,put_the_wine_bottle_on_top_of_the_cabinet,Language Instructions,,initstate_0,language_16,,,,view_0,
put_the_wine_bottle_on_top_of_the_cabinet_language_17_view_0_0_100_0_0_initstate_0,put_the_wine_bottle_on_top_of_the_cabinet,Language Instructions,,initstate_0,language_17,,,,view_0,
put_the_wine_bottle_on_top_of_the_cabinet_language_20_view_0_0_100_0_0_initstate_0,put_the_wine_bottle_on_top_of_the_cabinet,Language Instructions,,initstate_0,language_20,,,,view_0,
put_the_wine_bottle_on_top_of_the_cabinet_language_21_view_0_0_100_0_0_initstate_0,put_the_wine_bottle_on_top_of_the_cabinet,Language Instructions,,initstate_0,language_21,,,,view_0,
put_the_wine_bottle_on_top_of_the_cabinet_language_22_view_0_0_100_0_0_initstate_0,put_the_wine_bottle_on_top_of_the_cabinet,Language Instructions,,initstate_0,language_22,,,,view_0,
put_the_wine_bottle_on_top_of_the_cabinet_language_24_view_0_0_100_0_0_initstate_0,put_the_wine_bottle_on_top_of_the_cabinet,Language Instructions,,initstate_0,language_24,,,,view_0,
put_the_wine_bottle_on_top_of_the_cabinet_language_25_view_0_0_100_0_0_initstate_0,put_the_wine_bottle_on_top_of_the_cabinet,Language Instructions,,initstate_0,language_25,,,,view_0,
put_the_wine_bottle_on_top_of_the_cabinet_language_26_view_0_0_100_0_0_initstate_0,put_the_wine_bottle_on_top_of_the_cabinet,Language Instructions,,initstate_0,language_26,,,,view_0,
put_the_wine_bottle_on_top_of_the_cabinet_language_28_view_0_0_100_0_0_initstate_0,put_the_wine_bottle_on_top_of_the_cabinet,Language Instructions,,initstate_0,language_28,,,,view_0,
put_the_wine_bottle_on_top_of_the_cabinet_language_29_view_0_0_100_0_0_initstate_0,put_the_wine_bottle_on_top_of_the_cabinet,Language Instructions,,initstate_0,language_29,,,,view_0,
put_the_wine_bottle_on_top_of_the_cabinet_language_31_view_0_0_100_0_0_initstate_0,put_the_wine_bottle_on_top_of_the_cabinet,Language Instructions,,initstate_0,language_31,,,,view_0,
put_the_wine_bottle_on_top_of_the_cabinet_language_32_view_0_0_100_0_0_initstate_0,put_the_wine_bottle_on_top_of_the_cabinet,Language Instructions,,initstate_0,language_32,,,,view_0,
put_the_wine_bottle_on_top_of_the_cabinet_language_33_view_0_0_100_0_0_initstate_0,put_the_wine_bottle_on_top_of_the_cabinet,Language Instructions,,initstate_0,language_33,,,,view_0,
put_the_wine_bottle_on_top_of_the_cabinet_language_34_view_0_0_100_0_0_initstate_0,put_the_wine_bottle_on_top_of_the_cabinet,Language Instructions,,initstate_0,language_34,,,,view_0,
put_the_wine_bottle_on_top_of_the_cabinet_language_35_view_0_0_100_0_0_initstate_0,put_the_wine_bottle_on_top_of_the_cabinet,Language Instructions,,initstate_0,language_35,,,,view_0,
put_the_wine_bottle_on_top_of_the_cabinet_language_36_view_0_0_100_0_0_initstate_0,put_the_wine_bottle_on_top_of_the_cabinet,Language Instructions,,initstate_0,language_36,,,,view_0,
put_the_wine_bottle_on_top_of_the_cabinet_language_37_view_0_0_100_0_0_initstate_0,put_the_wine_bottle_on_top_of_the_cabinet,Language Instructions,,initstate_0,language_37,,,,view_0,
put_the_wine_bottle_on_top_of_the_cabinet_language_38_view_0_0_100_0_0_initstate_0,put_the_wine_bottle_on_top_of_the_cabinet,Language Instructions,,initstate_0,language_38,,,,view_0,
put_the_wine_bottle_on_top_of_the_cabinet_language_39_view_0_0_100_0_0_initstate_0,put_the_wine_bottle_on_top_of_the_cabinet,Language Instructions,,initstate_0,language_39,,,,view_0,
put_the_wine_bottle_on_top_of_the_cabinet_language_40_view_0_0_100_0_0_initstate_0,put_the_wine_bottle_on_top_of_the_cabinet,Language Instructions,,initstate_0,language_40,,,,view_0,
put_the_wine_bottle_on_top_of_the_cabinet_language_42_view_0_0_100_0_0_initstate_0,put_the_wine_bottle_on_top_of_the_cabinet,Language Instructions,,initstate_0,language_42,,,,view_0,
put_the_wine_bottle_on_top_of_the_cabinet_language_43_view_0_0_100_0_0_initstate_0,put_the_wine_bottle_on_top_of_the_cabinet,Language Instructions,,initstate_0,language_43,,,,view_0,
put_the_wine_bottle_on_top_of_the_cabinet_language_44_view_0_0_100_0_0_initstate_0,put_the_wine_bottle_on_top_of_the_cabinet,Language Instructions,,initstate_0,language_44,,,,view_0,
put_the_wine_bottle_on_top_of_the_cabinet_language_45_view_0_0_100_0_0_initstate_0,put_the_wine_bottle_on_top_of_the_cabinet,Language Instructions,,initstate_0,language_45,,,,view_0,
put_the_wine_bottle_on_top_of_the_cabinet_language_48_view_0_0_100_0_0_initstate_0,put_the_wine_bottle_on_top_of_the_cabinet,Language Instructions,,initstate_0,language_48,,,,view_0,
put_the_wine_bottle_on_top_of_the_cabinet_language_49_view_0_0_100_0_0_initstate_0,put_the_wine_bottle_on_top_of_the_cabinet,Language Instructions,,initstate_0,language_49,,,,view_0,
put_the_wine_bottle_on_top_of_the_cabinet_language_50_view_0_0_100_0_0_initstate_0,put_the_wine_bottle_on_top_of_the_cabinet,Language Instructions,,initstate_0,language_50,,,,view_0,
put_the_wine_bottle_on_top_of_the_cabinet_view_0_0_100_0_0_initstate_0_noise_1,put_the_wine_bottle_on_top_of_the_cabinet,Sensor Noise,,initstate_0,,,noise_1,,view_0,
put_the_wine_bottle_on_top_of_the_cabinet_view_0_0_100_0_0_initstate_0_noise_3,put_the_wine_bottle_on_top_of_the_cabinet,Sensor Noise,,initstate_0,,,noise_3,,view_0,
put_the_wine_bottle_on_top_of_the_cabinet_view_0_0_100_0_0_initstate_0_noise_4,put_the_wine_bottle_on_top_of_the_cabinet,Sensor Noise,,initstate_0,,,noise_4,,view_0,
put_the_wine_bottle_on_top_of_the_cabinet_view_0_0_100_0_0_initstate_0_noise_5,put_the_wine_bottle_on_top_of_the_cabinet,Sensor Noise,,initstate_0,,,noise_5,,view_0,
put_the_wine_bottle_on_top_of_the_cabinet_view_0_0_100_0_0_initstate_0_noise_6,put_the_wine_bottle_on_top_of_the_cabinet,Sensor Noise,,initstate_0,,,noise_6,,view_0,
put_the_wine_bottle_on_top_of_the_cabinet_view_0_0_100_0_0_initstate_0_noise_7,put_the_wine_bottle_on_top_of_the_cabinet,Sensor Noise,,initstate_0,,,noise_7,,view_0,
put_the_wine_bottle_on_top_of_the_cabinet_view_0_0_100_0_0_initstate_0_noise_8,put_the_wine_bottle_on_top_of_the_cabinet,Sensor Noise,,initstate_0,,,noise_8,,view_0,
put_the_wine_bottle_on_top_of_the_cabinet_view_0_0_100_0_0_initstate_0_noise_9,put_the_wine_bottle_on_top_of_the_cabinet,Sensor Noise,,initstate_0,,,noise_9,,view_0,
put_the_wine_bottle_on_top_of_the_cabinet_view_0_0_100_0_0_initstate_0_noise_10,put_the_wine_bottle_on_top_of_the_cabinet,Sensor Noise,,initstate_0,,,noise_10,,view_0,
put_the_wine_bottle_on_top_of_the_cabinet_view_0_0_100_0_0_initstate_0_noise_11,put_the_wine_bottle_on_top_of_the_cabinet,Sensor Noise,,initstate_0,,,noise_11,,view_0,
put_the_wine_bottle_on_top_of_the_cabinet_view_0_0_100_0_0_initstate_0_noise_13,put_the_wine_bottle_on_top_of_the_cabinet,Sensor Noise,,initstate_0,,,noise_13,,view_0,
put_the_wine_bottle_on_top_of_the_cabinet_view_0_0_100_0_0_initstate_0_noise_14,put_the_wine_bottle_on_top_of_the_cabinet,Sensor Noise,,initstate_0,,,noise_14,,view_0,
put_the_wine_bottle_on_top_of_the_cabinet_view_0_0_100_0_0_initstate_0_noise_15,put_the_wine_bottle_on_top_of_the_cabinet,Sensor Noise,,initstate_0,,,noise_15,,view_0,
put_the_wine_bottle_on_top_of_the_cabinet_view_0_0_100_0_0_initstate_0_noise_16,put_the_wine_bottle_on_top_of_the_cabinet,Sensor Noise,,initstate_0,,,noise_16,,view_0,
put_the_wine_bottle_on_top_of_the_cabinet_view_0_0_100_0_0_initstate_0_noise_17,put_the_wine_bottle_on_top_of_the_cabinet,Sensor Noise,,initstate_0,,,noise_17,,view_0,
put_the_wine_bottle_on_top_of_the_cabinet_view_0_0_100_0_0_initstate_0_noise_18,put_the_wine_bottle_on_top_of_the_cabinet,Sensor Noise,,initstate_0,,,noise_18,,view_0,
put_the_wine_bottle_on_top_of_the_cabinet_view_0_0_100_0_0_initstate_0_noise_20,put_the_wine_bottle_on_top_of_the_cabinet,Sensor Noise,,initstate_0,,,noise_20,,view_0,
put_the_wine_bottle_on_top_of_the_cabinet_view_0_0_100_0_0_initstate_0_noise_22,put_the_wine_bottle_on_top_of_the_cabinet,Sensor Noise,,initstate_0,,,noise_22,,view_0,
put_the_wine_bottle_on_top_of_the_cabinet_view_0_0_100_0_0_initstate_0_noise_25,put_the_wine_bottle_on_top_of_the_cabinet,Sensor Noise,,initstate_0,,,noise_25,,view_0,
put_the_wine_bottle_on_top_of_the_cabinet_view_0_0_100_0_0_initstate_0_noise_27,put_the_wine_bottle_on_top_of_the_cabinet,Sensor Noise,,initstate_0,,,noise_27,,view_0,
put_the_wine_bottle_on_top_of_the_cabinet_view_0_0_100_0_0_initstate_0_noise_28,put_the_wine_bottle_on_top_of_the_cabinet,Sensor Noise,,initstate_0,,,noise_28,,view_0,
put_the_wine_bottle_on_top_of_the_cabinet_view_0_0_100_0_0_initstate_0_noise_29,put_the_wine_bottle_on_top_of_the_cabinet,Sensor Noise,,initstate_0,,,noise_29,,view_0,
put_the_wine_bottle_on_top_of_the_cabinet_view_0_0_100_0_0_initstate_0_noise_30,put_the_wine_bottle_on_top_of_the_cabinet,Sensor Noise,,initstate_0,,,noise_30,,view_0,
put_the_wine_bottle_on_top_of_the_cabinet_view_0_0_100_0_0_initstate_0_noise_31,put_the_wine_bottle_on_top_of_the_cabinet,Sensor Noise,,initstate_0,,,noise_31,,view_0,
put_the_wine_bottle_on_top_of_the_cabinet_view_0_0_100_0_0_initstate_0_noise_36,put_the_wine_bottle_on_top_of_the_cabinet,Sensor Noise,,initstate_0,,,noise_36,,view_0,
put_the_wine_bottle_on_top_of_the_cabinet_view_0_0_100_0_0_initstate_0_noise_37,put_the_wine_bottle_on_top_of_the_cabinet,Sensor Noise,,initstate_0,,,noise_37,,view_0,
put_the_wine_bottle_on_top_of_the_cabinet_view_0_0_100_0_0_initstate_0_noise_38,put_the_wine_bottle_on_top_of_the_cabinet,Sensor Noise,,initstate_0,,,noise_38,,view_0,
put_the_wine_bottle_on_top_of_the_cabinet_view_0_0_100_0_0_initstate_0_noise_39,put_the_wine_bottle_on_top_of_the_cabinet,Sensor Noise,,initstate_0,,,noise_39,,view_0,
put_the_wine_bottle_on_top_of_the_cabinet_view_0_0_100_0_0_initstate_0_noise_40,put_the_wine_bottle_on_top_of_the_cabinet,Sensor Noise,,initstate_0,,,noise_40,,view_0,
put_the_wine_bottle_on_top_of_the_cabinet_view_0_0_100_0_0_initstate_0_noise_41,put_the_wine_bottle_on_top_of_the_cabinet,Sensor Noise,,initstate_0,,,noise_41,,view_0,
put_the_wine_bottle_on_top_of_the_cabinet_view_0_0_100_0_0_initstate_0_noise_43,put_the_wine_bottle_on_top_of_the_cabinet,Sensor Noise,,initstate_0,,,noise_43,,view_0,
put_the_wine_bottle_on_top_of_the_cabinet_view_0_0_100_0_0_initstate_0_noise_44,put_the_wine_bottle_on_top_of_the_cabinet,Sensor Noise,,initstate_0,,,noise_44,,view_0,
put_the_wine_bottle_on_top_of_the_cabinet_view_0_0_100_0_0_initstate_0_noise_45,put_the_wine_bottle_on_top_of_the_cabinet,Sensor Noise,,initstate_0,,,noise_45,,view_0,
put_the_wine_bottle_on_top_of_the_cabinet_view_0_0_100_0_0_initstate_0_noise_46,put_the_wine_bottle_on_top_of_the_cabinet,Sensor Noise,,initstate_0,,,noise_46,,view_0,
put_the_wine_bottle_on_top_of_the_cabinet_view_0_0_100_0_0_initstate_0_noise_47,put_the_wine_bottle_on_top_of_the_cabinet,Sensor Noise,,initstate_0,,,noise_47,,view_0,
put_the_wine_bottle_on_top_of_the_cabinet_view_0_0_100_0_0_initstate_0_noise_48,put_the_wine_bottle_on_top_of_the_cabinet,Sensor Noise,,initstate_0,,,noise_48,,view_0,
put_the_wine_bottle_on_top_of_the_cabinet_view_0_0_100_0_0_initstate_0_noise_49,put_the_wine_bottle_on_top_of_the_cabinet,Sensor Noise,,initstate_0,,,noise_49,,view_0,
put_the_wine_bottle_on_top_of_the_cabinet_view_0_0_100_0_0_initstate_0_noise_50,put_the_wine_bottle_on_top_of_the_cabinet,Sensor Noise,,initstate_0,,,noise_50,,view_0,
put_the_wine_bottle_on_top_of_the_cabinet_add_10,put_the_wine_bottle_on_top_of_the_cabinet,Objects Layout,add_10,,,,,,,
put_the_wine_bottle_on_top_of_the_cabinet_add_12,put_the_wine_bottle_on_top_of_the_cabinet,Objects Layout,add_12,,,,,,,
put_the_wine_bottle_on_top_of_the_cabinet_add_13,put_the_wine_bottle_on_top_of_the_cabinet,Objects Layout,add_13,,,,,,,
put_the_wine_bottle_on_top_of_the_cabinet_add_14,put_the_wine_bottle_on_top_of_the_cabinet,Objects Layout,add_14,,,,,,,
put_the_wine_bottle_on_top_of_the_cabinet_add_15,put_the_wine_bottle_on_top_of_the_cabinet,Objects Layout,add_15,,,,,,,
put_the_wine_bottle_on_top_of_the_cabinet_add_16,put_the_wine_bottle_on_top_of_the_cabinet,Objects Layout,add_16,,,,,,,
put_the_wine_bottle_on_top_of_the_cabinet_add_17,put_the_wine_bottle_on_top_of_the_cabinet,Objects Layout,add_17,,,,,,,
put_the_wine_bottle_on_top_of_the_cabinet_add_18,put_the_wine_bottle_on_top_of_the_cabinet,Objects Layout,add_18,,,,,,,
put_the_wine_bottle_on_top_of_the_cabinet_add_19,put_the_wine_bottle_on_top_of_the_cabinet,Objects Layout,add_19,,,,,,,
put_the_wine_bottle_on_top_of_the_cabinet_add_20,put_the_wine_bottle_on_top_of_the_cabinet,Objects Layout,add_20,,,,,,,
put_the_wine_bottle_on_top_of_the_cabinet_add_21,put_the_wine_bottle_on_top_of_the_cabinet,Objects Layout,add_21,,,,,,,
put_the_wine_bottle_on_top_of_the_cabinet_add_22,put_the_wine_bottle_on_top_of_the_cabinet,Objects Layout,add_22,,,,,,,
put_the_wine_bottle_on_top_of_the_cabinet_add_24,put_the_wine_bottle_on_top_of_the_cabinet,Objects Layout,add_24,,,,,,,
put_the_wine_bottle_on_top_of_the_cabinet_add_25,put_the_wine_bottle_on_top_of_the_cabinet,Objects Layout,add_25,,,,,,,
put_the_wine_bottle_on_top_of_the_cabinet_add_26,put_the_wine_bottle_on_top_of_the_cabinet,Objects Layout,add_26,,,,,,,
put_the_wine_bottle_on_top_of_the_cabinet_add_27,put_the_wine_bottle_on_top_of_the_cabinet,Objects Layout,add_27,,,,,,,
put_the_wine_bottle_on_top_of_the_cabinet_add_28,put_the_wine_bottle_on_top_of_the_cabinet,Objects Layout,add_28,,,,,,,
put_the_wine_bottle_on_top_of_the_cabinet_add_29,put_the_wine_bottle_on_top_of_the_cabinet,Objects Layout,add_29,,,,,,,
put_the_wine_bottle_on_top_of_the_cabinet_add_30,put_the_wine_bottle_on_top_of_the_cabinet,Objects Layout,add_30,,,,,,,
put_the_wine_bottle_on_top_of_the_cabinet_add_4,put_the_wine_bottle_on_top_of_the_cabinet,Objects Layout,add_4,,,,,,,
put_the_wine_bottle_on_top_of_the_cabinet_add_5,put_the_wine_bottle_on_top_of_the_cabinet,Objects Layout,add_5,,,,,,,
put_the_wine_bottle_on_top_of_the_cabinet_add_6,put_the_wine_bottle_on_top_of_the_cabinet,Objects Layout,add_6,,,,,,,
put_the_wine_bottle_on_top_of_the_cabinet_add_7,put_the_wine_bottle_on_top_of_the_cabinet,Objects Layout,add_7,,,,,,,
put_the_wine_bottle_on_top_of_the_cabinet_add_8,put_the_wine_bottle_on_top_of_the_cabinet,Objects Layout,add_8,,,,,,,
put_the_wine_bottle_on_top_of_the_cabinet_add_9,put_the_wine_bottle_on_top_of_the_cabinet,Objects Layout,add_9,,,,,,,
put_the_wine_bottle_on_top_of_the_cabinet_light_10,put_the_wine_bottle_on_top_of_the_cabinet,Light Conditions,,,,light_10,,,,
put_the_wine_bottle_on_top_of_the_cabinet_light_11,put_the_wine_bottle_on_top_of_the_cabinet,Light Conditions,,,,light_11,,,,
put_the_wine_bottle_on_top_of_the_cabinet_light_13,put_the_wine_bottle_on_top_of_the_cabinet,Light Conditions,,,,light_13,,,,
put_the_wine_bottle_on_top_of_the_cabinet_light_14,put_the_wine_bottle_on_top_of_the_cabinet,Light Conditions,,,,light_14,,,,
put_the_wine_bottle_on_top_of_the_cabinet_light_15,put_the_wine_bottle_on_top_of_the_cabinet,Light Conditions,,,,light_15,,,,
put_the_wine_bottle_on_top_of_the_cabinet_light_18,put_the_wine_bottle_on_top_of_the_cabinet,Light Conditions,,,,light_18,,,,
put_the_wine_bottle_on_top_of_the_cabinet_light_19,put_the_wine_bottle_on_top_of_the_cabinet,Light Conditions,,,,light_19,,,,
put_the_wine_bottle_on_top_of_the_cabinet_light_2,put_the_wine_bottle_on_top_of_the_cabinet,Light Conditions,,,,light_2,,,,
put_the_wine_bottle_on_top_of_the_cabinet_light_21,put_the_wine_bottle_on_top_of_the_cabinet,Light Conditions,,,,light_21,,,,
put_the_wine_bottle_on_top_of_the_cabinet_light_22,put_the_wine_bottle_on_top_of_the_cabinet,Light Conditions,,,,light_22,,,,
put_the_wine_bottle_on_top_of_the_cabinet_light_23,put_the_wine_bottle_on_top_of_the_cabinet,Light Conditions,,,,light_23,,,,
put_the_wine_bottle_on_top_of_the_cabinet_light_3,put_the_wine_bottle_on_top_of_the_cabinet,Light Conditions,,,,light_3,,,,
put_the_wine_bottle_on_top_of_the_cabinet_light_30,put_the_wine_bottle_on_top_of_the_cabinet,Light Conditions,,,,light_30,,,,
put_the_wine_bottle_on_top_of_the_cabinet_light_32,put_the_wine_bottle_on_top_of_the_cabinet,Light Conditions,,,,light_32,,,,
put_the_wine_bottle_on_top_of_the_cabinet_light_33,put_the_wine_bottle_on_top_of_the_cabinet,Light Conditions,,,,light_33,,,,
put_the_wine_bottle_on_top_of_the_cabinet_light_34,put_the_wine_bottle_on_top_of_the_cabinet,Light Conditions,,,,light_34,,,,
put_the_wine_bottle_on_top_of_the_cabinet_light_35,put_the_wine_bottle_on_top_of_the_cabinet,Light Conditions,,,,light_35,,,,
put_the_wine_bottle_on_top_of_the_cabinet_light_36,put_the_wine_bottle_on_top_of_the_cabinet,Light Conditions,,,,light_36,,,,
put_the_wine_bottle_on_top_of_the_cabinet_light_37,put_the_wine_bottle_on_top_of_the_cabinet,Light Conditions,,,,light_37,,,,
put_the_wine_bottle_on_top_of_the_cabinet_light_39,put_the_wine_bottle_on_top_of_the_cabinet,Light Conditions,,,,light_39,,,,
put_the_wine_bottle_on_top_of_the_cabinet_light_4,put_the_wine_bottle_on_top_of_the_cabinet,Light Conditions,,,,light_4,,,,
put_the_wine_bottle_on_top_of_the_cabinet_light_40,put_the_wine_bottle_on_top_of_the_cabinet,Light Conditions,,,,light_40,,,,
put_the_wine_bottle_on_top_of_the_cabinet_light_44,put_the_wine_bottle_on_top_of_the_cabinet,Light Conditions,,,,light_44,,,,
put_the_wine_bottle_on_top_of_the_cabinet_light_45,put_the_wine_bottle_on_top_of_the_cabinet,Light Conditions,,,,light_45,,,,
put_the_wine_bottle_on_top_of_the_cabinet_light_48,put_the_wine_bottle_on_top_of_the_cabinet,Light Conditions,,,,light_48,,,,
put_the_wine_bottle_on_top_of_the_cabinet_light_49,put_the_wine_bottle_on_top_of_the_cabinet,Light Conditions,,,,light_49,,,,
put_the_wine_bottle_on_top_of_the_cabinet_light_5,put_the_wine_bottle_on_top_of_the_cabinet,Light Conditions,,,,light_5,,,,
put_the_wine_bottle_on_top_of_the_cabinet_light_8,put_the_wine_bottle_on_top_of_the_cabinet,Light Conditions,,,,light_8,,,,
turn_on_the_stove_table_1,turn_on_the_stove,Background Textures,,,,,,table_1,,
turn_on_the_stove_table_17,turn_on_the_stove,Background Textures,,,,,,table_17,,
turn_on_the_stove_table_2,turn_on_the_stove,Background Textures,,,,,,table_2,,
turn_on_the_stove_table_23,turn_on_the_stove,Background Textures,,,,,,table_23,,
turn_on_the_stove_table_3,turn_on_the_stove,Background Textures,,,,,,table_3,,
turn_on_the_stove_table_4,turn_on_the_stove,Background Textures,,,,,,table_4,,
turn_on_the_stove_table_5,turn_on_the_stove,Background Textures,,,,,,table_5,,
turn_on_the_stove_tb_13,turn_on_the_stove,Background Textures,,,,,,tb_13,,
turn_on_the_stove_tb_18,turn_on_the_stove,Background Textures,,,,,,tb_18,,
turn_on_the_stove_tb_20,turn_on_the_stove,Background Textures,,,,,,tb_20,,
turn_on_the_stove_tb_6,turn_on_the_stove,Background Textures,,,,,,tb_6,,
turn_on_the_stove_view_0_0_100_0_0_initstate_8,turn_on_the_stove,Robot Initial States,,initstate_8,,,,,view_0,
turn_on_the_stove_view_0_0_100_0_0_initstate_58,turn_on_the_stove,Robot Initial States,,initstate_58,,,,,view_0,
turn_on_the_stove_view_0_0_100_0_0_initstate_118,turn_on_the_stove,Robot Initial States,,initstate_118,,,,,view_0,
turn_on_the_stove_view_0_0_100_0_0_initstate_128,turn_on_the_stove,Robot Initial States,,initstate_128,,,,,view_0,
turn_on_the_stove_view_0_0_100_0_0_initstate_148,turn_on_the_stove,Robot Initial States,,initstate_148,,,,,view_0,
turn_on_the_stove_view_0_0_100_0_0_initstate_158,turn_on_the_stove,Robot Initial States,,initstate_158,,,,,view_0,
turn_on_the_stove_view_0_0_100_0_0_initstate_168,turn_on_the_stove,Robot Initial States,,initstate_168,,,,,view_0,
turn_on_the_stove_view_0_0_100_0_0_initstate_178,turn_on_the_stove,Robot Initial States,,initstate_178,,,,,view_0,
turn_on_the_stove_view_0_0_100_0_0_initstate_188,turn_on_the_stove,Robot Initial States,,initstate_188,,,,,view_0,
turn_on_the_stove_view_0_0_100_0_0_initstate_198,turn_on_the_stove,Robot Initial States,,initstate_198,,,,,view_0,
turn_on_the_stove_view_0_0_100_0_0_initstate_208,turn_on_the_stove,Robot Initial States,,initstate_208,,,,,view_0,
turn_on_the_stove_view_0_0_100_0_0_initstate_218,turn_on_the_stove,Robot Initial States,,initstate_218,,,,,view_0,
turn_on_the_stove_view_0_0_100_0_0_initstate_238,turn_on_the_stove,Robot Initial States,,initstate_238,,,,,view_0,
turn_on_the_stove_view_0_0_100_0_0_initstate_248,turn_on_the_stove,Robot Initial States,,initstate_248,,,,,view_0,
turn_on_the_stove_view_0_0_100_0_0_initstate_258,turn_on_the_stove,Robot Initial States,,initstate_258,,,,,view_0,
turn_on_the_stove_view_0_0_100_0_0_initstate_268,turn_on_the_stove,Robot Initial States,,initstate_268,,,,,view_0,
turn_on_the_stove_view_0_0_100_0_0_initstate_278,turn_on_the_stove,Robot Initial States,,initstate_278,,,,,view_0,
turn_on_the_stove_view_0_0_100_0_0_initstate_288,turn_on_the_stove,Robot Initial States,,initstate_288,,,,,view_0,
turn_on_the_stove_view_0_0_100_0_0_initstate_298,turn_on_the_stove,Robot Initial States,,initstate_298,,,,,view_0,
turn_on_the_stove_view_0_0_100_0_0_initstate_308,turn_on_the_stove,Robot Initial States,,initstate_308,,,,,view_0,
turn_on_the_stove_view_0_0_100_0_0_initstate_318,turn_on_the_stove,Robot Initial States,,initstate_318,,,,,view_0,
turn_on_the_stove_view_0_0_100_0_0_initstate_328,turn_on_the_stove,Robot Initial States,,initstate_328,,,,,view_0,
turn_on_the_stove_view_0_0_100_0_0_initstate_338,turn_on_the_stove,Robot Initial States,,initstate_338,,,,,view_0,
turn_on_the_stove_view_0_0_100_0_0_initstate_358,turn_on_the_stove,Robot Initial States,,initstate_358,,,,,view_0,
turn_on_the_stove_view_0_0_100_0_0_initstate_368,turn_on_the_stove,Robot Initial States,,initstate_368,,,,,view_0,
turn_on_the_stove_view_0_0_100_0_0_initstate_378,turn_on_the_stove,Robot Initial States,,initstate_378,,,,,view_0,
turn_on_the_stove_view_0_0_100_0_0_initstate_388,turn_on_the_stove,Robot Initial States,,initstate_388,,,,,view_0,
turn_on_the_stove_view_0_0_100_0_0_initstate_398,turn_on_the_stove,Robot Initial States,,initstate_398,,,,,view_0,
turn_on_the_stove_view_0_0_100_0_0_initstate_408,turn_on_the_stove,Robot Initial States,,initstate_408,,,,,view_0,
turn_on_the_stove_view_0_0_100_0_0_initstate_418,turn_on_the_stove,Robot Initial States,,initstate_418,,,,,view_0,
turn_on_the_stove_view_0_0_100_0_0_initstate_428,turn_on_the_stove,Robot Initial States,,initstate_428,,,,,view_0,
turn_on_the_stove_view_0_0_100_0_0_initstate_438,turn_on_the_stove,Robot Initial States,,initstate_438,,,,,view_0,
turn_on_the_stove_view_0_0_100_0_0_initstate_448,turn_on_the_stove,Robot Initial States,,initstate_448,,,,,view_0,
turn_on_the_stove_view_0_0_100_0_0_initstate_458,turn_on_the_stove,Robot Initial States,,initstate_458,,,,,view_0,
turn_on_the_stove_view_0_0_100_0_0_initstate_468,turn_on_the_stove,Robot Initial States,,initstate_468,,,,,view_0,
turn_on_the_stove_view_0_0_100_0_0_initstate_478,turn_on_the_stove,Robot Initial States,,initstate_478,,,,,view_0,
turn_on_the_stove_view_0_0_100_0_0_initstate_488,turn_on_the_stove,Robot Initial States,,initstate_488,,,,,view_0,
turn_on_the_stove_view_0_0_171_0_0_initstate_0,turn_on_the_stove,Camera Viewpoints,,initstate_0,,,,,view_0,
turn_on_the_stove_view_0_0_172_0_0_initstate_0,turn_on_the_stove,Camera Viewpoints,,initstate_0,,,,,view_0,
turn_on_the_stove_view_0_0_173_0_0_initstate_0,turn_on_the_stove,Camera Viewpoints,,initstate_0,,,,,view_0,
turn_on_the_stove_view_0_0_174_0_0_initstate_0,turn_on_the_stove,Camera Viewpoints,,initstate_0,,,,,view_0,
turn_on_the_stove_view_0_0_175_0_0_initstate_0,turn_on_the_stove,Camera Viewpoints,,initstate_0,,,,,view_0,
turn_on_the_stove_view_0_0_176_0_0_initstate_0,turn_on_the_stove,Camera Viewpoints,,initstate_0,,,,,view_0,
turn_on_the_stove_view_0_0_177_0_0_initstate_0,turn_on_the_stove,Camera Viewpoints,,initstate_0,,,,,view_0,
turn_on_the_stove_view_0_0_178_0_0_initstate_0,turn_on_the_stove,Camera Viewpoints,,initstate_0,,,,,view_0,
turn_on_the_stove_view_0_0_179_0_0_initstate_0,turn_on_the_stove,Camera Viewpoints,,initstate_0,,,,,view_0,
turn_on_the_stove_view_0_0_180_0_0_initstate_0,turn_on_the_stove,Camera Viewpoints,,initstate_0,,,,,view_0,
turn_on_the_stove_view_0_0_100_354_4_initstate_0,turn_on_the_stove,Camera Viewpoints,,initstate_0,,,,,view_0,
turn_on_the_stove_view_0_0_100_354_8_initstate_0,turn_on_the_stove,Camera Viewpoints,,initstate_0,,,,,view_0,
turn_on_the_stove_view_0_0_100_354_10_initstate_0,turn_on_the_stove,Camera Viewpoints,,initstate_0,,,,,view_0,
turn_on_the_stove_view_0_0_100_354_350_initstate_0,turn_on_the_stove,Camera Viewpoints,,initstate_0,,,,,view_0,
turn_on_the_stove_view_0_0_100_354_352_initstate_0,turn_on_the_stove,Camera Viewpoints,,initstate_0,,,,,view_0,
turn_on_the_stove_view_0_0_100_354_358_initstate_0,turn_on_the_stove,Camera Viewpoints,,initstate_0,,,,,view_0,
turn_on_the_stove_view_315_0_100_0_0_initstate_0,turn_on_the_stove,Camera Viewpoints,,initstate_0,,,,,view_315,
turn_on_the_stove_view_315_15_100_0_0_initstate_0,turn_on_the_stove,Camera Viewpoints,,initstate_0,,,,,view_315,
turn_on_the_stove_view_316_0_100_0_0_initstate_0,turn_on_the_stove,Camera Viewpoints,,initstate_0,,,,,view_316,
turn_on_the_stove_view_316_15_100_0_0_initstate_0,turn_on_the_stove,Camera Viewpoints,,initstate_0,,,,,view_316,
turn_on_the_stove_view_317_0_100_0_0_initstate_0,turn_on_the_stove,Camera Viewpoints,,initstate_0,,,,,view_317,
turn_on_the_stove_view_317_15_100_0_0_initstate_0,turn_on_the_stove,Camera Viewpoints,,initstate_0,,,,,view_317,
turn_on_the_stove_view_318_0_100_0_0_initstate_0,turn_on_the_stove,Camera Viewpoints,,initstate_0,,,,,view_318,
turn_on_the_stove_view_318_15_100_0_0_initstate_0,turn_on_the_stove,Camera Viewpoints,,initstate_0,,,,,view_318,
turn_on_the_stove_view_319_0_100_0_0_initstate_0,turn_on_the_stove,Camera Viewpoints,,initstate_0,,,,,view_319,
turn_on_the_stove_view_319_15_100_0_0_initstate_0,turn_on_the_stove,Camera Viewpoints,,initstate_0,,,,,view_319,
turn_on_the_stove_view_320_0_100_0_0_initstate_0,turn_on_the_stove,Camera Viewpoints,,initstate_0,,,,,view_320,
turn_on_the_stove_view_320_15_100_0_0_initstate_0,turn_on_the_stove,Camera Viewpoints,,initstate_0,,,,,view_320,
turn_on_the_stove_view_321_0_100_0_0_initstate_0,turn_on_the_stove,Camera Viewpoints,,initstate_0,,,,,view_321,
turn_on_the_stove_view_321_15_100_0_0_initstate_0,turn_on_the_stove,Camera Viewpoints,,initstate_0,,,,,view_321,
turn_on_the_stove_view_322_0_100_0_0_initstate_0,turn_on_the_stove,Camera Viewpoints,,initstate_0,,,,,view_322,
turn_on_the_stove_view_322_15_100_0_0_initstate_0,turn_on_the_stove,Camera Viewpoints,,initstate_0,,,,,view_322,
turn_on_the_stove_view_323_0_100_0_0_initstate_0,turn_on_the_stove,Camera Viewpoints,,initstate_0,,,,,view_323,
turn_on_the_stove_view_323_15_100_0_0_initstate_0,turn_on_the_stove,Camera Viewpoints,,initstate_0,,,,,view_323,
turn_on_the_stove_view_324_0_100_0_0_initstate_0,turn_on_the_stove,Camera Viewpoints,,initstate_0,,,,,view_324,
turn_on_the_stove_view_324_15_100_0_0_initstate_0,turn_on_the_stove,Camera Viewpoints,,initstate_0,,,,,view_324,
turn_on_the_stove_view_325_0_100_0_0_initstate_0,turn_on_the_stove,Camera Viewpoints,,initstate_0,,,,,view_325,
turn_on_the_stove_view_325_15_100_0_0_initstate_0,turn_on_the_stove,Camera Viewpoints,,initstate_0,,,,,view_325,
turn_on_the_stove_view_326_0_100_0_0_initstate_0,turn_on_the_stove,Camera Viewpoints,,initstate_0,,,,,view_326,
turn_on_the_stove_view_326_15_100_0_0_initstate_0,turn_on_the_stove,Camera Viewpoints,,initstate_0,,,,,view_326,
turn_on_the_stove_view_327_0_100_0_0_initstate_0,turn_on_the_stove,Camera Viewpoints,,initstate_0,,,,,view_327,
turn_on_the_stove_view_327_15_100_0_0_initstate_0,turn_on_the_stove,Camera Viewpoints,,initstate_0,,,,,view_327,
turn_on_the_stove_view_328_0_100_0_0_initstate_0,turn_on_the_stove,Camera Viewpoints,,initstate_0,,,,,view_328,
turn_on_the_stove_view_328_15_100_0_0_initstate_0,turn_on_the_stove,Camera Viewpoints,,initstate_0,,,,,view_328,
turn_on_the_stove_view_329_0_100_0_0_initstate_0,turn_on_the_stove,Camera Viewpoints,,initstate_0,,,,,view_329,
turn_on_the_stove_view_329_15_100_0_0_initstate_0,turn_on_the_stove,Camera Viewpoints,,initstate_0,,,,,view_329,
turn_on_the_stove_language_1_view_0_0_100_0_0_initstate_0,turn_on_the_stove,Language Instructions,,initstate_0,language_1,,,,view_0,
turn_on_the_stove_language_2_view_0_0_100_0_0_initstate_0,turn_on_the_stove,Language Instructions,,initstate_0,language_2,,,,view_0,
turn_on_the_stove_language_3_view_0_0_100_0_0_initstate_0,turn_on_the_stove,Language Instructions,,initstate_0,language_3,,,,view_0,
turn_on_the_stove_language_4_view_0_0_100_0_0_initstate_0,turn_on_the_stove,Language Instructions,,initstate_0,language_4,,,,view_0,
turn_on_the_stove_language_5_view_0_0_100_0_0_initstate_0,turn_on_the_stove,Language Instructions,,initstate_0,language_5,,,,view_0,
turn_on_the_stove_language_6_view_0_0_100_0_0_initstate_0,turn_on_the_stove,Language Instructions,,initstate_0,language_6,,,,view_0,
turn_on_the_stove_language_7_view_0_0_100_0_0_initstate_0,turn_on_the_stove,Language Instructions,,initstate_0,language_7,,,,view_0,
turn_on_the_stove_language_9_view_0_0_100_0_0_initstate_0,turn_on_the_stove,Language Instructions,,initstate_0,language_9,,,,view_0,
turn_on_the_stove_language_10_view_0_0_100_0_0_initstate_0,turn_on_the_stove,Language Instructions,,initstate_0,language_10,,,,view_0,
turn_on_the_stove_language_11_view_0_0_100_0_0_initstate_0,turn_on_the_stove,Language Instructions,,initstate_0,language_11,,,,view_0,
turn_on_the_stove_language_12_view_0_0_100_0_0_initstate_0,turn_on_the_stove,Language Instructions,,initstate_0,language_12,,,,view_0,
turn_on_the_stove_language_13_view_0_0_100_0_0_initstate_0,turn_on_the_stove,Language Instructions,,initstate_0,language_13,,,,view_0,
turn_on_the_stove_language_15_view_0_0_100_0_0_initstate_0,turn_on_the_stove,Language Instructions,,initstate_0,language_15,,,,view_0,
turn_on_the_stove_language_16_view_0_0_100_0_0_initstate_0,turn_on_the_stove,Language Instructions,,initstate_0,language_16,,,,view_0,
turn_on_the_stove_language_19_view_0_0_100_0_0_initstate_0,turn_on_the_stove,Language Instructions,,initstate_0,language_19,,,,view_0,
turn_on_the_stove_language_20_view_0_0_100_0_0_initstate_0,turn_on_the_stove,Language Instructions,,initstate_0,language_20,,,,view_0,
turn_on_the_stove_language_21_view_0_0_100_0_0_initstate_0,turn_on_the_stove,Language Instructions,,initstate_0,language_21,,,,view_0,
turn_on_the_stove_language_23_view_0_0_100_0_0_initstate_0,turn_on_the_stove,Language Instructions,,initstate_0,language_23,,,,view_0,
turn_on_the_stove_language_24_view_0_0_100_0_0_initstate_0,turn_on_the_stove,Language Instructions,,initstate_0,language_24,,,,view_0,
turn_on_the_stove_language_25_view_0_0_100_0_0_initstate_0,turn_on_the_stove,Language Instructions,,initstate_0,language_25,,,,view_0,
turn_on_the_stove_language_26_view_0_0_100_0_0_initstate_0,turn_on_the_stove,Language Instructions,,initstate_0,language_26,,,,view_0,
turn_on_the_stove_language_27_view_0_0_100_0_0_initstate_0,turn_on_the_stove,Language Instructions,,initstate_0,language_27,,,,view_0,
turn_on_the_stove_language_29_view_0_0_100_0_0_initstate_0,turn_on_the_stove,Language Instructions,,initstate_0,language_29,,,,view_0,
turn_on_the_stove_language_30_view_0_0_100_0_0_initstate_0,turn_on_the_stove,Language Instructions,,initstate_0,language_30,,,,view_0,
turn_on_the_stove_language_31_view_0_0_100_0_0_initstate_0,turn_on_the_stove,Language Instructions,,initstate_0,language_31,,,,view_0,
turn_on_the_stove_language_33_view_0_0_100_0_0_initstate_0,turn_on_the_stove,Language Instructions,,initstate_0,language_33,,,,view_0,
turn_on_the_stove_language_35_view_0_0_100_0_0_initstate_0,turn_on_the_stove,Language Instructions,,initstate_0,language_35,,,,view_0,
turn_on_the_stove_language_36_view_0_0_100_0_0_initstate_0,turn_on_the_stove,Language Instructions,,initstate_0,language_36,,,,view_0,
turn_on_the_stove_language_37_view_0_0_100_0_0_initstate_0,turn_on_the_stove,Language Instructions,,initstate_0,language_37,,,,view_0,
turn_on_the_stove_language_38_view_0_0_100_0_0_initstate_0,turn_on_the_stove,Language Instructions,,initstate_0,language_38,,,,view_0,
turn_on_the_stove_language_41_view_0_0_100_0_0_initstate_0,turn_on_the_stove,Language Instructions,,initstate_0,language_41,,,,view_0,
turn_on_the_stove_language_42_view_0_0_100_0_0_initstate_0,turn_on_the_stove,Language Instructions,,initstate_0,language_42,,,,view_0,
turn_on_the_stove_language_43_view_0_0_100_0_0_initstate_0,turn_on_the_stove,Language Instructions,,initstate_0,language_43,,,,view_0,
turn_on_the_stove_language_44_view_0_0_100_0_0_initstate_0,turn_on_the_stove,Language Instructions,,initstate_0,language_44,,,,view_0,
turn_on_the_stove_language_45_view_0_0_100_0_0_initstate_0,turn_on_the_stove,Language Instructions,,initstate_0,language_45,,,,view_0,
turn_on_the_stove_language_46_view_0_0_100_0_0_initstate_0,turn_on_the_stove,Language Instructions,,initstate_0,language_46,,,,view_0,
turn_on_the_stove_language_47_view_0_0_100_0_0_initstate_0,turn_on_the_stove,Language Instructions,,initstate_0,language_47,,,,view_0,
turn_on_the_stove_language_48_view_0_0_100_0_0_initstate_0,turn_on_the_stove,Language Instructions,,initstate_0,language_48,,,,view_0,
turn_on_the_stove_language_49_view_0_0_100_0_0_initstate_0,turn_on_the_stove,Language Instructions,,initstate_0,language_49,,,,view_0,
turn_on_the_stove_language_50_view_0_0_100_0_0_initstate_0,turn_on_the_stove,Language Instructions,,initstate_0,language_50,,,,view_0,
turn_on_the_stove_view_0_0_100_0_0_initstate_0_noise_5,turn_on_the_stove,Sensor Noise,,initstate_0,,,noise_5,,view_0,
turn_on_the_stove_view_0_0_100_0_0_initstate_0_noise_6,turn_on_the_stove,Sensor Noise,,initstate_0,,,noise_6,,view_0,
turn_on_the_stove_view_0_0_100_0_0_initstate_0_noise_7,turn_on_the_stove,Sensor Noise,,initstate_0,,,noise_7,,view_0,
turn_on_the_stove_view_0_0_100_0_0_initstate_0_noise_8,turn_on_the_stove,Sensor Noise,,initstate_0,,,noise_8,,view_0,
turn_on_the_stove_view_0_0_100_0_0_initstate_0_noise_9,turn_on_the_stove,Sensor Noise,,initstate_0,,,noise_9,,view_0,
turn_on_the_stove_view_0_0_100_0_0_initstate_0_noise_10,turn_on_the_stove,Sensor Noise,,initstate_0,,,noise_10,,view_0,
turn_on_the_stove_view_0_0_100_0_0_initstate_0_noise_13,turn_on_the_stove,Sensor Noise,,initstate_0,,,noise_13,,view_0,
turn_on_the_stove_view_0_0_100_0_0_initstate_0_noise_14,turn_on_the_stove,Sensor Noise,,initstate_0,,,noise_14,,view_0,
turn_on_the_stove_view_0_0_100_0_0_initstate_0_noise_15,turn_on_the_stove,Sensor Noise,,initstate_0,,,noise_15,,view_0,
turn_on_the_stove_view_0_0_100_0_0_initstate_0_noise_17,turn_on_the_stove,Sensor Noise,,initstate_0,,,noise_17,,view_0,
turn_on_the_stove_view_0_0_100_0_0_initstate_0_noise_18,turn_on_the_stove,Sensor Noise,,initstate_0,,,noise_18,,view_0,
turn_on_the_stove_view_0_0_100_0_0_initstate_0_noise_19,turn_on_the_stove,Sensor Noise,,initstate_0,,,noise_19,,view_0,
turn_on_the_stove_view_0_0_100_0_0_initstate_0_noise_20,turn_on_the_stove,Sensor Noise,,initstate_0,,,noise_20,,view_0,
turn_on_the_stove_view_0_0_100_0_0_initstate_0_noise_27,turn_on_the_stove,Sensor Noise,,initstate_0,,,noise_27,,view_0,
turn_on_the_stove_view_0_0_100_0_0_initstate_0_noise_28,turn_on_the_stove,Sensor Noise,,initstate_0,,,noise_28,,view_0,
turn_on_the_stove_view_0_0_100_0_0_initstate_0_noise_29,turn_on_the_stove,Sensor Noise,,initstate_0,,,noise_29,,view_0,
turn_on_the_stove_view_0_0_100_0_0_initstate_0_noise_30,turn_on_the_stove,Sensor Noise,,initstate_0,,,noise_30,,view_0,
turn_on_the_stove_view_0_0_100_0_0_initstate_0_noise_37,turn_on_the_stove,Sensor Noise,,initstate_0,,,noise_37,,view_0,
turn_on_the_stove_view_0_0_100_0_0_initstate_0_noise_38,turn_on_the_stove,Sensor Noise,,initstate_0,,,noise_38,,view_0,
turn_on_the_stove_view_0_0_100_0_0_initstate_0_noise_39,turn_on_the_stove,Sensor Noise,,initstate_0,,,noise_39,,view_0,
turn_on_the_stove_view_0_0_100_0_0_initstate_0_noise_40,turn_on_the_stove,Sensor Noise,,initstate_0,,,noise_40,,view_0,
turn_on_the_stove_view_0_0_100_0_0_initstate_0_noise_43,turn_on_the_stove,Sensor Noise,,initstate_0,,,noise_43,,view_0,
turn_on_the_stove_view_0_0_100_0_0_initstate_0_noise_44,turn_on_the_stove,Sensor Noise,,initstate_0,,,noise_44,,view_0,
turn_on_the_stove_view_0_0_100_0_0_initstate_0_noise_45,turn_on_the_stove,Sensor Noise,,initstate_0,,,noise_45,,view_0,
turn_on_the_stove_view_0_0_100_0_0_initstate_0_noise_46,turn_on_the_stove,Sensor Noise,,initstate_0,,,noise_46,,view_0,
turn_on_the_stove_view_0_0_100_0_0_initstate_0_noise_47,turn_on_the_stove,Sensor Noise,,initstate_0,,,noise_47,,view_0,
turn_on_the_stove_view_0_0_100_0_0_initstate_0_noise_48,turn_on_the_stove,Sensor Noise,,initstate_0,,,noise_48,,view_0,
turn_on_the_stove_view_0_0_100_0_0_initstate_0_noise_49,turn_on_the_stove,Sensor Noise,,initstate_0,,,noise_49,,view_0,
turn_on_the_stove_view_0_0_100_0_0_initstate_0_noise_50,turn_on_the_stove,Sensor Noise,,initstate_0,,,noise_50,,view_0,
turn_on_the_stove_add_1,turn_on_the_stove,Objects Layout,add_1,,,,,,,
turn_on_the_stove_add_10,turn_on_the_stove,Objects Layout,add_10,,,,,,,
turn_on_the_stove_add_11,turn_on_the_stove,Objects Layout,add_11,,,,,,,
turn_on_the_stove_add_12,turn_on_the_stove,Objects Layout,add_12,,,,,,,
turn_on_the_stove_add_13,turn_on_the_stove,Objects Layout,add_13,,,,,,,
turn_on_the_stove_add_14,turn_on_the_stove,Objects Layout,add_14,,,,,,,
turn_on_the_stove_add_15,turn_on_the_stove,Objects Layout,add_15,,,,,,,
turn_on_the_stove_add_16,turn_on_the_stove,Objects Layout,add_16,,,,,,,
turn_on_the_stove_add_17,turn_on_the_stove,Objects Layout,add_17,,,,,,,
turn_on_the_stove_add_18,turn_on_the_stove,Objects Layout,add_18,,,,,,,
turn_on_the_stove_add_19,turn_on_the_stove,Objects Layout,add_19,,,,,,,
turn_on_the_stove_add_2,turn_on_the_stove,Objects Layout,add_2,,,,,,,
turn_on_the_stove_add_20,turn_on_the_stove,Objects Layout,add_20,,,,,,,
turn_on_the_stove_add_21,turn_on_the_stove,Objects Layout,add_21,,,,,,,
turn_on_the_stove_add_22,turn_on_the_stove,Objects Layout,add_22,,,,,,,
turn_on_the_stove_add_23,turn_on_the_stove,Objects Layout,add_23,,,,,,,
turn_on_the_stove_add_24,turn_on_the_stove,Objects Layout,add_24,,,,,,,
turn_on_the_stove_add_25,turn_on_the_stove,Objects Layout,add_25,,,,,,,
turn_on_the_stove_add_26,turn_on_the_stove,Objects Layout,add_26,,,,,,,
turn_on_the_stove_add_27,turn_on_the_stove,Objects Layout,add_27,,,,,,,
turn_on_the_stove_add_28,turn_on_the_stove,Objects Layout,add_28,,,,,,,
turn_on_the_stove_add_29,turn_on_the_stove,Objects Layout,add_29,,,,,,,
turn_on_the_stove_add_3,turn_on_the_stove,Objects Layout,add_3,,,,,,,
turn_on_the_stove_add_30,turn_on_the_stove,Objects Layout,add_30,,,,,,,
turn_on_the_stove_add_4,turn_on_the_stove,Objects Layout,add_4,,,,,,,
turn_on_the_stove_add_5,turn_on_the_stove,Objects Layout,add_5,,,,,,,
turn_on_the_stove_add_6,turn_on_the_stove,Objects Layout,add_6,,,,,,,
turn_on_the_stove_add_7,turn_on_the_stove,Objects Layout,add_7,,,,,,,
turn_on_the_stove_add_8,turn_on_the_stove,Objects Layout,add_8,,,,,,,
turn_on_the_stove_add_9,turn_on_the_stove,Objects Layout,add_9,,,,,,,
turn_on_the_stove_light_1,turn_on_the_stove,Light Conditions,,,,light_1,,,,
turn_on_the_stove_light_11,turn_on_the_stove,Light Conditions,,,,light_11,,,,
turn_on_the_stove_light_12,turn_on_the_stove,Light Conditions,,,,light_12,,,,
turn_on_the_stove_light_13,turn_on_the_stove,Light Conditions,,,,light_13,,,,
turn_on_the_stove_light_14,turn_on_the_stove,Light Conditions,,,,light_14,,,,
turn_on_the_stove_light_19,turn_on_the_stove,Light Conditions,,,,light_19,,,,
turn_on_the_stove_light_2,turn_on_the_stove,Light Conditions,,,,light_2,,,,
turn_on_the_stove_light_20,turn_on_the_stove,Light Conditions,,,,light_20,,,,
turn_on_the_stove_light_22,turn_on_the_stove,Light Conditions,,,,light_22,,,,
turn_on_the_stove_light_23,turn_on_the_stove,Light Conditions,,,,light_23,,,,
turn_on_the_stove_light_24,turn_on_the_stove,Light Conditions,,,,light_24,,,,
turn_on_the_stove_light_25,turn_on_the_stove,Light Conditions,,,,light_25,,,,
turn_on_the_stove_light_28,turn_on_the_stove,Light Conditions,,,,light_28,,,,
turn_on_the_stove_light_30,turn_on_the_stove,Light Conditions,,,,light_30,,,,
turn_on_the_stove_light_31,turn_on_the_stove,Light Conditions,,,,light_31,,,,
turn_on_the_stove_light_32,turn_on_the_stove,Light Conditions,,,,light_32,,,,
turn_on_the_stove_light_38,turn_on_the_stove,Light Conditions,,,,light_38,,,,
turn_on_the_stove_light_39,turn_on_the_stove,Light Conditions,,,,light_39,,,,
turn_on_the_stove_light_41,turn_on_the_stove,Light Conditions,,,,light_41,,,,
turn_on_the_stove_light_5,turn_on_the_stove,Light Conditions,,,,light_5,,,,
turn_on_the_stove_light_8,turn_on_the_stove,Light Conditions,,,,light_8,,,,
open_the_middle_drawer_of_the_cabinet_moved_level1_sample1,open_the_middle_drawer_of_the_cabinet_moved,Objects Layout,,,,,,,,level1_sample1
open_the_middle_drawer_of_the_cabinet_moved_level1_sample2,open_the_middle_drawer_of_the_cabinet_moved,Objects Layout,,,,,,,,level1_sample2
open_the_middle_drawer_of_the_cabinet_moved_level1_sample3,open_the_middle_drawer_of_the_cabinet_moved,Objects Layout,,,,,,,,level1_sample3
open_the_middle_drawer_of_the_cabinet_moved_level1_sample4,open_the_middle_drawer_of_the_cabinet_moved,Objects Layout,,,,,,,,level1_sample4
open_the_middle_drawer_of_the_cabinet_moved_level2_sample1,open_the_middle_drawer_of_the_cabinet_moved,Objects Layout,,,,,,,,level2_sample1
open_the_middle_drawer_of_the_cabinet_moved_level2_sample2,open_the_middle_drawer_of_the_cabinet_moved,Objects Layout,,,,,,,,level2_sample2
open_the_middle_drawer_of_the_cabinet_moved_level2_sample4,open_the_middle_drawer_of_the_cabinet_moved,Objects Layout,,,,,,,,level2_sample4
open_the_middle_drawer_of_the_cabinet_moved_level3_sample1,open_the_middle_drawer_of_the_cabinet_moved,Objects Layout,,,,,,,,level3_sample1
open_the_middle_drawer_of_the_cabinet_moved_level3_sample2,open_the_middle_drawer_of_the_cabinet_moved,Objects Layout,,,,,,,,level3_sample2
open_the_middle_drawer_of_the_cabinet_moved_level3_sample3,open_the_middle_drawer_of_the_cabinet_moved,Objects Layout,,,,,,,,level3_sample3
open_the_middle_drawer_of_the_cabinet_moved_level3_sample4,open_the_middle_drawer_of_the_cabinet_moved,Objects Layout,,,,,,,,level3_sample4
open_the_middle_drawer_of_the_cabinet_moved_level4_sample1,open_the_middle_drawer_of_the_cabinet_moved,Objects Layout,,,,,,,,level4_sample1
open_the_middle_drawer_of_the_cabinet_moved_level4_sample2,open_the_middle_drawer_of_the_cabinet_moved,Objects Layout,,,,,,,,level4_sample2
open_the_middle_drawer_of_the_cabinet_moved_level4_sample3,open_the_middle_drawer_of_the_cabinet_moved,Objects Layout,,,,,,,,level4_sample3
open_the_middle_drawer_of_the_cabinet_moved_level4_sample4,open_the_middle_drawer_of_the_cabinet_moved,Objects Layout,,,,,,,,level4_sample4
open_the_middle_drawer_of_the_cabinet_moved_level5_sample1,open_the_middle_drawer_of_the_cabinet_moved,Objects Layout,,,,,,,,level5_sample1
open_the_middle_drawer_of_the_cabinet_moved_level5_sample2,open_the_middle_drawer_of_the_cabinet_moved,Objects Layout,,,,,,,,level5_sample2
open_the_middle_drawer_of_the_cabinet_moved_level5_sample3,open_the_middle_drawer_of_the_cabinet_moved,Objects Layout,,,,,,,,level5_sample3
open_the_middle_drawer_of_the_cabinet_moved_level5_sample4,open_the_middle_drawer_of_the_cabinet_moved,Objects Layout,,,,,,,,level5_sample4
open_the_top_drawer_and_put_the_bowl_inside_moved_level1_sample1,open_the_top_drawer_and_put_the_bowl_inside_moved,Objects Layout,,,,,,,,level1_sample1
open_the_top_drawer_and_put_the_bowl_inside_moved_level1_sample2,open_the_top_drawer_and_put_the_bowl_inside_moved,Objects Layout,,,,,,,,level1_sample2
open_the_top_drawer_and_put_the_bowl_inside_moved_level1_sample4,open_the_top_drawer_and_put_the_bowl_inside_moved,Objects Layout,,,,,,,,level1_sample4
open_the_top_drawer_and_put_the_bowl_inside_moved_level2_sample1,open_the_top_drawer_and_put_the_bowl_inside_moved,Objects Layout,,,,,,,,level2_sample1
open_the_top_drawer_and_put_the_bowl_inside_moved_level2_sample3,open_the_top_drawer_and_put_the_bowl_inside_moved,Objects Layout,,,,,,,,level2_sample3
open_the_top_drawer_and_put_the_bowl_inside_moved_level2_sample4,open_the_top_drawer_and_put_the_bowl_inside_moved,Objects Layout,,,,,,,,level2_sample4
open_the_top_drawer_and_put_the_bowl_inside_moved_level3_sample1,open_the_top_drawer_and_put_the_bowl_inside_moved,Objects Layout,,,,,,,,level3_sample1
open_the_top_drawer_and_put_the_bowl_inside_moved_level3_sample2,open_the_top_drawer_and_put_the_bowl_inside_moved,Objects Layout,,,,,,,,level3_sample2
open_the_top_drawer_and_put_the_bowl_inside_moved_level3_sample3,open_the_top_drawer_and_put_the_bowl_inside_moved,Objects Layout,,,,,,,,level3_sample3
open_the_top_drawer_and_put_the_bowl_inside_moved_level3_sample4,open_the_top_drawer_and_put_the_bowl_inside_moved,Objects Layout,,,,,,,,level3_sample4
open_the_top_drawer_and_put_the_bowl_inside_moved_level4_sample1,open_the_top_drawer_and_put_the_bowl_inside_moved,Objects Layout,,,,,,,,level4_sample1
open_the_top_drawer_and_put_the_bowl_inside_moved_level4_sample2,open_the_top_drawer_and_put_the_bowl_inside_moved,Objects Layout,,,,,,,,level4_sample2
open_the_top_drawer_and_put_the_bowl_inside_moved_level4_sample3,open_the_top_drawer_and_put_the_bowl_inside_moved,Objects Layout,,,,,,,,level4_sample3
open_the_top_drawer_and_put_the_bowl_inside_moved_level4_sample4,open_the_top_drawer_and_put_the_bowl_inside_moved,Objects Layout,,,,,,,,level4_sample4
open_the_top_drawer_and_put_the_bowl_inside_moved_level5_sample1,open_the_top_drawer_and_put_the_bowl_inside_moved,Objects Layout,,,,,,,,level5_sample1
open_the_top_drawer_and_put_the_bowl_inside_moved_level5_sample2,open_the_top_drawer_and_put_the_bowl_inside_moved,Objects Layout,,,,,,,,level5_sample2
open_the_top_drawer_and_put_the_bowl_inside_moved_level5_sample3,open_the_top_drawer_and_put_the_bowl_inside_moved,Objects Layout,,,,,,,,level5_sample3
open_the_top_drawer_and_put_the_bowl_inside_moved_level5_sample4,open_the_top_drawer_and_put_the_bowl_inside_moved,Objects Layout,,,,,,,,level5_sample4
push_the_plate_to_the_front_of_the_stove_moved_level1_sample2,push_the_plate_to_the_front_of_the_stove_moved,Objects Layout,,,,,,,,level1_sample2
push_the_plate_to_the_front_of_the_stove_moved_level1_sample3,push_the_plate_to_the_front_of_the_stove_moved,Objects Layout,,,,,,,,level1_sample3
push_the_plate_to_the_front_of_the_stove_moved_level1_sample4,push_the_plate_to_the_front_of_the_stove_moved,Objects Layout,,,,,,,,level1_sample4
push_the_plate_to_the_front_of_the_stove_moved_level2_sample1,push_the_plate_to_the_front_of_the_stove_moved,Objects Layout,,,,,,,,level2_sample1
push_the_plate_to_the_front_of_the_stove_moved_level2_sample2,push_the_plate_to_the_front_of_the_stove_moved,Objects Layout,,,,,,,,level2_sample2
push_the_plate_to_the_front_of_the_stove_moved_level2_sample3,push_the_plate_to_the_front_of_the_stove_moved,Objects Layout,,,,,,,,level2_sample3
push_the_plate_to_the_front_of_the_stove_moved_level2_sample4,push_the_plate_to_the_front_of_the_stove_moved,Objects Layout,,,,,,,,level2_sample4
push_the_plate_to_the_front_of_the_stove_moved_level3_sample1,push_the_plate_to_the_front_of_the_stove_moved,Objects Layout,,,,,,,,level3_sample1
push_the_plate_to_the_front_of_the_stove_moved_level3_sample2,push_the_plate_to_the_front_of_the_stove_moved,Objects Layout,,,,,,,,level3_sample2
push_the_plate_to_the_front_of_the_stove_moved_level3_sample3,push_the_plate_to_the_front_of_the_stove_moved,Objects Layout,,,,,,,,level3_sample3
push_the_plate_to_the_front_of_the_stove_moved_level3_sample4,push_the_plate_to_the_front_of_the_stove_moved,Objects Layout,,,,,,,,level3_sample4
push_the_plate_to_the_front_of_the_stove_moved_level4_sample1,push_the_plate_to_the_front_of_the_stove_moved,Objects Layout,,,,,,,,level4_sample1
push_the_plate_to_the_front_of_the_stove_moved_level4_sample2,push_the_plate_to_the_front_of_the_stove_moved,Objects Layout,,,,,,,,level4_sample2
push_the_plate_to_the_front_of_the_stove_moved_level4_sample3,push_the_plate_to_the_front_of_the_stove_moved,Objects Layout,,,,,,,,level4_sample3
push_the_plate_to_the_front_of_the_stove_moved_level4_sample4,push_the_plate_to_the_front_of_the_stove_moved,Objects Layout,,,,,,,,level4_sample4
push_the_plate_to_the_front_of_the_stove_moved_level5_sample1,push_the_plate_to_the_front_of_the_stove_moved,Objects Layout,,,,,,,,level5_sample1
push_the_plate_to_the_front_of_the_stove_moved_level5_sample2,push_the_plate_to_the_front_of_the_stove_moved,Objects Layout,,,,,,,,level5_sample2
push_the_plate_to_the_front_of_the_stove_moved_level5_sample3,push_the_plate_to_the_front_of_the_stove_moved,Objects Layout,,,,,,,,level5_sample3
push_the_plate_to_the_front_of_the_stove_moved_level5_sample4,push_the_plate_to_the_front_of_the_stove_moved,Objects Layout,,,,,,,,level5_sample4
put_the_bowl_on_the_plate_moved_level1_sample1,put_the_bowl_on_the_plate_moved,Objects Layout,,,,,,,,level1_sample1
put_the_bowl_on_the_plate_moved_level1_sample2,put_the_bowl_on_the_plate_moved,Objects Layout,,,,,,,,level1_sample2
put_the_bowl_on_the_plate_moved_level1_sample3,put_the_bowl_on_the_plate_moved,Objects Layout,,,,,,,,level1_sample3
put_the_bowl_on_the_plate_moved_level1_sample4,put_the_bowl_on_the_plate_moved,Objects Layout,,,,,,,,level1_sample4
put_the_bowl_on_the_plate_moved_level2_sample1,put_the_bowl_on_the_plate_moved,Objects Layout,,,,,,,,level2_sample1
put_the_bowl_on_the_plate_moved_level2_sample2,put_the_bowl_on_the_plate_moved,Objects Layout,,,,,,,,level2_sample2
put_the_bowl_on_the_plate_moved_level2_sample3,put_the_bowl_on_the_plate_moved,Objects Layout,,,,,,,,level2_sample3
put_the_bowl_on_the_plate_moved_level2_sample4,put_the_bowl_on_the_plate_moved,Objects Layout,,,,,,,,level2_sample4
put_the_bowl_on_the_plate_moved_level3_sample1,put_the_bowl_on_the_plate_moved,Objects Layout,,,,,,,,level3_sample1
put_the_bowl_on_the_plate_moved_level3_sample3,put_the_bowl_on_the_plate_moved,Objects Layout,,,,,,,,level3_sample3
put_the_bowl_on_the_plate_moved_level3_sample4,put_the_bowl_on_the_plate_moved,Objects Layout,,,,,,,,level3_sample4
put_the_bowl_on_the_plate_moved_level4_sample1,put_the_bowl_on_the_plate_moved,Objects Layout,,,,,,,,level4_sample1
put_the_bowl_on_the_plate_moved_level4_sample2,put_the_bowl_on_the_plate_moved,Objects Layout,,,,,,,,level4_sample2
put_the_bowl_on_the_plate_moved_level4_sample3,put_the_bowl_on_the_plate_moved,Objects Layout,,,,,,,,level4_sample3
put_the_bowl_on_the_plate_moved_level4_sample4,put_the_bowl_on_the_plate_moved,Objects Layout,,,,,,,,level4_sample4
put_the_bowl_on_the_plate_moved_level5_sample1,put_the_bowl_on_the_plate_moved,Objects Layout,,,,,,,,level5_sample1
put_the_bowl_on_the_plate_moved_level5_sample2,put_the_bowl_on_the_plate_moved,Objects Layout,,,,,,,,level5_sample2
put_the_bowl_on_the_plate_moved_level5_sample3,put_the_bowl_on_the_plate_moved,Objects Layout,,,,,,,,level5_sample3
put_the_bowl_on_the_plate_moved_level5_sample4,put_the_bowl_on_the_plate_moved,Objects Layout,,,,,,,,level5_sample4
put_the_bowl_on_the_stove_moved_level1_sample3,put_the_bowl_on_the_stove_moved,Objects Layout,,,,,,,,level1_sample3
put_the_bowl_on_the_stove_moved_level1_sample4,put_the_bowl_on_the_stove_moved,Objects Layout,,,,,,,,level1_sample4
put_the_bowl_on_the_stove_moved_level2_sample1,put_the_bowl_on_the_stove_moved,Objects Layout,,,,,,,,level2_sample1
put_the_bowl_on_the_stove_moved_level2_sample2,put_the_bowl_on_the_stove_moved,Objects Layout,,,,,,,,level2_sample2
put_the_bowl_on_the_stove_moved_level2_sample3,put_the_bowl_on_the_stove_moved,Objects Layout,,,,,,,,level2_sample3
put_the_bowl_on_the_stove_moved_level2_sample4,put_the_bowl_on_the_stove_moved,Objects Layout,,,,,,,,level2_sample4
put_the_bowl_on_the_stove_moved_level3_sample1,put_the_bowl_on_the_stove_moved,Objects Layout,,,,,,,,level3_sample1
put_the_bowl_on_the_stove_moved_level3_sample2,put_the_bowl_on_the_stove_moved,Objects Layout,,,,,,,,level3_sample2
put_the_bowl_on_the_stove_moved_level3_sample3,put_the_bowl_on_the_stove_moved,Objects Layout,,,,,,,,level3_sample3
put_the_bowl_on_the_stove_moved_level3_sample4,put_the_bowl_on_the_stove_moved,Objects Layout,,,,,,,,level3_sample4
put_the_bowl_on_the_stove_moved_level4_sample1,put_the_bowl_on_the_stove_moved,Objects Layout,,,,,,,,level4_sample1
put_the_bowl_on_the_stove_moved_level4_sample2,put_the_bowl_on_the_stove_moved,Objects Layout,,,,,,,,level4_sample2
put_the_bowl_on_the_stove_moved_level4_sample3,put_the_bowl_on_the_stove_moved,Objects Layout,,,,,,,,level4_sample3
put_the_bowl_on_the_stove_moved_level4_sample4,put_the_bowl_on_the_stove_moved,Objects Layout,,,,,,,,level4_sample4
put_the_bowl_on_the_stove_moved_level5_sample1,put_the_bowl_on_the_stove_moved,Objects Layout,,,,,,,,level5_sample1
put_the_bowl_on_the_stove_moved_level5_sample2,put_the_bowl_on_the_stove_moved,Objects Layout,,,,,,,,level5_sample2
put_the_bowl_on_the_stove_moved_level5_sample3,put_the_bowl_on_the_stove_moved,Objects Layout,,,,,,,,level5_sample3
put_the_bowl_on_the_stove_moved_level5_sample4,put_the_bowl_on_the_stove_moved,Objects Layout,,,,,,,,level5_sample4
put_the_bowl_on_top_of_the_cabinet_moved_level1_sample1,put_the_bowl_on_top_of_the_cabinet_moved,Objects Layout,,,,,,,,level1_sample1
put_the_bowl_on_top_of_the_cabinet_moved_level1_sample2,put_the_bowl_on_top_of_the_cabinet_moved,Objects Layout,,,,,,,,level1_sample2
put_the_bowl_on_top_of_the_cabinet_moved_level1_sample3,put_the_bowl_on_top_of_the_cabinet_moved,Objects Layout,,,,,,,,level1_sample3
put_the_bowl_on_top_of_the_cabinet_moved_level1_sample4,put_the_bowl_on_top_of_the_cabinet_moved,Objects Layout,,,,,,,,level1_sample4
put_the_bowl_on_top_of_the_cabinet_moved_level2_sample1,put_the_bowl_on_top_of_the_cabinet_moved,Objects Layout,,,,,,,,level2_sample1
put_the_bowl_on_top_of_the_cabinet_moved_level2_sample2,put_the_bowl_on_top_of_the_cabinet_moved,Objects Layout,,,,,,,,level2_sample2
put_the_bowl_on_top_of_the_cabinet_moved_level2_sample3,put_the_bowl_on_top_of_the_cabinet_moved,Objects Layout,,,,,,,,level2_sample3
put_the_bowl_on_top_of_the_cabinet_moved_level2_sample4,put_the_bowl_on_top_of_the_cabinet_moved,Objects Layout,,,,,,,,level2_sample4
put_the_bowl_on_top_of_the_cabinet_moved_level3_sample2,put_the_bowl_on_top_of_the_cabinet_moved,Objects Layout,,,,,,,,level3_sample2
put_the_bowl_on_top_of_the_cabinet_moved_level3_sample3,put_the_bowl_on_top_of_the_cabinet_moved,Objects Layout,,,,,,,,level3_sample3
put_the_bowl_on_top_of_the_cabinet_moved_level3_sample4,put_the_bowl_on_top_of_the_cabinet_moved,Objects Layout,,,,,,,,level3_sample4
put_the_bowl_on_top_of_the_cabinet_moved_level4_sample2,put_the_bowl_on_top_of_the_cabinet_moved,Objects Layout,,,,,,,,level4_sample2
put_the_bowl_on_top_of_the_cabinet_moved_level4_sample3,put_the_bowl_on_top_of_the_cabinet_moved,Objects Layout,,,,,,,,level4_sample3
put_the_bowl_on_top_of_the_cabinet_moved_level4_sample4,put_the_bowl_on_top_of_the_cabinet_moved,Objects Layout,,,,,,,,level4_sample4
put_the_bowl_on_top_of_the_cabinet_moved_level5_sample1,put_the_bowl_on_top_of_the_cabinet_moved,Objects Layout,,,,,,,,level5_sample1
put_the_bowl_on_top_of_the_cabinet_moved_level5_sample2,put_the_bowl_on_top_of_the_cabinet_moved,Objects Layout,,,,,,,,level5_sample2
put_the_bowl_on_top_of_the_cabinet_moved_level5_sample3,put_the_bowl_on_top_of_the_cabinet_moved,Objects Layout,,,,,,,,level5_sample3
put_the_bowl_on_top_of_the_cabinet_moved_level5_sample4,put_the_bowl_on_top_of_the_cabinet_moved,Objects Layout,,,,,,,,level5_sample4
put_the_cream_cheese_in_the_bowl_moved_level1_sample1,put_the_cream_cheese_in_the_bowl_moved,Objects Layout,,,,,,,,level1_sample1
put_the_cream_cheese_in_the_bowl_moved_level1_sample2,put_the_cream_cheese_in_the_bowl_moved,Objects Layout,,,,,,,,level1_sample2
put_the_cream_cheese_in_the_bowl_moved_level1_sample4,put_the_cream_cheese_in_the_bowl_moved,Objects Layout,,,,,,,,level1_sample4
put_the_cream_cheese_in_the_bowl_moved_level2_sample1,put_the_cream_cheese_in_the_bowl_moved,Objects Layout,,,,,,,,level2_sample1
put_the_cream_cheese_in_the_bowl_moved_level2_sample2,put_the_cream_cheese_in_the_bowl_moved,Objects Layout,,,,,,,,level2_sample2
put_the_cream_cheese_in_the_bowl_moved_level2_sample3,put_the_cream_cheese_in_the_bowl_moved,Objects Layout,,,,,,,,level2_sample3
put_the_cream_cheese_in_the_bowl_moved_level2_sample4,put_the_cream_cheese_in_the_bowl_moved,Objects Layout,,,,,,,,level2_sample4
put_the_cream_cheese_in_the_bowl_moved_level3_sample1,put_the_cream_cheese_in_the_bowl_moved,Objects Layout,,,,,,,,level3_sample1
put_the_cream_cheese_in_the_bowl_moved_level3_sample2,put_the_cream_cheese_in_the_bowl_moved,Objects Layout,,,,,,,,level3_sample2
put_the_cream_cheese_in_the_bowl_moved_level3_sample3,put_the_cream_cheese_in_the_bowl_moved,Objects Layout,,,,,,,,level3_sample3
put_the_cream_cheese_in_the_bowl_moved_level3_sample4,put_the_cream_cheese_in_the_bowl_moved,Objects Layout,,,,,,,,level3_sample4
put_the_cream_cheese_in_the_bowl_moved_level4_sample1,put_the_cream_cheese_in_the_bowl_moved,Objects Layout,,,,,,,,level4_sample1
put_the_cream_cheese_in_the_bowl_moved_level4_sample2,put_the_cream_cheese_in_the_bowl_moved,Objects Layout,,,,,,,,level4_sample2
put_the_cream_cheese_in_the_bowl_moved_level4_sample3,put_the_cream_cheese_in_the_bowl_moved,Objects Layout,,,,,,,,level4_sample3
put_the_cream_cheese_in_the_bowl_moved_level5_sample1,put_the_cream_cheese_in_the_bowl_moved,Objects Layout,,,,,,,,level5_sample1
put_the_cream_cheese_in_the_bowl_moved_level5_sample2,put_the_cream_cheese_in_the_bowl_moved,Objects Layout,,,,,,,,level5_sample2
put_the_cream_cheese_in_the_bowl_moved_level5_sample3,put_the_cream_cheese_in_the_bowl_moved,Objects Layout,,,,,,,,level5_sample3
put_the_cream_cheese_in_the_bowl_moved_level5_sample4,put_the_cream_cheese_in_the_bowl_moved,Objects Layout,,,,,,,,level5_sample4
put_the_wine_bottle_on_the_rack_moved_level1_sample1,put_the_wine_bottle_on_the_rack_moved,Objects Layout,,,,,,,,level1_sample1
put_the_wine_bottle_on_the_rack_moved_level1_sample2,put_the_wine_bottle_on_the_rack_moved,Objects Layout,,,,,,,,level1_sample2
put_the_wine_bottle_on_the_rack_moved_level1_sample3,put_the_wine_bottle_on_the_rack_moved,Objects Layout,,,,,,,,level1_sample3
put_the_wine_bottle_on_the_rack_moved_level1_sample4,put_the_wine_bottle_on_the_rack_moved,Objects Layout,,,,,,,,level1_sample4
put_the_wine_bottle_on_the_rack_moved_level2_sample1,put_the_wine_bottle_on_the_rack_moved,Objects Layout,,,,,,,,level2_sample1
put_the_wine_bottle_on_the_rack_moved_level2_sample2,put_the_wine_bottle_on_the_rack_moved,Objects Layout,,,,,,,,level2_sample2
put_the_wine_bottle_on_the_rack_moved_level2_sample3,put_the_wine_bottle_on_the_rack_moved,Objects Layout,,,,,,,,level2_sample3
put_the_wine_bottle_on_the_rack_moved_level2_sample4,put_the_wine_bottle_on_the_rack_moved,Objects Layout,,,,,,,,level2_sample4
put_the_wine_bottle_on_the_rack_moved_level3_sample1,put_the_wine_bottle_on_the_rack_moved,Objects Layout,,,,,,,,level3_sample1
put_the_wine_bottle_on_the_rack_moved_level3_sample2,put_the_wine_bottle_on_the_rack_moved,Objects Layout,,,,,,,,level3_sample2
put_the_wine_bottle_on_the_rack_moved_level3_sample3,put_the_wine_bottle_on_the_rack_moved,Objects Layout,,,,,,,,level3_sample3
put_the_wine_bottle_on_the_rack_moved_level3_sample4,put_the_wine_bottle_on_the_rack_moved,Objects Layout,,,,,,,,level3_sample4
put_the_wine_bottle_on_the_rack_moved_level4_sample1,put_the_wine_bottle_on_the_rack_moved,Objects Layout,,,,,,,,level4_sample1
put_the_wine_bottle_on_the_rack_moved_level4_sample3,put_the_wine_bottle_on_the_rack_moved,Objects Layout,,,,,,,,level4_sample3
put_the_wine_bottle_on_the_rack_moved_level4_sample4,put_the_wine_bottle_on_the_rack_moved,Objects Layout,,,,,,,,level4_sample4
put_the_wine_bottle_on_the_rack_moved_level5_sample1,put_the_wine_bottle_on_the_rack_moved,Objects Layout,,,,,,,,level5_sample1
put_the_wine_bottle_on_the_rack_moved_level5_sample2,put_the_wine_bottle_on_the_rack_moved,Objects Layout,,,,,,,,level5_sample2
put_the_wine_bottle_on_the_rack_moved_level5_sample3,put_the_wine_bottle_on_the_rack_moved,Objects Layout,,,,,,,,level5_sample3
put_the_wine_bottle_on_the_rack_moved_level5_sample4,put_the_wine_bottle_on_the_rack_moved,Objects Layout,,,,,,,,level5_sample4
put_the_wine_bottle_on_top_of_the_cabinet_moved_level1_sample1,put_the_wine_bottle_on_top_of_the_cabinet_moved,Objects Layout,,,,,,,,level1_sample1
put_the_wine_bottle_on_top_of_the_cabinet_moved_level1_sample2,put_the_wine_bottle_on_top_of_the_cabinet_moved,Objects Layout,,,,,,,,level1_sample2
put_the_wine_bottle_on_top_of_the_cabinet_moved_level1_sample3,put_the_wine_bottle_on_top_of_the_cabinet_moved,Objects Layout,,,,,,,,level1_sample3
put_the_wine_bottle_on_top_of_the_cabinet_moved_level1_sample4,put_the_wine_bottle_on_top_of_the_cabinet_moved,Objects Layout,,,,,,,,level1_sample4
put_the_wine_bottle_on_top_of_the_cabinet_moved_level2_sample1,put_the_wine_bottle_on_top_of_the_cabinet_moved,Objects Layout,,,,,,,,level2_sample1
put_the_wine_bottle_on_top_of_the_cabinet_moved_level2_sample2,put_the_wine_bottle_on_top_of_the_cabinet_moved,Objects Layout,,,,,,,,level2_sample2
put_the_wine_bottle_on_top_of_the_cabinet_moved_level2_sample3,put_the_wine_bottle_on_top_of_the_cabinet_moved,Objects Layout,,,,,,,,level2_sample3
put_the_wine_bottle_on_top_of_the_cabinet_moved_level2_sample4,put_the_wine_bottle_on_top_of_the_cabinet_moved,Objects Layout,,,,,,,,level2_sample4
put_the_wine_bottle_on_top_of_the_cabinet_moved_level3_sample1,put_the_wine_bottle_on_top_of_the_cabinet_moved,Objects Layout,,,,,,,,level3_sample1
put_the_wine_bottle_on_top_of_the_cabinet_moved_level3_sample2,put_the_wine_bottle_on_top_of_the_cabinet_moved,Objects Layout,,,,,,,,level3_sample2
put_the_wine_bottle_on_top_of_the_cabinet_moved_level3_sample3,put_the_wine_bottle_on_top_of_the_cabinet_moved,Objects Layout,,,,,,,,level3_sample3
put_the_wine_bottle_on_top_of_the_cabinet_moved_level3_sample4,put_the_wine_bottle_on_top_of_the_cabinet_moved,Objects Layout,,,,,,,,level3_sample4
put_the_wine_bottle_on_top_of_the_cabinet_moved_level4_sample1,put_the_wine_bottle_on_top_of_the_cabinet_moved,Objects Layout,,,,,,,,level4_sample1
put_the_wine_bottle_on_top_of_the_cabinet_moved_level4_sample2,put_the_wine_bottle_on_top_of_the_cabinet_moved,Objects Layout,,,,,,,,level4_sample2
put_the_wine_bottle_on_top_of_the_cabinet_moved_level4_sample3,put_the_wine_bottle_on_top_of_the_cabinet_moved,Objects Layout,,,,,,,,level4_sample3
put_the_wine_bottle_on_top_of_the_cabinet_moved_level4_sample4,put_the_wine_bottle_on_top_of_the_cabinet_moved,Objects Layout,,,,,,,,level4_sample4
put_the_wine_bottle_on_top_of_the_cabinet_moved_level5_sample2,put_the_wine_bottle_on_top_of_the_cabinet_moved,Objects Layout,,,,,,,,level5_sample2
put_the_wine_bottle_on_top_of_the_cabinet_moved_level5_sample3,put_the_wine_bottle_on_top_of_the_cabinet_moved,Objects Layout,,,,,,,,level5_sample3
put_the_wine_bottle_on_top_of_the_cabinet_moved_level5_sample4,put_the_wine_bottle_on_top_of_the_cabinet_moved,Objects Layout,,,,,,,,level5_sample4
turn_on_the_stove_moved_level1_sample1,turn_on_the_stove_moved,Objects Layout,,,,,,,,level1_sample1
turn_on_the_stove_moved_level1_sample2,turn_on_the_stove_moved,Objects Layout,,,,,,,,level1_sample2
turn_on_the_stove_moved_level1_sample3,turn_on_the_stove_moved,Objects Layout,,,,,,,,level1_sample3
turn_on_the_stove_moved_level1_sample4,turn_on_the_stove_moved,Objects Layout,,,,,,,,level1_sample4
turn_on_the_stove_moved_level2_sample1,turn_on_the_stove_moved,Objects Layout,,,,,,,,level2_sample1
turn_on_the_stove_moved_level2_sample2,turn_on_the_stove_moved,Objects Layout,,,,,,,,level2_sample2
turn_on_the_stove_moved_level2_sample4,turn_on_the_stove_moved,Objects Layout,,,,,,,,level2_sample4
turn_on_the_stove_moved_level3_sample1,turn_on_the_stove_moved,Objects Layout,,,,,,,,level3_sample1
turn_on_the_stove_moved_level3_sample2,turn_on_the_stove_moved,Objects Layout,,,,,,,,level3_sample2
turn_on_the_stove_moved_level3_sample3,turn_on_the_stove_moved,Objects Layout,,,,,,,,level3_sample3
turn_on_the_stove_moved_level3_sample4,turn_on_the_stove_moved,Objects Layout,,,,,,,,level3_sample4
turn_on_the_stove_moved_level4_sample1,turn_on_the_stove_moved,Objects Layout,,,,,,,,level4_sample1
turn_on_the_stove_moved_level4_sample2,turn_on_the_stove_moved,Objects Layout,,,,,,,,level4_sample2
turn_on_the_stove_moved_level4_sample3,turn_on_the_stove_moved,Objects Layout,,,,,,,,level4_sample3
turn_on_the_stove_moved_level4_sample4,turn_on_the_stove_moved,Objects Layout,,,,,,,,level4_sample4
turn_on_the_stove_moved_level5_sample1,turn_on_the_stove_moved,Objects Layout,,,,,,,,level5_sample1
turn_on_the_stove_moved_level5_sample3,turn_on_the_stove_moved,Objects Layout,,,,,,,,level5_sample3
turn_on_the_stove_moved_level5_sample4,turn_on_the_stove_moved,Objects Layout,,,,,,,,level5_sample4
