task_name,base_task,category,add,initstate,language,layout,light,noise,table,view
KITCHEN_SCENE3_turn_on_the_stove_and_put_the_moka_pot_on_it_table_1,KITCHEN_SCENE3_turn_on_the_stove_and_put_the_moka_pot_on_it,Background Textures,,,,,,,table_1,
KITCHEN_SCENE3_turn_on_the_stove_and_put_the_moka_pot_on_it_table_10,KITCHEN_SCENE3_turn_on_the_stove_and_put_the_moka_pot_on_it,Background Textures,,,,,,,table_10,
KITCHEN_SCENE3_turn_on_the_stove_and_put_the_moka_pot_on_it_table_12,KITCHEN_SCENE3_turn_on_the_stove_and_put_the_moka_pot_on_it,Background Textures,,,,,,,table_12,
KITCHEN_SCENE3_turn_on_the_stove_and_put_the_moka_pot_on_it_table_13,KITCHEN_SCENE3_turn_on_the_stove_and_put_the_moka_pot_on_it,Background Textures,,,,,,,table_13,
KITCHEN_SCENE3_turn_on_the_stove_and_put_the_moka_pot_on_it_table_14,KITCHEN_SCENE3_turn_on_the_stove_and_put_the_moka_pot_on_it,Background Textures,,,,,,,table_14,
KITCHEN_SCENE3_turn_on_the_stove_and_put_the_moka_pot_on_it_table_15,KITCHEN_SCENE3_turn_on_the_stove_and_put_the_moka_pot_on_it,Background Textures,,,,,,,table_15,
KITCHEN_SCENE3_turn_on_the_stove_and_put_the_moka_pot_on_it_table_16,KITCHEN_SCENE3_turn_on_the_stove_and_put_the_moka_pot_on_it,Background Textures,,,,,,,table_16,
KITCHEN_SCENE3_turn_on_the_stove_and_put_the_moka_pot_on_it_table_17,KITCHEN_SCENE3_turn_on_the_stove_and_put_the_moka_pot_on_it,Background Textures,,,,,,,table_17,
KITCHEN_SCENE3_turn_on_the_stove_and_put_the_moka_pot_on_it_table_18,KITCHEN_SCENE3_turn_on_the_stove_and_put_the_moka_pot_on_it,Background Textures,,,,,,,table_18,
KITCHEN_SCENE3_turn_on_the_stove_and_put_the_moka_pot_on_it_table_19,KITCHEN_SCENE3_turn_on_the_stove_and_put_the_moka_pot_on_it,Background Textures,,,,,,,table_19,
KITCHEN_SCENE3_turn_on_the_stove_and_put_the_moka_pot_on_it_table_2,KITCHEN_SCENE3_turn_on_the_stove_and_put_the_moka_pot_on_it,Background Textures,,,,,,,table_2,
KITCHEN_SCENE3_turn_on_the_stove_and_put_the_moka_pot_on_it_table_20,KITCHEN_SCENE3_turn_on_the_stove_and_put_the_moka_pot_on_it,Background Textures,,,,,,,table_20,
KITCHEN_SCENE3_turn_on_the_stove_and_put_the_moka_pot_on_it_table_21,KITCHEN_SCENE3_turn_on_the_stove_and_put_the_moka_pot_on_it,Background Textures,,,,,,,table_21,
KITCHEN_SCENE3_turn_on_the_stove_and_put_the_moka_pot_on_it_table_22,KITCHEN_SCENE3_turn_on_the_stove_and_put_the_moka_pot_on_it,Background Textures,,,,,,,table_22,
KITCHEN_SCENE3_turn_on_the_stove_and_put_the_moka_pot_on_it_table_24,KITCHEN_SCENE3_turn_on_the_stove_and_put_the_moka_pot_on_it,Background Textures,,,,,,,table_24,
KITCHEN_SCENE3_turn_on_the_stove_and_put_the_moka_pot_on_it_table_27,KITCHEN_SCENE3_turn_on_the_stove_and_put_the_moka_pot_on_it,Background Textures,,,,,,,table_27,
KITCHEN_SCENE3_turn_on_the_stove_and_put_the_moka_pot_on_it_table_28,KITCHEN_SCENE3_turn_on_the_stove_and_put_the_moka_pot_on_it,Background Textures,,,,,,,table_28,
KITCHEN_SCENE3_turn_on_the_stove_and_put_the_moka_pot_on_it_table_4,KITCHEN_SCENE3_turn_on_the_stove_and_put_the_moka_pot_on_it,Background Textures,,,,,,,table_4,
KITCHEN_SCENE3_turn_on_the_stove_and_put_the_moka_pot_on_it_table_5,KITCHEN_SCENE3_turn_on_the_stove_and_put_the_moka_pot_on_it,Background Textures,,,,,,,table_5,
KITCHEN_SCENE3_turn_on_the_stove_and_put_the_moka_pot_on_it_table_8,KITCHEN_SCENE3_turn_on_the_stove_and_put_the_moka_pot_on_it,Background Textures,,,,,,,table_8,
KITCHEN_SCENE3_turn_on_the_stove_and_put_the_moka_pot_on_it_table_9,KITCHEN_SCENE3_turn_on_the_stove_and_put_the_moka_pot_on_it,Background Textures,,,,,,,table_9,
KITCHEN_SCENE3_turn_on_the_stove_and_put_the_moka_pot_on_it_tb_10,KITCHEN_SCENE3_turn_on_the_stove_and_put_the_moka_pot_on_it,Background Textures,,,,,,,tb_10,
KITCHEN_SCENE3_turn_on_the_stove_and_put_the_moka_pot_on_it_tb_12,KITCHEN_SCENE3_turn_on_the_stove_and_put_the_moka_pot_on_it,Background Textures,,,,,,,tb_12,
KITCHEN_SCENE3_turn_on_the_stove_and_put_the_moka_pot_on_it_tb_18,KITCHEN_SCENE3_turn_on_the_stove_and_put_the_moka_pot_on_it,Background Textures,,,,,,,tb_18,
KITCHEN_SCENE3_turn_on_the_stove_and_put_the_moka_pot_on_it_tb_2,KITCHEN_SCENE3_turn_on_the_stove_and_put_the_moka_pot_on_it,Background Textures,,,,,,,tb_2,
KITCHEN_SCENE3_turn_on_the_stove_and_put_the_moka_pot_on_it_tb_20,KITCHEN_SCENE3_turn_on_the_stove_and_put_the_moka_pot_on_it,Background Textures,,,,,,,tb_20,
KITCHEN_SCENE3_turn_on_the_stove_and_put_the_moka_pot_on_it_tb_21,KITCHEN_SCENE3_turn_on_the_stove_and_put_the_moka_pot_on_it,Background Textures,,,,,,,tb_21,
KITCHEN_SCENE3_turn_on_the_stove_and_put_the_moka_pot_on_it_tb_22,KITCHEN_SCENE3_turn_on_the_stove_and_put_the_moka_pot_on_it,Background Textures,,,,,,,tb_22,
KITCHEN_SCENE3_turn_on_the_stove_and_put_the_moka_pot_on_it_tb_5,KITCHEN_SCENE3_turn_on_the_stove_and_put_the_moka_pot_on_it,Background Textures,,,,,,,tb_5,
KITCHEN_SCENE3_turn_on_the_stove_and_put_the_moka_pot_on_it_tb_6,KITCHEN_SCENE3_turn_on_the_stove_and_put_the_moka_pot_on_it,Background Textures,,,,,,,tb_6,
KITCHEN_SCENE3_turn_on_the_stove_and_put_the_moka_pot_on_it_tb_7,KITCHEN_SCENE3_turn_on_the_stove_and_put_the_moka_pot_on_it,Background Textures,,,,,,,tb_7,
KITCHEN_SCENE3_turn_on_the_stove_and_put_the_moka_pot_on_it_tb_8,KITCHEN_SCENE3_turn_on_the_stove_and_put_the_moka_pot_on_it,Background Textures,,,,,,,tb_8,
KITCHEN_SCENE3_turn_on_the_stove_and_put_the_moka_pot_on_it_tb_9,KITCHEN_SCENE3_turn_on_the_stove_and_put_the_moka_pot_on_it,Background Textures,,,,,,,tb_9,
KITCHEN_SCENE3_turn_on_the_stove_and_put_the_moka_pot_on_it_view_0_0_100_0_0_initstate_3,KITCHEN_SCENE3_turn_on_the_stove_and_put_the_moka_pot_on_it,Robot Initial States,,initstate_3,,,,,,view_0
KITCHEN_SCENE3_turn_on_the_stove_and_put_the_moka_pot_on_it_view_0_0_100_0_0_initstate_13,KITCHEN_SCENE3_turn_on_the_stove_and_put_the_moka_pot_on_it,Robot Initial States,,initstate_13,,,,,,view_0
KITCHEN_SCENE3_turn_on_the_stove_and_put_the_moka_pot_on_it_view_0_0_100_0_0_initstate_23,KITCHEN_SCENE3_turn_on_the_stove_and_put_the_moka_pot_on_it,Robot Initial States,,initstate_23,,,,,,view_0
KITCHEN_SCENE3_turn_on_the_stove_and_put_the_moka_pot_on_it_view_0_0_100_0_0_initstate_43,KITCHEN_SCENE3_turn_on_the_stove_and_put_the_moka_pot_on_it,Robot Initial States,,initstate_43,,,,,,view_0
KITCHEN_SCENE3_turn_on_the_stove_and_put_the_moka_pot_on_it_view_0_0_100_0_0_initstate_63,KITCHEN_SCENE3_turn_on_the_stove_and_put_the_moka_pot_on_it,Robot Initial States,,initstate_63,,,,,,view_0
KITCHEN_SCENE3_turn_on_the_stove_and_put_the_moka_pot_on_it_view_0_0_100_0_0_initstate_73,KITCHEN_SCENE3_turn_on_the_stove_and_put_the_moka_pot_on_it,Robot Initial States,,initstate_73,,,,,,view_0
KITCHEN_SCENE3_turn_on_the_stove_and_put_the_moka_pot_on_it_view_0_0_100_0_0_initstate_83,KITCHEN_SCENE3_turn_on_the_stove_and_put_the_moka_pot_on_it,Robot Initial States,,initstate_83,,,,,,view_0
KITCHEN_SCENE3_turn_on_the_stove_and_put_the_moka_pot_on_it_view_0_0_100_0_0_initstate_103,KITCHEN_SCENE3_turn_on_the_stove_and_put_the_moka_pot_on_it,Robot Initial States,,initstate_103,,,,,,view_0
KITCHEN_SCENE3_turn_on_the_stove_and_put_the_moka_pot_on_it_view_0_0_100_0_0_initstate_113,KITCHEN_SCENE3_turn_on_the_stove_and_put_the_moka_pot_on_it,Robot Initial States,,initstate_113,,,,,,view_0
KITCHEN_SCENE3_turn_on_the_stove_and_put_the_moka_pot_on_it_view_0_0_100_0_0_initstate_123,KITCHEN_SCENE3_turn_on_the_stove_and_put_the_moka_pot_on_it,Robot Initial States,,initstate_123,,,,,,view_0
KITCHEN_SCENE3_turn_on_the_stove_and_put_the_moka_pot_on_it_view_0_0_100_0_0_initstate_133,KITCHEN_SCENE3_turn_on_the_stove_and_put_the_moka_pot_on_it,Robot Initial States,,initstate_133,,,,,,view_0
KITCHEN_SCENE3_turn_on_the_stove_and_put_the_moka_pot_on_it_view_0_0_100_0_0_initstate_153,KITCHEN_SCENE3_turn_on_the_stove_and_put_the_moka_pot_on_it,Robot Initial States,,initstate_153,,,,,,view_0
KITCHEN_SCENE3_turn_on_the_stove_and_put_the_moka_pot_on_it_view_0_0_100_0_0_initstate_163,KITCHEN_SCENE3_turn_on_the_stove_and_put_the_moka_pot_on_it,Robot Initial States,,initstate_163,,,,,,view_0
KITCHEN_SCENE3_turn_on_the_stove_and_put_the_moka_pot_on_it_view_0_0_100_0_0_initstate_173,KITCHEN_SCENE3_turn_on_the_stove_and_put_the_moka_pot_on_it,Robot Initial States,,initstate_173,,,,,,view_0
KITCHEN_SCENE3_turn_on_the_stove_and_put_the_moka_pot_on_it_view_0_0_100_0_0_initstate_183,KITCHEN_SCENE3_turn_on_the_stove_and_put_the_moka_pot_on_it,Robot Initial States,,initstate_183,,,,,,view_0
KITCHEN_SCENE3_turn_on_the_stove_and_put_the_moka_pot_on_it_view_0_0_100_0_0_initstate_193,KITCHEN_SCENE3_turn_on_the_stove_and_put_the_moka_pot_on_it,Robot Initial States,,initstate_193,,,,,,view_0
KITCHEN_SCENE3_turn_on_the_stove_and_put_the_moka_pot_on_it_view_0_0_100_0_0_initstate_203,KITCHEN_SCENE3_turn_on_the_stove_and_put_the_moka_pot_on_it,Robot Initial States,,initstate_203,,,,,,view_0
KITCHEN_SCENE3_turn_on_the_stove_and_put_the_moka_pot_on_it_view_0_0_100_0_0_initstate_213,KITCHEN_SCENE3_turn_on_the_stove_and_put_the_moka_pot_on_it,Robot Initial States,,initstate_213,,,,,,view_0
KITCHEN_SCENE3_turn_on_the_stove_and_put_the_moka_pot_on_it_view_0_0_100_0_0_initstate_223,KITCHEN_SCENE3_turn_on_the_stove_and_put_the_moka_pot_on_it,Robot Initial States,,initstate_223,,,,,,view_0
KITCHEN_SCENE3_turn_on_the_stove_and_put_the_moka_pot_on_it_view_0_0_100_0_0_initstate_233,KITCHEN_SCENE3_turn_on_the_stove_and_put_the_moka_pot_on_it,Robot Initial States,,initstate_233,,,,,,view_0
KITCHEN_SCENE3_turn_on_the_stove_and_put_the_moka_pot_on_it_view_0_0_100_0_0_initstate_243,KITCHEN_SCENE3_turn_on_the_stove_and_put_the_moka_pot_on_it,Robot Initial States,,initstate_243,,,,,,view_0
KITCHEN_SCENE3_turn_on_the_stove_and_put_the_moka_pot_on_it_view_0_0_100_0_0_initstate_253,KITCHEN_SCENE3_turn_on_the_stove_and_put_the_moka_pot_on_it,Robot Initial States,,initstate_253,,,,,,view_0
KITCHEN_SCENE3_turn_on_the_stove_and_put_the_moka_pot_on_it_view_0_0_100_0_0_initstate_263,KITCHEN_SCENE3_turn_on_the_stove_and_put_the_moka_pot_on_it,Robot Initial States,,initstate_263,,,,,,view_0
KITCHEN_SCENE3_turn_on_the_stove_and_put_the_moka_pot_on_it_view_0_0_100_0_0_initstate_273,KITCHEN_SCENE3_turn_on_the_stove_and_put_the_moka_pot_on_it,Robot Initial States,,initstate_273,,,,,,view_0
KITCHEN_SCENE3_turn_on_the_stove_and_put_the_moka_pot_on_it_view_0_0_100_0_0_initstate_283,KITCHEN_SCENE3_turn_on_the_stove_and_put_the_moka_pot_on_it,Robot Initial States,,initstate_283,,,,,,view_0
KITCHEN_SCENE3_turn_on_the_stove_and_put_the_moka_pot_on_it_view_0_0_100_0_0_initstate_293,KITCHEN_SCENE3_turn_on_the_stove_and_put_the_moka_pot_on_it,Robot Initial States,,initstate_293,,,,,,view_0
KITCHEN_SCENE3_turn_on_the_stove_and_put_the_moka_pot_on_it_view_0_0_100_0_0_initstate_303,KITCHEN_SCENE3_turn_on_the_stove_and_put_the_moka_pot_on_it,Robot Initial States,,initstate_303,,,,,,view_0
KITCHEN_SCENE3_turn_on_the_stove_and_put_the_moka_pot_on_it_view_0_0_100_0_0_initstate_313,KITCHEN_SCENE3_turn_on_the_stove_and_put_the_moka_pot_on_it,Robot Initial States,,initstate_313,,,,,,view_0
KITCHEN_SCENE3_turn_on_the_stove_and_put_the_moka_pot_on_it_view_0_0_100_0_0_initstate_323,KITCHEN_SCENE3_turn_on_the_stove_and_put_the_moka_pot_on_it,Robot Initial States,,initstate_323,,,,,,view_0
KITCHEN_SCENE3_turn_on_the_stove_and_put_the_moka_pot_on_it_view_0_0_100_0_0_initstate_333,KITCHEN_SCENE3_turn_on_the_stove_and_put_the_moka_pot_on_it,Robot Initial States,,initstate_333,,,,,,view_0
KITCHEN_SCENE3_turn_on_the_stove_and_put_the_moka_pot_on_it_view_0_0_100_0_0_initstate_343,KITCHEN_SCENE3_turn_on_the_stove_and_put_the_moka_pot_on_it,Robot Initial States,,initstate_343,,,,,,view_0
KITCHEN_SCENE3_turn_on_the_stove_and_put_the_moka_pot_on_it_view_0_0_100_0_0_initstate_353,KITCHEN_SCENE3_turn_on_the_stove_and_put_the_moka_pot_on_it,Robot Initial States,,initstate_353,,,,,,view_0
KITCHEN_SCENE3_turn_on_the_stove_and_put_the_moka_pot_on_it_view_0_0_100_0_0_initstate_363,KITCHEN_SCENE3_turn_on_the_stove_and_put_the_moka_pot_on_it,Robot Initial States,,initstate_363,,,,,,view_0
KITCHEN_SCENE3_turn_on_the_stove_and_put_the_moka_pot_on_it_view_0_0_100_0_0_initstate_373,KITCHEN_SCENE3_turn_on_the_stove_and_put_the_moka_pot_on_it,Robot Initial States,,initstate_373,,,,,,view_0
KITCHEN_SCENE3_turn_on_the_stove_and_put_the_moka_pot_on_it_view_0_0_100_0_0_initstate_383,KITCHEN_SCENE3_turn_on_the_stove_and_put_the_moka_pot_on_it,Robot Initial States,,initstate_383,,,,,,view_0
KITCHEN_SCENE3_turn_on_the_stove_and_put_the_moka_pot_on_it_view_0_0_100_0_0_initstate_393,KITCHEN_SCENE3_turn_on_the_stove_and_put_the_moka_pot_on_it,Robot Initial States,,initstate_393,,,,,,view_0
KITCHEN_SCENE3_turn_on_the_stove_and_put_the_moka_pot_on_it_view_0_0_100_0_0_initstate_403,KITCHEN_SCENE3_turn_on_the_stove_and_put_the_moka_pot_on_it,Robot Initial States,,initstate_403,,,,,,view_0
KITCHEN_SCENE3_turn_on_the_stove_and_put_the_moka_pot_on_it_view_0_0_100_0_0_initstate_413,KITCHEN_SCENE3_turn_on_the_stove_and_put_the_moka_pot_on_it,Robot Initial States,,initstate_413,,,,,,view_0
KITCHEN_SCENE3_turn_on_the_stove_and_put_the_moka_pot_on_it_view_0_0_100_0_0_initstate_433,KITCHEN_SCENE3_turn_on_the_stove_and_put_the_moka_pot_on_it,Robot Initial States,,initstate_433,,,,,,view_0
KITCHEN_SCENE3_turn_on_the_stove_and_put_the_moka_pot_on_it_view_0_0_100_0_0_initstate_453,KITCHEN_SCENE3_turn_on_the_stove_and_put_the_moka_pot_on_it,Robot Initial States,,initstate_453,,,,,,view_0
KITCHEN_SCENE3_turn_on_the_stove_and_put_the_moka_pot_on_it_view_0_0_100_0_0_initstate_463,KITCHEN_SCENE3_turn_on_the_stove_and_put_the_moka_pot_on_it,Robot Initial States,,initstate_463,,,,,,view_0
KITCHEN_SCENE3_turn_on_the_stove_and_put_the_moka_pot_on_it_view_0_0_100_0_0_initstate_473,KITCHEN_SCENE3_turn_on_the_stove_and_put_the_moka_pot_on_it,Robot Initial States,,initstate_473,,,,,,view_0
KITCHEN_SCENE3_turn_on_the_stove_and_put_the_moka_pot_on_it_view_0_0_100_0_0_initstate_483,KITCHEN_SCENE3_turn_on_the_stove_and_put_the_moka_pot_on_it,Robot Initial States,,initstate_483,,,,,,view_0
KITCHEN_SCENE3_turn_on_the_stove_and_put_the_moka_pot_on_it_view_0_0_100_0_0_initstate_493,KITCHEN_SCENE3_turn_on_the_stove_and_put_the_moka_pot_on_it,Robot Initial States,,initstate_493,,,,,,view_0
KITCHEN_SCENE3_turn_on_the_stove_and_put_the_moka_pot_on_it_view_0_0_121_0_0_initstate_0,KITCHEN_SCENE3_turn_on_the_stove_and_put_the_moka_pot_on_it,Camera Viewpoints,,initstate_0,,,,,,view_0
KITCHEN_SCENE3_turn_on_the_stove_and_put_the_moka_pot_on_it_view_0_0_122_0_0_initstate_0,KITCHEN_SCENE3_turn_on_the_stove_and_put_the_moka_pot_on_it,Camera Viewpoints,,initstate_0,,,,,,view_0
KITCHEN_SCENE3_turn_on_the_stove_and_put_the_moka_pot_on_it_view_0_0_123_0_0_initstate_0,KITCHEN_SCENE3_turn_on_the_stove_and_put_the_moka_pot_on_it,Camera Viewpoints,,initstate_0,,,,,,view_0
KITCHEN_SCENE3_turn_on_the_stove_and_put_the_moka_pot_on_it_view_0_0_124_0_0_initstate_0,KITCHEN_SCENE3_turn_on_the_stove_and_put_the_moka_pot_on_it,Camera Viewpoints,,initstate_0,,,,,,view_0
KITCHEN_SCENE3_turn_on_the_stove_and_put_the_moka_pot_on_it_view_0_0_125_0_0_initstate_0,KITCHEN_SCENE3_turn_on_the_stove_and_put_the_moka_pot_on_it,Camera Viewpoints,,initstate_0,,,,,,view_0
KITCHEN_SCENE3_turn_on_the_stove_and_put_the_moka_pot_on_it_view_0_0_126_0_0_initstate_0,KITCHEN_SCENE3_turn_on_the_stove_and_put_the_moka_pot_on_it,Camera Viewpoints,,initstate_0,,,,,,view_0
KITCHEN_SCENE3_turn_on_the_stove_and_put_the_moka_pot_on_it_view_0_0_127_0_0_initstate_0,KITCHEN_SCENE3_turn_on_the_stove_and_put_the_moka_pot_on_it,Camera Viewpoints,,initstate_0,,,,,,view_0
KITCHEN_SCENE3_turn_on_the_stove_and_put_the_moka_pot_on_it_view_0_0_128_0_0_initstate_0,KITCHEN_SCENE3_turn_on_the_stove_and_put_the_moka_pot_on_it,Camera Viewpoints,,initstate_0,,,,,,view_0
KITCHEN_SCENE3_turn_on_the_stove_and_put_the_moka_pot_on_it_view_0_0_129_0_0_initstate_0,KITCHEN_SCENE3_turn_on_the_stove_and_put_the_moka_pot_on_it,Camera Viewpoints,,initstate_0,,,,,,view_0
KITCHEN_SCENE3_turn_on_the_stove_and_put_the_moka_pot_on_it_view_0_0_130_0_0_initstate_0,KITCHEN_SCENE3_turn_on_the_stove_and_put_the_moka_pot_on_it,Camera Viewpoints,,initstate_0,,,,,,view_0
KITCHEN_SCENE3_turn_on_the_stove_and_put_the_moka_pot_on_it_view_0_0_100_6_2_initstate_0,KITCHEN_SCENE3_turn_on_the_stove_and_put_the_moka_pot_on_it,Camera Viewpoints,,initstate_0,,,,,,view_0
KITCHEN_SCENE3_turn_on_the_stove_and_put_the_moka_pot_on_it_view_0_0_100_6_4_initstate_0,KITCHEN_SCENE3_turn_on_the_stove_and_put_the_moka_pot_on_it,Camera Viewpoints,,initstate_0,,,,,,view_0
KITCHEN_SCENE3_turn_on_the_stove_and_put_the_moka_pot_on_it_view_0_0_100_6_6_initstate_0,KITCHEN_SCENE3_turn_on_the_stove_and_put_the_moka_pot_on_it,Camera Viewpoints,,initstate_0,,,,,,view_0
KITCHEN_SCENE3_turn_on_the_stove_and_put_the_moka_pot_on_it_view_0_0_100_6_8_initstate_0,KITCHEN_SCENE3_turn_on_the_stove_and_put_the_moka_pot_on_it,Camera Viewpoints,,initstate_0,,,,,,view_0
KITCHEN_SCENE3_turn_on_the_stove_and_put_the_moka_pot_on_it_view_0_0_100_6_10_initstate_0,KITCHEN_SCENE3_turn_on_the_stove_and_put_the_moka_pot_on_it,Camera Viewpoints,,initstate_0,,,,,,view_0
KITCHEN_SCENE3_turn_on_the_stove_and_put_the_moka_pot_on_it_view_0_0_100_6_350_initstate_0,KITCHEN_SCENE3_turn_on_the_stove_and_put_the_moka_pot_on_it,Camera Viewpoints,,initstate_0,,,,,,view_0
KITCHEN_SCENE3_turn_on_the_stove_and_put_the_moka_pot_on_it_view_0_0_100_6_352_initstate_0,KITCHEN_SCENE3_turn_on_the_stove_and_put_the_moka_pot_on_it,Camera Viewpoints,,initstate_0,,,,,,view_0
KITCHEN_SCENE3_turn_on_the_stove_and_put_the_moka_pot_on_it_view_0_0_100_6_354_initstate_0,KITCHEN_SCENE3_turn_on_the_stove_and_put_the_moka_pot_on_it,Camera Viewpoints,,initstate_0,,,,,,view_0
KITCHEN_SCENE3_turn_on_the_stove_and_put_the_moka_pot_on_it_view_0_0_100_6_356_initstate_0,KITCHEN_SCENE3_turn_on_the_stove_and_put_the_moka_pot_on_it,Camera Viewpoints,,initstate_0,,,,,,view_0
KITCHEN_SCENE3_turn_on_the_stove_and_put_the_moka_pot_on_it_view_31_0_100_0_0_initstate_0,KITCHEN_SCENE3_turn_on_the_stove_and_put_the_moka_pot_on_it,Camera Viewpoints,,initstate_0,,,,,,view_31
KITCHEN_SCENE3_turn_on_the_stove_and_put_the_moka_pot_on_it_view_31_15_100_0_0_initstate_0,KITCHEN_SCENE3_turn_on_the_stove_and_put_the_moka_pot_on_it,Camera Viewpoints,,initstate_0,,,,,,view_31
KITCHEN_SCENE3_turn_on_the_stove_and_put_the_moka_pot_on_it_view_32_0_100_0_0_initstate_0,KITCHEN_SCENE3_turn_on_the_stove_and_put_the_moka_pot_on_it,Camera Viewpoints,,initstate_0,,,,,,view_32
KITCHEN_SCENE3_turn_on_the_stove_and_put_the_moka_pot_on_it_view_32_15_100_0_0_initstate_0,KITCHEN_SCENE3_turn_on_the_stove_and_put_the_moka_pot_on_it,Camera Viewpoints,,initstate_0,,,,,,view_32
KITCHEN_SCENE3_turn_on_the_stove_and_put_the_moka_pot_on_it_view_33_0_100_0_0_initstate_0,KITCHEN_SCENE3_turn_on_the_stove_and_put_the_moka_pot_on_it,Camera Viewpoints,,initstate_0,,,,,,view_33
KITCHEN_SCENE3_turn_on_the_stove_and_put_the_moka_pot_on_it_view_33_15_100_0_0_initstate_0,KITCHEN_SCENE3_turn_on_the_stove_and_put_the_moka_pot_on_it,Camera Viewpoints,,initstate_0,,,,,,view_33
KITCHEN_SCENE3_turn_on_the_stove_and_put_the_moka_pot_on_it_view_34_0_100_0_0_initstate_0,KITCHEN_SCENE3_turn_on_the_stove_and_put_the_moka_pot_on_it,Camera Viewpoints,,initstate_0,,,,,,view_34
KITCHEN_SCENE3_turn_on_the_stove_and_put_the_moka_pot_on_it_view_34_15_100_0_0_initstate_0,KITCHEN_SCENE3_turn_on_the_stove_and_put_the_moka_pot_on_it,Camera Viewpoints,,initstate_0,,,,,,view_34
KITCHEN_SCENE3_turn_on_the_stove_and_put_the_moka_pot_on_it_view_35_0_100_0_0_initstate_0,KITCHEN_SCENE3_turn_on_the_stove_and_put_the_moka_pot_on_it,Camera Viewpoints,,initstate_0,,,,,,view_35
KITCHEN_SCENE3_turn_on_the_stove_and_put_the_moka_pot_on_it_view_35_15_100_0_0_initstate_0,KITCHEN_SCENE3_turn_on_the_stove_and_put_the_moka_pot_on_it,Camera Viewpoints,,initstate_0,,,,,,view_35
KITCHEN_SCENE3_turn_on_the_stove_and_put_the_moka_pot_on_it_view_36_0_100_0_0_initstate_0,KITCHEN_SCENE3_turn_on_the_stove_and_put_the_moka_pot_on_it,Camera Viewpoints,,initstate_0,,,,,,view_36
KITCHEN_SCENE3_turn_on_the_stove_and_put_the_moka_pot_on_it_view_36_15_100_0_0_initstate_0,KITCHEN_SCENE3_turn_on_the_stove_and_put_the_moka_pot_on_it,Camera Viewpoints,,initstate_0,,,,,,view_36
KITCHEN_SCENE3_turn_on_the_stove_and_put_the_moka_pot_on_it_view_37_0_100_0_0_initstate_0,KITCHEN_SCENE3_turn_on_the_stove_and_put_the_moka_pot_on_it,Camera Viewpoints,,initstate_0,,,,,,view_37
KITCHEN_SCENE3_turn_on_the_stove_and_put_the_moka_pot_on_it_view_37_15_100_0_0_initstate_0,KITCHEN_SCENE3_turn_on_the_stove_and_put_the_moka_pot_on_it,Camera Viewpoints,,initstate_0,,,,,,view_37
KITCHEN_SCENE3_turn_on_the_stove_and_put_the_moka_pot_on_it_view_38_0_100_0_0_initstate_0,KITCHEN_SCENE3_turn_on_the_stove_and_put_the_moka_pot_on_it,Camera Viewpoints,,initstate_0,,,,,,view_38
KITCHEN_SCENE3_turn_on_the_stove_and_put_the_moka_pot_on_it_view_38_15_100_0_0_initstate_0,KITCHEN_SCENE3_turn_on_the_stove_and_put_the_moka_pot_on_it,Camera Viewpoints,,initstate_0,,,,,,view_38
KITCHEN_SCENE3_turn_on_the_stove_and_put_the_moka_pot_on_it_view_39_0_100_0_0_initstate_0,KITCHEN_SCENE3_turn_on_the_stove_and_put_the_moka_pot_on_it,Camera Viewpoints,,initstate_0,,,,,,view_39
KITCHEN_SCENE3_turn_on_the_stove_and_put_the_moka_pot_on_it_view_39_15_100_0_0_initstate_0,KITCHEN_SCENE3_turn_on_the_stove_and_put_the_moka_pot_on_it,Camera Viewpoints,,initstate_0,,,,,,view_39
KITCHEN_SCENE3_turn_on_the_stove_and_put_the_moka_pot_on_it_view_40_0_100_0_0_initstate_0,KITCHEN_SCENE3_turn_on_the_stove_and_put_the_moka_pot_on_it,Camera Viewpoints,,initstate_0,,,,,,view_40
KITCHEN_SCENE3_turn_on_the_stove_and_put_the_moka_pot_on_it_view_40_15_100_0_0_initstate_0,KITCHEN_SCENE3_turn_on_the_stove_and_put_the_moka_pot_on_it,Camera Viewpoints,,initstate_0,,,,,,view_40
KITCHEN_SCENE3_turn_on_the_stove_and_put_the_moka_pot_on_it_view_41_0_100_0_0_initstate_0,KITCHEN_SCENE3_turn_on_the_stove_and_put_the_moka_pot_on_it,Camera Viewpoints,,initstate_0,,,,,,view_41
KITCHEN_SCENE3_turn_on_the_stove_and_put_the_moka_pot_on_it_view_41_15_100_0_0_initstate_0,KITCHEN_SCENE3_turn_on_the_stove_and_put_the_moka_pot_on_it,Camera Viewpoints,,initstate_0,,,,,,view_41
KITCHEN_SCENE3_turn_on_the_stove_and_put_the_moka_pot_on_it_view_42_0_100_0_0_initstate_0,KITCHEN_SCENE3_turn_on_the_stove_and_put_the_moka_pot_on_it,Camera Viewpoints,,initstate_0,,,,,,view_42
KITCHEN_SCENE3_turn_on_the_stove_and_put_the_moka_pot_on_it_view_42_15_100_0_0_initstate_0,KITCHEN_SCENE3_turn_on_the_stove_and_put_the_moka_pot_on_it,Camera Viewpoints,,initstate_0,,,,,,view_42
KITCHEN_SCENE3_turn_on_the_stove_and_put_the_moka_pot_on_it_view_43_0_100_0_0_initstate_0,KITCHEN_SCENE3_turn_on_the_stove_and_put_the_moka_pot_on_it,Camera Viewpoints,,initstate_0,,,,,,view_43
KITCHEN_SCENE3_turn_on_the_stove_and_put_the_moka_pot_on_it_view_43_15_100_0_0_initstate_0,KITCHEN_SCENE3_turn_on_the_stove_and_put_the_moka_pot_on_it,Camera Viewpoints,,initstate_0,,,,,,view_43
KITCHEN_SCENE3_turn_on_the_stove_and_put_the_moka_pot_on_it_view_44_0_100_0_0_initstate_0,KITCHEN_SCENE3_turn_on_the_stove_and_put_the_moka_pot_on_it,Camera Viewpoints,,initstate_0,,,,,,view_44
KITCHEN_SCENE3_turn_on_the_stove_and_put_the_moka_pot_on_it_view_45_15_100_0_0_initstate_0,KITCHEN_SCENE3_turn_on_the_stove_and_put_the_moka_pot_on_it,Camera Viewpoints,,initstate_0,,,,,,view_45
KITCHEN_SCENE3_turn_on_the_stove_and_put_the_moka_pot_on_it_language_1_view_0_0_100_0_0_initstate_0,KITCHEN_SCENE3_turn_on_the_stove_and_put_the_moka_pot_on_it,Language Instructions,,initstate_0,language_1,,,,,view_0
KITCHEN_SCENE3_turn_on_the_stove_and_put_the_moka_pot_on_it_language_3_view_0_0_100_0_0_initstate_0,KITCHEN_SCENE3_turn_on_the_stove_and_put_the_moka_pot_on_it,Language Instructions,,initstate_0,language_3,,,,,view_0
KITCHEN_SCENE3_turn_on_the_stove_and_put_the_moka_pot_on_it_language_4_view_0_0_100_0_0_initstate_0,KITCHEN_SCENE3_turn_on_the_stove_and_put_the_moka_pot_on_it,Language Instructions,,initstate_0,language_4,,,,,view_0
KITCHEN_SCENE3_turn_on_the_stove_and_put_the_moka_pot_on_it_language_5_view_0_0_100_0_0_initstate_0,KITCHEN_SCENE3_turn_on_the_stove_and_put_the_moka_pot_on_it,Language Instructions,,initstate_0,language_5,,,,,view_0
KITCHEN_SCENE3_turn_on_the_stove_and_put_the_moka_pot_on_it_language_6_view_0_0_100_0_0_initstate_0,KITCHEN_SCENE3_turn_on_the_stove_and_put_the_moka_pot_on_it,Language Instructions,,initstate_0,language_6,,,,,view_0
KITCHEN_SCENE3_turn_on_the_stove_and_put_the_moka_pot_on_it_language_7_view_0_0_100_0_0_initstate_0,KITCHEN_SCENE3_turn_on_the_stove_and_put_the_moka_pot_on_it,Language Instructions,,initstate_0,language_7,,,,,view_0
KITCHEN_SCENE3_turn_on_the_stove_and_put_the_moka_pot_on_it_language_8_view_0_0_100_0_0_initstate_0,KITCHEN_SCENE3_turn_on_the_stove_and_put_the_moka_pot_on_it,Language Instructions,,initstate_0,language_8,,,,,view_0
KITCHEN_SCENE3_turn_on_the_stove_and_put_the_moka_pot_on_it_language_9_view_0_0_100_0_0_initstate_0,KITCHEN_SCENE3_turn_on_the_stove_and_put_the_moka_pot_on_it,Language Instructions,,initstate_0,language_9,,,,,view_0
KITCHEN_SCENE3_turn_on_the_stove_and_put_the_moka_pot_on_it_language_10_view_0_0_100_0_0_initstate_0,KITCHEN_SCENE3_turn_on_the_stove_and_put_the_moka_pot_on_it,Language Instructions,,initstate_0,language_10,,,,,view_0
KITCHEN_SCENE3_turn_on_the_stove_and_put_the_moka_pot_on_it_language_11_view_0_0_100_0_0_initstate_0,KITCHEN_SCENE3_turn_on_the_stove_and_put_the_moka_pot_on_it,Language Instructions,,initstate_0,language_11,,,,,view_0
KITCHEN_SCENE3_turn_on_the_stove_and_put_the_moka_pot_on_it_language_12_view_0_0_100_0_0_initstate_0,KITCHEN_SCENE3_turn_on_the_stove_and_put_the_moka_pot_on_it,Language Instructions,,initstate_0,language_12,,,,,view_0
KITCHEN_SCENE3_turn_on_the_stove_and_put_the_moka_pot_on_it_language_13_view_0_0_100_0_0_initstate_0,KITCHEN_SCENE3_turn_on_the_stove_and_put_the_moka_pot_on_it,Language Instructions,,initstate_0,language_13,,,,,view_0
KITCHEN_SCENE3_turn_on_the_stove_and_put_the_moka_pot_on_it_language_16_view_0_0_100_0_0_initstate_0,KITCHEN_SCENE3_turn_on_the_stove_and_put_the_moka_pot_on_it,Language Instructions,,initstate_0,language_16,,,,,view_0
KITCHEN_SCENE3_turn_on_the_stove_and_put_the_moka_pot_on_it_language_17_view_0_0_100_0_0_initstate_0,KITCHEN_SCENE3_turn_on_the_stove_and_put_the_moka_pot_on_it,Language Instructions,,initstate_0,language_17,,,,,view_0
KITCHEN_SCENE3_turn_on_the_stove_and_put_the_moka_pot_on_it_language_18_view_0_0_100_0_0_initstate_0,KITCHEN_SCENE3_turn_on_the_stove_and_put_the_moka_pot_on_it,Language Instructions,,initstate_0,language_18,,,,,view_0
KITCHEN_SCENE3_turn_on_the_stove_and_put_the_moka_pot_on_it_language_20_view_0_0_100_0_0_initstate_0,KITCHEN_SCENE3_turn_on_the_stove_and_put_the_moka_pot_on_it,Language Instructions,,initstate_0,language_20,,,,,view_0
KITCHEN_SCENE3_turn_on_the_stove_and_put_the_moka_pot_on_it_language_21_view_0_0_100_0_0_initstate_0,KITCHEN_SCENE3_turn_on_the_stove_and_put_the_moka_pot_on_it,Language Instructions,,initstate_0,language_21,,,,,view_0
KITCHEN_SCENE3_turn_on_the_stove_and_put_the_moka_pot_on_it_language_22_view_0_0_100_0_0_initstate_0,KITCHEN_SCENE3_turn_on_the_stove_and_put_the_moka_pot_on_it,Language Instructions,,initstate_0,language_22,,,,,view_0
KITCHEN_SCENE3_turn_on_the_stove_and_put_the_moka_pot_on_it_language_23_view_0_0_100_0_0_initstate_0,KITCHEN_SCENE3_turn_on_the_stove_and_put_the_moka_pot_on_it,Language Instructions,,initstate_0,language_23,,,,,view_0
KITCHEN_SCENE3_turn_on_the_stove_and_put_the_moka_pot_on_it_language_24_view_0_0_100_0_0_initstate_0,KITCHEN_SCENE3_turn_on_the_stove_and_put_the_moka_pot_on_it,Language Instructions,,initstate_0,language_24,,,,,view_0
KITCHEN_SCENE3_turn_on_the_stove_and_put_the_moka_pot_on_it_language_25_view_0_0_100_0_0_initstate_0,KITCHEN_SCENE3_turn_on_the_stove_and_put_the_moka_pot_on_it,Language Instructions,,initstate_0,language_25,,,,,view_0
KITCHEN_SCENE3_turn_on_the_stove_and_put_the_moka_pot_on_it_language_26_view_0_0_100_0_0_initstate_0,KITCHEN_SCENE3_turn_on_the_stove_and_put_the_moka_pot_on_it,Language Instructions,,initstate_0,language_26,,,,,view_0
KITCHEN_SCENE3_turn_on_the_stove_and_put_the_moka_pot_on_it_language_28_view_0_0_100_0_0_initstate_0,KITCHEN_SCENE3_turn_on_the_stove_and_put_the_moka_pot_on_it,Language Instructions,,initstate_0,language_28,,,,,view_0
KITCHEN_SCENE3_turn_on_the_stove_and_put_the_moka_pot_on_it_language_29_view_0_0_100_0_0_initstate_0,KITCHEN_SCENE3_turn_on_the_stove_and_put_the_moka_pot_on_it,Language Instructions,,initstate_0,language_29,,,,,view_0
KITCHEN_SCENE3_turn_on_the_stove_and_put_the_moka_pot_on_it_language_31_view_0_0_100_0_0_initstate_0,KITCHEN_SCENE3_turn_on_the_stove_and_put_the_moka_pot_on_it,Language Instructions,,initstate_0,language_31,,,,,view_0
KITCHEN_SCENE3_turn_on_the_stove_and_put_the_moka_pot_on_it_language_32_view_0_0_100_0_0_initstate_0,KITCHEN_SCENE3_turn_on_the_stove_and_put_the_moka_pot_on_it,Language Instructions,,initstate_0,language_32,,,,,view_0
KITCHEN_SCENE3_turn_on_the_stove_and_put_the_moka_pot_on_it_language_33_view_0_0_100_0_0_initstate_0,KITCHEN_SCENE3_turn_on_the_stove_and_put_the_moka_pot_on_it,Language Instructions,,initstate_0,language_33,,,,,view_0
KITCHEN_SCENE3_turn_on_the_stove_and_put_the_moka_pot_on_it_language_34_view_0_0_100_0_0_initstate_0,KITCHEN_SCENE3_turn_on_the_stove_and_put_the_moka_pot_on_it,Language Instructions,,initstate_0,language_34,,,,,view_0
KITCHEN_SCENE3_turn_on_the_stove_and_put_the_moka_pot_on_it_language_35_view_0_0_100_0_0_initstate_0,KITCHEN_SCENE3_turn_on_the_stove_and_put_the_moka_pot_on_it,Language Instructions,,initstate_0,language_35,,,,,view_0
KITCHEN_SCENE3_turn_on_the_stove_and_put_the_moka_pot_on_it_language_37_view_0_0_100_0_0_initstate_0,KITCHEN_SCENE3_turn_on_the_stove_and_put_the_moka_pot_on_it,Language Instructions,,initstate_0,language_37,,,,,view_0
KITCHEN_SCENE3_turn_on_the_stove_and_put_the_moka_pot_on_it_language_38_view_0_0_100_0_0_initstate_0,KITCHEN_SCENE3_turn_on_the_stove_and_put_the_moka_pot_on_it,Language Instructions,,initstate_0,language_38,,,,,view_0
KITCHEN_SCENE3_turn_on_the_stove_and_put_the_moka_pot_on_it_language_39_view_0_0_100_0_0_initstate_0,KITCHEN_SCENE3_turn_on_the_stove_and_put_the_moka_pot_on_it,Language Instructions,,initstate_0,language_39,,,,,view_0
KITCHEN_SCENE3_turn_on_the_stove_and_put_the_moka_pot_on_it_language_40_view_0_0_100_0_0_initstate_0,KITCHEN_SCENE3_turn_on_the_stove_and_put_the_moka_pot_on_it,Language Instructions,,initstate_0,language_40,,,,,view_0
KITCHEN_SCENE3_turn_on_the_stove_and_put_the_moka_pot_on_it_language_41_view_0_0_100_0_0_initstate_0,KITCHEN_SCENE3_turn_on_the_stove_and_put_the_moka_pot_on_it,Language Instructions,,initstate_0,language_41,,,,,view_0
KITCHEN_SCENE3_turn_on_the_stove_and_put_the_moka_pot_on_it_language_42_view_0_0_100_0_0_initstate_0,KITCHEN_SCENE3_turn_on_the_stove_and_put_the_moka_pot_on_it,Language Instructions,,initstate_0,language_42,,,,,view_0
KITCHEN_SCENE3_turn_on_the_stove_and_put_the_moka_pot_on_it_language_43_view_0_0_100_0_0_initstate_0,KITCHEN_SCENE3_turn_on_the_stove_and_put_the_moka_pot_on_it,Language Instructions,,initstate_0,language_43,,,,,view_0
KITCHEN_SCENE3_turn_on_the_stove_and_put_the_moka_pot_on_it_language_44_view_0_0_100_0_0_initstate_0,KITCHEN_SCENE3_turn_on_the_stove_and_put_the_moka_pot_on_it,Language Instructions,,initstate_0,language_44,,,,,view_0
KITCHEN_SCENE3_turn_on_the_stove_and_put_the_moka_pot_on_it_language_45_view_0_0_100_0_0_initstate_0,KITCHEN_SCENE3_turn_on_the_stove_and_put_the_moka_pot_on_it,Language Instructions,,initstate_0,language_45,,,,,view_0
KITCHEN_SCENE3_turn_on_the_stove_and_put_the_moka_pot_on_it_language_48_view_0_0_100_0_0_initstate_0,KITCHEN_SCENE3_turn_on_the_stove_and_put_the_moka_pot_on_it,Language Instructions,,initstate_0,language_48,,,,,view_0
KITCHEN_SCENE3_turn_on_the_stove_and_put_the_moka_pot_on_it_language_49_view_0_0_100_0_0_initstate_0,KITCHEN_SCENE3_turn_on_the_stove_and_put_the_moka_pot_on_it,Language Instructions,,initstate_0,language_49,,,,,view_0
KITCHEN_SCENE3_turn_on_the_stove_and_put_the_moka_pot_on_it_language_50_view_0_0_100_0_0_initstate_0,KITCHEN_SCENE3_turn_on_the_stove_and_put_the_moka_pot_on_it,Language Instructions,,initstate_0,language_50,,,,,view_0
KITCHEN_SCENE3_turn_on_the_stove_and_put_the_moka_pot_on_it_view_0_0_100_0_0_initstate_0_noise_1,KITCHEN_SCENE3_turn_on_the_stove_and_put_the_moka_pot_on_it,Sensor Noise,,initstate_0,,,,noise_1,,view_0
KITCHEN_SCENE3_turn_on_the_stove_and_put_the_moka_pot_on_it_view_0_0_100_0_0_initstate_0_noise_2,KITCHEN_SCENE3_turn_on_the_stove_and_put_the_moka_pot_on_it,Sensor Noise,,initstate_0,,,,noise_2,,view_0
KITCHEN_SCENE3_turn_on_the_stove_and_put_the_moka_pot_on_it_view_0_0_100_0_0_initstate_0_noise_3,KITCHEN_SCENE3_turn_on_the_stove_and_put_the_moka_pot_on_it,Sensor Noise,,initstate_0,,,,noise_3,,view_0
KITCHEN_SCENE3_turn_on_the_stove_and_put_the_moka_pot_on_it_view_0_0_100_0_0_initstate_0_noise_4,KITCHEN_SCENE3_turn_on_the_stove_and_put_the_moka_pot_on_it,Sensor Noise,,initstate_0,,,,noise_4,,view_0
KITCHEN_SCENE3_turn_on_the_stove_and_put_the_moka_pot_on_it_view_0_0_100_0_0_initstate_0_noise_5,KITCHEN_SCENE3_turn_on_the_stove_and_put_the_moka_pot_on_it,Sensor Noise,,initstate_0,,,,noise_5,,view_0
KITCHEN_SCENE3_turn_on_the_stove_and_put_the_moka_pot_on_it_view_0_0_100_0_0_initstate_0_noise_6,KITCHEN_SCENE3_turn_on_the_stove_and_put_the_moka_pot_on_it,Sensor Noise,,initstate_0,,,,noise_6,,view_0
KITCHEN_SCENE3_turn_on_the_stove_and_put_the_moka_pot_on_it_view_0_0_100_0_0_initstate_0_noise_8,KITCHEN_SCENE3_turn_on_the_stove_and_put_the_moka_pot_on_it,Sensor Noise,,initstate_0,,,,noise_8,,view_0
KITCHEN_SCENE3_turn_on_the_stove_and_put_the_moka_pot_on_it_view_0_0_100_0_0_initstate_0_noise_10,KITCHEN_SCENE3_turn_on_the_stove_and_put_the_moka_pot_on_it,Sensor Noise,,initstate_0,,,,noise_10,,view_0
KITCHEN_SCENE3_turn_on_the_stove_and_put_the_moka_pot_on_it_view_0_0_100_0_0_initstate_0_noise_11,KITCHEN_SCENE3_turn_on_the_stove_and_put_the_moka_pot_on_it,Sensor Noise,,initstate_0,,,,noise_11,,view_0
KITCHEN_SCENE3_turn_on_the_stove_and_put_the_moka_pot_on_it_view_0_0_100_0_0_initstate_0_noise_12,KITCHEN_SCENE3_turn_on_the_stove_and_put_the_moka_pot_on_it,Sensor Noise,,initstate_0,,,,noise_12,,view_0
KITCHEN_SCENE3_turn_on_the_stove_and_put_the_moka_pot_on_it_view_0_0_100_0_0_initstate_0_noise_13,KITCHEN_SCENE3_turn_on_the_stove_and_put_the_moka_pot_on_it,Sensor Noise,,initstate_0,,,,noise_13,,view_0
KITCHEN_SCENE3_turn_on_the_stove_and_put_the_moka_pot_on_it_view_0_0_100_0_0_initstate_0_noise_14,KITCHEN_SCENE3_turn_on_the_stove_and_put_the_moka_pot_on_it,Sensor Noise,,initstate_0,,,,noise_14,,view_0
KITCHEN_SCENE3_turn_on_the_stove_and_put_the_moka_pot_on_it_view_0_0_100_0_0_initstate_0_noise_15,KITCHEN_SCENE3_turn_on_the_stove_and_put_the_moka_pot_on_it,Sensor Noise,,initstate_0,,,,noise_15,,view_0
KITCHEN_SCENE3_turn_on_the_stove_and_put_the_moka_pot_on_it_view_0_0_100_0_0_initstate_0_noise_16,KITCHEN_SCENE3_turn_on_the_stove_and_put_the_moka_pot_on_it,Sensor Noise,,initstate_0,,,,noise_16,,view_0
KITCHEN_SCENE3_turn_on_the_stove_and_put_the_moka_pot_on_it_view_0_0_100_0_0_initstate_0_noise_17,KITCHEN_SCENE3_turn_on_the_stove_and_put_the_moka_pot_on_it,Sensor Noise,,initstate_0,,,,noise_17,,view_0
KITCHEN_SCENE3_turn_on_the_stove_and_put_the_moka_pot_on_it_view_0_0_100_0_0_initstate_0_noise_18,KITCHEN_SCENE3_turn_on_the_stove_and_put_the_moka_pot_on_it,Sensor Noise,,initstate_0,,,,noise_18,,view_0
KITCHEN_SCENE3_turn_on_the_stove_and_put_the_moka_pot_on_it_view_0_0_100_0_0_initstate_0_noise_19,KITCHEN_SCENE3_turn_on_the_stove_and_put_the_moka_pot_on_it,Sensor Noise,,initstate_0,,,,noise_19,,view_0
KITCHEN_SCENE3_turn_on_the_stove_and_put_the_moka_pot_on_it_view_0_0_100_0_0_initstate_0_noise_20,KITCHEN_SCENE3_turn_on_the_stove_and_put_the_moka_pot_on_it,Sensor Noise,,initstate_0,,,,noise_20,,view_0
KITCHEN_SCENE3_turn_on_the_stove_and_put_the_moka_pot_on_it_view_0_0_100_0_0_initstate_0_noise_21,KITCHEN_SCENE3_turn_on_the_stove_and_put_the_moka_pot_on_it,Sensor Noise,,initstate_0,,,,noise_21,,view_0
KITCHEN_SCENE3_turn_on_the_stove_and_put_the_moka_pot_on_it_view_0_0_100_0_0_initstate_0_noise_22,KITCHEN_SCENE3_turn_on_the_stove_and_put_the_moka_pot_on_it,Sensor Noise,,initstate_0,,,,noise_22,,view_0
KITCHEN_SCENE3_turn_on_the_stove_and_put_the_moka_pot_on_it_view_0_0_100_0_0_initstate_0_noise_23,KITCHEN_SCENE3_turn_on_the_stove_and_put_the_moka_pot_on_it,Sensor Noise,,initstate_0,,,,noise_23,,view_0
KITCHEN_SCENE3_turn_on_the_stove_and_put_the_moka_pot_on_it_view_0_0_100_0_0_initstate_0_noise_24,KITCHEN_SCENE3_turn_on_the_stove_and_put_the_moka_pot_on_it,Sensor Noise,,initstate_0,,,,noise_24,,view_0
KITCHEN_SCENE3_turn_on_the_stove_and_put_the_moka_pot_on_it_view_0_0_100_0_0_initstate_0_noise_25,KITCHEN_SCENE3_turn_on_the_stove_and_put_the_moka_pot_on_it,Sensor Noise,,initstate_0,,,,noise_25,,view_0
KITCHEN_SCENE3_turn_on_the_stove_and_put_the_moka_pot_on_it_view_0_0_100_0_0_initstate_0_noise_26,KITCHEN_SCENE3_turn_on_the_stove_and_put_the_moka_pot_on_it,Sensor Noise,,initstate_0,,,,noise_26,,view_0
KITCHEN_SCENE3_turn_on_the_stove_and_put_the_moka_pot_on_it_view_0_0_100_0_0_initstate_0_noise_27,KITCHEN_SCENE3_turn_on_the_stove_and_put_the_moka_pot_on_it,Sensor Noise,,initstate_0,,,,noise_27,,view_0
KITCHEN_SCENE3_turn_on_the_stove_and_put_the_moka_pot_on_it_view_0_0_100_0_0_initstate_0_noise_28,KITCHEN_SCENE3_turn_on_the_stove_and_put_the_moka_pot_on_it,Sensor Noise,,initstate_0,,,,noise_28,,view_0
KITCHEN_SCENE3_turn_on_the_stove_and_put_the_moka_pot_on_it_view_0_0_100_0_0_initstate_0_noise_29,KITCHEN_SCENE3_turn_on_the_stove_and_put_the_moka_pot_on_it,Sensor Noise,,initstate_0,,,,noise_29,,view_0
KITCHEN_SCENE3_turn_on_the_stove_and_put_the_moka_pot_on_it_view_0_0_100_0_0_initstate_0_noise_30,KITCHEN_SCENE3_turn_on_the_stove_and_put_the_moka_pot_on_it,Sensor Noise,,initstate_0,,,,noise_30,,view_0
KITCHEN_SCENE3_turn_on_the_stove_and_put_the_moka_pot_on_it_view_0_0_100_0_0_initstate_0_noise_31,KITCHEN_SCENE3_turn_on_the_stove_and_put_the_moka_pot_on_it,Sensor Noise,,initstate_0,,,,noise_31,,view_0
KITCHEN_SCENE3_turn_on_the_stove_and_put_the_moka_pot_on_it_view_0_0_100_0_0_initstate_0_noise_32,KITCHEN_SCENE3_turn_on_the_stove_and_put_the_moka_pot_on_it,Sensor Noise,,initstate_0,,,,noise_32,,view_0
KITCHEN_SCENE3_turn_on_the_stove_and_put_the_moka_pot_on_it_view_0_0_100_0_0_initstate_0_noise_33,KITCHEN_SCENE3_turn_on_the_stove_and_put_the_moka_pot_on_it,Sensor Noise,,initstate_0,,,,noise_33,,view_0
KITCHEN_SCENE3_turn_on_the_stove_and_put_the_moka_pot_on_it_view_0_0_100_0_0_initstate_0_noise_34,KITCHEN_SCENE3_turn_on_the_stove_and_put_the_moka_pot_on_it,Sensor Noise,,initstate_0,,,,noise_34,,view_0
KITCHEN_SCENE3_turn_on_the_stove_and_put_the_moka_pot_on_it_view_0_0_100_0_0_initstate_0_noise_35,KITCHEN_SCENE3_turn_on_the_stove_and_put_the_moka_pot_on_it,Sensor Noise,,initstate_0,,,,noise_35,,view_0
KITCHEN_SCENE3_turn_on_the_stove_and_put_the_moka_pot_on_it_view_0_0_100_0_0_initstate_0_noise_36,KITCHEN_SCENE3_turn_on_the_stove_and_put_the_moka_pot_on_it,Sensor Noise,,initstate_0,,,,noise_36,,view_0
KITCHEN_SCENE3_turn_on_the_stove_and_put_the_moka_pot_on_it_view_0_0_100_0_0_initstate_0_noise_37,KITCHEN_SCENE3_turn_on_the_stove_and_put_the_moka_pot_on_it,Sensor Noise,,initstate_0,,,,noise_37,,view_0
KITCHEN_SCENE3_turn_on_the_stove_and_put_the_moka_pot_on_it_view_0_0_100_0_0_initstate_0_noise_38,KITCHEN_SCENE3_turn_on_the_stove_and_put_the_moka_pot_on_it,Sensor Noise,,initstate_0,,,,noise_38,,view_0
KITCHEN_SCENE3_turn_on_the_stove_and_put_the_moka_pot_on_it_view_0_0_100_0_0_initstate_0_noise_39,KITCHEN_SCENE3_turn_on_the_stove_and_put_the_moka_pot_on_it,Sensor Noise,,initstate_0,,,,noise_39,,view_0
KITCHEN_SCENE3_turn_on_the_stove_and_put_the_moka_pot_on_it_view_0_0_100_0_0_initstate_0_noise_40,KITCHEN_SCENE3_turn_on_the_stove_and_put_the_moka_pot_on_it,Sensor Noise,,initstate_0,,,,noise_40,,view_0
KITCHEN_SCENE3_turn_on_the_stove_and_put_the_moka_pot_on_it_view_0_0_100_0_0_initstate_0_noise_41,KITCHEN_SCENE3_turn_on_the_stove_and_put_the_moka_pot_on_it,Sensor Noise,,initstate_0,,,,noise_41,,view_0
KITCHEN_SCENE3_turn_on_the_stove_and_put_the_moka_pot_on_it_view_0_0_100_0_0_initstate_0_noise_42,KITCHEN_SCENE3_turn_on_the_stove_and_put_the_moka_pot_on_it,Sensor Noise,,initstate_0,,,,noise_42,,view_0
KITCHEN_SCENE3_turn_on_the_stove_and_put_the_moka_pot_on_it_view_0_0_100_0_0_initstate_0_noise_43,KITCHEN_SCENE3_turn_on_the_stove_and_put_the_moka_pot_on_it,Sensor Noise,,initstate_0,,,,noise_43,,view_0
KITCHEN_SCENE3_turn_on_the_stove_and_put_the_moka_pot_on_it_view_0_0_100_0_0_initstate_0_noise_44,KITCHEN_SCENE3_turn_on_the_stove_and_put_the_moka_pot_on_it,Sensor Noise,,initstate_0,,,,noise_44,,view_0
KITCHEN_SCENE3_turn_on_the_stove_and_put_the_moka_pot_on_it_view_0_0_100_0_0_initstate_0_noise_45,KITCHEN_SCENE3_turn_on_the_stove_and_put_the_moka_pot_on_it,Sensor Noise,,initstate_0,,,,noise_45,,view_0
KITCHEN_SCENE3_turn_on_the_stove_and_put_the_moka_pot_on_it_view_0_0_100_0_0_initstate_0_noise_46,KITCHEN_SCENE3_turn_on_the_stove_and_put_the_moka_pot_on_it,Sensor Noise,,initstate_0,,,,noise_46,,view_0
KITCHEN_SCENE3_turn_on_the_stove_and_put_the_moka_pot_on_it_view_0_0_100_0_0_initstate_0_noise_47,KITCHEN_SCENE3_turn_on_the_stove_and_put_the_moka_pot_on_it,Sensor Noise,,initstate_0,,,,noise_47,,view_0
KITCHEN_SCENE3_turn_on_the_stove_and_put_the_moka_pot_on_it_view_0_0_100_0_0_initstate_0_noise_48,KITCHEN_SCENE3_turn_on_the_stove_and_put_the_moka_pot_on_it,Sensor Noise,,initstate_0,,,,noise_48,,view_0
KITCHEN_SCENE3_turn_on_the_stove_and_put_the_moka_pot_on_it_view_0_0_100_0_0_initstate_0_noise_49,KITCHEN_SCENE3_turn_on_the_stove_and_put_the_moka_pot_on_it,Sensor Noise,,initstate_0,,,,noise_49,,view_0
KITCHEN_SCENE3_turn_on_the_stove_and_put_the_moka_pot_on_it_view_0_0_100_0_0_initstate_0_noise_50,KITCHEN_SCENE3_turn_on_the_stove_and_put_the_moka_pot_on_it,Sensor Noise,,initstate_0,,,,noise_50,,view_0
KITCHEN_SCENE3_turn_on_the_stove_and_put_the_moka_pot_on_it_add_14,KITCHEN_SCENE3_turn_on_the_stove_and_put_the_moka_pot_on_it,Objects Layout,add_14,,,,,,,
KITCHEN_SCENE3_turn_on_the_stove_and_put_the_moka_pot_on_it_add_16,KITCHEN_SCENE3_turn_on_the_stove_and_put_the_moka_pot_on_it,Objects Layout,add_16,,,,,,,
KITCHEN_SCENE3_turn_on_the_stove_and_put_the_moka_pot_on_it_add_18,KITCHEN_SCENE3_turn_on_the_stove_and_put_the_moka_pot_on_it,Objects Layout,add_18,,,,,,,
KITCHEN_SCENE3_turn_on_the_stove_and_put_the_moka_pot_on_it_add_20,KITCHEN_SCENE3_turn_on_the_stove_and_put_the_moka_pot_on_it,Objects Layout,add_20,,,,,,,
KITCHEN_SCENE3_turn_on_the_stove_and_put_the_moka_pot_on_it_add_21,KITCHEN_SCENE3_turn_on_the_stove_and_put_the_moka_pot_on_it,Objects Layout,add_21,,,,,,,
KITCHEN_SCENE3_turn_on_the_stove_and_put_the_moka_pot_on_it_add_22,KITCHEN_SCENE3_turn_on_the_stove_and_put_the_moka_pot_on_it,Objects Layout,add_22,,,,,,,
KITCHEN_SCENE3_turn_on_the_stove_and_put_the_moka_pot_on_it_add_24,KITCHEN_SCENE3_turn_on_the_stove_and_put_the_moka_pot_on_it,Objects Layout,add_24,,,,,,,
KITCHEN_SCENE3_turn_on_the_stove_and_put_the_moka_pot_on_it_add_25,KITCHEN_SCENE3_turn_on_the_stove_and_put_the_moka_pot_on_it,Objects Layout,add_25,,,,,,,
KITCHEN_SCENE3_turn_on_the_stove_and_put_the_moka_pot_on_it_add_26,KITCHEN_SCENE3_turn_on_the_stove_and_put_the_moka_pot_on_it,Objects Layout,add_26,,,,,,,
KITCHEN_SCENE3_turn_on_the_stove_and_put_the_moka_pot_on_it_add_27,KITCHEN_SCENE3_turn_on_the_stove_and_put_the_moka_pot_on_it,Objects Layout,add_27,,,,,,,
KITCHEN_SCENE3_turn_on_the_stove_and_put_the_moka_pot_on_it_add_28,KITCHEN_SCENE3_turn_on_the_stove_and_put_the_moka_pot_on_it,Objects Layout,add_28,,,,,,,
KITCHEN_SCENE3_turn_on_the_stove_and_put_the_moka_pot_on_it_add_30,KITCHEN_SCENE3_turn_on_the_stove_and_put_the_moka_pot_on_it,Objects Layout,add_30,,,,,,,
KITCHEN_SCENE3_turn_on_the_stove_and_put_the_moka_pot_on_it_add_7,KITCHEN_SCENE3_turn_on_the_stove_and_put_the_moka_pot_on_it,Objects Layout,add_7,,,,,,,
KITCHEN_SCENE3_turn_on_the_stove_and_put_the_moka_pot_on_it_level1_sample4,KITCHEN_SCENE3_turn_on_the_stove_and_put_the_moka_pot_on_it,Objects Layout,,,,level1_sample4,,,,
KITCHEN_SCENE3_turn_on_the_stove_and_put_the_moka_pot_on_it_level2_sample1,KITCHEN_SCENE3_turn_on_the_stove_and_put_the_moka_pot_on_it,Objects Layout,,,,level2_sample1,,,,
KITCHEN_SCENE3_turn_on_the_stove_and_put_the_moka_pot_on_it_level2_sample3,KITCHEN_SCENE3_turn_on_the_stove_and_put_the_moka_pot_on_it,Objects Layout,,,,level2_sample3,,,,
KITCHEN_SCENE3_turn_on_the_stove_and_put_the_moka_pot_on_it_level3_sample1,KITCHEN_SCENE3_turn_on_the_stove_and_put_the_moka_pot_on_it,Objects Layout,,,,level3_sample1,,,,
KITCHEN_SCENE3_turn_on_the_stove_and_put_the_moka_pot_on_it_level3_sample2,KITCHEN_SCENE3_turn_on_the_stove_and_put_the_moka_pot_on_it,Objects Layout,,,,level3_sample2,,,,
KITCHEN_SCENE3_turn_on_the_stove_and_put_the_moka_pot_on_it_level3_sample3,KITCHEN_SCENE3_turn_on_the_stove_and_put_the_moka_pot_on_it,Objects Layout,,,,level3_sample3,,,,
KITCHEN_SCENE3_turn_on_the_stove_and_put_the_moka_pot_on_it_level4_sample2,KITCHEN_SCENE3_turn_on_the_stove_and_put_the_moka_pot_on_it,Objects Layout,,,,level4_sample2,,,,
KITCHEN_SCENE3_turn_on_the_stove_and_put_the_moka_pot_on_it_level4_sample3,KITCHEN_SCENE3_turn_on_the_stove_and_put_the_moka_pot_on_it,Objects Layout,,,,level4_sample3,,,,
KITCHEN_SCENE3_turn_on_the_stove_and_put_the_moka_pot_on_it_level4_sample4,KITCHEN_SCENE3_turn_on_the_stove_and_put_the_moka_pot_on_it,Objects Layout,,,,level4_sample4,,,,
KITCHEN_SCENE3_turn_on_the_stove_and_put_the_moka_pot_on_it_level5_sample1,KITCHEN_SCENE3_turn_on_the_stove_and_put_the_moka_pot_on_it,Objects Layout,,,,level5_sample1,,,,
KITCHEN_SCENE3_turn_on_the_stove_and_put_the_moka_pot_on_it_level5_sample2,KITCHEN_SCENE3_turn_on_the_stove_and_put_the_moka_pot_on_it,Objects Layout,,,,level5_sample2,,,,
KITCHEN_SCENE3_turn_on_the_stove_and_put_the_moka_pot_on_it_level5_sample3,KITCHEN_SCENE3_turn_on_the_stove_and_put_the_moka_pot_on_it,Objects Layout,,,,level5_sample3,,,,
KITCHEN_SCENE3_turn_on_the_stove_and_put_the_moka_pot_on_it_level5_sample4,KITCHEN_SCENE3_turn_on_the_stove_and_put_the_moka_pot_on_it,Objects Layout,,,,level5_sample4,,,,
KITCHEN_SCENE3_turn_on_the_stove_and_put_the_moka_pot_on_it_light_1,KITCHEN_SCENE3_turn_on_the_stove_and_put_the_moka_pot_on_it,Light Conditions,,,,,light_1,,,
KITCHEN_SCENE3_turn_on_the_stove_and_put_the_moka_pot_on_it_light_10,KITCHEN_SCENE3_turn_on_the_stove_and_put_the_moka_pot_on_it,Light Conditions,,,,,light_10,,,
KITCHEN_SCENE3_turn_on_the_stove_and_put_the_moka_pot_on_it_light_11,KITCHEN_SCENE3_turn_on_the_stove_and_put_the_moka_pot_on_it,Light Conditions,,,,,light_11,,,
KITCHEN_SCENE3_turn_on_the_stove_and_put_the_moka_pot_on_it_light_12,KITCHEN_SCENE3_turn_on_the_stove_and_put_the_moka_pot_on_it,Light Conditions,,,,,light_12,,,
KITCHEN_SCENE3_turn_on_the_stove_and_put_the_moka_pot_on_it_light_13,KITCHEN_SCENE3_turn_on_the_stove_and_put_the_moka_pot_on_it,Light Conditions,,,,,light_13,,,
KITCHEN_SCENE3_turn_on_the_stove_and_put_the_moka_pot_on_it_light_14,KITCHEN_SCENE3_turn_on_the_stove_and_put_the_moka_pot_on_it,Light Conditions,,,,,light_14,,,
KITCHEN_SCENE3_turn_on_the_stove_and_put_the_moka_pot_on_it_light_15,KITCHEN_SCENE3_turn_on_the_stove_and_put_the_moka_pot_on_it,Light Conditions,,,,,light_15,,,
KITCHEN_SCENE3_turn_on_the_stove_and_put_the_moka_pot_on_it_light_16,KITCHEN_SCENE3_turn_on_the_stove_and_put_the_moka_pot_on_it,Light Conditions,,,,,light_16,,,
KITCHEN_SCENE3_turn_on_the_stove_and_put_the_moka_pot_on_it_light_17,KITCHEN_SCENE3_turn_on_the_stove_and_put_the_moka_pot_on_it,Light Conditions,,,,,light_17,,,
KITCHEN_SCENE3_turn_on_the_stove_and_put_the_moka_pot_on_it_light_18,KITCHEN_SCENE3_turn_on_the_stove_and_put_the_moka_pot_on_it,Light Conditions,,,,,light_18,,,
KITCHEN_SCENE3_turn_on_the_stove_and_put_the_moka_pot_on_it_light_19,KITCHEN_SCENE3_turn_on_the_stove_and_put_the_moka_pot_on_it,Light Conditions,,,,,light_19,,,
KITCHEN_SCENE3_turn_on_the_stove_and_put_the_moka_pot_on_it_light_2,KITCHEN_SCENE3_turn_on_the_stove_and_put_the_moka_pot_on_it,Light Conditions,,,,,light_2,,,
KITCHEN_SCENE3_turn_on_the_stove_and_put_the_moka_pot_on_it_light_20,KITCHEN_SCENE3_turn_on_the_stove_and_put_the_moka_pot_on_it,Light Conditions,,,,,light_20,,,
KITCHEN_SCENE3_turn_on_the_stove_and_put_the_moka_pot_on_it_light_21,KITCHEN_SCENE3_turn_on_the_stove_and_put_the_moka_pot_on_it,Light Conditions,,,,,light_21,,,
KITCHEN_SCENE3_turn_on_the_stove_and_put_the_moka_pot_on_it_light_24,KITCHEN_SCENE3_turn_on_the_stove_and_put_the_moka_pot_on_it,Light Conditions,,,,,light_24,,,
KITCHEN_SCENE3_turn_on_the_stove_and_put_the_moka_pot_on_it_light_25,KITCHEN_SCENE3_turn_on_the_stove_and_put_the_moka_pot_on_it,Light Conditions,,,,,light_25,,,
KITCHEN_SCENE3_turn_on_the_stove_and_put_the_moka_pot_on_it_light_26,KITCHEN_SCENE3_turn_on_the_stove_and_put_the_moka_pot_on_it,Light Conditions,,,,,light_26,,,
KITCHEN_SCENE3_turn_on_the_stove_and_put_the_moka_pot_on_it_light_27,KITCHEN_SCENE3_turn_on_the_stove_and_put_the_moka_pot_on_it,Light Conditions,,,,,light_27,,,
KITCHEN_SCENE3_turn_on_the_stove_and_put_the_moka_pot_on_it_light_28,KITCHEN_SCENE3_turn_on_the_stove_and_put_the_moka_pot_on_it,Light Conditions,,,,,light_28,,,
KITCHEN_SCENE3_turn_on_the_stove_and_put_the_moka_pot_on_it_light_29,KITCHEN_SCENE3_turn_on_the_stove_and_put_the_moka_pot_on_it,Light Conditions,,,,,light_29,,,
KITCHEN_SCENE3_turn_on_the_stove_and_put_the_moka_pot_on_it_light_3,KITCHEN_SCENE3_turn_on_the_stove_and_put_the_moka_pot_on_it,Light Conditions,,,,,light_3,,,
KITCHEN_SCENE3_turn_on_the_stove_and_put_the_moka_pot_on_it_light_30,KITCHEN_SCENE3_turn_on_the_stove_and_put_the_moka_pot_on_it,Light Conditions,,,,,light_30,,,
KITCHEN_SCENE3_turn_on_the_stove_and_put_the_moka_pot_on_it_light_31,KITCHEN_SCENE3_turn_on_the_stove_and_put_the_moka_pot_on_it,Light Conditions,,,,,light_31,,,
KITCHEN_SCENE3_turn_on_the_stove_and_put_the_moka_pot_on_it_light_33,KITCHEN_SCENE3_turn_on_the_stove_and_put_the_moka_pot_on_it,Light Conditions,,,,,light_33,,,
KITCHEN_SCENE3_turn_on_the_stove_and_put_the_moka_pot_on_it_light_34,KITCHEN_SCENE3_turn_on_the_stove_and_put_the_moka_pot_on_it,Light Conditions,,,,,light_34,,,
KITCHEN_SCENE3_turn_on_the_stove_and_put_the_moka_pot_on_it_light_35,KITCHEN_SCENE3_turn_on_the_stove_and_put_the_moka_pot_on_it,Light Conditions,,,,,light_35,,,
KITCHEN_SCENE3_turn_on_the_stove_and_put_the_moka_pot_on_it_light_36,KITCHEN_SCENE3_turn_on_the_stove_and_put_the_moka_pot_on_it,Light Conditions,,,,,light_36,,,
KITCHEN_SCENE3_turn_on_the_stove_and_put_the_moka_pot_on_it_light_38,KITCHEN_SCENE3_turn_on_the_stove_and_put_the_moka_pot_on_it,Light Conditions,,,,,light_38,,,
KITCHEN_SCENE3_turn_on_the_stove_and_put_the_moka_pot_on_it_light_4,KITCHEN_SCENE3_turn_on_the_stove_and_put_the_moka_pot_on_it,Light Conditions,,,,,light_4,,,
KITCHEN_SCENE3_turn_on_the_stove_and_put_the_moka_pot_on_it_light_41,KITCHEN_SCENE3_turn_on_the_stove_and_put_the_moka_pot_on_it,Light Conditions,,,,,light_41,,,
KITCHEN_SCENE3_turn_on_the_stove_and_put_the_moka_pot_on_it_light_42,KITCHEN_SCENE3_turn_on_the_stove_and_put_the_moka_pot_on_it,Light Conditions,,,,,light_42,,,
KITCHEN_SCENE3_turn_on_the_stove_and_put_the_moka_pot_on_it_light_43,KITCHEN_SCENE3_turn_on_the_stove_and_put_the_moka_pot_on_it,Light Conditions,,,,,light_43,,,
KITCHEN_SCENE3_turn_on_the_stove_and_put_the_moka_pot_on_it_light_45,KITCHEN_SCENE3_turn_on_the_stove_and_put_the_moka_pot_on_it,Light Conditions,,,,,light_45,,,
KITCHEN_SCENE3_turn_on_the_stove_and_put_the_moka_pot_on_it_light_46,KITCHEN_SCENE3_turn_on_the_stove_and_put_the_moka_pot_on_it,Light Conditions,,,,,light_46,,,
KITCHEN_SCENE3_turn_on_the_stove_and_put_the_moka_pot_on_it_light_47,KITCHEN_SCENE3_turn_on_the_stove_and_put_the_moka_pot_on_it,Light Conditions,,,,,light_47,,,
KITCHEN_SCENE3_turn_on_the_stove_and_put_the_moka_pot_on_it_light_48,KITCHEN_SCENE3_turn_on_the_stove_and_put_the_moka_pot_on_it,Light Conditions,,,,,light_48,,,
KITCHEN_SCENE3_turn_on_the_stove_and_put_the_moka_pot_on_it_light_49,KITCHEN_SCENE3_turn_on_the_stove_and_put_the_moka_pot_on_it,Light Conditions,,,,,light_49,,,
KITCHEN_SCENE3_turn_on_the_stove_and_put_the_moka_pot_on_it_light_5,KITCHEN_SCENE3_turn_on_the_stove_and_put_the_moka_pot_on_it,Light Conditions,,,,,light_5,,,
KITCHEN_SCENE3_turn_on_the_stove_and_put_the_moka_pot_on_it_light_50,KITCHEN_SCENE3_turn_on_the_stove_and_put_the_moka_pot_on_it,Light Conditions,,,,,light_50,,,
KITCHEN_SCENE3_turn_on_the_stove_and_put_the_moka_pot_on_it_light_7,KITCHEN_SCENE3_turn_on_the_stove_and_put_the_moka_pot_on_it,Light Conditions,,,,,light_7,,,
KITCHEN_SCENE3_turn_on_the_stove_and_put_the_moka_pot_on_it_light_8,KITCHEN_SCENE3_turn_on_the_stove_and_put_the_moka_pot_on_it,Light Conditions,,,,,light_8,,,
KITCHEN_SCENE3_turn_on_the_stove_and_put_the_moka_pot_on_it_light_9,KITCHEN_SCENE3_turn_on_the_stove_and_put_the_moka_pot_on_it,Light Conditions,,,,,light_9,,,
KITCHEN_SCENE4_put_the_black_bowl_in_the_bottom_drawer_of_the_cabinet_and_close_it_table_1,KITCHEN_SCENE4_put_the_black_bowl_in_the_bottom_drawer_of_the_cabinet_and_close_it,Background Textures,,,,,,,table_1,
KITCHEN_SCENE4_put_the_black_bowl_in_the_bottom_drawer_of_the_cabinet_and_close_it_table_11,KITCHEN_SCENE4_put_the_black_bowl_in_the_bottom_drawer_of_the_cabinet_and_close_it,Background Textures,,,,,,,table_11,
KITCHEN_SCENE4_put_the_black_bowl_in_the_bottom_drawer_of_the_cabinet_and_close_it_table_12,KITCHEN_SCENE4_put_the_black_bowl_in_the_bottom_drawer_of_the_cabinet_and_close_it,Background Textures,,,,,,,table_12,
KITCHEN_SCENE4_put_the_black_bowl_in_the_bottom_drawer_of_the_cabinet_and_close_it_table_13,KITCHEN_SCENE4_put_the_black_bowl_in_the_bottom_drawer_of_the_cabinet_and_close_it,Background Textures,,,,,,,table_13,
KITCHEN_SCENE4_put_the_black_bowl_in_the_bottom_drawer_of_the_cabinet_and_close_it_table_14,KITCHEN_SCENE4_put_the_black_bowl_in_the_bottom_drawer_of_the_cabinet_and_close_it,Background Textures,,,,,,,table_14,
KITCHEN_SCENE4_put_the_black_bowl_in_the_bottom_drawer_of_the_cabinet_and_close_it_table_15,KITCHEN_SCENE4_put_the_black_bowl_in_the_bottom_drawer_of_the_cabinet_and_close_it,Background Textures,,,,,,,table_15,
KITCHEN_SCENE4_put_the_black_bowl_in_the_bottom_drawer_of_the_cabinet_and_close_it_table_16,KITCHEN_SCENE4_put_the_black_bowl_in_the_bottom_drawer_of_the_cabinet_and_close_it,Background Textures,,,,,,,table_16,
KITCHEN_SCENE4_put_the_black_bowl_in_the_bottom_drawer_of_the_cabinet_and_close_it_table_17,KITCHEN_SCENE4_put_the_black_bowl_in_the_bottom_drawer_of_the_cabinet_and_close_it,Background Textures,,,,,,,table_17,
KITCHEN_SCENE4_put_the_black_bowl_in_the_bottom_drawer_of_the_cabinet_and_close_it_table_18,KITCHEN_SCENE4_put_the_black_bowl_in_the_bottom_drawer_of_the_cabinet_and_close_it,Background Textures,,,,,,,table_18,
KITCHEN_SCENE4_put_the_black_bowl_in_the_bottom_drawer_of_the_cabinet_and_close_it_table_19,KITCHEN_SCENE4_put_the_black_bowl_in_the_bottom_drawer_of_the_cabinet_and_close_it,Background Textures,,,,,,,table_19,
KITCHEN_SCENE4_put_the_black_bowl_in_the_bottom_drawer_of_the_cabinet_and_close_it_table_2,KITCHEN_SCENE4_put_the_black_bowl_in_the_bottom_drawer_of_the_cabinet_and_close_it,Background Textures,,,,,,,table_2,
KITCHEN_SCENE4_put_the_black_bowl_in_the_bottom_drawer_of_the_cabinet_and_close_it_table_20,KITCHEN_SCENE4_put_the_black_bowl_in_the_bottom_drawer_of_the_cabinet_and_close_it,Background Textures,,,,,,,table_20,
KITCHEN_SCENE4_put_the_black_bowl_in_the_bottom_drawer_of_the_cabinet_and_close_it_table_22,KITCHEN_SCENE4_put_the_black_bowl_in_the_bottom_drawer_of_the_cabinet_and_close_it,Background Textures,,,,,,,table_22,
KITCHEN_SCENE4_put_the_black_bowl_in_the_bottom_drawer_of_the_cabinet_and_close_it_table_23,KITCHEN_SCENE4_put_the_black_bowl_in_the_bottom_drawer_of_the_cabinet_and_close_it,Background Textures,,,,,,,table_23,
KITCHEN_SCENE4_put_the_black_bowl_in_the_bottom_drawer_of_the_cabinet_and_close_it_table_24,KITCHEN_SCENE4_put_the_black_bowl_in_the_bottom_drawer_of_the_cabinet_and_close_it,Background Textures,,,,,,,table_24,
KITCHEN_SCENE4_put_the_black_bowl_in_the_bottom_drawer_of_the_cabinet_and_close_it_table_25,KITCHEN_SCENE4_put_the_black_bowl_in_the_bottom_drawer_of_the_cabinet_and_close_it,Background Textures,,,,,,,table_25,
KITCHEN_SCENE4_put_the_black_bowl_in_the_bottom_drawer_of_the_cabinet_and_close_it_table_26,KITCHEN_SCENE4_put_the_black_bowl_in_the_bottom_drawer_of_the_cabinet_and_close_it,Background Textures,,,,,,,table_26,
KITCHEN_SCENE4_put_the_black_bowl_in_the_bottom_drawer_of_the_cabinet_and_close_it_table_27,KITCHEN_SCENE4_put_the_black_bowl_in_the_bottom_drawer_of_the_cabinet_and_close_it,Background Textures,,,,,,,table_27,
KITCHEN_SCENE4_put_the_black_bowl_in_the_bottom_drawer_of_the_cabinet_and_close_it_table_28,KITCHEN_SCENE4_put_the_black_bowl_in_the_bottom_drawer_of_the_cabinet_and_close_it,Background Textures,,,,,,,table_28,
KITCHEN_SCENE4_put_the_black_bowl_in_the_bottom_drawer_of_the_cabinet_and_close_it_table_3,KITCHEN_SCENE4_put_the_black_bowl_in_the_bottom_drawer_of_the_cabinet_and_close_it,Background Textures,,,,,,,table_3,
KITCHEN_SCENE4_put_the_black_bowl_in_the_bottom_drawer_of_the_cabinet_and_close_it_table_4,KITCHEN_SCENE4_put_the_black_bowl_in_the_bottom_drawer_of_the_cabinet_and_close_it,Background Textures,,,,,,,table_4,
KITCHEN_SCENE4_put_the_black_bowl_in_the_bottom_drawer_of_the_cabinet_and_close_it_table_5,KITCHEN_SCENE4_put_the_black_bowl_in_the_bottom_drawer_of_the_cabinet_and_close_it,Background Textures,,,,,,,table_5,
KITCHEN_SCENE4_put_the_black_bowl_in_the_bottom_drawer_of_the_cabinet_and_close_it_table_6,KITCHEN_SCENE4_put_the_black_bowl_in_the_bottom_drawer_of_the_cabinet_and_close_it,Background Textures,,,,,,,table_6,
KITCHEN_SCENE4_put_the_black_bowl_in_the_bottom_drawer_of_the_cabinet_and_close_it_table_9,KITCHEN_SCENE4_put_the_black_bowl_in_the_bottom_drawer_of_the_cabinet_and_close_it,Background Textures,,,,,,,table_9,
KITCHEN_SCENE4_put_the_black_bowl_in_the_bottom_drawer_of_the_cabinet_and_close_it_tb_10,KITCHEN_SCENE4_put_the_black_bowl_in_the_bottom_drawer_of_the_cabinet_and_close_it,Background Textures,,,,,,,tb_10,
KITCHEN_SCENE4_put_the_black_bowl_in_the_bottom_drawer_of_the_cabinet_and_close_it_tb_11,KITCHEN_SCENE4_put_the_black_bowl_in_the_bottom_drawer_of_the_cabinet_and_close_it,Background Textures,,,,,,,tb_11,
KITCHEN_SCENE4_put_the_black_bowl_in_the_bottom_drawer_of_the_cabinet_and_close_it_tb_12,KITCHEN_SCENE4_put_the_black_bowl_in_the_bottom_drawer_of_the_cabinet_and_close_it,Background Textures,,,,,,,tb_12,
KITCHEN_SCENE4_put_the_black_bowl_in_the_bottom_drawer_of_the_cabinet_and_close_it_tb_13,KITCHEN_SCENE4_put_the_black_bowl_in_the_bottom_drawer_of_the_cabinet_and_close_it,Background Textures,,,,,,,tb_13,
KITCHEN_SCENE4_put_the_black_bowl_in_the_bottom_drawer_of_the_cabinet_and_close_it_tb_14,KITCHEN_SCENE4_put_the_black_bowl_in_the_bottom_drawer_of_the_cabinet_and_close_it,Background Textures,,,,,,,tb_14,
KITCHEN_SCENE4_put_the_black_bowl_in_the_bottom_drawer_of_the_cabinet_and_close_it_tb_15,KITCHEN_SCENE4_put_the_black_bowl_in_the_bottom_drawer_of_the_cabinet_and_close_it,Background Textures,,,,,,,tb_15,
KITCHEN_SCENE4_put_the_black_bowl_in_the_bottom_drawer_of_the_cabinet_and_close_it_tb_16,KITCHEN_SCENE4_put_the_black_bowl_in_the_bottom_drawer_of_the_cabinet_and_close_it,Background Textures,,,,,,,tb_16,
KITCHEN_SCENE4_put_the_black_bowl_in_the_bottom_drawer_of_the_cabinet_and_close_it_tb_17,KITCHEN_SCENE4_put_the_black_bowl_in_the_bottom_drawer_of_the_cabinet_and_close_it,Background Textures,,,,,,,tb_17,
KITCHEN_SCENE4_put_the_black_bowl_in_the_bottom_drawer_of_the_cabinet_and_close_it_tb_18,KITCHEN_SCENE4_put_the_black_bowl_in_the_bottom_drawer_of_the_cabinet_and_close_it,Background Textures,,,,,,,tb_18,
KITCHEN_SCENE4_put_the_black_bowl_in_the_bottom_drawer_of_the_cabinet_and_close_it_tb_19,KITCHEN_SCENE4_put_the_black_bowl_in_the_bottom_drawer_of_the_cabinet_and_close_it,Background Textures,,,,,,,tb_19,
KITCHEN_SCENE4_put_the_black_bowl_in_the_bottom_drawer_of_the_cabinet_and_close_it_tb_2,KITCHEN_SCENE4_put_the_black_bowl_in_the_bottom_drawer_of_the_cabinet_and_close_it,Background Textures,,,,,,,tb_2,
KITCHEN_SCENE4_put_the_black_bowl_in_the_bottom_drawer_of_the_cabinet_and_close_it_tb_20,KITCHEN_SCENE4_put_the_black_bowl_in_the_bottom_drawer_of_the_cabinet_and_close_it,Background Textures,,,,,,,tb_20,
KITCHEN_SCENE4_put_the_black_bowl_in_the_bottom_drawer_of_the_cabinet_and_close_it_tb_21,KITCHEN_SCENE4_put_the_black_bowl_in_the_bottom_drawer_of_the_cabinet_and_close_it,Background Textures,,,,,,,tb_21,
KITCHEN_SCENE4_put_the_black_bowl_in_the_bottom_drawer_of_the_cabinet_and_close_it_tb_22,KITCHEN_SCENE4_put_the_black_bowl_in_the_bottom_drawer_of_the_cabinet_and_close_it,Background Textures,,,,,,,tb_22,
KITCHEN_SCENE4_put_the_black_bowl_in_the_bottom_drawer_of_the_cabinet_and_close_it_tb_3,KITCHEN_SCENE4_put_the_black_bowl_in_the_bottom_drawer_of_the_cabinet_and_close_it,Background Textures,,,,,,,tb_3,
KITCHEN_SCENE4_put_the_black_bowl_in_the_bottom_drawer_of_the_cabinet_and_close_it_tb_4,KITCHEN_SCENE4_put_the_black_bowl_in_the_bottom_drawer_of_the_cabinet_and_close_it,Background Textures,,,,,,,tb_4,
KITCHEN_SCENE4_put_the_black_bowl_in_the_bottom_drawer_of_the_cabinet_and_close_it_tb_5,KITCHEN_SCENE4_put_the_black_bowl_in_the_bottom_drawer_of_the_cabinet_and_close_it,Background Textures,,,,,,,tb_5,
KITCHEN_SCENE4_put_the_black_bowl_in_the_bottom_drawer_of_the_cabinet_and_close_it_tb_6,KITCHEN_SCENE4_put_the_black_bowl_in_the_bottom_drawer_of_the_cabinet_and_close_it,Background Textures,,,,,,,tb_6,
KITCHEN_SCENE4_put_the_black_bowl_in_the_bottom_drawer_of_the_cabinet_and_close_it_tb_7,KITCHEN_SCENE4_put_the_black_bowl_in_the_bottom_drawer_of_the_cabinet_and_close_it,Background Textures,,,,,,,tb_7,
KITCHEN_SCENE4_put_the_black_bowl_in_the_bottom_drawer_of_the_cabinet_and_close_it_tb_8,KITCHEN_SCENE4_put_the_black_bowl_in_the_bottom_drawer_of_the_cabinet_and_close_it,Background Textures,,,,,,,tb_8,
KITCHEN_SCENE4_put_the_black_bowl_in_the_bottom_drawer_of_the_cabinet_and_close_it_tb_9,KITCHEN_SCENE4_put_the_black_bowl_in_the_bottom_drawer_of_the_cabinet_and_close_it,Background Textures,,,,,,,tb_9,
KITCHEN_SCENE4_put_the_black_bowl_in_the_bottom_drawer_of_the_cabinet_and_close_it_view_0_0_100_0_0_initstate_4,KITCHEN_SCENE4_put_the_black_bowl_in_the_bottom_drawer_of_the_cabinet_and_close_it,Robot Initial States,,initstate_4,,,,,,view_0
KITCHEN_SCENE4_put_the_black_bowl_in_the_bottom_drawer_of_the_cabinet_and_close_it_view_0_0_100_0_0_initstate_14,KITCHEN_SCENE4_put_the_black_bowl_in_the_bottom_drawer_of_the_cabinet_and_close_it,Robot Initial States,,initstate_14,,,,,,view_0
KITCHEN_SCENE4_put_the_black_bowl_in_the_bottom_drawer_of_the_cabinet_and_close_it_view_0_0_100_0_0_initstate_24,KITCHEN_SCENE4_put_the_black_bowl_in_the_bottom_drawer_of_the_cabinet_and_close_it,Robot Initial States,,initstate_24,,,,,,view_0
KITCHEN_SCENE4_put_the_black_bowl_in_the_bottom_drawer_of_the_cabinet_and_close_it_view_0_0_100_0_0_initstate_44,KITCHEN_SCENE4_put_the_black_bowl_in_the_bottom_drawer_of_the_cabinet_and_close_it,Robot Initial States,,initstate_44,,,,,,view_0
KITCHEN_SCENE4_put_the_black_bowl_in_the_bottom_drawer_of_the_cabinet_and_close_it_view_0_0_100_0_0_initstate_54,KITCHEN_SCENE4_put_the_black_bowl_in_the_bottom_drawer_of_the_cabinet_and_close_it,Robot Initial States,,initstate_54,,,,,,view_0
KITCHEN_SCENE4_put_the_black_bowl_in_the_bottom_drawer_of_the_cabinet_and_close_it_view_0_0_100_0_0_initstate_74,KITCHEN_SCENE4_put_the_black_bowl_in_the_bottom_drawer_of_the_cabinet_and_close_it,Robot Initial States,,initstate_74,,,,,,view_0
KITCHEN_SCENE4_put_the_black_bowl_in_the_bottom_drawer_of_the_cabinet_and_close_it_view_0_0_100_0_0_initstate_84,KITCHEN_SCENE4_put_the_black_bowl_in_the_bottom_drawer_of_the_cabinet_and_close_it,Robot Initial States,,initstate_84,,,,,,view_0
KITCHEN_SCENE4_put_the_black_bowl_in_the_bottom_drawer_of_the_cabinet_and_close_it_view_0_0_100_0_0_initstate_94,KITCHEN_SCENE4_put_the_black_bowl_in_the_bottom_drawer_of_the_cabinet_and_close_it,Robot Initial States,,initstate_94,,,,,,view_0
KITCHEN_SCENE4_put_the_black_bowl_in_the_bottom_drawer_of_the_cabinet_and_close_it_view_0_0_100_0_0_initstate_104,KITCHEN_SCENE4_put_the_black_bowl_in_the_bottom_drawer_of_the_cabinet_and_close_it,Robot Initial States,,initstate_104,,,,,,view_0
KITCHEN_SCENE4_put_the_black_bowl_in_the_bottom_drawer_of_the_cabinet_and_close_it_view_0_0_100_0_0_initstate_114,KITCHEN_SCENE4_put_the_black_bowl_in_the_bottom_drawer_of_the_cabinet_and_close_it,Robot Initial States,,initstate_114,,,,,,view_0
KITCHEN_SCENE4_put_the_black_bowl_in_the_bottom_drawer_of_the_cabinet_and_close_it_view_0_0_100_0_0_initstate_124,KITCHEN_SCENE4_put_the_black_bowl_in_the_bottom_drawer_of_the_cabinet_and_close_it,Robot Initial States,,initstate_124,,,,,,view_0
KITCHEN_SCENE4_put_the_black_bowl_in_the_bottom_drawer_of_the_cabinet_and_close_it_view_0_0_100_0_0_initstate_144,KITCHEN_SCENE4_put_the_black_bowl_in_the_bottom_drawer_of_the_cabinet_and_close_it,Robot Initial States,,initstate_144,,,,,,view_0
KITCHEN_SCENE4_put_the_black_bowl_in_the_bottom_drawer_of_the_cabinet_and_close_it_view_0_0_100_0_0_initstate_164,KITCHEN_SCENE4_put_the_black_bowl_in_the_bottom_drawer_of_the_cabinet_and_close_it,Robot Initial States,,initstate_164,,,,,,view_0
KITCHEN_SCENE4_put_the_black_bowl_in_the_bottom_drawer_of_the_cabinet_and_close_it_view_0_0_100_0_0_initstate_174,KITCHEN_SCENE4_put_the_black_bowl_in_the_bottom_drawer_of_the_cabinet_and_close_it,Robot Initial States,,initstate_174,,,,,,view_0
KITCHEN_SCENE4_put_the_black_bowl_in_the_bottom_drawer_of_the_cabinet_and_close_it_view_0_0_100_0_0_initstate_184,KITCHEN_SCENE4_put_the_black_bowl_in_the_bottom_drawer_of_the_cabinet_and_close_it,Robot Initial States,,initstate_184,,,,,,view_0
KITCHEN_SCENE4_put_the_black_bowl_in_the_bottom_drawer_of_the_cabinet_and_close_it_view_0_0_100_0_0_initstate_194,KITCHEN_SCENE4_put_the_black_bowl_in_the_bottom_drawer_of_the_cabinet_and_close_it,Robot Initial States,,initstate_194,,,,,,view_0
KITCHEN_SCENE4_put_the_black_bowl_in_the_bottom_drawer_of_the_cabinet_and_close_it_view_0_0_100_0_0_initstate_204,KITCHEN_SCENE4_put_the_black_bowl_in_the_bottom_drawer_of_the_cabinet_and_close_it,Robot Initial States,,initstate_204,,,,,,view_0
KITCHEN_SCENE4_put_the_black_bowl_in_the_bottom_drawer_of_the_cabinet_and_close_it_view_0_0_100_0_0_initstate_224,KITCHEN_SCENE4_put_the_black_bowl_in_the_bottom_drawer_of_the_cabinet_and_close_it,Robot Initial States,,initstate_224,,,,,,view_0
KITCHEN_SCENE4_put_the_black_bowl_in_the_bottom_drawer_of_the_cabinet_and_close_it_view_0_0_100_0_0_initstate_234,KITCHEN_SCENE4_put_the_black_bowl_in_the_bottom_drawer_of_the_cabinet_and_close_it,Robot Initial States,,initstate_234,,,,,,view_0
KITCHEN_SCENE4_put_the_black_bowl_in_the_bottom_drawer_of_the_cabinet_and_close_it_view_0_0_100_0_0_initstate_244,KITCHEN_SCENE4_put_the_black_bowl_in_the_bottom_drawer_of_the_cabinet_and_close_it,Robot Initial States,,initstate_244,,,,,,view_0
KITCHEN_SCENE4_put_the_black_bowl_in_the_bottom_drawer_of_the_cabinet_and_close_it_view_0_0_100_0_0_initstate_254,KITCHEN_SCENE4_put_the_black_bowl_in_the_bottom_drawer_of_the_cabinet_and_close_it,Robot Initial States,,initstate_254,,,,,,view_0
KITCHEN_SCENE4_put_the_black_bowl_in_the_bottom_drawer_of_the_cabinet_and_close_it_view_0_0_100_0_0_initstate_264,KITCHEN_SCENE4_put_the_black_bowl_in_the_bottom_drawer_of_the_cabinet_and_close_it,Robot Initial States,,initstate_264,,,,,,view_0
KITCHEN_SCENE4_put_the_black_bowl_in_the_bottom_drawer_of_the_cabinet_and_close_it_view_0_0_100_0_0_initstate_274,KITCHEN_SCENE4_put_the_black_bowl_in_the_bottom_drawer_of_the_cabinet_and_close_it,Robot Initial States,,initstate_274,,,,,,view_0
KITCHEN_SCENE4_put_the_black_bowl_in_the_bottom_drawer_of_the_cabinet_and_close_it_view_0_0_100_0_0_initstate_284,KITCHEN_SCENE4_put_the_black_bowl_in_the_bottom_drawer_of_the_cabinet_and_close_it,Robot Initial States,,initstate_284,,,,,,view_0
KITCHEN_SCENE4_put_the_black_bowl_in_the_bottom_drawer_of_the_cabinet_and_close_it_view_0_0_100_0_0_initstate_294,KITCHEN_SCENE4_put_the_black_bowl_in_the_bottom_drawer_of_the_cabinet_and_close_it,Robot Initial States,,initstate_294,,,,,,view_0
KITCHEN_SCENE4_put_the_black_bowl_in_the_bottom_drawer_of_the_cabinet_and_close_it_view_0_0_100_0_0_initstate_304,KITCHEN_SCENE4_put_the_black_bowl_in_the_bottom_drawer_of_the_cabinet_and_close_it,Robot Initial States,,initstate_304,,,,,,view_0
KITCHEN_SCENE4_put_the_black_bowl_in_the_bottom_drawer_of_the_cabinet_and_close_it_view_0_0_100_0_0_initstate_314,KITCHEN_SCENE4_put_the_black_bowl_in_the_bottom_drawer_of_the_cabinet_and_close_it,Robot Initial States,,initstate_314,,,,,,view_0
KITCHEN_SCENE4_put_the_black_bowl_in_the_bottom_drawer_of_the_cabinet_and_close_it_view_0_0_100_0_0_initstate_324,KITCHEN_SCENE4_put_the_black_bowl_in_the_bottom_drawer_of_the_cabinet_and_close_it,Robot Initial States,,initstate_324,,,,,,view_0
KITCHEN_SCENE4_put_the_black_bowl_in_the_bottom_drawer_of_the_cabinet_and_close_it_view_0_0_100_0_0_initstate_334,KITCHEN_SCENE4_put_the_black_bowl_in_the_bottom_drawer_of_the_cabinet_and_close_it,Robot Initial States,,initstate_334,,,,,,view_0
KITCHEN_SCENE4_put_the_black_bowl_in_the_bottom_drawer_of_the_cabinet_and_close_it_view_0_0_100_0_0_initstate_344,KITCHEN_SCENE4_put_the_black_bowl_in_the_bottom_drawer_of_the_cabinet_and_close_it,Robot Initial States,,initstate_344,,,,,,view_0
KITCHEN_SCENE4_put_the_black_bowl_in_the_bottom_drawer_of_the_cabinet_and_close_it_view_0_0_100_0_0_initstate_354,KITCHEN_SCENE4_put_the_black_bowl_in_the_bottom_drawer_of_the_cabinet_and_close_it,Robot Initial States,,initstate_354,,,,,,view_0
KITCHEN_SCENE4_put_the_black_bowl_in_the_bottom_drawer_of_the_cabinet_and_close_it_view_0_0_100_0_0_initstate_364,KITCHEN_SCENE4_put_the_black_bowl_in_the_bottom_drawer_of_the_cabinet_and_close_it,Robot Initial States,,initstate_364,,,,,,view_0
KITCHEN_SCENE4_put_the_black_bowl_in_the_bottom_drawer_of_the_cabinet_and_close_it_view_0_0_100_0_0_initstate_374,KITCHEN_SCENE4_put_the_black_bowl_in_the_bottom_drawer_of_the_cabinet_and_close_it,Robot Initial States,,initstate_374,,,,,,view_0
KITCHEN_SCENE4_put_the_black_bowl_in_the_bottom_drawer_of_the_cabinet_and_close_it_view_0_0_100_0_0_initstate_384,KITCHEN_SCENE4_put_the_black_bowl_in_the_bottom_drawer_of_the_cabinet_and_close_it,Robot Initial States,,initstate_384,,,,,,view_0
KITCHEN_SCENE4_put_the_black_bowl_in_the_bottom_drawer_of_the_cabinet_and_close_it_view_0_0_100_0_0_initstate_394,KITCHEN_SCENE4_put_the_black_bowl_in_the_bottom_drawer_of_the_cabinet_and_close_it,Robot Initial States,,initstate_394,,,,,,view_0
KITCHEN_SCENE4_put_the_black_bowl_in_the_bottom_drawer_of_the_cabinet_and_close_it_view_0_0_100_0_0_initstate_404,KITCHEN_SCENE4_put_the_black_bowl_in_the_bottom_drawer_of_the_cabinet_and_close_it,Robot Initial States,,initstate_404,,,,,,view_0
KITCHEN_SCENE4_put_the_black_bowl_in_the_bottom_drawer_of_the_cabinet_and_close_it_view_0_0_100_0_0_initstate_414,KITCHEN_SCENE4_put_the_black_bowl_in_the_bottom_drawer_of_the_cabinet_and_close_it,Robot Initial States,,initstate_414,,,,,,view_0
KITCHEN_SCENE4_put_the_black_bowl_in_the_bottom_drawer_of_the_cabinet_and_close_it_view_0_0_100_0_0_initstate_424,KITCHEN_SCENE4_put_the_black_bowl_in_the_bottom_drawer_of_the_cabinet_and_close_it,Robot Initial States,,initstate_424,,,,,,view_0
KITCHEN_SCENE4_put_the_black_bowl_in_the_bottom_drawer_of_the_cabinet_and_close_it_view_0_0_100_0_0_initstate_434,KITCHEN_SCENE4_put_the_black_bowl_in_the_bottom_drawer_of_the_cabinet_and_close_it,Robot Initial States,,initstate_434,,,,,,view_0
KITCHEN_SCENE4_put_the_black_bowl_in_the_bottom_drawer_of_the_cabinet_and_close_it_view_0_0_100_0_0_initstate_444,KITCHEN_SCENE4_put_the_black_bowl_in_the_bottom_drawer_of_the_cabinet_and_close_it,Robot Initial States,,initstate_444,,,,,,view_0
KITCHEN_SCENE4_put_the_black_bowl_in_the_bottom_drawer_of_the_cabinet_and_close_it_view_0_0_100_0_0_initstate_454,KITCHEN_SCENE4_put_the_black_bowl_in_the_bottom_drawer_of_the_cabinet_and_close_it,Robot Initial States,,initstate_454,,,,,,view_0
KITCHEN_SCENE4_put_the_black_bowl_in_the_bottom_drawer_of_the_cabinet_and_close_it_view_0_0_100_0_0_initstate_464,KITCHEN_SCENE4_put_the_black_bowl_in_the_bottom_drawer_of_the_cabinet_and_close_it,Robot Initial States,,initstate_464,,,,,,view_0
KITCHEN_SCENE4_put_the_black_bowl_in_the_bottom_drawer_of_the_cabinet_and_close_it_view_0_0_100_0_0_initstate_484,KITCHEN_SCENE4_put_the_black_bowl_in_the_bottom_drawer_of_the_cabinet_and_close_it,Robot Initial States,,initstate_484,,,,,,view_0
KITCHEN_SCENE4_put_the_black_bowl_in_the_bottom_drawer_of_the_cabinet_and_close_it_view_0_0_100_0_0_initstate_494,KITCHEN_SCENE4_put_the_black_bowl_in_the_bottom_drawer_of_the_cabinet_and_close_it,Robot Initial States,,initstate_494,,,,,,view_0
KITCHEN_SCENE4_put_the_black_bowl_in_the_bottom_drawer_of_the_cabinet_and_close_it_view_0_0_131_0_0_initstate_0,KITCHEN_SCENE4_put_the_black_bowl_in_the_bottom_drawer_of_the_cabinet_and_close_it,Camera Viewpoints,,initstate_0,,,,,,view_0
KITCHEN_SCENE4_put_the_black_bowl_in_the_bottom_drawer_of_the_cabinet_and_close_it_view_0_0_132_0_0_initstate_0,KITCHEN_SCENE4_put_the_black_bowl_in_the_bottom_drawer_of_the_cabinet_and_close_it,Camera Viewpoints,,initstate_0,,,,,,view_0
KITCHEN_SCENE4_put_the_black_bowl_in_the_bottom_drawer_of_the_cabinet_and_close_it_view_0_0_133_0_0_initstate_0,KITCHEN_SCENE4_put_the_black_bowl_in_the_bottom_drawer_of_the_cabinet_and_close_it,Camera Viewpoints,,initstate_0,,,,,,view_0
KITCHEN_SCENE4_put_the_black_bowl_in_the_bottom_drawer_of_the_cabinet_and_close_it_view_0_0_134_0_0_initstate_0,KITCHEN_SCENE4_put_the_black_bowl_in_the_bottom_drawer_of_the_cabinet_and_close_it,Camera Viewpoints,,initstate_0,,,,,,view_0
KITCHEN_SCENE4_put_the_black_bowl_in_the_bottom_drawer_of_the_cabinet_and_close_it_view_0_0_135_0_0_initstate_0,KITCHEN_SCENE4_put_the_black_bowl_in_the_bottom_drawer_of_the_cabinet_and_close_it,Camera Viewpoints,,initstate_0,,,,,,view_0
KITCHEN_SCENE4_put_the_black_bowl_in_the_bottom_drawer_of_the_cabinet_and_close_it_view_0_0_136_0_0_initstate_0,KITCHEN_SCENE4_put_the_black_bowl_in_the_bottom_drawer_of_the_cabinet_and_close_it,Camera Viewpoints,,initstate_0,,,,,,view_0
KITCHEN_SCENE4_put_the_black_bowl_in_the_bottom_drawer_of_the_cabinet_and_close_it_view_0_0_137_0_0_initstate_0,KITCHEN_SCENE4_put_the_black_bowl_in_the_bottom_drawer_of_the_cabinet_and_close_it,Camera Viewpoints,,initstate_0,,,,,,view_0
KITCHEN_SCENE4_put_the_black_bowl_in_the_bottom_drawer_of_the_cabinet_and_close_it_view_0_0_138_0_0_initstate_0,KITCHEN_SCENE4_put_the_black_bowl_in_the_bottom_drawer_of_the_cabinet_and_close_it,Camera Viewpoints,,initstate_0,,,,,,view_0
KITCHEN_SCENE4_put_the_black_bowl_in_the_bottom_drawer_of_the_cabinet_and_close_it_view_0_0_139_0_0_initstate_0,KITCHEN_SCENE4_put_the_black_bowl_in_the_bottom_drawer_of_the_cabinet_and_close_it,Camera Viewpoints,,initstate_0,,,,,,view_0
KITCHEN_SCENE4_put_the_black_bowl_in_the_bottom_drawer_of_the_cabinet_and_close_it_view_0_0_100_8_2_initstate_0,KITCHEN_SCENE4_put_the_black_bowl_in_the_bottom_drawer_of_the_cabinet_and_close_it,Camera Viewpoints,,initstate_0,,,,,,view_0
KITCHEN_SCENE4_put_the_black_bowl_in_the_bottom_drawer_of_the_cabinet_and_close_it_view_0_0_100_8_4_initstate_0,KITCHEN_SCENE4_put_the_black_bowl_in_the_bottom_drawer_of_the_cabinet_and_close_it,Camera Viewpoints,,initstate_0,,,,,,view_0
KITCHEN_SCENE4_put_the_black_bowl_in_the_bottom_drawer_of_the_cabinet_and_close_it_view_0_0_100_8_6_initstate_0,KITCHEN_SCENE4_put_the_black_bowl_in_the_bottom_drawer_of_the_cabinet_and_close_it,Camera Viewpoints,,initstate_0,,,,,,view_0
KITCHEN_SCENE4_put_the_black_bowl_in_the_bottom_drawer_of_the_cabinet_and_close_it_view_0_0_100_8_8_initstate_0,KITCHEN_SCENE4_put_the_black_bowl_in_the_bottom_drawer_of_the_cabinet_and_close_it,Camera Viewpoints,,initstate_0,,,,,,view_0
KITCHEN_SCENE4_put_the_black_bowl_in_the_bottom_drawer_of_the_cabinet_and_close_it_view_0_0_100_8_10_initstate_0,KITCHEN_SCENE4_put_the_black_bowl_in_the_bottom_drawer_of_the_cabinet_and_close_it,Camera Viewpoints,,initstate_0,,,,,,view_0
KITCHEN_SCENE4_put_the_black_bowl_in_the_bottom_drawer_of_the_cabinet_and_close_it_view_0_0_100_8_350_initstate_0,KITCHEN_SCENE4_put_the_black_bowl_in_the_bottom_drawer_of_the_cabinet_and_close_it,Camera Viewpoints,,initstate_0,,,,,,view_0
KITCHEN_SCENE4_put_the_black_bowl_in_the_bottom_drawer_of_the_cabinet_and_close_it_view_0_0_100_8_352_initstate_0,KITCHEN_SCENE4_put_the_black_bowl_in_the_bottom_drawer_of_the_cabinet_and_close_it,Camera Viewpoints,,initstate_0,,,,,,view_0
KITCHEN_SCENE4_put_the_black_bowl_in_the_bottom_drawer_of_the_cabinet_and_close_it_view_0_0_100_8_354_initstate_0,KITCHEN_SCENE4_put_the_black_bowl_in_the_bottom_drawer_of_the_cabinet_and_close_it,Camera Viewpoints,,initstate_0,,,,,,view_0
KITCHEN_SCENE4_put_the_black_bowl_in_the_bottom_drawer_of_the_cabinet_and_close_it_view_0_0_100_8_356_initstate_0,KITCHEN_SCENE4_put_the_black_bowl_in_the_bottom_drawer_of_the_cabinet_and_close_it,Camera Viewpoints,,initstate_0,,,,,,view_0
KITCHEN_SCENE4_put_the_black_bowl_in_the_bottom_drawer_of_the_cabinet_and_close_it_view_0_0_100_8_358_initstate_0,KITCHEN_SCENE4_put_the_black_bowl_in_the_bottom_drawer_of_the_cabinet_and_close_it,Camera Viewpoints,,initstate_0,,,,,,view_0
KITCHEN_SCENE4_put_the_black_bowl_in_the_bottom_drawer_of_the_cabinet_and_close_it_view_46_0_100_0_0_initstate_0,KITCHEN_SCENE4_put_the_black_bowl_in_the_bottom_drawer_of_the_cabinet_and_close_it,Camera Viewpoints,,initstate_0,,,,,,view_46
KITCHEN_SCENE4_put_the_black_bowl_in_the_bottom_drawer_of_the_cabinet_and_close_it_view_46_15_100_0_0_initstate_0,KITCHEN_SCENE4_put_the_black_bowl_in_the_bottom_drawer_of_the_cabinet_and_close_it,Camera Viewpoints,,initstate_0,,,,,,view_46
KITCHEN_SCENE4_put_the_black_bowl_in_the_bottom_drawer_of_the_cabinet_and_close_it_view_47_0_100_0_0_initstate_0,KITCHEN_SCENE4_put_the_black_bowl_in_the_bottom_drawer_of_the_cabinet_and_close_it,Camera Viewpoints,,initstate_0,,,,,,view_47
KITCHEN_SCENE4_put_the_black_bowl_in_the_bottom_drawer_of_the_cabinet_and_close_it_view_47_15_100_0_0_initstate_0,KITCHEN_SCENE4_put_the_black_bowl_in_the_bottom_drawer_of_the_cabinet_and_close_it,Camera Viewpoints,,initstate_0,,,,,,view_47
KITCHEN_SCENE4_put_the_black_bowl_in_the_bottom_drawer_of_the_cabinet_and_close_it_view_48_0_100_0_0_initstate_0,KITCHEN_SCENE4_put_the_black_bowl_in_the_bottom_drawer_of_the_cabinet_and_close_it,Camera Viewpoints,,initstate_0,,,,,,view_48
KITCHEN_SCENE4_put_the_black_bowl_in_the_bottom_drawer_of_the_cabinet_and_close_it_view_48_15_100_0_0_initstate_0,KITCHEN_SCENE4_put_the_black_bowl_in_the_bottom_drawer_of_the_cabinet_and_close_it,Camera Viewpoints,,initstate_0,,,,,,view_48
KITCHEN_SCENE4_put_the_black_bowl_in_the_bottom_drawer_of_the_cabinet_and_close_it_view_49_0_100_0_0_initstate_0,KITCHEN_SCENE4_put_the_black_bowl_in_the_bottom_drawer_of_the_cabinet_and_close_it,Camera Viewpoints,,initstate_0,,,,,,view_49
KITCHEN_SCENE4_put_the_black_bowl_in_the_bottom_drawer_of_the_cabinet_and_close_it_view_49_15_100_0_0_initstate_0,KITCHEN_SCENE4_put_the_black_bowl_in_the_bottom_drawer_of_the_cabinet_and_close_it,Camera Viewpoints,,initstate_0,,,,,,view_49
KITCHEN_SCENE4_put_the_black_bowl_in_the_bottom_drawer_of_the_cabinet_and_close_it_view_50_0_100_0_0_initstate_0,KITCHEN_SCENE4_put_the_black_bowl_in_the_bottom_drawer_of_the_cabinet_and_close_it,Camera Viewpoints,,initstate_0,,,,,,view_50
KITCHEN_SCENE4_put_the_black_bowl_in_the_bottom_drawer_of_the_cabinet_and_close_it_view_50_15_100_0_0_initstate_0,KITCHEN_SCENE4_put_the_black_bowl_in_the_bottom_drawer_of_the_cabinet_and_close_it,Camera Viewpoints,,initstate_0,,,,,,view_50
KITCHEN_SCENE4_put_the_black_bowl_in_the_bottom_drawer_of_the_cabinet_and_close_it_view_51_0_100_0_0_initstate_0,KITCHEN_SCENE4_put_the_black_bowl_in_the_bottom_drawer_of_the_cabinet_and_close_it,Camera Viewpoints,,initstate_0,,,,,,view_51
KITCHEN_SCENE4_put_the_black_bowl_in_the_bottom_drawer_of_the_cabinet_and_close_it_view_52_0_100_0_0_initstate_0,KITCHEN_SCENE4_put_the_black_bowl_in_the_bottom_drawer_of_the_cabinet_and_close_it,Camera Viewpoints,,initstate_0,,,,,,view_52
KITCHEN_SCENE4_put_the_black_bowl_in_the_bottom_drawer_of_the_cabinet_and_close_it_view_52_15_100_0_0_initstate_0,KITCHEN_SCENE4_put_the_black_bowl_in_the_bottom_drawer_of_the_cabinet_and_close_it,Camera Viewpoints,,initstate_0,,,,,,view_52
KITCHEN_SCENE4_put_the_black_bowl_in_the_bottom_drawer_of_the_cabinet_and_close_it_view_53_0_100_0_0_initstate_0,KITCHEN_SCENE4_put_the_black_bowl_in_the_bottom_drawer_of_the_cabinet_and_close_it,Camera Viewpoints,,initstate_0,,,,,,view_53
KITCHEN_SCENE4_put_the_black_bowl_in_the_bottom_drawer_of_the_cabinet_and_close_it_view_53_15_100_0_0_initstate_0,KITCHEN_SCENE4_put_the_black_bowl_in_the_bottom_drawer_of_the_cabinet_and_close_it,Camera Viewpoints,,initstate_0,,,,,,view_53
KITCHEN_SCENE4_put_the_black_bowl_in_the_bottom_drawer_of_the_cabinet_and_close_it_view_54_0_100_0_0_initstate_0,KITCHEN_SCENE4_put_the_black_bowl_in_the_bottom_drawer_of_the_cabinet_and_close_it,Camera Viewpoints,,initstate_0,,,,,,view_54
KITCHEN_SCENE4_put_the_black_bowl_in_the_bottom_drawer_of_the_cabinet_and_close_it_view_54_15_100_0_0_initstate_0,KITCHEN_SCENE4_put_the_black_bowl_in_the_bottom_drawer_of_the_cabinet_and_close_it,Camera Viewpoints,,initstate_0,,,,,,view_54
KITCHEN_SCENE4_put_the_black_bowl_in_the_bottom_drawer_of_the_cabinet_and_close_it_view_55_0_100_0_0_initstate_0,KITCHEN_SCENE4_put_the_black_bowl_in_the_bottom_drawer_of_the_cabinet_and_close_it,Camera Viewpoints,,initstate_0,,,,,,view_55
KITCHEN_SCENE4_put_the_black_bowl_in_the_bottom_drawer_of_the_cabinet_and_close_it_view_55_15_100_0_0_initstate_0,KITCHEN_SCENE4_put_the_black_bowl_in_the_bottom_drawer_of_the_cabinet_and_close_it,Camera Viewpoints,,initstate_0,,,,,,view_55
KITCHEN_SCENE4_put_the_black_bowl_in_the_bottom_drawer_of_the_cabinet_and_close_it_view_56_0_100_0_0_initstate_0,KITCHEN_SCENE4_put_the_black_bowl_in_the_bottom_drawer_of_the_cabinet_and_close_it,Camera Viewpoints,,initstate_0,,,,,,view_56
KITCHEN_SCENE4_put_the_black_bowl_in_the_bottom_drawer_of_the_cabinet_and_close_it_view_56_15_100_0_0_initstate_0,KITCHEN_SCENE4_put_the_black_bowl_in_the_bottom_drawer_of_the_cabinet_and_close_it,Camera Viewpoints,,initstate_0,,,,,,view_56
KITCHEN_SCENE4_put_the_black_bowl_in_the_bottom_drawer_of_the_cabinet_and_close_it_view_57_0_100_0_0_initstate_0,KITCHEN_SCENE4_put_the_black_bowl_in_the_bottom_drawer_of_the_cabinet_and_close_it,Camera Viewpoints,,initstate_0,,,,,,view_57
KITCHEN_SCENE4_put_the_black_bowl_in_the_bottom_drawer_of_the_cabinet_and_close_it_view_57_15_100_0_0_initstate_0,KITCHEN_SCENE4_put_the_black_bowl_in_the_bottom_drawer_of_the_cabinet_and_close_it,Camera Viewpoints,,initstate_0,,,,,,view_57
KITCHEN_SCENE4_put_the_black_bowl_in_the_bottom_drawer_of_the_cabinet_and_close_it_view_58_0_100_0_0_initstate_0,KITCHEN_SCENE4_put_the_black_bowl_in_the_bottom_drawer_of_the_cabinet_and_close_it,Camera Viewpoints,,initstate_0,,,,,,view_58
KITCHEN_SCENE4_put_the_black_bowl_in_the_bottom_drawer_of_the_cabinet_and_close_it_view_58_15_100_0_0_initstate_0,KITCHEN_SCENE4_put_the_black_bowl_in_the_bottom_drawer_of_the_cabinet_and_close_it,Camera Viewpoints,,initstate_0,,,,,,view_58
KITCHEN_SCENE4_put_the_black_bowl_in_the_bottom_drawer_of_the_cabinet_and_close_it_view_59_0_100_0_0_initstate_0,KITCHEN_SCENE4_put_the_black_bowl_in_the_bottom_drawer_of_the_cabinet_and_close_it,Camera Viewpoints,,initstate_0,,,,,,view_59
KITCHEN_SCENE4_put_the_black_bowl_in_the_bottom_drawer_of_the_cabinet_and_close_it_view_59_15_100_0_0_initstate_0,KITCHEN_SCENE4_put_the_black_bowl_in_the_bottom_drawer_of_the_cabinet_and_close_it,Camera Viewpoints,,initstate_0,,,,,,view_59
KITCHEN_SCENE4_put_the_black_bowl_in_the_bottom_drawer_of_the_cabinet_and_close_it_view_60_0_100_0_0_initstate_0,KITCHEN_SCENE4_put_the_black_bowl_in_the_bottom_drawer_of_the_cabinet_and_close_it,Camera Viewpoints,,initstate_0,,,,,,view_60
KITCHEN_SCENE4_put_the_black_bowl_in_the_bottom_drawer_of_the_cabinet_and_close_it_view_60_15_100_0_0_initstate_0,KITCHEN_SCENE4_put_the_black_bowl_in_the_bottom_drawer_of_the_cabinet_and_close_it,Camera Viewpoints,,initstate_0,,,,,,view_60
KITCHEN_SCENE4_put_the_black_bowl_in_the_bottom_drawer_of_the_cabinet_and_close_it_language_1_view_0_0_100_0_0_initstate_0,KITCHEN_SCENE4_put_the_black_bowl_in_the_bottom_drawer_of_the_cabinet_and_close_it,Language Instructions,,initstate_0,language_1,,,,,view_0
KITCHEN_SCENE4_put_the_black_bowl_in_the_bottom_drawer_of_the_cabinet_and_close_it_language_2_view_0_0_100_0_0_initstate_0,KITCHEN_SCENE4_put_the_black_bowl_in_the_bottom_drawer_of_the_cabinet_and_close_it,Language Instructions,,initstate_0,language_2,,,,,view_0
KITCHEN_SCENE4_put_the_black_bowl_in_the_bottom_drawer_of_the_cabinet_and_close_it_language_3_view_0_0_100_0_0_initstate_0,KITCHEN_SCENE4_put_the_black_bowl_in_the_bottom_drawer_of_the_cabinet_and_close_it,Language Instructions,,initstate_0,language_3,,,,,view_0
KITCHEN_SCENE4_put_the_black_bowl_in_the_bottom_drawer_of_the_cabinet_and_close_it_language_4_view_0_0_100_0_0_initstate_0,KITCHEN_SCENE4_put_the_black_bowl_in_the_bottom_drawer_of_the_cabinet_and_close_it,Language Instructions,,initstate_0,language_4,,,,,view_0
KITCHEN_SCENE4_put_the_black_bowl_in_the_bottom_drawer_of_the_cabinet_and_close_it_language_5_view_0_0_100_0_0_initstate_0,KITCHEN_SCENE4_put_the_black_bowl_in_the_bottom_drawer_of_the_cabinet_and_close_it,Language Instructions,,initstate_0,language_5,,,,,view_0
KITCHEN_SCENE4_put_the_black_bowl_in_the_bottom_drawer_of_the_cabinet_and_close_it_language_6_view_0_0_100_0_0_initstate_0,KITCHEN_SCENE4_put_the_black_bowl_in_the_bottom_drawer_of_the_cabinet_and_close_it,Language Instructions,,initstate_0,language_6,,,,,view_0
KITCHEN_SCENE4_put_the_black_bowl_in_the_bottom_drawer_of_the_cabinet_and_close_it_language_7_view_0_0_100_0_0_initstate_0,KITCHEN_SCENE4_put_the_black_bowl_in_the_bottom_drawer_of_the_cabinet_and_close_it,Language Instructions,,initstate_0,language_7,,,,,view_0
KITCHEN_SCENE4_put_the_black_bowl_in_the_bottom_drawer_of_the_cabinet_and_close_it_language_8_view_0_0_100_0_0_initstate_0,KITCHEN_SCENE4_put_the_black_bowl_in_the_bottom_drawer_of_the_cabinet_and_close_it,Language Instructions,,initstate_0,language_8,,,,,view_0
KITCHEN_SCENE4_put_the_black_bowl_in_the_bottom_drawer_of_the_cabinet_and_close_it_language_9_view_0_0_100_0_0_initstate_0,KITCHEN_SCENE4_put_the_black_bowl_in_the_bottom_drawer_of_the_cabinet_and_close_it,Language Instructions,,initstate_0,language_9,,,,,view_0
KITCHEN_SCENE4_put_the_black_bowl_in_the_bottom_drawer_of_the_cabinet_and_close_it_language_10_view_0_0_100_0_0_initstate_0,KITCHEN_SCENE4_put_the_black_bowl_in_the_bottom_drawer_of_the_cabinet_and_close_it,Language Instructions,,initstate_0,language_10,,,,,view_0
KITCHEN_SCENE4_put_the_black_bowl_in_the_bottom_drawer_of_the_cabinet_and_close_it_language_11_view_0_0_100_0_0_initstate_0,KITCHEN_SCENE4_put_the_black_bowl_in_the_bottom_drawer_of_the_cabinet_and_close_it,Language Instructions,,initstate_0,language_11,,,,,view_0
KITCHEN_SCENE4_put_the_black_bowl_in_the_bottom_drawer_of_the_cabinet_and_close_it_language_12_view_0_0_100_0_0_initstate_0,KITCHEN_SCENE4_put_the_black_bowl_in_the_bottom_drawer_of_the_cabinet_and_close_it,Language Instructions,,initstate_0,language_12,,,,,view_0
KITCHEN_SCENE4_put_the_black_bowl_in_the_bottom_drawer_of_the_cabinet_and_close_it_language_13_view_0_0_100_0_0_initstate_0,KITCHEN_SCENE4_put_the_black_bowl_in_the_bottom_drawer_of_the_cabinet_and_close_it,Language Instructions,,initstate_0,language_13,,,,,view_0
KITCHEN_SCENE4_put_the_black_bowl_in_the_bottom_drawer_of_the_cabinet_and_close_it_language_14_view_0_0_100_0_0_initstate_0,KITCHEN_SCENE4_put_the_black_bowl_in_the_bottom_drawer_of_the_cabinet_and_close_it,Language Instructions,,initstate_0,language_14,,,,,view_0
KITCHEN_SCENE4_put_the_black_bowl_in_the_bottom_drawer_of_the_cabinet_and_close_it_language_16_view_0_0_100_0_0_initstate_0,KITCHEN_SCENE4_put_the_black_bowl_in_the_bottom_drawer_of_the_cabinet_and_close_it,Language Instructions,,initstate_0,language_16,,,,,view_0
KITCHEN_SCENE4_put_the_black_bowl_in_the_bottom_drawer_of_the_cabinet_and_close_it_language_17_view_0_0_100_0_0_initstate_0,KITCHEN_SCENE4_put_the_black_bowl_in_the_bottom_drawer_of_the_cabinet_and_close_it,Language Instructions,,initstate_0,language_17,,,,,view_0
KITCHEN_SCENE4_put_the_black_bowl_in_the_bottom_drawer_of_the_cabinet_and_close_it_language_18_view_0_0_100_0_0_initstate_0,KITCHEN_SCENE4_put_the_black_bowl_in_the_bottom_drawer_of_the_cabinet_and_close_it,Language Instructions,,initstate_0,language_18,,,,,view_0
KITCHEN_SCENE4_put_the_black_bowl_in_the_bottom_drawer_of_the_cabinet_and_close_it_language_19_view_0_0_100_0_0_initstate_0,KITCHEN_SCENE4_put_the_black_bowl_in_the_bottom_drawer_of_the_cabinet_and_close_it,Language Instructions,,initstate_0,language_19,,,,,view_0
KITCHEN_SCENE4_put_the_black_bowl_in_the_bottom_drawer_of_the_cabinet_and_close_it_language_20_view_0_0_100_0_0_initstate_0,KITCHEN_SCENE4_put_the_black_bowl_in_the_bottom_drawer_of_the_cabinet_and_close_it,Language Instructions,,initstate_0,language_20,,,,,view_0
KITCHEN_SCENE4_put_the_black_bowl_in_the_bottom_drawer_of_the_cabinet_and_close_it_language_21_view_0_0_100_0_0_initstate_0,KITCHEN_SCENE4_put_the_black_bowl_in_the_bottom_drawer_of_the_cabinet_and_close_it,Language Instructions,,initstate_0,language_21,,,,,view_0
KITCHEN_SCENE4_put_the_black_bowl_in_the_bottom_drawer_of_the_cabinet_and_close_it_language_22_view_0_0_100_0_0_initstate_0,KITCHEN_SCENE4_put_the_black_bowl_in_the_bottom_drawer_of_the_cabinet_and_close_it,Language Instructions,,initstate_0,language_22,,,,,view_0
KITCHEN_SCENE4_put_the_black_bowl_in_the_bottom_drawer_of_the_cabinet_and_close_it_language_23_view_0_0_100_0_0_initstate_0,KITCHEN_SCENE4_put_the_black_bowl_in_the_bottom_drawer_of_the_cabinet_and_close_it,Language Instructions,,initstate_0,language_23,,,,,view_0
KITCHEN_SCENE4_put_the_black_bowl_in_the_bottom_drawer_of_the_cabinet_and_close_it_language_24_view_0_0_100_0_0_initstate_0,KITCHEN_SCENE4_put_the_black_bowl_in_the_bottom_drawer_of_the_cabinet_and_close_it,Language Instructions,,initstate_0,language_24,,,,,view_0
KITCHEN_SCENE4_put_the_black_bowl_in_the_bottom_drawer_of_the_cabinet_and_close_it_language_25_view_0_0_100_0_0_initstate_0,KITCHEN_SCENE4_put_the_black_bowl_in_the_bottom_drawer_of_the_cabinet_and_close_it,Language Instructions,,initstate_0,language_25,,,,,view_0
KITCHEN_SCENE4_put_the_black_bowl_in_the_bottom_drawer_of_the_cabinet_and_close_it_language_26_view_0_0_100_0_0_initstate_0,KITCHEN_SCENE4_put_the_black_bowl_in_the_bottom_drawer_of_the_cabinet_and_close_it,Language Instructions,,initstate_0,language_26,,,,,view_0
KITCHEN_SCENE4_put_the_black_bowl_in_the_bottom_drawer_of_the_cabinet_and_close_it_language_27_view_0_0_100_0_0_initstate_0,KITCHEN_SCENE4_put_the_black_bowl_in_the_bottom_drawer_of_the_cabinet_and_close_it,Language Instructions,,initstate_0,language_27,,,,,view_0
KITCHEN_SCENE4_put_the_black_bowl_in_the_bottom_drawer_of_the_cabinet_and_close_it_language_28_view_0_0_100_0_0_initstate_0,KITCHEN_SCENE4_put_the_black_bowl_in_the_bottom_drawer_of_the_cabinet_and_close_it,Language Instructions,,initstate_0,language_28,,,,,view_0
KITCHEN_SCENE4_put_the_black_bowl_in_the_bottom_drawer_of_the_cabinet_and_close_it_language_29_view_0_0_100_0_0_initstate_0,KITCHEN_SCENE4_put_the_black_bowl_in_the_bottom_drawer_of_the_cabinet_and_close_it,Language Instructions,,initstate_0,language_29,,,,,view_0
KITCHEN_SCENE4_put_the_black_bowl_in_the_bottom_drawer_of_the_cabinet_and_close_it_language_30_view_0_0_100_0_0_initstate_0,KITCHEN_SCENE4_put_the_black_bowl_in_the_bottom_drawer_of_the_cabinet_and_close_it,Language Instructions,,initstate_0,language_30,,,,,view_0
KITCHEN_SCENE4_put_the_black_bowl_in_the_bottom_drawer_of_the_cabinet_and_close_it_language_31_view_0_0_100_0_0_initstate_0,KITCHEN_SCENE4_put_the_black_bowl_in_the_bottom_drawer_of_the_cabinet_and_close_it,Language Instructions,,initstate_0,language_31,,,,,view_0
KITCHEN_SCENE4_put_the_black_bowl_in_the_bottom_drawer_of_the_cabinet_and_close_it_language_32_view_0_0_100_0_0_initstate_0,KITCHEN_SCENE4_put_the_black_bowl_in_the_bottom_drawer_of_the_cabinet_and_close_it,Language Instructions,,initstate_0,language_32,,,,,view_0
KITCHEN_SCENE4_put_the_black_bowl_in_the_bottom_drawer_of_the_cabinet_and_close_it_language_33_view_0_0_100_0_0_initstate_0,KITCHEN_SCENE4_put_the_black_bowl_in_the_bottom_drawer_of_the_cabinet_and_close_it,Language Instructions,,initstate_0,language_33,,,,,view_0
KITCHEN_SCENE4_put_the_black_bowl_in_the_bottom_drawer_of_the_cabinet_and_close_it_language_34_view_0_0_100_0_0_initstate_0,KITCHEN_SCENE4_put_the_black_bowl_in_the_bottom_drawer_of_the_cabinet_and_close_it,Language Instructions,,initstate_0,language_34,,,,,view_0
KITCHEN_SCENE4_put_the_black_bowl_in_the_bottom_drawer_of_the_cabinet_and_close_it_language_35_view_0_0_100_0_0_initstate_0,KITCHEN_SCENE4_put_the_black_bowl_in_the_bottom_drawer_of_the_cabinet_and_close_it,Language Instructions,,initstate_0,language_35,,,,,view_0
KITCHEN_SCENE4_put_the_black_bowl_in_the_bottom_drawer_of_the_cabinet_and_close_it_language_37_view_0_0_100_0_0_initstate_0,KITCHEN_SCENE4_put_the_black_bowl_in_the_bottom_drawer_of_the_cabinet_and_close_it,Language Instructions,,initstate_0,language_37,,,,,view_0
KITCHEN_SCENE4_put_the_black_bowl_in_the_bottom_drawer_of_the_cabinet_and_close_it_language_38_view_0_0_100_0_0_initstate_0,KITCHEN_SCENE4_put_the_black_bowl_in_the_bottom_drawer_of_the_cabinet_and_close_it,Language Instructions,,initstate_0,language_38,,,,,view_0
KITCHEN_SCENE4_put_the_black_bowl_in_the_bottom_drawer_of_the_cabinet_and_close_it_language_39_view_0_0_100_0_0_initstate_0,KITCHEN_SCENE4_put_the_black_bowl_in_the_bottom_drawer_of_the_cabinet_and_close_it,Language Instructions,,initstate_0,language_39,,,,,view_0
KITCHEN_SCENE4_put_the_black_bowl_in_the_bottom_drawer_of_the_cabinet_and_close_it_language_41_view_0_0_100_0_0_initstate_0,KITCHEN_SCENE4_put_the_black_bowl_in_the_bottom_drawer_of_the_cabinet_and_close_it,Language Instructions,,initstate_0,language_41,,,,,view_0
KITCHEN_SCENE4_put_the_black_bowl_in_the_bottom_drawer_of_the_cabinet_and_close_it_language_42_view_0_0_100_0_0_initstate_0,KITCHEN_SCENE4_put_the_black_bowl_in_the_bottom_drawer_of_the_cabinet_and_close_it,Language Instructions,,initstate_0,language_42,,,,,view_0
KITCHEN_SCENE4_put_the_black_bowl_in_the_bottom_drawer_of_the_cabinet_and_close_it_language_43_view_0_0_100_0_0_initstate_0,KITCHEN_SCENE4_put_the_black_bowl_in_the_bottom_drawer_of_the_cabinet_and_close_it,Language Instructions,,initstate_0,language_43,,,,,view_0
KITCHEN_SCENE4_put_the_black_bowl_in_the_bottom_drawer_of_the_cabinet_and_close_it_language_44_view_0_0_100_0_0_initstate_0,KITCHEN_SCENE4_put_the_black_bowl_in_the_bottom_drawer_of_the_cabinet_and_close_it,Language Instructions,,initstate_0,language_44,,,,,view_0
KITCHEN_SCENE4_put_the_black_bowl_in_the_bottom_drawer_of_the_cabinet_and_close_it_language_45_view_0_0_100_0_0_initstate_0,KITCHEN_SCENE4_put_the_black_bowl_in_the_bottom_drawer_of_the_cabinet_and_close_it,Language Instructions,,initstate_0,language_45,,,,,view_0
KITCHEN_SCENE4_put_the_black_bowl_in_the_bottom_drawer_of_the_cabinet_and_close_it_language_46_view_0_0_100_0_0_initstate_0,KITCHEN_SCENE4_put_the_black_bowl_in_the_bottom_drawer_of_the_cabinet_and_close_it,Language Instructions,,initstate_0,language_46,,,,,view_0
KITCHEN_SCENE4_put_the_black_bowl_in_the_bottom_drawer_of_the_cabinet_and_close_it_language_47_view_0_0_100_0_0_initstate_0,KITCHEN_SCENE4_put_the_black_bowl_in_the_bottom_drawer_of_the_cabinet_and_close_it,Language Instructions,,initstate_0,language_47,,,,,view_0
KITCHEN_SCENE4_put_the_black_bowl_in_the_bottom_drawer_of_the_cabinet_and_close_it_language_48_view_0_0_100_0_0_initstate_0,KITCHEN_SCENE4_put_the_black_bowl_in_the_bottom_drawer_of_the_cabinet_and_close_it,Language Instructions,,initstate_0,language_48,,,,,view_0
KITCHEN_SCENE4_put_the_black_bowl_in_the_bottom_drawer_of_the_cabinet_and_close_it_language_49_view_0_0_100_0_0_initstate_0,KITCHEN_SCENE4_put_the_black_bowl_in_the_bottom_drawer_of_the_cabinet_and_close_it,Language Instructions,,initstate_0,language_49,,,,,view_0
KITCHEN_SCENE4_put_the_black_bowl_in_the_bottom_drawer_of_the_cabinet_and_close_it_language_50_view_0_0_100_0_0_initstate_0,KITCHEN_SCENE4_put_the_black_bowl_in_the_bottom_drawer_of_the_cabinet_and_close_it,Language Instructions,,initstate_0,language_50,,,,,view_0
KITCHEN_SCENE4_put_the_black_bowl_in_the_bottom_drawer_of_the_cabinet_and_close_it_view_0_0_100_0_0_initstate_0_noise_1,KITCHEN_SCENE4_put_the_black_bowl_in_the_bottom_drawer_of_the_cabinet_and_close_it,Sensor Noise,,initstate_0,,,,noise_1,,view_0
KITCHEN_SCENE4_put_the_black_bowl_in_the_bottom_drawer_of_the_cabinet_and_close_it_view_0_0_100_0_0_initstate_0_noise_2,KITCHEN_SCENE4_put_the_black_bowl_in_the_bottom_drawer_of_the_cabinet_and_close_it,Sensor Noise,,initstate_0,,,,noise_2,,view_0
KITCHEN_SCENE4_put_the_black_bowl_in_the_bottom_drawer_of_the_cabinet_and_close_it_view_0_0_100_0_0_initstate_0_noise_3,KITCHEN_SCENE4_put_the_black_bowl_in_the_bottom_drawer_of_the_cabinet_and_close_it,Sensor Noise,,initstate_0,,,,noise_3,,view_0
KITCHEN_SCENE4_put_the_black_bowl_in_the_bottom_drawer_of_the_cabinet_and_close_it_view_0_0_100_0_0_initstate_0_noise_4,KITCHEN_SCENE4_put_the_black_bowl_in_the_bottom_drawer_of_the_cabinet_and_close_it,Sensor Noise,,initstate_0,,,,noise_4,,view_0
KITCHEN_SCENE4_put_the_black_bowl_in_the_bottom_drawer_of_the_cabinet_and_close_it_view_0_0_100_0_0_initstate_0_noise_5,KITCHEN_SCENE4_put_the_black_bowl_in_the_bottom_drawer_of_the_cabinet_and_close_it,Sensor Noise,,initstate_0,,,,noise_5,,view_0
KITCHEN_SCENE4_put_the_black_bowl_in_the_bottom_drawer_of_the_cabinet_and_close_it_view_0_0_100_0_0_initstate_0_noise_6,KITCHEN_SCENE4_put_the_black_bowl_in_the_bottom_drawer_of_the_cabinet_and_close_it,Sensor Noise,,initstate_0,,,,noise_6,,view_0
KITCHEN_SCENE4_put_the_black_bowl_in_the_bottom_drawer_of_the_cabinet_and_close_it_view_0_0_100_0_0_initstate_0_noise_7,KITCHEN_SCENE4_put_the_black_bowl_in_the_bottom_drawer_of_the_cabinet_and_close_it,Sensor Noise,,initstate_0,,,,noise_7,,view_0
KITCHEN_SCENE4_put_the_black_bowl_in_the_bottom_drawer_of_the_cabinet_and_close_it_view_0_0_100_0_0_initstate_0_noise_8,KITCHEN_SCENE4_put_the_black_bowl_in_the_bottom_drawer_of_the_cabinet_and_close_it,Sensor Noise,,initstate_0,,,,noise_8,,view_0
KITCHEN_SCENE4_put_the_black_bowl_in_the_bottom_drawer_of_the_cabinet_and_close_it_view_0_0_100_0_0_initstate_0_noise_9,KITCHEN_SCENE4_put_the_black_bowl_in_the_bottom_drawer_of_the_cabinet_and_close_it,Sensor Noise,,initstate_0,,,,noise_9,,view_0
KITCHEN_SCENE4_put_the_black_bowl_in_the_bottom_drawer_of_the_cabinet_and_close_it_view_0_0_100_0_0_initstate_0_noise_10,KITCHEN_SCENE4_put_the_black_bowl_in_the_bottom_drawer_of_the_cabinet_and_close_it,Sensor Noise,,initstate_0,,,,noise_10,,view_0
KITCHEN_SCENE4_put_the_black_bowl_in_the_bottom_drawer_of_the_cabinet_and_close_it_view_0_0_100_0_0_initstate_0_noise_11,KITCHEN_SCENE4_put_the_black_bowl_in_the_bottom_drawer_of_the_cabinet_and_close_it,Sensor Noise,,initstate_0,,,,noise_11,,view_0
KITCHEN_SCENE4_put_the_black_bowl_in_the_bottom_drawer_of_the_cabinet_and_close_it_view_0_0_100_0_0_initstate_0_noise_12,KITCHEN_SCENE4_put_the_black_bowl_in_the_bottom_drawer_of_the_cabinet_and_close_it,Sensor Noise,,initstate_0,,,,noise_12,,view_0
KITCHEN_SCENE4_put_the_black_bowl_in_the_bottom_drawer_of_the_cabinet_and_close_it_view_0_0_100_0_0_initstate_0_noise_13,KITCHEN_SCENE4_put_the_black_bowl_in_the_bottom_drawer_of_the_cabinet_and_close_it,Sensor Noise,,initstate_0,,,,noise_13,,view_0
KITCHEN_SCENE4_put_the_black_bowl_in_the_bottom_drawer_of_the_cabinet_and_close_it_view_0_0_100_0_0_initstate_0_noise_14,KITCHEN_SCENE4_put_the_black_bowl_in_the_bottom_drawer_of_the_cabinet_and_close_it,Sensor Noise,,initstate_0,,,,noise_14,,view_0
KITCHEN_SCENE4_put_the_black_bowl_in_the_bottom_drawer_of_the_cabinet_and_close_it_view_0_0_100_0_0_initstate_0_noise_15,KITCHEN_SCENE4_put_the_black_bowl_in_the_bottom_drawer_of_the_cabinet_and_close_it,Sensor Noise,,initstate_0,,,,noise_15,,view_0
KITCHEN_SCENE4_put_the_black_bowl_in_the_bottom_drawer_of_the_cabinet_and_close_it_view_0_0_100_0_0_initstate_0_noise_16,KITCHEN_SCENE4_put_the_black_bowl_in_the_bottom_drawer_of_the_cabinet_and_close_it,Sensor Noise,,initstate_0,,,,noise_16,,view_0
KITCHEN_SCENE4_put_the_black_bowl_in_the_bottom_drawer_of_the_cabinet_and_close_it_view_0_0_100_0_0_initstate_0_noise_17,KITCHEN_SCENE4_put_the_black_bowl_in_the_bottom_drawer_of_the_cabinet_and_close_it,Sensor Noise,,initstate_0,,,,noise_17,,view_0
KITCHEN_SCENE4_put_the_black_bowl_in_the_bottom_drawer_of_the_cabinet_and_close_it_view_0_0_100_0_0_initstate_0_noise_18,KITCHEN_SCENE4_put_the_black_bowl_in_the_bottom_drawer_of_the_cabinet_and_close_it,Sensor Noise,,initstate_0,,,,noise_18,,view_0
KITCHEN_SCENE4_put_the_black_bowl_in_the_bottom_drawer_of_the_cabinet_and_close_it_view_0_0_100_0_0_initstate_0_noise_19,KITCHEN_SCENE4_put_the_black_bowl_in_the_bottom_drawer_of_the_cabinet_and_close_it,Sensor Noise,,initstate_0,,,,noise_19,,view_0
KITCHEN_SCENE4_put_the_black_bowl_in_the_bottom_drawer_of_the_cabinet_and_close_it_view_0_0_100_0_0_initstate_0_noise_21,KITCHEN_SCENE4_put_the_black_bowl_in_the_bottom_drawer_of_the_cabinet_and_close_it,Sensor Noise,,initstate_0,,,,noise_21,,view_0
KITCHEN_SCENE4_put_the_black_bowl_in_the_bottom_drawer_of_the_cabinet_and_close_it_view_0_0_100_0_0_initstate_0_noise_22,KITCHEN_SCENE4_put_the_black_bowl_in_the_bottom_drawer_of_the_cabinet_and_close_it,Sensor Noise,,initstate_0,,,,noise_22,,view_0
KITCHEN_SCENE4_put_the_black_bowl_in_the_bottom_drawer_of_the_cabinet_and_close_it_view_0_0_100_0_0_initstate_0_noise_23,KITCHEN_SCENE4_put_the_black_bowl_in_the_bottom_drawer_of_the_cabinet_and_close_it,Sensor Noise,,initstate_0,,,,noise_23,,view_0
KITCHEN_SCENE4_put_the_black_bowl_in_the_bottom_drawer_of_the_cabinet_and_close_it_view_0_0_100_0_0_initstate_0_noise_24,KITCHEN_SCENE4_put_the_black_bowl_in_the_bottom_drawer_of_the_cabinet_and_close_it,Sensor Noise,,initstate_0,,,,noise_24,,view_0
KITCHEN_SCENE4_put_the_black_bowl_in_the_bottom_drawer_of_the_cabinet_and_close_it_view_0_0_100_0_0_initstate_0_noise_25,KITCHEN_SCENE4_put_the_black_bowl_in_the_bottom_drawer_of_the_cabinet_and_close_it,Sensor Noise,,initstate_0,,,,noise_25,,view_0
KITCHEN_SCENE4_put_the_black_bowl_in_the_bottom_drawer_of_the_cabinet_and_close_it_view_0_0_100_0_0_initstate_0_noise_26,KITCHEN_SCENE4_put_the_black_bowl_in_the_bottom_drawer_of_the_cabinet_and_close_it,Sensor Noise,,initstate_0,,,,noise_26,,view_0
KITCHEN_SCENE4_put_the_black_bowl_in_the_bottom_drawer_of_the_cabinet_and_close_it_view_0_0_100_0_0_initstate_0_noise_27,KITCHEN_SCENE4_put_the_black_bowl_in_the_bottom_drawer_of_the_cabinet_and_close_it,Sensor Noise,,initstate_0,,,,noise_27,,view_0
KITCHEN_SCENE4_put_the_black_bowl_in_the_bottom_drawer_of_the_cabinet_and_close_it_view_0_0_100_0_0_initstate_0_noise_28,KITCHEN_SCENE4_put_the_black_bowl_in_the_bottom_drawer_of_the_cabinet_and_close_it,Sensor Noise,,initstate_0,,,,noise_28,,view_0
KITCHEN_SCENE4_put_the_black_bowl_in_the_bottom_drawer_of_the_cabinet_and_close_it_view_0_0_100_0_0_initstate_0_noise_29,KITCHEN_SCENE4_put_the_black_bowl_in_the_bottom_drawer_of_the_cabinet_and_close_it,Sensor Noise,,initstate_0,,,,noise_29,,view_0
KITCHEN_SCENE4_put_the_black_bowl_in_the_bottom_drawer_of_the_cabinet_and_close_it_view_0_0_100_0_0_initstate_0_noise_30,KITCHEN_SCENE4_put_the_black_bowl_in_the_bottom_drawer_of_the_cabinet_and_close_it,Sensor Noise,,initstate_0,,,,noise_30,,view_0
KITCHEN_SCENE4_put_the_black_bowl_in_the_bottom_drawer_of_the_cabinet_and_close_it_view_0_0_100_0_0_initstate_0_noise_31,KITCHEN_SCENE4_put_the_black_bowl_in_the_bottom_drawer_of_the_cabinet_and_close_it,Sensor Noise,,initstate_0,,,,noise_31,,view_0
KITCHEN_SCENE4_put_the_black_bowl_in_the_bottom_drawer_of_the_cabinet_and_close_it_view_0_0_100_0_0_initstate_0_noise_32,KITCHEN_SCENE4_put_the_black_bowl_in_the_bottom_drawer_of_the_cabinet_and_close_it,Sensor Noise,,initstate_0,,,,noise_32,,view_0
KITCHEN_SCENE4_put_the_black_bowl_in_the_bottom_drawer_of_the_cabinet_and_close_it_view_0_0_100_0_0_initstate_0_noise_33,KITCHEN_SCENE4_put_the_black_bowl_in_the_bottom_drawer_of_the_cabinet_and_close_it,Sensor Noise,,initstate_0,,,,noise_33,,view_0
KITCHEN_SCENE4_put_the_black_bowl_in_the_bottom_drawer_of_the_cabinet_and_close_it_view_0_0_100_0_0_initstate_0_noise_34,KITCHEN_SCENE4_put_the_black_bowl_in_the_bottom_drawer_of_the_cabinet_and_close_it,Sensor Noise,,initstate_0,,,,noise_34,,view_0
KITCHEN_SCENE4_put_the_black_bowl_in_the_bottom_drawer_of_the_cabinet_and_close_it_view_0_0_100_0_0_initstate_0_noise_35,KITCHEN_SCENE4_put_the_black_bowl_in_the_bottom_drawer_of_the_cabinet_and_close_it,Sensor Noise,,initstate_0,,,,noise_35,,view_0
KITCHEN_SCENE4_put_the_black_bowl_in_the_bottom_drawer_of_the_cabinet_and_close_it_view_0_0_100_0_0_initstate_0_noise_36,KITCHEN_SCENE4_put_the_black_bowl_in_the_bottom_drawer_of_the_cabinet_and_close_it,Sensor Noise,,initstate_0,,,,noise_36,,view_0
KITCHEN_SCENE4_put_the_black_bowl_in_the_bottom_drawer_of_the_cabinet_and_close_it_view_0_0_100_0_0_initstate_0_noise_37,KITCHEN_SCENE4_put_the_black_bowl_in_the_bottom_drawer_of_the_cabinet_and_close_it,Sensor Noise,,initstate_0,,,,noise_37,,view_0
KITCHEN_SCENE4_put_the_black_bowl_in_the_bottom_drawer_of_the_cabinet_and_close_it_view_0_0_100_0_0_initstate_0_noise_38,KITCHEN_SCENE4_put_the_black_bowl_in_the_bottom_drawer_of_the_cabinet_and_close_it,Sensor Noise,,initstate_0,,,,noise_38,,view_0
KITCHEN_SCENE4_put_the_black_bowl_in_the_bottom_drawer_of_the_cabinet_and_close_it_view_0_0_100_0_0_initstate_0_noise_39,KITCHEN_SCENE4_put_the_black_bowl_in_the_bottom_drawer_of_the_cabinet_and_close_it,Sensor Noise,,initstate_0,,,,noise_39,,view_0
KITCHEN_SCENE4_put_the_black_bowl_in_the_bottom_drawer_of_the_cabinet_and_close_it_view_0_0_100_0_0_initstate_0_noise_41,KITCHEN_SCENE4_put_the_black_bowl_in_the_bottom_drawer_of_the_cabinet_and_close_it,Sensor Noise,,initstate_0,,,,noise_41,,view_0
KITCHEN_SCENE4_put_the_black_bowl_in_the_bottom_drawer_of_the_cabinet_and_close_it_view_0_0_100_0_0_initstate_0_noise_42,KITCHEN_SCENE4_put_the_black_bowl_in_the_bottom_drawer_of_the_cabinet_and_close_it,Sensor Noise,,initstate_0,,,,noise_42,,view_0
KITCHEN_SCENE4_put_the_black_bowl_in_the_bottom_drawer_of_the_cabinet_and_close_it_view_0_0_100_0_0_initstate_0_noise_43,KITCHEN_SCENE4_put_the_black_bowl_in_the_bottom_drawer_of_the_cabinet_and_close_it,Sensor Noise,,initstate_0,,,,noise_43,,view_0
KITCHEN_SCENE4_put_the_black_bowl_in_the_bottom_drawer_of_the_cabinet_and_close_it_view_0_0_100_0_0_initstate_0_noise_44,KITCHEN_SCENE4_put_the_black_bowl_in_the_bottom_drawer_of_the_cabinet_and_close_it,Sensor Noise,,initstate_0,,,,noise_44,,view_0
KITCHEN_SCENE4_put_the_black_bowl_in_the_bottom_drawer_of_the_cabinet_and_close_it_view_0_0_100_0_0_initstate_0_noise_45,KITCHEN_SCENE4_put_the_black_bowl_in_the_bottom_drawer_of_the_cabinet_and_close_it,Sensor Noise,,initstate_0,,,,noise_45,,view_0
KITCHEN_SCENE4_put_the_black_bowl_in_the_bottom_drawer_of_the_cabinet_and_close_it_view_0_0_100_0_0_initstate_0_noise_46,KITCHEN_SCENE4_put_the_black_bowl_in_the_bottom_drawer_of_the_cabinet_and_close_it,Sensor Noise,,initstate_0,,,,noise_46,,view_0
KITCHEN_SCENE4_put_the_black_bowl_in_the_bottom_drawer_of_the_cabinet_and_close_it_view_0_0_100_0_0_initstate_0_noise_47,KITCHEN_SCENE4_put_the_black_bowl_in_the_bottom_drawer_of_the_cabinet_and_close_it,Sensor Noise,,initstate_0,,,,noise_47,,view_0
KITCHEN_SCENE4_put_the_black_bowl_in_the_bottom_drawer_of_the_cabinet_and_close_it_view_0_0_100_0_0_initstate_0_noise_48,KITCHEN_SCENE4_put_the_black_bowl_in_the_bottom_drawer_of_the_cabinet_and_close_it,Sensor Noise,,initstate_0,,,,noise_48,,view_0
KITCHEN_SCENE4_put_the_black_bowl_in_the_bottom_drawer_of_the_cabinet_and_close_it_view_0_0_100_0_0_initstate_0_noise_49,KITCHEN_SCENE4_put_the_black_bowl_in_the_bottom_drawer_of_the_cabinet_and_close_it,Sensor Noise,,initstate_0,,,,noise_49,,view_0
KITCHEN_SCENE4_put_the_black_bowl_in_the_bottom_drawer_of_the_cabinet_and_close_it_view_0_0_100_0_0_initstate_0_noise_50,KITCHEN_SCENE4_put_the_black_bowl_in_the_bottom_drawer_of_the_cabinet_and_close_it,Sensor Noise,,initstate_0,,,,noise_50,,view_0
KITCHEN_SCENE4_put_the_black_bowl_in_the_bottom_drawer_of_the_cabinet_and_close_it_add_10,KITCHEN_SCENE4_put_the_black_bowl_in_the_bottom_drawer_of_the_cabinet_and_close_it,Objects Layout,add_10,,,,,,,
KITCHEN_SCENE4_put_the_black_bowl_in_the_bottom_drawer_of_the_cabinet_and_close_it_add_11,KITCHEN_SCENE4_put_the_black_bowl_in_the_bottom_drawer_of_the_cabinet_and_close_it,Objects Layout,add_11,,,,,,,
KITCHEN_SCENE4_put_the_black_bowl_in_the_bottom_drawer_of_the_cabinet_and_close_it_add_15,KITCHEN_SCENE4_put_the_black_bowl_in_the_bottom_drawer_of_the_cabinet_and_close_it,Objects Layout,add_15,,,,,,,
KITCHEN_SCENE4_put_the_black_bowl_in_the_bottom_drawer_of_the_cabinet_and_close_it_add_16,KITCHEN_SCENE4_put_the_black_bowl_in_the_bottom_drawer_of_the_cabinet_and_close_it,Objects Layout,add_16,,,,,,,
KITCHEN_SCENE4_put_the_black_bowl_in_the_bottom_drawer_of_the_cabinet_and_close_it_add_17,KITCHEN_SCENE4_put_the_black_bowl_in_the_bottom_drawer_of_the_cabinet_and_close_it,Objects Layout,add_17,,,,,,,
KITCHEN_SCENE4_put_the_black_bowl_in_the_bottom_drawer_of_the_cabinet_and_close_it_add_18,KITCHEN_SCENE4_put_the_black_bowl_in_the_bottom_drawer_of_the_cabinet_and_close_it,Objects Layout,add_18,,,,,,,
KITCHEN_SCENE4_put_the_black_bowl_in_the_bottom_drawer_of_the_cabinet_and_close_it_add_21,KITCHEN_SCENE4_put_the_black_bowl_in_the_bottom_drawer_of_the_cabinet_and_close_it,Objects Layout,add_21,,,,,,,
KITCHEN_SCENE4_put_the_black_bowl_in_the_bottom_drawer_of_the_cabinet_and_close_it_add_22,KITCHEN_SCENE4_put_the_black_bowl_in_the_bottom_drawer_of_the_cabinet_and_close_it,Objects Layout,add_22,,,,,,,
KITCHEN_SCENE4_put_the_black_bowl_in_the_bottom_drawer_of_the_cabinet_and_close_it_add_25,KITCHEN_SCENE4_put_the_black_bowl_in_the_bottom_drawer_of_the_cabinet_and_close_it,Objects Layout,add_25,,,,,,,
KITCHEN_SCENE4_put_the_black_bowl_in_the_bottom_drawer_of_the_cabinet_and_close_it_add_26,KITCHEN_SCENE4_put_the_black_bowl_in_the_bottom_drawer_of_the_cabinet_and_close_it,Objects Layout,add_26,,,,,,,
KITCHEN_SCENE4_put_the_black_bowl_in_the_bottom_drawer_of_the_cabinet_and_close_it_add_28,KITCHEN_SCENE4_put_the_black_bowl_in_the_bottom_drawer_of_the_cabinet_and_close_it,Objects Layout,add_28,,,,,,,
KITCHEN_SCENE4_put_the_black_bowl_in_the_bottom_drawer_of_the_cabinet_and_close_it_add_30,KITCHEN_SCENE4_put_the_black_bowl_in_the_bottom_drawer_of_the_cabinet_and_close_it,Objects Layout,add_30,,,,,,,
KITCHEN_SCENE4_put_the_black_bowl_in_the_bottom_drawer_of_the_cabinet_and_close_it_add_9,KITCHEN_SCENE4_put_the_black_bowl_in_the_bottom_drawer_of_the_cabinet_and_close_it,Objects Layout,add_9,,,,,,,
KITCHEN_SCENE4_put_the_black_bowl_in_the_bottom_drawer_of_the_cabinet_and_close_it_level2_sample1,KITCHEN_SCENE4_put_the_black_bowl_in_the_bottom_drawer_of_the_cabinet_and_close_it,Objects Layout,,,,level2_sample1,,,,
KITCHEN_SCENE4_put_the_black_bowl_in_the_bottom_drawer_of_the_cabinet_and_close_it_level2_sample3,KITCHEN_SCENE4_put_the_black_bowl_in_the_bottom_drawer_of_the_cabinet_and_close_it,Objects Layout,,,,level2_sample3,,,,
KITCHEN_SCENE4_put_the_black_bowl_in_the_bottom_drawer_of_the_cabinet_and_close_it_level3_sample1,KITCHEN_SCENE4_put_the_black_bowl_in_the_bottom_drawer_of_the_cabinet_and_close_it,Objects Layout,,,,level3_sample1,,,,
KITCHEN_SCENE4_put_the_black_bowl_in_the_bottom_drawer_of_the_cabinet_and_close_it_level3_sample2,KITCHEN_SCENE4_put_the_black_bowl_in_the_bottom_drawer_of_the_cabinet_and_close_it,Objects Layout,,,,level3_sample2,,,,
KITCHEN_SCENE4_put_the_black_bowl_in_the_bottom_drawer_of_the_cabinet_and_close_it_level4_sample1,KITCHEN_SCENE4_put_the_black_bowl_in_the_bottom_drawer_of_the_cabinet_and_close_it,Objects Layout,,,,level4_sample1,,,,
KITCHEN_SCENE4_put_the_black_bowl_in_the_bottom_drawer_of_the_cabinet_and_close_it_level4_sample2,KITCHEN_SCENE4_put_the_black_bowl_in_the_bottom_drawer_of_the_cabinet_and_close_it,Objects Layout,,,,level4_sample2,,,,
KITCHEN_SCENE4_put_the_black_bowl_in_the_bottom_drawer_of_the_cabinet_and_close_it_level4_sample3,KITCHEN_SCENE4_put_the_black_bowl_in_the_bottom_drawer_of_the_cabinet_and_close_it,Objects Layout,,,,level4_sample3,,,,
KITCHEN_SCENE4_put_the_black_bowl_in_the_bottom_drawer_of_the_cabinet_and_close_it_level4_sample4,KITCHEN_SCENE4_put_the_black_bowl_in_the_bottom_drawer_of_the_cabinet_and_close_it,Objects Layout,,,,level4_sample4,,,,
KITCHEN_SCENE4_put_the_black_bowl_in_the_bottom_drawer_of_the_cabinet_and_close_it_level5_sample1,KITCHEN_SCENE4_put_the_black_bowl_in_the_bottom_drawer_of_the_cabinet_and_close_it,Objects Layout,,,,level5_sample1,,,,
KITCHEN_SCENE4_put_the_black_bowl_in_the_bottom_drawer_of_the_cabinet_and_close_it_level5_sample3,KITCHEN_SCENE4_put_the_black_bowl_in_the_bottom_drawer_of_the_cabinet_and_close_it,Objects Layout,,,,level5_sample3,,,,
KITCHEN_SCENE4_put_the_black_bowl_in_the_bottom_drawer_of_the_cabinet_and_close_it_light_1,KITCHEN_SCENE4_put_the_black_bowl_in_the_bottom_drawer_of_the_cabinet_and_close_it,Light Conditions,,,,,light_1,,,
KITCHEN_SCENE4_put_the_black_bowl_in_the_bottom_drawer_of_the_cabinet_and_close_it_light_10,KITCHEN_SCENE4_put_the_black_bowl_in_the_bottom_drawer_of_the_cabinet_and_close_it,Light Conditions,,,,,light_10,,,
KITCHEN_SCENE4_put_the_black_bowl_in_the_bottom_drawer_of_the_cabinet_and_close_it_light_11,KITCHEN_SCENE4_put_the_black_bowl_in_the_bottom_drawer_of_the_cabinet_and_close_it,Light Conditions,,,,,light_11,,,
KITCHEN_SCENE4_put_the_black_bowl_in_the_bottom_drawer_of_the_cabinet_and_close_it_light_12,KITCHEN_SCENE4_put_the_black_bowl_in_the_bottom_drawer_of_the_cabinet_and_close_it,Light Conditions,,,,,light_12,,,
KITCHEN_SCENE4_put_the_black_bowl_in_the_bottom_drawer_of_the_cabinet_and_close_it_light_13,KITCHEN_SCENE4_put_the_black_bowl_in_the_bottom_drawer_of_the_cabinet_and_close_it,Light Conditions,,,,,light_13,,,
KITCHEN_SCENE4_put_the_black_bowl_in_the_bottom_drawer_of_the_cabinet_and_close_it_light_14,KITCHEN_SCENE4_put_the_black_bowl_in_the_bottom_drawer_of_the_cabinet_and_close_it,Light Conditions,,,,,light_14,,,
KITCHEN_SCENE4_put_the_black_bowl_in_the_bottom_drawer_of_the_cabinet_and_close_it_light_15,KITCHEN_SCENE4_put_the_black_bowl_in_the_bottom_drawer_of_the_cabinet_and_close_it,Light Conditions,,,,,light_15,,,
KITCHEN_SCENE4_put_the_black_bowl_in_the_bottom_drawer_of_the_cabinet_and_close_it_light_16,KITCHEN_SCENE4_put_the_black_bowl_in_the_bottom_drawer_of_the_cabinet_and_close_it,Light Conditions,,,,,light_16,,,
KITCHEN_SCENE4_put_the_black_bowl_in_the_bottom_drawer_of_the_cabinet_and_close_it_light_17,KITCHEN_SCENE4_put_the_black_bowl_in_the_bottom_drawer_of_the_cabinet_and_close_it,Light Conditions,,,,,light_17,,,
KITCHEN_SCENE4_put_the_black_bowl_in_the_bottom_drawer_of_the_cabinet_and_close_it_light_18,KITCHEN_SCENE4_put_the_black_bowl_in_the_bottom_drawer_of_the_cabinet_and_close_it,Light Conditions,,,,,light_18,,,
KITCHEN_SCENE4_put_the_black_bowl_in_the_bottom_drawer_of_the_cabinet_and_close_it_light_19,KITCHEN_SCENE4_put_the_black_bowl_in_the_bottom_drawer_of_the_cabinet_and_close_it,Light Conditions,,,,,light_19,,,
KITCHEN_SCENE4_put_the_black_bowl_in_the_bottom_drawer_of_the_cabinet_and_close_it_light_2,KITCHEN_SCENE4_put_the_black_bowl_in_the_bottom_drawer_of_the_cabinet_and_close_it,Light Conditions,,,,,light_2,,,
KITCHEN_SCENE4_put_the_black_bowl_in_the_bottom_drawer_of_the_cabinet_and_close_it_light_20,KITCHEN_SCENE4_put_the_black_bowl_in_the_bottom_drawer_of_the_cabinet_and_close_it,Light Conditions,,,,,light_20,,,
KITCHEN_SCENE4_put_the_black_bowl_in_the_bottom_drawer_of_the_cabinet_and_close_it_light_21,KITCHEN_SCENE4_put_the_black_bowl_in_the_bottom_drawer_of_the_cabinet_and_close_it,Light Conditions,,,,,light_21,,,
KITCHEN_SCENE4_put_the_black_bowl_in_the_bottom_drawer_of_the_cabinet_and_close_it_light_23,KITCHEN_SCENE4_put_the_black_bowl_in_the_bottom_drawer_of_the_cabinet_and_close_it,Light Conditions,,,,,light_23,,,
KITCHEN_SCENE4_put_the_black_bowl_in_the_bottom_drawer_of_the_cabinet_and_close_it_light_24,KITCHEN_SCENE4_put_the_black_bowl_in_the_bottom_drawer_of_the_cabinet_and_close_it,Light Conditions,,,,,light_24,,,
KITCHEN_SCENE4_put_the_black_bowl_in_the_bottom_drawer_of_the_cabinet_and_close_it_light_25,KITCHEN_SCENE4_put_the_black_bowl_in_the_bottom_drawer_of_the_cabinet_and_close_it,Light Conditions,,,,,light_25,,,
KITCHEN_SCENE4_put_the_black_bowl_in_the_bottom_drawer_of_the_cabinet_and_close_it_light_26,KITCHEN_SCENE4_put_the_black_bowl_in_the_bottom_drawer_of_the_cabinet_and_close_it,Light Conditions,,,,,light_26,,,
KITCHEN_SCENE4_put_the_black_bowl_in_the_bottom_drawer_of_the_cabinet_and_close_it_light_27,KITCHEN_SCENE4_put_the_black_bowl_in_the_bottom_drawer_of_the_cabinet_and_close_it,Light Conditions,,,,,light_27,,,
KITCHEN_SCENE4_put_the_black_bowl_in_the_bottom_drawer_of_the_cabinet_and_close_it_light_28,KITCHEN_SCENE4_put_the_black_bowl_in_the_bottom_drawer_of_the_cabinet_and_close_it,Light Conditions,,,,,light_28,,,
KITCHEN_SCENE4_put_the_black_bowl_in_the_bottom_drawer_of_the_cabinet_and_close_it_light_29,KITCHEN_SCENE4_put_the_black_bowl_in_the_bottom_drawer_of_the_cabinet_and_close_it,Light Conditions,,,,,light_29,,,
KITCHEN_SCENE4_put_the_black_bowl_in_the_bottom_drawer_of_the_cabinet_and_close_it_light_3,KITCHEN_SCENE4_put_the_black_bowl_in_the_bottom_drawer_of_the_cabinet_and_close_it,Light Conditions,,,,,light_3,,,
KITCHEN_SCENE4_put_the_black_bowl_in_the_bottom_drawer_of_the_cabinet_and_close_it_light_30,KITCHEN_SCENE4_put_the_black_bowl_in_the_bottom_drawer_of_the_cabinet_and_close_it,Light Conditions,,,,,light_30,,,
KITCHEN_SCENE4_put_the_black_bowl_in_the_bottom_drawer_of_the_cabinet_and_close_it_light_31,KITCHEN_SCENE4_put_the_black_bowl_in_the_bottom_drawer_of_the_cabinet_and_close_it,Light Conditions,,,,,light_31,,,
KITCHEN_SCENE4_put_the_black_bowl_in_the_bottom_drawer_of_the_cabinet_and_close_it_light_32,KITCHEN_SCENE4_put_the_black_bowl_in_the_bottom_drawer_of_the_cabinet_and_close_it,Light Conditions,,,,,light_32,,,
KITCHEN_SCENE4_put_the_black_bowl_in_the_bottom_drawer_of_the_cabinet_and_close_it_light_33,KITCHEN_SCENE4_put_the_black_bowl_in_the_bottom_drawer_of_the_cabinet_and_close_it,Light Conditions,,,,,light_33,,,
KITCHEN_SCENE4_put_the_black_bowl_in_the_bottom_drawer_of_the_cabinet_and_close_it_light_34,KITCHEN_SCENE4_put_the_black_bowl_in_the_bottom_drawer_of_the_cabinet_and_close_it,Light Conditions,,,,,light_34,,,
KITCHEN_SCENE4_put_the_black_bowl_in_the_bottom_drawer_of_the_cabinet_and_close_it_light_35,KITCHEN_SCENE4_put_the_black_bowl_in_the_bottom_drawer_of_the_cabinet_and_close_it,Light Conditions,,,,,light_35,,,
KITCHEN_SCENE4_put_the_black_bowl_in_the_bottom_drawer_of_the_cabinet_and_close_it_light_36,KITCHEN_SCENE4_put_the_black_bowl_in_the_bottom_drawer_of_the_cabinet_and_close_it,Light Conditions,,,,,light_36,,,
KITCHEN_SCENE4_put_the_black_bowl_in_the_bottom_drawer_of_the_cabinet_and_close_it_light_37,KITCHEN_SCENE4_put_the_black_bowl_in_the_bottom_drawer_of_the_cabinet_and_close_it,Light Conditions,,,,,light_37,,,
KITCHEN_SCENE4_put_the_black_bowl_in_the_bottom_drawer_of_the_cabinet_and_close_it_light_38,KITCHEN_SCENE4_put_the_black_bowl_in_the_bottom_drawer_of_the_cabinet_and_close_it,Light Conditions,,,,,light_38,,,
KITCHEN_SCENE4_put_the_black_bowl_in_the_bottom_drawer_of_the_cabinet_and_close_it_light_39,KITCHEN_SCENE4_put_the_black_bowl_in_the_bottom_drawer_of_the_cabinet_and_close_it,Light Conditions,,,,,light_39,,,
KITCHEN_SCENE4_put_the_black_bowl_in_the_bottom_drawer_of_the_cabinet_and_close_it_light_4,KITCHEN_SCENE4_put_the_black_bowl_in_the_bottom_drawer_of_the_cabinet_and_close_it,Light Conditions,,,,,light_4,,,
KITCHEN_SCENE4_put_the_black_bowl_in_the_bottom_drawer_of_the_cabinet_and_close_it_light_40,KITCHEN_SCENE4_put_the_black_bowl_in_the_bottom_drawer_of_the_cabinet_and_close_it,Light Conditions,,,,,light_40,,,
KITCHEN_SCENE4_put_the_black_bowl_in_the_bottom_drawer_of_the_cabinet_and_close_it_light_41,KITCHEN_SCENE4_put_the_black_bowl_in_the_bottom_drawer_of_the_cabinet_and_close_it,Light Conditions,,,,,light_41,,,
KITCHEN_SCENE4_put_the_black_bowl_in_the_bottom_drawer_of_the_cabinet_and_close_it_light_42,KITCHEN_SCENE4_put_the_black_bowl_in_the_bottom_drawer_of_the_cabinet_and_close_it,Light Conditions,,,,,light_42,,,
KITCHEN_SCENE4_put_the_black_bowl_in_the_bottom_drawer_of_the_cabinet_and_close_it_light_43,KITCHEN_SCENE4_put_the_black_bowl_in_the_bottom_drawer_of_the_cabinet_and_close_it,Light Conditions,,,,,light_43,,,
KITCHEN_SCENE4_put_the_black_bowl_in_the_bottom_drawer_of_the_cabinet_and_close_it_light_44,KITCHEN_SCENE4_put_the_black_bowl_in_the_bottom_drawer_of_the_cabinet_and_close_it,Light Conditions,,,,,light_44,,,
KITCHEN_SCENE4_put_the_black_bowl_in_the_bottom_drawer_of_the_cabinet_and_close_it_light_45,KITCHEN_SCENE4_put_the_black_bowl_in_the_bottom_drawer_of_the_cabinet_and_close_it,Light Conditions,,,,,light_45,,,
KITCHEN_SCENE4_put_the_black_bowl_in_the_bottom_drawer_of_the_cabinet_and_close_it_light_46,KITCHEN_SCENE4_put_the_black_bowl_in_the_bottom_drawer_of_the_cabinet_and_close_it,Light Conditions,,,,,light_46,,,
KITCHEN_SCENE4_put_the_black_bowl_in_the_bottom_drawer_of_the_cabinet_and_close_it_light_47,KITCHEN_SCENE4_put_the_black_bowl_in_the_bottom_drawer_of_the_cabinet_and_close_it,Light Conditions,,,,,light_47,,,
KITCHEN_SCENE4_put_the_black_bowl_in_the_bottom_drawer_of_the_cabinet_and_close_it_light_48,KITCHEN_SCENE4_put_the_black_bowl_in_the_bottom_drawer_of_the_cabinet_and_close_it,Light Conditions,,,,,light_48,,,
KITCHEN_SCENE4_put_the_black_bowl_in_the_bottom_drawer_of_the_cabinet_and_close_it_light_49,KITCHEN_SCENE4_put_the_black_bowl_in_the_bottom_drawer_of_the_cabinet_and_close_it,Light Conditions,,,,,light_49,,,
KITCHEN_SCENE4_put_the_black_bowl_in_the_bottom_drawer_of_the_cabinet_and_close_it_light_5,KITCHEN_SCENE4_put_the_black_bowl_in_the_bottom_drawer_of_the_cabinet_and_close_it,Light Conditions,,,,,light_5,,,
KITCHEN_SCENE4_put_the_black_bowl_in_the_bottom_drawer_of_the_cabinet_and_close_it_light_50,KITCHEN_SCENE4_put_the_black_bowl_in_the_bottom_drawer_of_the_cabinet_and_close_it,Light Conditions,,,,,light_50,,,
KITCHEN_SCENE4_put_the_black_bowl_in_the_bottom_drawer_of_the_cabinet_and_close_it_light_6,KITCHEN_SCENE4_put_the_black_bowl_in_the_bottom_drawer_of_the_cabinet_and_close_it,Light Conditions,,,,,light_6,,,
KITCHEN_SCENE4_put_the_black_bowl_in_the_bottom_drawer_of_the_cabinet_and_close_it_light_7,KITCHEN_SCENE4_put_the_black_bowl_in_the_bottom_drawer_of_the_cabinet_and_close_it,Light Conditions,,,,,light_7,,,
KITCHEN_SCENE4_put_the_black_bowl_in_the_bottom_drawer_of_the_cabinet_and_close_it_light_8,KITCHEN_SCENE4_put_the_black_bowl_in_the_bottom_drawer_of_the_cabinet_and_close_it,Light Conditions,,,,,light_8,,,
KITCHEN_SCENE4_put_the_black_bowl_in_the_bottom_drawer_of_the_cabinet_and_close_it_light_9,KITCHEN_SCENE4_put_the_black_bowl_in_the_bottom_drawer_of_the_cabinet_and_close_it,Light Conditions,,,,,light_9,,,
KITCHEN_SCENE6_put_the_yellow_and_white_mug_in_the_microwave_and_close_it_table_12,KITCHEN_SCENE6_put_the_yellow_and_white_mug_in_the_microwave_and_close_it,Background Textures,,,,,,,table_12,
KITCHEN_SCENE6_put_the_yellow_and_white_mug_in_the_microwave_and_close_it_table_14,KITCHEN_SCENE6_put_the_yellow_and_white_mug_in_the_microwave_and_close_it,Background Textures,,,,,,,table_14,
KITCHEN_SCENE6_put_the_yellow_and_white_mug_in_the_microwave_and_close_it_table_15,KITCHEN_SCENE6_put_the_yellow_and_white_mug_in_the_microwave_and_close_it,Background Textures,,,,,,,table_15,
KITCHEN_SCENE6_put_the_yellow_and_white_mug_in_the_microwave_and_close_it_table_17,KITCHEN_SCENE6_put_the_yellow_and_white_mug_in_the_microwave_and_close_it,Background Textures,,,,,,,table_17,
KITCHEN_SCENE6_put_the_yellow_and_white_mug_in_the_microwave_and_close_it_table_19,KITCHEN_SCENE6_put_the_yellow_and_white_mug_in_the_microwave_and_close_it,Background Textures,,,,,,,table_19,
KITCHEN_SCENE6_put_the_yellow_and_white_mug_in_the_microwave_and_close_it_table_2,KITCHEN_SCENE6_put_the_yellow_and_white_mug_in_the_microwave_and_close_it,Background Textures,,,,,,,table_2,
KITCHEN_SCENE6_put_the_yellow_and_white_mug_in_the_microwave_and_close_it_table_22,KITCHEN_SCENE6_put_the_yellow_and_white_mug_in_the_microwave_and_close_it,Background Textures,,,,,,,table_22,
KITCHEN_SCENE6_put_the_yellow_and_white_mug_in_the_microwave_and_close_it_table_23,KITCHEN_SCENE6_put_the_yellow_and_white_mug_in_the_microwave_and_close_it,Background Textures,,,,,,,table_23,
KITCHEN_SCENE6_put_the_yellow_and_white_mug_in_the_microwave_and_close_it_table_24,KITCHEN_SCENE6_put_the_yellow_and_white_mug_in_the_microwave_and_close_it,Background Textures,,,,,,,table_24,
KITCHEN_SCENE6_put_the_yellow_and_white_mug_in_the_microwave_and_close_it_table_25,KITCHEN_SCENE6_put_the_yellow_and_white_mug_in_the_microwave_and_close_it,Background Textures,,,,,,,table_25,
KITCHEN_SCENE6_put_the_yellow_and_white_mug_in_the_microwave_and_close_it_table_26,KITCHEN_SCENE6_put_the_yellow_and_white_mug_in_the_microwave_and_close_it,Background Textures,,,,,,,table_26,
KITCHEN_SCENE6_put_the_yellow_and_white_mug_in_the_microwave_and_close_it_table_27,KITCHEN_SCENE6_put_the_yellow_and_white_mug_in_the_microwave_and_close_it,Background Textures,,,,,,,table_27,
KITCHEN_SCENE6_put_the_yellow_and_white_mug_in_the_microwave_and_close_it_table_28,KITCHEN_SCENE6_put_the_yellow_and_white_mug_in_the_microwave_and_close_it,Background Textures,,,,,,,table_28,
KITCHEN_SCENE6_put_the_yellow_and_white_mug_in_the_microwave_and_close_it_table_3,KITCHEN_SCENE6_put_the_yellow_and_white_mug_in_the_microwave_and_close_it,Background Textures,,,,,,,table_3,
KITCHEN_SCENE6_put_the_yellow_and_white_mug_in_the_microwave_and_close_it_table_4,KITCHEN_SCENE6_put_the_yellow_and_white_mug_in_the_microwave_and_close_it,Background Textures,,,,,,,table_4,
KITCHEN_SCENE6_put_the_yellow_and_white_mug_in_the_microwave_and_close_it_table_5,KITCHEN_SCENE6_put_the_yellow_and_white_mug_in_the_microwave_and_close_it,Background Textures,,,,,,,table_5,
KITCHEN_SCENE6_put_the_yellow_and_white_mug_in_the_microwave_and_close_it_table_6,KITCHEN_SCENE6_put_the_yellow_and_white_mug_in_the_microwave_and_close_it,Background Textures,,,,,,,table_6,
KITCHEN_SCENE6_put_the_yellow_and_white_mug_in_the_microwave_and_close_it_table_7,KITCHEN_SCENE6_put_the_yellow_and_white_mug_in_the_microwave_and_close_it,Background Textures,,,,,,,table_7,
KITCHEN_SCENE6_put_the_yellow_and_white_mug_in_the_microwave_and_close_it_table_8,KITCHEN_SCENE6_put_the_yellow_and_white_mug_in_the_microwave_and_close_it,Background Textures,,,,,,,table_8,
KITCHEN_SCENE6_put_the_yellow_and_white_mug_in_the_microwave_and_close_it_table_9,KITCHEN_SCENE6_put_the_yellow_and_white_mug_in_the_microwave_and_close_it,Background Textures,,,,,,,table_9,
KITCHEN_SCENE6_put_the_yellow_and_white_mug_in_the_microwave_and_close_it_tb_11,KITCHEN_SCENE6_put_the_yellow_and_white_mug_in_the_microwave_and_close_it,Background Textures,,,,,,,tb_11,
KITCHEN_SCENE6_put_the_yellow_and_white_mug_in_the_microwave_and_close_it_tb_15,KITCHEN_SCENE6_put_the_yellow_and_white_mug_in_the_microwave_and_close_it,Background Textures,,,,,,,tb_15,
KITCHEN_SCENE6_put_the_yellow_and_white_mug_in_the_microwave_and_close_it_tb_16,KITCHEN_SCENE6_put_the_yellow_and_white_mug_in_the_microwave_and_close_it,Background Textures,,,,,,,tb_16,
KITCHEN_SCENE6_put_the_yellow_and_white_mug_in_the_microwave_and_close_it_tb_18,KITCHEN_SCENE6_put_the_yellow_and_white_mug_in_the_microwave_and_close_it,Background Textures,,,,,,,tb_18,
KITCHEN_SCENE6_put_the_yellow_and_white_mug_in_the_microwave_and_close_it_tb_20,KITCHEN_SCENE6_put_the_yellow_and_white_mug_in_the_microwave_and_close_it,Background Textures,,,,,,,tb_20,
KITCHEN_SCENE6_put_the_yellow_and_white_mug_in_the_microwave_and_close_it_tb_21,KITCHEN_SCENE6_put_the_yellow_and_white_mug_in_the_microwave_and_close_it,Background Textures,,,,,,,tb_21,
KITCHEN_SCENE6_put_the_yellow_and_white_mug_in_the_microwave_and_close_it_tb_7,KITCHEN_SCENE6_put_the_yellow_and_white_mug_in_the_microwave_and_close_it,Background Textures,,,,,,,tb_7,
KITCHEN_SCENE6_put_the_yellow_and_white_mug_in_the_microwave_and_close_it_tb_9,KITCHEN_SCENE6_put_the_yellow_and_white_mug_in_the_microwave_and_close_it,Background Textures,,,,,,,tb_9,
KITCHEN_SCENE6_put_the_yellow_and_white_mug_in_the_microwave_and_close_it_view_0_0_100_0_0_initstate_10,KITCHEN_SCENE6_put_the_yellow_and_white_mug_in_the_microwave_and_close_it,Robot Initial States,,initstate_10,,,,,,view_0
KITCHEN_SCENE6_put_the_yellow_and_white_mug_in_the_microwave_and_close_it_view_0_0_100_0_0_initstate_20,KITCHEN_SCENE6_put_the_yellow_and_white_mug_in_the_microwave_and_close_it,Robot Initial States,,initstate_20,,,,,,view_0
KITCHEN_SCENE6_put_the_yellow_and_white_mug_in_the_microwave_and_close_it_view_0_0_100_0_0_initstate_30,KITCHEN_SCENE6_put_the_yellow_and_white_mug_in_the_microwave_and_close_it,Robot Initial States,,initstate_30,,,,,,view_0
KITCHEN_SCENE6_put_the_yellow_and_white_mug_in_the_microwave_and_close_it_view_0_0_100_0_0_initstate_40,KITCHEN_SCENE6_put_the_yellow_and_white_mug_in_the_microwave_and_close_it,Robot Initial States,,initstate_40,,,,,,view_0
KITCHEN_SCENE6_put_the_yellow_and_white_mug_in_the_microwave_and_close_it_view_0_0_100_0_0_initstate_60,KITCHEN_SCENE6_put_the_yellow_and_white_mug_in_the_microwave_and_close_it,Robot Initial States,,initstate_60,,,,,,view_0
KITCHEN_SCENE6_put_the_yellow_and_white_mug_in_the_microwave_and_close_it_view_0_0_100_0_0_initstate_70,KITCHEN_SCENE6_put_the_yellow_and_white_mug_in_the_microwave_and_close_it,Robot Initial States,,initstate_70,,,,,,view_0
KITCHEN_SCENE6_put_the_yellow_and_white_mug_in_the_microwave_and_close_it_view_0_0_100_0_0_initstate_90,KITCHEN_SCENE6_put_the_yellow_and_white_mug_in_the_microwave_and_close_it,Robot Initial States,,initstate_90,,,,,,view_0
KITCHEN_SCENE6_put_the_yellow_and_white_mug_in_the_microwave_and_close_it_view_0_0_100_0_0_initstate_100,KITCHEN_SCENE6_put_the_yellow_and_white_mug_in_the_microwave_and_close_it,Robot Initial States,,initstate_100,,,,,,view_0
KITCHEN_SCENE6_put_the_yellow_and_white_mug_in_the_microwave_and_close_it_view_0_0_100_0_0_initstate_120,KITCHEN_SCENE6_put_the_yellow_and_white_mug_in_the_microwave_and_close_it,Robot Initial States,,initstate_120,,,,,,view_0
KITCHEN_SCENE6_put_the_yellow_and_white_mug_in_the_microwave_and_close_it_view_0_0_100_0_0_initstate_130,KITCHEN_SCENE6_put_the_yellow_and_white_mug_in_the_microwave_and_close_it,Robot Initial States,,initstate_130,,,,,,view_0
KITCHEN_SCENE6_put_the_yellow_and_white_mug_in_the_microwave_and_close_it_view_0_0_100_0_0_initstate_150,KITCHEN_SCENE6_put_the_yellow_and_white_mug_in_the_microwave_and_close_it,Robot Initial States,,initstate_150,,,,,,view_0
KITCHEN_SCENE6_put_the_yellow_and_white_mug_in_the_microwave_and_close_it_view_0_0_100_0_0_initstate_160,KITCHEN_SCENE6_put_the_yellow_and_white_mug_in_the_microwave_and_close_it,Robot Initial States,,initstate_160,,,,,,view_0
KITCHEN_SCENE6_put_the_yellow_and_white_mug_in_the_microwave_and_close_it_view_0_0_100_0_0_initstate_170,KITCHEN_SCENE6_put_the_yellow_and_white_mug_in_the_microwave_and_close_it,Robot Initial States,,initstate_170,,,,,,view_0
KITCHEN_SCENE6_put_the_yellow_and_white_mug_in_the_microwave_and_close_it_view_0_0_100_0_0_initstate_180,KITCHEN_SCENE6_put_the_yellow_and_white_mug_in_the_microwave_and_close_it,Robot Initial States,,initstate_180,,,,,,view_0
KITCHEN_SCENE6_put_the_yellow_and_white_mug_in_the_microwave_and_close_it_view_0_0_100_0_0_initstate_210,KITCHEN_SCENE6_put_the_yellow_and_white_mug_in_the_microwave_and_close_it,Robot Initial States,,initstate_210,,,,,,view_0
KITCHEN_SCENE6_put_the_yellow_and_white_mug_in_the_microwave_and_close_it_view_0_0_100_0_0_initstate_220,KITCHEN_SCENE6_put_the_yellow_and_white_mug_in_the_microwave_and_close_it,Robot Initial States,,initstate_220,,,,,,view_0
KITCHEN_SCENE6_put_the_yellow_and_white_mug_in_the_microwave_and_close_it_view_0_0_100_0_0_initstate_240,KITCHEN_SCENE6_put_the_yellow_and_white_mug_in_the_microwave_and_close_it,Robot Initial States,,initstate_240,,,,,,view_0
KITCHEN_SCENE6_put_the_yellow_and_white_mug_in_the_microwave_and_close_it_view_0_0_100_0_0_initstate_250,KITCHEN_SCENE6_put_the_yellow_and_white_mug_in_the_microwave_and_close_it,Robot Initial States,,initstate_250,,,,,,view_0
KITCHEN_SCENE6_put_the_yellow_and_white_mug_in_the_microwave_and_close_it_view_0_0_100_0_0_initstate_260,KITCHEN_SCENE6_put_the_yellow_and_white_mug_in_the_microwave_and_close_it,Robot Initial States,,initstate_260,,,,,,view_0
KITCHEN_SCENE6_put_the_yellow_and_white_mug_in_the_microwave_and_close_it_view_0_0_100_0_0_initstate_270,KITCHEN_SCENE6_put_the_yellow_and_white_mug_in_the_microwave_and_close_it,Robot Initial States,,initstate_270,,,,,,view_0
KITCHEN_SCENE6_put_the_yellow_and_white_mug_in_the_microwave_and_close_it_view_0_0_100_0_0_initstate_290,KITCHEN_SCENE6_put_the_yellow_and_white_mug_in_the_microwave_and_close_it,Robot Initial States,,initstate_290,,,,,,view_0
KITCHEN_SCENE6_put_the_yellow_and_white_mug_in_the_microwave_and_close_it_view_0_0_100_0_0_initstate_300,KITCHEN_SCENE6_put_the_yellow_and_white_mug_in_the_microwave_and_close_it,Robot Initial States,,initstate_300,,,,,,view_0
KITCHEN_SCENE6_put_the_yellow_and_white_mug_in_the_microwave_and_close_it_view_0_0_100_0_0_initstate_310,KITCHEN_SCENE6_put_the_yellow_and_white_mug_in_the_microwave_and_close_it,Robot Initial States,,initstate_310,,,,,,view_0
KITCHEN_SCENE6_put_the_yellow_and_white_mug_in_the_microwave_and_close_it_view_0_0_100_0_0_initstate_320,KITCHEN_SCENE6_put_the_yellow_and_white_mug_in_the_microwave_and_close_it,Robot Initial States,,initstate_320,,,,,,view_0
KITCHEN_SCENE6_put_the_yellow_and_white_mug_in_the_microwave_and_close_it_view_0_0_100_0_0_initstate_330,KITCHEN_SCENE6_put_the_yellow_and_white_mug_in_the_microwave_and_close_it,Robot Initial States,,initstate_330,,,,,,view_0
KITCHEN_SCENE6_put_the_yellow_and_white_mug_in_the_microwave_and_close_it_view_0_0_100_0_0_initstate_340,KITCHEN_SCENE6_put_the_yellow_and_white_mug_in_the_microwave_and_close_it,Robot Initial States,,initstate_340,,,,,,view_0
KITCHEN_SCENE6_put_the_yellow_and_white_mug_in_the_microwave_and_close_it_view_0_0_100_0_0_initstate_350,KITCHEN_SCENE6_put_the_yellow_and_white_mug_in_the_microwave_and_close_it,Robot Initial States,,initstate_350,,,,,,view_0
KITCHEN_SCENE6_put_the_yellow_and_white_mug_in_the_microwave_and_close_it_view_0_0_100_0_0_initstate_360,KITCHEN_SCENE6_put_the_yellow_and_white_mug_in_the_microwave_and_close_it,Robot Initial States,,initstate_360,,,,,,view_0
KITCHEN_SCENE6_put_the_yellow_and_white_mug_in_the_microwave_and_close_it_view_0_0_100_0_0_initstate_370,KITCHEN_SCENE6_put_the_yellow_and_white_mug_in_the_microwave_and_close_it,Robot Initial States,,initstate_370,,,,,,view_0
KITCHEN_SCENE6_put_the_yellow_and_white_mug_in_the_microwave_and_close_it_view_0_0_100_0_0_initstate_380,KITCHEN_SCENE6_put_the_yellow_and_white_mug_in_the_microwave_and_close_it,Robot Initial States,,initstate_380,,,,,,view_0
KITCHEN_SCENE6_put_the_yellow_and_white_mug_in_the_microwave_and_close_it_view_0_0_100_0_0_initstate_390,KITCHEN_SCENE6_put_the_yellow_and_white_mug_in_the_microwave_and_close_it,Robot Initial States,,initstate_390,,,,,,view_0
KITCHEN_SCENE6_put_the_yellow_and_white_mug_in_the_microwave_and_close_it_view_0_0_100_0_0_initstate_400,KITCHEN_SCENE6_put_the_yellow_and_white_mug_in_the_microwave_and_close_it,Robot Initial States,,initstate_400,,,,,,view_0
KITCHEN_SCENE6_put_the_yellow_and_white_mug_in_the_microwave_and_close_it_view_0_0_100_0_0_initstate_410,KITCHEN_SCENE6_put_the_yellow_and_white_mug_in_the_microwave_and_close_it,Robot Initial States,,initstate_410,,,,,,view_0
KITCHEN_SCENE6_put_the_yellow_and_white_mug_in_the_microwave_and_close_it_view_0_0_100_0_0_initstate_420,KITCHEN_SCENE6_put_the_yellow_and_white_mug_in_the_microwave_and_close_it,Robot Initial States,,initstate_420,,,,,,view_0
KITCHEN_SCENE6_put_the_yellow_and_white_mug_in_the_microwave_and_close_it_view_0_0_100_0_0_initstate_430,KITCHEN_SCENE6_put_the_yellow_and_white_mug_in_the_microwave_and_close_it,Robot Initial States,,initstate_430,,,,,,view_0
KITCHEN_SCENE6_put_the_yellow_and_white_mug_in_the_microwave_and_close_it_view_0_0_100_0_0_initstate_440,KITCHEN_SCENE6_put_the_yellow_and_white_mug_in_the_microwave_and_close_it,Robot Initial States,,initstate_440,,,,,,view_0
KITCHEN_SCENE6_put_the_yellow_and_white_mug_in_the_microwave_and_close_it_view_0_0_100_0_0_initstate_450,KITCHEN_SCENE6_put_the_yellow_and_white_mug_in_the_microwave_and_close_it,Robot Initial States,,initstate_450,,,,,,view_0
KITCHEN_SCENE6_put_the_yellow_and_white_mug_in_the_microwave_and_close_it_view_0_0_100_0_0_initstate_460,KITCHEN_SCENE6_put_the_yellow_and_white_mug_in_the_microwave_and_close_it,Robot Initial States,,initstate_460,,,,,,view_0
KITCHEN_SCENE6_put_the_yellow_and_white_mug_in_the_microwave_and_close_it_view_0_0_100_0_0_initstate_470,KITCHEN_SCENE6_put_the_yellow_and_white_mug_in_the_microwave_and_close_it,Robot Initial States,,initstate_470,,,,,,view_0
KITCHEN_SCENE6_put_the_yellow_and_white_mug_in_the_microwave_and_close_it_view_0_0_100_0_0_initstate_480,KITCHEN_SCENE6_put_the_yellow_and_white_mug_in_the_microwave_and_close_it,Robot Initial States,,initstate_480,,,,,,view_0
KITCHEN_SCENE6_put_the_yellow_and_white_mug_in_the_microwave_and_close_it_view_0_0_100_0_0_initstate_490,KITCHEN_SCENE6_put_the_yellow_and_white_mug_in_the_microwave_and_close_it,Robot Initial States,,initstate_490,,,,,,view_0
KITCHEN_SCENE6_put_the_yellow_and_white_mug_in_the_microwave_and_close_it_view_0_0_100_0_0_initstate_500,KITCHEN_SCENE6_put_the_yellow_and_white_mug_in_the_microwave_and_close_it,Robot Initial States,,initstate_500,,,,,,view_0
KITCHEN_SCENE6_put_the_yellow_and_white_mug_in_the_microwave_and_close_it_view_0_0_191_0_0_initstate_0,KITCHEN_SCENE6_put_the_yellow_and_white_mug_in_the_microwave_and_close_it,Camera Viewpoints,,initstate_0,,,,,,view_0
KITCHEN_SCENE6_put_the_yellow_and_white_mug_in_the_microwave_and_close_it_view_0_0_192_0_0_initstate_0,KITCHEN_SCENE6_put_the_yellow_and_white_mug_in_the_microwave_and_close_it,Camera Viewpoints,,initstate_0,,,,,,view_0
KITCHEN_SCENE6_put_the_yellow_and_white_mug_in_the_microwave_and_close_it_view_0_0_193_0_0_initstate_0,KITCHEN_SCENE6_put_the_yellow_and_white_mug_in_the_microwave_and_close_it,Camera Viewpoints,,initstate_0,,,,,,view_0
KITCHEN_SCENE6_put_the_yellow_and_white_mug_in_the_microwave_and_close_it_view_0_0_194_0_0_initstate_0,KITCHEN_SCENE6_put_the_yellow_and_white_mug_in_the_microwave_and_close_it,Camera Viewpoints,,initstate_0,,,,,,view_0
KITCHEN_SCENE6_put_the_yellow_and_white_mug_in_the_microwave_and_close_it_view_0_0_195_0_0_initstate_0,KITCHEN_SCENE6_put_the_yellow_and_white_mug_in_the_microwave_and_close_it,Camera Viewpoints,,initstate_0,,,,,,view_0
KITCHEN_SCENE6_put_the_yellow_and_white_mug_in_the_microwave_and_close_it_view_0_0_196_0_0_initstate_0,KITCHEN_SCENE6_put_the_yellow_and_white_mug_in_the_microwave_and_close_it,Camera Viewpoints,,initstate_0,,,,,,view_0
KITCHEN_SCENE6_put_the_yellow_and_white_mug_in_the_microwave_and_close_it_view_0_0_197_0_0_initstate_0,KITCHEN_SCENE6_put_the_yellow_and_white_mug_in_the_microwave_and_close_it,Camera Viewpoints,,initstate_0,,,,,,view_0
KITCHEN_SCENE6_put_the_yellow_and_white_mug_in_the_microwave_and_close_it_view_0_0_198_0_0_initstate_0,KITCHEN_SCENE6_put_the_yellow_and_white_mug_in_the_microwave_and_close_it,Camera Viewpoints,,initstate_0,,,,,,view_0
KITCHEN_SCENE6_put_the_yellow_and_white_mug_in_the_microwave_and_close_it_view_0_0_199_0_0_initstate_0,KITCHEN_SCENE6_put_the_yellow_and_white_mug_in_the_microwave_and_close_it,Camera Viewpoints,,initstate_0,,,,,,view_0
KITCHEN_SCENE6_put_the_yellow_and_white_mug_in_the_microwave_and_close_it_view_0_0_200_0_0_initstate_0,KITCHEN_SCENE6_put_the_yellow_and_white_mug_in_the_microwave_and_close_it,Camera Viewpoints,,initstate_0,,,,,,view_0
KITCHEN_SCENE6_put_the_yellow_and_white_mug_in_the_microwave_and_close_it_view_0_0_100_358_2_initstate_0,KITCHEN_SCENE6_put_the_yellow_and_white_mug_in_the_microwave_and_close_it,Camera Viewpoints,,initstate_0,,,,,,view_0
KITCHEN_SCENE6_put_the_yellow_and_white_mug_in_the_microwave_and_close_it_view_0_0_100_358_4_initstate_0,KITCHEN_SCENE6_put_the_yellow_and_white_mug_in_the_microwave_and_close_it,Camera Viewpoints,,initstate_0,,,,,,view_0
KITCHEN_SCENE6_put_the_yellow_and_white_mug_in_the_microwave_and_close_it_view_0_0_100_358_6_initstate_0,KITCHEN_SCENE6_put_the_yellow_and_white_mug_in_the_microwave_and_close_it,Camera Viewpoints,,initstate_0,,,,,,view_0
KITCHEN_SCENE6_put_the_yellow_and_white_mug_in_the_microwave_and_close_it_view_0_0_100_358_8_initstate_0,KITCHEN_SCENE6_put_the_yellow_and_white_mug_in_the_microwave_and_close_it,Camera Viewpoints,,initstate_0,,,,,,view_0
KITCHEN_SCENE6_put_the_yellow_and_white_mug_in_the_microwave_and_close_it_view_0_0_100_358_10_initstate_0,KITCHEN_SCENE6_put_the_yellow_and_white_mug_in_the_microwave_and_close_it,Camera Viewpoints,,initstate_0,,,,,,view_0
KITCHEN_SCENE6_put_the_yellow_and_white_mug_in_the_microwave_and_close_it_view_0_0_100_358_350_initstate_0,KITCHEN_SCENE6_put_the_yellow_and_white_mug_in_the_microwave_and_close_it,Camera Viewpoints,,initstate_0,,,,,,view_0
KITCHEN_SCENE6_put_the_yellow_and_white_mug_in_the_microwave_and_close_it_view_0_0_100_358_352_initstate_0,KITCHEN_SCENE6_put_the_yellow_and_white_mug_in_the_microwave_and_close_it,Camera Viewpoints,,initstate_0,,,,,,view_0
KITCHEN_SCENE6_put_the_yellow_and_white_mug_in_the_microwave_and_close_it_view_0_0_100_358_354_initstate_0,KITCHEN_SCENE6_put_the_yellow_and_white_mug_in_the_microwave_and_close_it,Camera Viewpoints,,initstate_0,,,,,,view_0
KITCHEN_SCENE6_put_the_yellow_and_white_mug_in_the_microwave_and_close_it_view_0_0_100_358_356_initstate_0,KITCHEN_SCENE6_put_the_yellow_and_white_mug_in_the_microwave_and_close_it,Camera Viewpoints,,initstate_0,,,,,,view_0
KITCHEN_SCENE6_put_the_yellow_and_white_mug_in_the_microwave_and_close_it_view_0_0_100_358_358_initstate_0,KITCHEN_SCENE6_put_the_yellow_and_white_mug_in_the_microwave_and_close_it,Camera Viewpoints,,initstate_0,,,,,,view_0
KITCHEN_SCENE6_put_the_yellow_and_white_mug_in_the_microwave_and_close_it_view_345_0_100_0_0_initstate_0,KITCHEN_SCENE6_put_the_yellow_and_white_mug_in_the_microwave_and_close_it,Camera Viewpoints,,initstate_0,,,,,,view_345
KITCHEN_SCENE6_put_the_yellow_and_white_mug_in_the_microwave_and_close_it_view_346_0_100_0_0_initstate_0,KITCHEN_SCENE6_put_the_yellow_and_white_mug_in_the_microwave_and_close_it,Camera Viewpoints,,initstate_0,,,,,,view_346
KITCHEN_SCENE6_put_the_yellow_and_white_mug_in_the_microwave_and_close_it_view_346_15_100_0_0_initstate_0,KITCHEN_SCENE6_put_the_yellow_and_white_mug_in_the_microwave_and_close_it,Camera Viewpoints,,initstate_0,,,,,,view_346
KITCHEN_SCENE6_put_the_yellow_and_white_mug_in_the_microwave_and_close_it_view_347_15_100_0_0_initstate_0,KITCHEN_SCENE6_put_the_yellow_and_white_mug_in_the_microwave_and_close_it,Camera Viewpoints,,initstate_0,,,,,,view_347
KITCHEN_SCENE6_put_the_yellow_and_white_mug_in_the_microwave_and_close_it_view_348_0_100_0_0_initstate_0,KITCHEN_SCENE6_put_the_yellow_and_white_mug_in_the_microwave_and_close_it,Camera Viewpoints,,initstate_0,,,,,,view_348
KITCHEN_SCENE6_put_the_yellow_and_white_mug_in_the_microwave_and_close_it_view_348_15_100_0_0_initstate_0,KITCHEN_SCENE6_put_the_yellow_and_white_mug_in_the_microwave_and_close_it,Camera Viewpoints,,initstate_0,,,,,,view_348
KITCHEN_SCENE6_put_the_yellow_and_white_mug_in_the_microwave_and_close_it_view_349_0_100_0_0_initstate_0,KITCHEN_SCENE6_put_the_yellow_and_white_mug_in_the_microwave_and_close_it,Camera Viewpoints,,initstate_0,,,,,,view_349
KITCHEN_SCENE6_put_the_yellow_and_white_mug_in_the_microwave_and_close_it_view_349_15_100_0_0_initstate_0,KITCHEN_SCENE6_put_the_yellow_and_white_mug_in_the_microwave_and_close_it,Camera Viewpoints,,initstate_0,,,,,,view_349
KITCHEN_SCENE6_put_the_yellow_and_white_mug_in_the_microwave_and_close_it_view_350_15_100_0_0_initstate_0,KITCHEN_SCENE6_put_the_yellow_and_white_mug_in_the_microwave_and_close_it,Camera Viewpoints,,initstate_0,,,,,,view_350
KITCHEN_SCENE6_put_the_yellow_and_white_mug_in_the_microwave_and_close_it_view_351_0_100_0_0_initstate_0,KITCHEN_SCENE6_put_the_yellow_and_white_mug_in_the_microwave_and_close_it,Camera Viewpoints,,initstate_0,,,,,,view_351
KITCHEN_SCENE6_put_the_yellow_and_white_mug_in_the_microwave_and_close_it_view_351_15_100_0_0_initstate_0,KITCHEN_SCENE6_put_the_yellow_and_white_mug_in_the_microwave_and_close_it,Camera Viewpoints,,initstate_0,,,,,,view_351
KITCHEN_SCENE6_put_the_yellow_and_white_mug_in_the_microwave_and_close_it_view_352_0_100_0_0_initstate_0,KITCHEN_SCENE6_put_the_yellow_and_white_mug_in_the_microwave_and_close_it,Camera Viewpoints,,initstate_0,,,,,,view_352
KITCHEN_SCENE6_put_the_yellow_and_white_mug_in_the_microwave_and_close_it_view_352_15_100_0_0_initstate_0,KITCHEN_SCENE6_put_the_yellow_and_white_mug_in_the_microwave_and_close_it,Camera Viewpoints,,initstate_0,,,,,,view_352
KITCHEN_SCENE6_put_the_yellow_and_white_mug_in_the_microwave_and_close_it_view_353_0_100_0_0_initstate_0,KITCHEN_SCENE6_put_the_yellow_and_white_mug_in_the_microwave_and_close_it,Camera Viewpoints,,initstate_0,,,,,,view_353
KITCHEN_SCENE6_put_the_yellow_and_white_mug_in_the_microwave_and_close_it_view_354_15_100_0_0_initstate_0,KITCHEN_SCENE6_put_the_yellow_and_white_mug_in_the_microwave_and_close_it,Camera Viewpoints,,initstate_0,,,,,,view_354
KITCHEN_SCENE6_put_the_yellow_and_white_mug_in_the_microwave_and_close_it_view_355_15_100_0_0_initstate_0,KITCHEN_SCENE6_put_the_yellow_and_white_mug_in_the_microwave_and_close_it,Camera Viewpoints,,initstate_0,,,,,,view_355
KITCHEN_SCENE6_put_the_yellow_and_white_mug_in_the_microwave_and_close_it_view_356_15_100_0_0_initstate_0,KITCHEN_SCENE6_put_the_yellow_and_white_mug_in_the_microwave_and_close_it,Camera Viewpoints,,initstate_0,,,,,,view_356
KITCHEN_SCENE6_put_the_yellow_and_white_mug_in_the_microwave_and_close_it_view_357_15_100_0_0_initstate_0,KITCHEN_SCENE6_put_the_yellow_and_white_mug_in_the_microwave_and_close_it,Camera Viewpoints,,initstate_0,,,,,,view_357
KITCHEN_SCENE6_put_the_yellow_and_white_mug_in_the_microwave_and_close_it_view_358_15_100_0_0_initstate_0,KITCHEN_SCENE6_put_the_yellow_and_white_mug_in_the_microwave_and_close_it,Camera Viewpoints,,initstate_0,,,,,,view_358
KITCHEN_SCENE6_put_the_yellow_and_white_mug_in_the_microwave_and_close_it_view_359_15_100_0_0_initstate_0,KITCHEN_SCENE6_put_the_yellow_and_white_mug_in_the_microwave_and_close_it,Camera Viewpoints,,initstate_0,,,,,,view_359
KITCHEN_SCENE6_put_the_yellow_and_white_mug_in_the_microwave_and_close_it_language_1_view_0_0_100_0_0_initstate_0,KITCHEN_SCENE6_put_the_yellow_and_white_mug_in_the_microwave_and_close_it,Language Instructions,,initstate_0,language_1,,,,,view_0
KITCHEN_SCENE6_put_the_yellow_and_white_mug_in_the_microwave_and_close_it_language_2_view_0_0_100_0_0_initstate_0,KITCHEN_SCENE6_put_the_yellow_and_white_mug_in_the_microwave_and_close_it,Language Instructions,,initstate_0,language_2,,,,,view_0
KITCHEN_SCENE6_put_the_yellow_and_white_mug_in_the_microwave_and_close_it_language_3_view_0_0_100_0_0_initstate_0,KITCHEN_SCENE6_put_the_yellow_and_white_mug_in_the_microwave_and_close_it,Language Instructions,,initstate_0,language_3,,,,,view_0
KITCHEN_SCENE6_put_the_yellow_and_white_mug_in_the_microwave_and_close_it_language_4_view_0_0_100_0_0_initstate_0,KITCHEN_SCENE6_put_the_yellow_and_white_mug_in_the_microwave_and_close_it,Language Instructions,,initstate_0,language_4,,,,,view_0
KITCHEN_SCENE6_put_the_yellow_and_white_mug_in_the_microwave_and_close_it_language_5_view_0_0_100_0_0_initstate_0,KITCHEN_SCENE6_put_the_yellow_and_white_mug_in_the_microwave_and_close_it,Language Instructions,,initstate_0,language_5,,,,,view_0
KITCHEN_SCENE6_put_the_yellow_and_white_mug_in_the_microwave_and_close_it_language_6_view_0_0_100_0_0_initstate_0,KITCHEN_SCENE6_put_the_yellow_and_white_mug_in_the_microwave_and_close_it,Language Instructions,,initstate_0,language_6,,,,,view_0
KITCHEN_SCENE6_put_the_yellow_and_white_mug_in_the_microwave_and_close_it_language_7_view_0_0_100_0_0_initstate_0,KITCHEN_SCENE6_put_the_yellow_and_white_mug_in_the_microwave_and_close_it,Language Instructions,,initstate_0,language_7,,,,,view_0
KITCHEN_SCENE6_put_the_yellow_and_white_mug_in_the_microwave_and_close_it_language_8_view_0_0_100_0_0_initstate_0,KITCHEN_SCENE6_put_the_yellow_and_white_mug_in_the_microwave_and_close_it,Language Instructions,,initstate_0,language_8,,,,,view_0
KITCHEN_SCENE6_put_the_yellow_and_white_mug_in_the_microwave_and_close_it_language_9_view_0_0_100_0_0_initstate_0,KITCHEN_SCENE6_put_the_yellow_and_white_mug_in_the_microwave_and_close_it,Language Instructions,,initstate_0,language_9,,,,,view_0
KITCHEN_SCENE6_put_the_yellow_and_white_mug_in_the_microwave_and_close_it_language_10_view_0_0_100_0_0_initstate_0,KITCHEN_SCENE6_put_the_yellow_and_white_mug_in_the_microwave_and_close_it,Language Instructions,,initstate_0,language_10,,,,,view_0
KITCHEN_SCENE6_put_the_yellow_and_white_mug_in_the_microwave_and_close_it_language_11_view_0_0_100_0_0_initstate_0,KITCHEN_SCENE6_put_the_yellow_and_white_mug_in_the_microwave_and_close_it,Language Instructions,,initstate_0,language_11,,,,,view_0
KITCHEN_SCENE6_put_the_yellow_and_white_mug_in_the_microwave_and_close_it_language_12_view_0_0_100_0_0_initstate_0,KITCHEN_SCENE6_put_the_yellow_and_white_mug_in_the_microwave_and_close_it,Language Instructions,,initstate_0,language_12,,,,,view_0
KITCHEN_SCENE6_put_the_yellow_and_white_mug_in_the_microwave_and_close_it_language_13_view_0_0_100_0_0_initstate_0,KITCHEN_SCENE6_put_the_yellow_and_white_mug_in_the_microwave_and_close_it,Language Instructions,,initstate_0,language_13,,,,,view_0
KITCHEN_SCENE6_put_the_yellow_and_white_mug_in_the_microwave_and_close_it_language_14_view_0_0_100_0_0_initstate_0,KITCHEN_SCENE6_put_the_yellow_and_white_mug_in_the_microwave_and_close_it,Language Instructions,,initstate_0,language_14,,,,,view_0
KITCHEN_SCENE6_put_the_yellow_and_white_mug_in_the_microwave_and_close_it_language_15_view_0_0_100_0_0_initstate_0,KITCHEN_SCENE6_put_the_yellow_and_white_mug_in_the_microwave_and_close_it,Language Instructions,,initstate_0,language_15,,,,,view_0
KITCHEN_SCENE6_put_the_yellow_and_white_mug_in_the_microwave_and_close_it_language_16_view_0_0_100_0_0_initstate_0,KITCHEN_SCENE6_put_the_yellow_and_white_mug_in_the_microwave_and_close_it,Language Instructions,,initstate_0,language_16,,,,,view_0
KITCHEN_SCENE6_put_the_yellow_and_white_mug_in_the_microwave_and_close_it_language_18_view_0_0_100_0_0_initstate_0,KITCHEN_SCENE6_put_the_yellow_and_white_mug_in_the_microwave_and_close_it,Language Instructions,,initstate_0,language_18,,,,,view_0
KITCHEN_SCENE6_put_the_yellow_and_white_mug_in_the_microwave_and_close_it_language_19_view_0_0_100_0_0_initstate_0,KITCHEN_SCENE6_put_the_yellow_and_white_mug_in_the_microwave_and_close_it,Language Instructions,,initstate_0,language_19,,,,,view_0
KITCHEN_SCENE6_put_the_yellow_and_white_mug_in_the_microwave_and_close_it_language_20_view_0_0_100_0_0_initstate_0,KITCHEN_SCENE6_put_the_yellow_and_white_mug_in_the_microwave_and_close_it,Language Instructions,,initstate_0,language_20,,,,,view_0
KITCHEN_SCENE6_put_the_yellow_and_white_mug_in_the_microwave_and_close_it_language_22_view_0_0_100_0_0_initstate_0,KITCHEN_SCENE6_put_the_yellow_and_white_mug_in_the_microwave_and_close_it,Language Instructions,,initstate_0,language_22,,,,,view_0
KITCHEN_SCENE6_put_the_yellow_and_white_mug_in_the_microwave_and_close_it_language_23_view_0_0_100_0_0_initstate_0,KITCHEN_SCENE6_put_the_yellow_and_white_mug_in_the_microwave_and_close_it,Language Instructions,,initstate_0,language_23,,,,,view_0
KITCHEN_SCENE6_put_the_yellow_and_white_mug_in_the_microwave_and_close_it_language_24_view_0_0_100_0_0_initstate_0,KITCHEN_SCENE6_put_the_yellow_and_white_mug_in_the_microwave_and_close_it,Language Instructions,,initstate_0,language_24,,,,,view_0
KITCHEN_SCENE6_put_the_yellow_and_white_mug_in_the_microwave_and_close_it_language_25_view_0_0_100_0_0_initstate_0,KITCHEN_SCENE6_put_the_yellow_and_white_mug_in_the_microwave_and_close_it,Language Instructions,,initstate_0,language_25,,,,,view_0
KITCHEN_SCENE6_put_the_yellow_and_white_mug_in_the_microwave_and_close_it_language_26_view_0_0_100_0_0_initstate_0,KITCHEN_SCENE6_put_the_yellow_and_white_mug_in_the_microwave_and_close_it,Language Instructions,,initstate_0,language_26,,,,,view_0
KITCHEN_SCENE6_put_the_yellow_and_white_mug_in_the_microwave_and_close_it_language_28_view_0_0_100_0_0_initstate_0,KITCHEN_SCENE6_put_the_yellow_and_white_mug_in_the_microwave_and_close_it,Language Instructions,,initstate_0,language_28,,,,,view_0
KITCHEN_SCENE6_put_the_yellow_and_white_mug_in_the_microwave_and_close_it_language_29_view_0_0_100_0_0_initstate_0,KITCHEN_SCENE6_put_the_yellow_and_white_mug_in_the_microwave_and_close_it,Language Instructions,,initstate_0,language_29,,,,,view_0
KITCHEN_SCENE6_put_the_yellow_and_white_mug_in_the_microwave_and_close_it_language_30_view_0_0_100_0_0_initstate_0,KITCHEN_SCENE6_put_the_yellow_and_white_mug_in_the_microwave_and_close_it,Language Instructions,,initstate_0,language_30,,,,,view_0
KITCHEN_SCENE6_put_the_yellow_and_white_mug_in_the_microwave_and_close_it_language_31_view_0_0_100_0_0_initstate_0,KITCHEN_SCENE6_put_the_yellow_and_white_mug_in_the_microwave_and_close_it,Language Instructions,,initstate_0,language_31,,,,,view_0
KITCHEN_SCENE6_put_the_yellow_and_white_mug_in_the_microwave_and_close_it_language_32_view_0_0_100_0_0_initstate_0,KITCHEN_SCENE6_put_the_yellow_and_white_mug_in_the_microwave_and_close_it,Language Instructions,,initstate_0,language_32,,,,,view_0
KITCHEN_SCENE6_put_the_yellow_and_white_mug_in_the_microwave_and_close_it_language_34_view_0_0_100_0_0_initstate_0,KITCHEN_SCENE6_put_the_yellow_and_white_mug_in_the_microwave_and_close_it,Language Instructions,,initstate_0,language_34,,,,,view_0
KITCHEN_SCENE6_put_the_yellow_and_white_mug_in_the_microwave_and_close_it_language_35_view_0_0_100_0_0_initstate_0,KITCHEN_SCENE6_put_the_yellow_and_white_mug_in_the_microwave_and_close_it,Language Instructions,,initstate_0,language_35,,,,,view_0
KITCHEN_SCENE6_put_the_yellow_and_white_mug_in_the_microwave_and_close_it_language_37_view_0_0_100_0_0_initstate_0,KITCHEN_SCENE6_put_the_yellow_and_white_mug_in_the_microwave_and_close_it,Language Instructions,,initstate_0,language_37,,,,,view_0
KITCHEN_SCENE6_put_the_yellow_and_white_mug_in_the_microwave_and_close_it_language_38_view_0_0_100_0_0_initstate_0,KITCHEN_SCENE6_put_the_yellow_and_white_mug_in_the_microwave_and_close_it,Language Instructions,,initstate_0,language_38,,,,,view_0
KITCHEN_SCENE6_put_the_yellow_and_white_mug_in_the_microwave_and_close_it_language_39_view_0_0_100_0_0_initstate_0,KITCHEN_SCENE6_put_the_yellow_and_white_mug_in_the_microwave_and_close_it,Language Instructions,,initstate_0,language_39,,,,,view_0
KITCHEN_SCENE6_put_the_yellow_and_white_mug_in_the_microwave_and_close_it_language_40_view_0_0_100_0_0_initstate_0,KITCHEN_SCENE6_put_the_yellow_and_white_mug_in_the_microwave_and_close_it,Language Instructions,,initstate_0,language_40,,,,,view_0
KITCHEN_SCENE6_put_the_yellow_and_white_mug_in_the_microwave_and_close_it_language_41_view_0_0_100_0_0_initstate_0,KITCHEN_SCENE6_put_the_yellow_and_white_mug_in_the_microwave_and_close_it,Language Instructions,,initstate_0,language_41,,,,,view_0
KITCHEN_SCENE6_put_the_yellow_and_white_mug_in_the_microwave_and_close_it_language_42_view_0_0_100_0_0_initstate_0,KITCHEN_SCENE6_put_the_yellow_and_white_mug_in_the_microwave_and_close_it,Language Instructions,,initstate_0,language_42,,,,,view_0
KITCHEN_SCENE6_put_the_yellow_and_white_mug_in_the_microwave_and_close_it_language_44_view_0_0_100_0_0_initstate_0,KITCHEN_SCENE6_put_the_yellow_and_white_mug_in_the_microwave_and_close_it,Language Instructions,,initstate_0,language_44,,,,,view_0
KITCHEN_SCENE6_put_the_yellow_and_white_mug_in_the_microwave_and_close_it_language_46_view_0_0_100_0_0_initstate_0,KITCHEN_SCENE6_put_the_yellow_and_white_mug_in_the_microwave_and_close_it,Language Instructions,,initstate_0,language_46,,,,,view_0
KITCHEN_SCENE6_put_the_yellow_and_white_mug_in_the_microwave_and_close_it_language_48_view_0_0_100_0_0_initstate_0,KITCHEN_SCENE6_put_the_yellow_and_white_mug_in_the_microwave_and_close_it,Language Instructions,,initstate_0,language_48,,,,,view_0
KITCHEN_SCENE6_put_the_yellow_and_white_mug_in_the_microwave_and_close_it_language_49_view_0_0_100_0_0_initstate_0,KITCHEN_SCENE6_put_the_yellow_and_white_mug_in_the_microwave_and_close_it,Language Instructions,,initstate_0,language_49,,,,,view_0
KITCHEN_SCENE6_put_the_yellow_and_white_mug_in_the_microwave_and_close_it_language_50_view_0_0_100_0_0_initstate_0,KITCHEN_SCENE6_put_the_yellow_and_white_mug_in_the_microwave_and_close_it,Language Instructions,,initstate_0,language_50,,,,,view_0
KITCHEN_SCENE6_put_the_yellow_and_white_mug_in_the_microwave_and_close_it_view_0_0_100_0_0_initstate_0_noise_1,KITCHEN_SCENE6_put_the_yellow_and_white_mug_in_the_microwave_and_close_it,Sensor Noise,,initstate_0,,,,noise_1,,view_0
KITCHEN_SCENE6_put_the_yellow_and_white_mug_in_the_microwave_and_close_it_view_0_0_100_0_0_initstate_0_noise_2,KITCHEN_SCENE6_put_the_yellow_and_white_mug_in_the_microwave_and_close_it,Sensor Noise,,initstate_0,,,,noise_2,,view_0
KITCHEN_SCENE6_put_the_yellow_and_white_mug_in_the_microwave_and_close_it_view_0_0_100_0_0_initstate_0_noise_3,KITCHEN_SCENE6_put_the_yellow_and_white_mug_in_the_microwave_and_close_it,Sensor Noise,,initstate_0,,,,noise_3,,view_0
KITCHEN_SCENE6_put_the_yellow_and_white_mug_in_the_microwave_and_close_it_view_0_0_100_0_0_initstate_0_noise_4,KITCHEN_SCENE6_put_the_yellow_and_white_mug_in_the_microwave_and_close_it,Sensor Noise,,initstate_0,,,,noise_4,,view_0
KITCHEN_SCENE6_put_the_yellow_and_white_mug_in_the_microwave_and_close_it_view_0_0_100_0_0_initstate_0_noise_5,KITCHEN_SCENE6_put_the_yellow_and_white_mug_in_the_microwave_and_close_it,Sensor Noise,,initstate_0,,,,noise_5,,view_0
KITCHEN_SCENE6_put_the_yellow_and_white_mug_in_the_microwave_and_close_it_view_0_0_100_0_0_initstate_0_noise_6,KITCHEN_SCENE6_put_the_yellow_and_white_mug_in_the_microwave_and_close_it,Sensor Noise,,initstate_0,,,,noise_6,,view_0
KITCHEN_SCENE6_put_the_yellow_and_white_mug_in_the_microwave_and_close_it_view_0_0_100_0_0_initstate_0_noise_7,KITCHEN_SCENE6_put_the_yellow_and_white_mug_in_the_microwave_and_close_it,Sensor Noise,,initstate_0,,,,noise_7,,view_0
KITCHEN_SCENE6_put_the_yellow_and_white_mug_in_the_microwave_and_close_it_view_0_0_100_0_0_initstate_0_noise_8,KITCHEN_SCENE6_put_the_yellow_and_white_mug_in_the_microwave_and_close_it,Sensor Noise,,initstate_0,,,,noise_8,,view_0
KITCHEN_SCENE6_put_the_yellow_and_white_mug_in_the_microwave_and_close_it_view_0_0_100_0_0_initstate_0_noise_9,KITCHEN_SCENE6_put_the_yellow_and_white_mug_in_the_microwave_and_close_it,Sensor Noise,,initstate_0,,,,noise_9,,view_0
KITCHEN_SCENE6_put_the_yellow_and_white_mug_in_the_microwave_and_close_it_view_0_0_100_0_0_initstate_0_noise_10,KITCHEN_SCENE6_put_the_yellow_and_white_mug_in_the_microwave_and_close_it,Sensor Noise,,initstate_0,,,,noise_10,,view_0
KITCHEN_SCENE6_put_the_yellow_and_white_mug_in_the_microwave_and_close_it_view_0_0_100_0_0_initstate_0_noise_11,KITCHEN_SCENE6_put_the_yellow_and_white_mug_in_the_microwave_and_close_it,Sensor Noise,,initstate_0,,,,noise_11,,view_0
KITCHEN_SCENE6_put_the_yellow_and_white_mug_in_the_microwave_and_close_it_view_0_0_100_0_0_initstate_0_noise_12,KITCHEN_SCENE6_put_the_yellow_and_white_mug_in_the_microwave_and_close_it,Sensor Noise,,initstate_0,,,,noise_12,,view_0
KITCHEN_SCENE6_put_the_yellow_and_white_mug_in_the_microwave_and_close_it_view_0_0_100_0_0_initstate_0_noise_13,KITCHEN_SCENE6_put_the_yellow_and_white_mug_in_the_microwave_and_close_it,Sensor Noise,,initstate_0,,,,noise_13,,view_0
KITCHEN_SCENE6_put_the_yellow_and_white_mug_in_the_microwave_and_close_it_view_0_0_100_0_0_initstate_0_noise_14,KITCHEN_SCENE6_put_the_yellow_and_white_mug_in_the_microwave_and_close_it,Sensor Noise,,initstate_0,,,,noise_14,,view_0
KITCHEN_SCENE6_put_the_yellow_and_white_mug_in_the_microwave_and_close_it_view_0_0_100_0_0_initstate_0_noise_15,KITCHEN_SCENE6_put_the_yellow_and_white_mug_in_the_microwave_and_close_it,Sensor Noise,,initstate_0,,,,noise_15,,view_0
KITCHEN_SCENE6_put_the_yellow_and_white_mug_in_the_microwave_and_close_it_view_0_0_100_0_0_initstate_0_noise_16,KITCHEN_SCENE6_put_the_yellow_and_white_mug_in_the_microwave_and_close_it,Sensor Noise,,initstate_0,,,,noise_16,,view_0
KITCHEN_SCENE6_put_the_yellow_and_white_mug_in_the_microwave_and_close_it_view_0_0_100_0_0_initstate_0_noise_17,KITCHEN_SCENE6_put_the_yellow_and_white_mug_in_the_microwave_and_close_it,Sensor Noise,,initstate_0,,,,noise_17,,view_0
KITCHEN_SCENE6_put_the_yellow_and_white_mug_in_the_microwave_and_close_it_view_0_0_100_0_0_initstate_0_noise_18,KITCHEN_SCENE6_put_the_yellow_and_white_mug_in_the_microwave_and_close_it,Sensor Noise,,initstate_0,,,,noise_18,,view_0
KITCHEN_SCENE6_put_the_yellow_and_white_mug_in_the_microwave_and_close_it_view_0_0_100_0_0_initstate_0_noise_19,KITCHEN_SCENE6_put_the_yellow_and_white_mug_in_the_microwave_and_close_it,Sensor Noise,,initstate_0,,,,noise_19,,view_0
KITCHEN_SCENE6_put_the_yellow_and_white_mug_in_the_microwave_and_close_it_view_0_0_100_0_0_initstate_0_noise_20,KITCHEN_SCENE6_put_the_yellow_and_white_mug_in_the_microwave_and_close_it,Sensor Noise,,initstate_0,,,,noise_20,,view_0
KITCHEN_SCENE6_put_the_yellow_and_white_mug_in_the_microwave_and_close_it_view_0_0_100_0_0_initstate_0_noise_21,KITCHEN_SCENE6_put_the_yellow_and_white_mug_in_the_microwave_and_close_it,Sensor Noise,,initstate_0,,,,noise_21,,view_0
KITCHEN_SCENE6_put_the_yellow_and_white_mug_in_the_microwave_and_close_it_view_0_0_100_0_0_initstate_0_noise_22,KITCHEN_SCENE6_put_the_yellow_and_white_mug_in_the_microwave_and_close_it,Sensor Noise,,initstate_0,,,,noise_22,,view_0
KITCHEN_SCENE6_put_the_yellow_and_white_mug_in_the_microwave_and_close_it_view_0_0_100_0_0_initstate_0_noise_23,KITCHEN_SCENE6_put_the_yellow_and_white_mug_in_the_microwave_and_close_it,Sensor Noise,,initstate_0,,,,noise_23,,view_0
KITCHEN_SCENE6_put_the_yellow_and_white_mug_in_the_microwave_and_close_it_view_0_0_100_0_0_initstate_0_noise_24,KITCHEN_SCENE6_put_the_yellow_and_white_mug_in_the_microwave_and_close_it,Sensor Noise,,initstate_0,,,,noise_24,,view_0
KITCHEN_SCENE6_put_the_yellow_and_white_mug_in_the_microwave_and_close_it_view_0_0_100_0_0_initstate_0_noise_25,KITCHEN_SCENE6_put_the_yellow_and_white_mug_in_the_microwave_and_close_it,Sensor Noise,,initstate_0,,,,noise_25,,view_0
KITCHEN_SCENE6_put_the_yellow_and_white_mug_in_the_microwave_and_close_it_view_0_0_100_0_0_initstate_0_noise_26,KITCHEN_SCENE6_put_the_yellow_and_white_mug_in_the_microwave_and_close_it,Sensor Noise,,initstate_0,,,,noise_26,,view_0
KITCHEN_SCENE6_put_the_yellow_and_white_mug_in_the_microwave_and_close_it_view_0_0_100_0_0_initstate_0_noise_27,KITCHEN_SCENE6_put_the_yellow_and_white_mug_in_the_microwave_and_close_it,Sensor Noise,,initstate_0,,,,noise_27,,view_0
KITCHEN_SCENE6_put_the_yellow_and_white_mug_in_the_microwave_and_close_it_view_0_0_100_0_0_initstate_0_noise_28,KITCHEN_SCENE6_put_the_yellow_and_white_mug_in_the_microwave_and_close_it,Sensor Noise,,initstate_0,,,,noise_28,,view_0
KITCHEN_SCENE6_put_the_yellow_and_white_mug_in_the_microwave_and_close_it_view_0_0_100_0_0_initstate_0_noise_29,KITCHEN_SCENE6_put_the_yellow_and_white_mug_in_the_microwave_and_close_it,Sensor Noise,,initstate_0,,,,noise_29,,view_0
KITCHEN_SCENE6_put_the_yellow_and_white_mug_in_the_microwave_and_close_it_view_0_0_100_0_0_initstate_0_noise_30,KITCHEN_SCENE6_put_the_yellow_and_white_mug_in_the_microwave_and_close_it,Sensor Noise,,initstate_0,,,,noise_30,,view_0
KITCHEN_SCENE6_put_the_yellow_and_white_mug_in_the_microwave_and_close_it_view_0_0_100_0_0_initstate_0_noise_31,KITCHEN_SCENE6_put_the_yellow_and_white_mug_in_the_microwave_and_close_it,Sensor Noise,,initstate_0,,,,noise_31,,view_0
KITCHEN_SCENE6_put_the_yellow_and_white_mug_in_the_microwave_and_close_it_view_0_0_100_0_0_initstate_0_noise_32,KITCHEN_SCENE6_put_the_yellow_and_white_mug_in_the_microwave_and_close_it,Sensor Noise,,initstate_0,,,,noise_32,,view_0
KITCHEN_SCENE6_put_the_yellow_and_white_mug_in_the_microwave_and_close_it_view_0_0_100_0_0_initstate_0_noise_33,KITCHEN_SCENE6_put_the_yellow_and_white_mug_in_the_microwave_and_close_it,Sensor Noise,,initstate_0,,,,noise_33,,view_0
KITCHEN_SCENE6_put_the_yellow_and_white_mug_in_the_microwave_and_close_it_view_0_0_100_0_0_initstate_0_noise_34,KITCHEN_SCENE6_put_the_yellow_and_white_mug_in_the_microwave_and_close_it,Sensor Noise,,initstate_0,,,,noise_34,,view_0
KITCHEN_SCENE6_put_the_yellow_and_white_mug_in_the_microwave_and_close_it_view_0_0_100_0_0_initstate_0_noise_35,KITCHEN_SCENE6_put_the_yellow_and_white_mug_in_the_microwave_and_close_it,Sensor Noise,,initstate_0,,,,noise_35,,view_0
KITCHEN_SCENE6_put_the_yellow_and_white_mug_in_the_microwave_and_close_it_view_0_0_100_0_0_initstate_0_noise_36,KITCHEN_SCENE6_put_the_yellow_and_white_mug_in_the_microwave_and_close_it,Sensor Noise,,initstate_0,,,,noise_36,,view_0
KITCHEN_SCENE6_put_the_yellow_and_white_mug_in_the_microwave_and_close_it_view_0_0_100_0_0_initstate_0_noise_37,KITCHEN_SCENE6_put_the_yellow_and_white_mug_in_the_microwave_and_close_it,Sensor Noise,,initstate_0,,,,noise_37,,view_0
KITCHEN_SCENE6_put_the_yellow_and_white_mug_in_the_microwave_and_close_it_view_0_0_100_0_0_initstate_0_noise_38,KITCHEN_SCENE6_put_the_yellow_and_white_mug_in_the_microwave_and_close_it,Sensor Noise,,initstate_0,,,,noise_38,,view_0
KITCHEN_SCENE6_put_the_yellow_and_white_mug_in_the_microwave_and_close_it_view_0_0_100_0_0_initstate_0_noise_39,KITCHEN_SCENE6_put_the_yellow_and_white_mug_in_the_microwave_and_close_it,Sensor Noise,,initstate_0,,,,noise_39,,view_0
KITCHEN_SCENE6_put_the_yellow_and_white_mug_in_the_microwave_and_close_it_view_0_0_100_0_0_initstate_0_noise_40,KITCHEN_SCENE6_put_the_yellow_and_white_mug_in_the_microwave_and_close_it,Sensor Noise,,initstate_0,,,,noise_40,,view_0
KITCHEN_SCENE6_put_the_yellow_and_white_mug_in_the_microwave_and_close_it_view_0_0_100_0_0_initstate_0_noise_41,KITCHEN_SCENE6_put_the_yellow_and_white_mug_in_the_microwave_and_close_it,Sensor Noise,,initstate_0,,,,noise_41,,view_0
KITCHEN_SCENE6_put_the_yellow_and_white_mug_in_the_microwave_and_close_it_view_0_0_100_0_0_initstate_0_noise_42,KITCHEN_SCENE6_put_the_yellow_and_white_mug_in_the_microwave_and_close_it,Sensor Noise,,initstate_0,,,,noise_42,,view_0
KITCHEN_SCENE6_put_the_yellow_and_white_mug_in_the_microwave_and_close_it_view_0_0_100_0_0_initstate_0_noise_44,KITCHEN_SCENE6_put_the_yellow_and_white_mug_in_the_microwave_and_close_it,Sensor Noise,,initstate_0,,,,noise_44,,view_0
KITCHEN_SCENE6_put_the_yellow_and_white_mug_in_the_microwave_and_close_it_view_0_0_100_0_0_initstate_0_noise_45,KITCHEN_SCENE6_put_the_yellow_and_white_mug_in_the_microwave_and_close_it,Sensor Noise,,initstate_0,,,,noise_45,,view_0
KITCHEN_SCENE6_put_the_yellow_and_white_mug_in_the_microwave_and_close_it_view_0_0_100_0_0_initstate_0_noise_46,KITCHEN_SCENE6_put_the_yellow_and_white_mug_in_the_microwave_and_close_it,Sensor Noise,,initstate_0,,,,noise_46,,view_0
KITCHEN_SCENE6_put_the_yellow_and_white_mug_in_the_microwave_and_close_it_view_0_0_100_0_0_initstate_0_noise_47,KITCHEN_SCENE6_put_the_yellow_and_white_mug_in_the_microwave_and_close_it,Sensor Noise,,initstate_0,,,,noise_47,,view_0
KITCHEN_SCENE6_put_the_yellow_and_white_mug_in_the_microwave_and_close_it_view_0_0_100_0_0_initstate_0_noise_48,KITCHEN_SCENE6_put_the_yellow_and_white_mug_in_the_microwave_and_close_it,Sensor Noise,,initstate_0,,,,noise_48,,view_0
KITCHEN_SCENE6_put_the_yellow_and_white_mug_in_the_microwave_and_close_it_view_0_0_100_0_0_initstate_0_noise_49,KITCHEN_SCENE6_put_the_yellow_and_white_mug_in_the_microwave_and_close_it,Sensor Noise,,initstate_0,,,,noise_49,,view_0
KITCHEN_SCENE6_put_the_yellow_and_white_mug_in_the_microwave_and_close_it_view_0_0_100_0_0_initstate_0_noise_50,KITCHEN_SCENE6_put_the_yellow_and_white_mug_in_the_microwave_and_close_it,Sensor Noise,,initstate_0,,,,noise_50,,view_0
KITCHEN_SCENE6_put_the_yellow_and_white_mug_in_the_microwave_and_close_it_add_10,KITCHEN_SCENE6_put_the_yellow_and_white_mug_in_the_microwave_and_close_it,Objects Layout,add_10,,,,,,,
KITCHEN_SCENE6_put_the_yellow_and_white_mug_in_the_microwave_and_close_it_add_12,KITCHEN_SCENE6_put_the_yellow_and_white_mug_in_the_microwave_and_close_it,Objects Layout,add_12,,,,,,,
KITCHEN_SCENE6_put_the_yellow_and_white_mug_in_the_microwave_and_close_it_add_14,KITCHEN_SCENE6_put_the_yellow_and_white_mug_in_the_microwave_and_close_it,Objects Layout,add_14,,,,,,,
KITCHEN_SCENE6_put_the_yellow_and_white_mug_in_the_microwave_and_close_it_add_15,KITCHEN_SCENE6_put_the_yellow_and_white_mug_in_the_microwave_and_close_it,Objects Layout,add_15,,,,,,,
KITCHEN_SCENE6_put_the_yellow_and_white_mug_in_the_microwave_and_close_it_add_16,KITCHEN_SCENE6_put_the_yellow_and_white_mug_in_the_microwave_and_close_it,Objects Layout,add_16,,,,,,,
KITCHEN_SCENE6_put_the_yellow_and_white_mug_in_the_microwave_and_close_it_add_17,KITCHEN_SCENE6_put_the_yellow_and_white_mug_in_the_microwave_and_close_it,Objects Layout,add_17,,,,,,,
KITCHEN_SCENE6_put_the_yellow_and_white_mug_in_the_microwave_and_close_it_add_18,KITCHEN_SCENE6_put_the_yellow_and_white_mug_in_the_microwave_and_close_it,Objects Layout,add_18,,,,,,,
KITCHEN_SCENE6_put_the_yellow_and_white_mug_in_the_microwave_and_close_it_add_19,KITCHEN_SCENE6_put_the_yellow_and_white_mug_in_the_microwave_and_close_it,Objects Layout,add_19,,,,,,,
KITCHEN_SCENE6_put_the_yellow_and_white_mug_in_the_microwave_and_close_it_add_2,KITCHEN_SCENE6_put_the_yellow_and_white_mug_in_the_microwave_and_close_it,Objects Layout,add_2,,,,,,,
KITCHEN_SCENE6_put_the_yellow_and_white_mug_in_the_microwave_and_close_it_add_20,KITCHEN_SCENE6_put_the_yellow_and_white_mug_in_the_microwave_and_close_it,Objects Layout,add_20,,,,,,,
KITCHEN_SCENE6_put_the_yellow_and_white_mug_in_the_microwave_and_close_it_add_21,KITCHEN_SCENE6_put_the_yellow_and_white_mug_in_the_microwave_and_close_it,Objects Layout,add_21,,,,,,,
KITCHEN_SCENE6_put_the_yellow_and_white_mug_in_the_microwave_and_close_it_add_22,KITCHEN_SCENE6_put_the_yellow_and_white_mug_in_the_microwave_and_close_it,Objects Layout,add_22,,,,,,,
KITCHEN_SCENE6_put_the_yellow_and_white_mug_in_the_microwave_and_close_it_add_26,KITCHEN_SCENE6_put_the_yellow_and_white_mug_in_the_microwave_and_close_it,Objects Layout,add_26,,,,,,,
KITCHEN_SCENE6_put_the_yellow_and_white_mug_in_the_microwave_and_close_it_add_27,KITCHEN_SCENE6_put_the_yellow_and_white_mug_in_the_microwave_and_close_it,Objects Layout,add_27,,,,,,,
KITCHEN_SCENE6_put_the_yellow_and_white_mug_in_the_microwave_and_close_it_add_28,KITCHEN_SCENE6_put_the_yellow_and_white_mug_in_the_microwave_and_close_it,Objects Layout,add_28,,,,,,,
KITCHEN_SCENE6_put_the_yellow_and_white_mug_in_the_microwave_and_close_it_add_3,KITCHEN_SCENE6_put_the_yellow_and_white_mug_in_the_microwave_and_close_it,Objects Layout,add_3,,,,,,,
KITCHEN_SCENE6_put_the_yellow_and_white_mug_in_the_microwave_and_close_it_add_5,KITCHEN_SCENE6_put_the_yellow_and_white_mug_in_the_microwave_and_close_it,Objects Layout,add_5,,,,,,,
KITCHEN_SCENE6_put_the_yellow_and_white_mug_in_the_microwave_and_close_it_add_6,KITCHEN_SCENE6_put_the_yellow_and_white_mug_in_the_microwave_and_close_it,Objects Layout,add_6,,,,,,,
KITCHEN_SCENE6_put_the_yellow_and_white_mug_in_the_microwave_and_close_it_add_7,KITCHEN_SCENE6_put_the_yellow_and_white_mug_in_the_microwave_and_close_it,Objects Layout,add_7,,,,,,,
KITCHEN_SCENE6_put_the_yellow_and_white_mug_in_the_microwave_and_close_it_add_8,KITCHEN_SCENE6_put_the_yellow_and_white_mug_in_the_microwave_and_close_it,Objects Layout,add_8,,,,,,,
KITCHEN_SCENE6_put_the_yellow_and_white_mug_in_the_microwave_and_close_it_add_9,KITCHEN_SCENE6_put_the_yellow_and_white_mug_in_the_microwave_and_close_it,Objects Layout,add_9,,,,,,,
KITCHEN_SCENE6_put_the_yellow_and_white_mug_in_the_microwave_and_close_it_level1_sample1,KITCHEN_SCENE6_put_the_yellow_and_white_mug_in_the_microwave_and_close_it,Objects Layout,,,,level1_sample1,,,,
KITCHEN_SCENE6_put_the_yellow_and_white_mug_in_the_microwave_and_close_it_level1_sample2,KITCHEN_SCENE6_put_the_yellow_and_white_mug_in_the_microwave_and_close_it,Objects Layout,,,,level1_sample2,,,,
KITCHEN_SCENE6_put_the_yellow_and_white_mug_in_the_microwave_and_close_it_level1_sample3,KITCHEN_SCENE6_put_the_yellow_and_white_mug_in_the_microwave_and_close_it,Objects Layout,,,,level1_sample3,,,,
KITCHEN_SCENE6_put_the_yellow_and_white_mug_in_the_microwave_and_close_it_level1_sample4,KITCHEN_SCENE6_put_the_yellow_and_white_mug_in_the_microwave_and_close_it,Objects Layout,,,,level1_sample4,,,,
KITCHEN_SCENE6_put_the_yellow_and_white_mug_in_the_microwave_and_close_it_level2_sample1,KITCHEN_SCENE6_put_the_yellow_and_white_mug_in_the_microwave_and_close_it,Objects Layout,,,,level2_sample1,,,,
KITCHEN_SCENE6_put_the_yellow_and_white_mug_in_the_microwave_and_close_it_level2_sample3,KITCHEN_SCENE6_put_the_yellow_and_white_mug_in_the_microwave_and_close_it,Objects Layout,,,,level2_sample3,,,,
KITCHEN_SCENE6_put_the_yellow_and_white_mug_in_the_microwave_and_close_it_level2_sample4,KITCHEN_SCENE6_put_the_yellow_and_white_mug_in_the_microwave_and_close_it,Objects Layout,,,,level2_sample4,,,,
KITCHEN_SCENE6_put_the_yellow_and_white_mug_in_the_microwave_and_close_it_level3_sample1,KITCHEN_SCENE6_put_the_yellow_and_white_mug_in_the_microwave_and_close_it,Objects Layout,,,,level3_sample1,,,,
KITCHEN_SCENE6_put_the_yellow_and_white_mug_in_the_microwave_and_close_it_level3_sample2,KITCHEN_SCENE6_put_the_yellow_and_white_mug_in_the_microwave_and_close_it,Objects Layout,,,,level3_sample2,,,,
KITCHEN_SCENE6_put_the_yellow_and_white_mug_in_the_microwave_and_close_it_level3_sample3,KITCHEN_SCENE6_put_the_yellow_and_white_mug_in_the_microwave_and_close_it,Objects Layout,,,,level3_sample3,,,,
KITCHEN_SCENE6_put_the_yellow_and_white_mug_in_the_microwave_and_close_it_level3_sample4,KITCHEN_SCENE6_put_the_yellow_and_white_mug_in_the_microwave_and_close_it,Objects Layout,,,,level3_sample4,,,,
KITCHEN_SCENE6_put_the_yellow_and_white_mug_in_the_microwave_and_close_it_level4_sample1,KITCHEN_SCENE6_put_the_yellow_and_white_mug_in_the_microwave_and_close_it,Objects Layout,,,,level4_sample1,,,,
KITCHEN_SCENE6_put_the_yellow_and_white_mug_in_the_microwave_and_close_it_level4_sample2,KITCHEN_SCENE6_put_the_yellow_and_white_mug_in_the_microwave_and_close_it,Objects Layout,,,,level4_sample2,,,,
KITCHEN_SCENE6_put_the_yellow_and_white_mug_in_the_microwave_and_close_it_level4_sample3,KITCHEN_SCENE6_put_the_yellow_and_white_mug_in_the_microwave_and_close_it,Objects Layout,,,,level4_sample3,,,,
KITCHEN_SCENE6_put_the_yellow_and_white_mug_in_the_microwave_and_close_it_level4_sample4,KITCHEN_SCENE6_put_the_yellow_and_white_mug_in_the_microwave_and_close_it,Objects Layout,,,,level4_sample4,,,,
KITCHEN_SCENE6_put_the_yellow_and_white_mug_in_the_microwave_and_close_it_level5_sample1,KITCHEN_SCENE6_put_the_yellow_and_white_mug_in_the_microwave_and_close_it,Objects Layout,,,,level5_sample1,,,,
KITCHEN_SCENE6_put_the_yellow_and_white_mug_in_the_microwave_and_close_it_level5_sample3,KITCHEN_SCENE6_put_the_yellow_and_white_mug_in_the_microwave_and_close_it,Objects Layout,,,,level5_sample3,,,,
KITCHEN_SCENE6_put_the_yellow_and_white_mug_in_the_microwave_and_close_it_level5_sample4,KITCHEN_SCENE6_put_the_yellow_and_white_mug_in_the_microwave_and_close_it,Objects Layout,,,,level5_sample4,,,,
KITCHEN_SCENE6_put_the_yellow_and_white_mug_in_the_microwave_and_close_it_light_1,KITCHEN_SCENE6_put_the_yellow_and_white_mug_in_the_microwave_and_close_it,Light Conditions,,,,,light_1,,,
KITCHEN_SCENE6_put_the_yellow_and_white_mug_in_the_microwave_and_close_it_light_10,KITCHEN_SCENE6_put_the_yellow_and_white_mug_in_the_microwave_and_close_it,Light Conditions,,,,,light_10,,,
KITCHEN_SCENE6_put_the_yellow_and_white_mug_in_the_microwave_and_close_it_light_11,KITCHEN_SCENE6_put_the_yellow_and_white_mug_in_the_microwave_and_close_it,Light Conditions,,,,,light_11,,,
KITCHEN_SCENE6_put_the_yellow_and_white_mug_in_the_microwave_and_close_it_light_12,KITCHEN_SCENE6_put_the_yellow_and_white_mug_in_the_microwave_and_close_it,Light Conditions,,,,,light_12,,,
KITCHEN_SCENE6_put_the_yellow_and_white_mug_in_the_microwave_and_close_it_light_13,KITCHEN_SCENE6_put_the_yellow_and_white_mug_in_the_microwave_and_close_it,Light Conditions,,,,,light_13,,,
KITCHEN_SCENE6_put_the_yellow_and_white_mug_in_the_microwave_and_close_it_light_14,KITCHEN_SCENE6_put_the_yellow_and_white_mug_in_the_microwave_and_close_it,Light Conditions,,,,,light_14,,,
KITCHEN_SCENE6_put_the_yellow_and_white_mug_in_the_microwave_and_close_it_light_15,KITCHEN_SCENE6_put_the_yellow_and_white_mug_in_the_microwave_and_close_it,Light Conditions,,,,,light_15,,,
KITCHEN_SCENE6_put_the_yellow_and_white_mug_in_the_microwave_and_close_it_light_16,KITCHEN_SCENE6_put_the_yellow_and_white_mug_in_the_microwave_and_close_it,Light Conditions,,,,,light_16,,,
KITCHEN_SCENE6_put_the_yellow_and_white_mug_in_the_microwave_and_close_it_light_17,KITCHEN_SCENE6_put_the_yellow_and_white_mug_in_the_microwave_and_close_it,Light Conditions,,,,,light_17,,,
KITCHEN_SCENE6_put_the_yellow_and_white_mug_in_the_microwave_and_close_it_light_18,KITCHEN_SCENE6_put_the_yellow_and_white_mug_in_the_microwave_and_close_it,Light Conditions,,,,,light_18,,,
KITCHEN_SCENE6_put_the_yellow_and_white_mug_in_the_microwave_and_close_it_light_19,KITCHEN_SCENE6_put_the_yellow_and_white_mug_in_the_microwave_and_close_it,Light Conditions,,,,,light_19,,,
KITCHEN_SCENE6_put_the_yellow_and_white_mug_in_the_microwave_and_close_it_light_2,KITCHEN_SCENE6_put_the_yellow_and_white_mug_in_the_microwave_and_close_it,Light Conditions,,,,,light_2,,,
KITCHEN_SCENE6_put_the_yellow_and_white_mug_in_the_microwave_and_close_it_light_20,KITCHEN_SCENE6_put_the_yellow_and_white_mug_in_the_microwave_and_close_it,Light Conditions,,,,,light_20,,,
KITCHEN_SCENE6_put_the_yellow_and_white_mug_in_the_microwave_and_close_it_light_23,KITCHEN_SCENE6_put_the_yellow_and_white_mug_in_the_microwave_and_close_it,Light Conditions,,,,,light_23,,,
KITCHEN_SCENE6_put_the_yellow_and_white_mug_in_the_microwave_and_close_it_light_25,KITCHEN_SCENE6_put_the_yellow_and_white_mug_in_the_microwave_and_close_it,Light Conditions,,,,,light_25,,,
KITCHEN_SCENE6_put_the_yellow_and_white_mug_in_the_microwave_and_close_it_light_27,KITCHEN_SCENE6_put_the_yellow_and_white_mug_in_the_microwave_and_close_it,Light Conditions,,,,,light_27,,,
KITCHEN_SCENE6_put_the_yellow_and_white_mug_in_the_microwave_and_close_it_light_28,KITCHEN_SCENE6_put_the_yellow_and_white_mug_in_the_microwave_and_close_it,Light Conditions,,,,,light_28,,,
KITCHEN_SCENE6_put_the_yellow_and_white_mug_in_the_microwave_and_close_it_light_29,KITCHEN_SCENE6_put_the_yellow_and_white_mug_in_the_microwave_and_close_it,Light Conditions,,,,,light_29,,,
KITCHEN_SCENE6_put_the_yellow_and_white_mug_in_the_microwave_and_close_it_light_31,KITCHEN_SCENE6_put_the_yellow_and_white_mug_in_the_microwave_and_close_it,Light Conditions,,,,,light_31,,,
KITCHEN_SCENE6_put_the_yellow_and_white_mug_in_the_microwave_and_close_it_light_34,KITCHEN_SCENE6_put_the_yellow_and_white_mug_in_the_microwave_and_close_it,Light Conditions,,,,,light_34,,,
KITCHEN_SCENE6_put_the_yellow_and_white_mug_in_the_microwave_and_close_it_light_35,KITCHEN_SCENE6_put_the_yellow_and_white_mug_in_the_microwave_and_close_it,Light Conditions,,,,,light_35,,,
KITCHEN_SCENE6_put_the_yellow_and_white_mug_in_the_microwave_and_close_it_light_36,KITCHEN_SCENE6_put_the_yellow_and_white_mug_in_the_microwave_and_close_it,Light Conditions,,,,,light_36,,,
KITCHEN_SCENE6_put_the_yellow_and_white_mug_in_the_microwave_and_close_it_light_37,KITCHEN_SCENE6_put_the_yellow_and_white_mug_in_the_microwave_and_close_it,Light Conditions,,,,,light_37,,,
KITCHEN_SCENE6_put_the_yellow_and_white_mug_in_the_microwave_and_close_it_light_38,KITCHEN_SCENE6_put_the_yellow_and_white_mug_in_the_microwave_and_close_it,Light Conditions,,,,,light_38,,,
KITCHEN_SCENE6_put_the_yellow_and_white_mug_in_the_microwave_and_close_it_light_39,KITCHEN_SCENE6_put_the_yellow_and_white_mug_in_the_microwave_and_close_it,Light Conditions,,,,,light_39,,,
KITCHEN_SCENE6_put_the_yellow_and_white_mug_in_the_microwave_and_close_it_light_4,KITCHEN_SCENE6_put_the_yellow_and_white_mug_in_the_microwave_and_close_it,Light Conditions,,,,,light_4,,,
KITCHEN_SCENE6_put_the_yellow_and_white_mug_in_the_microwave_and_close_it_light_40,KITCHEN_SCENE6_put_the_yellow_and_white_mug_in_the_microwave_and_close_it,Light Conditions,,,,,light_40,,,
KITCHEN_SCENE6_put_the_yellow_and_white_mug_in_the_microwave_and_close_it_light_41,KITCHEN_SCENE6_put_the_yellow_and_white_mug_in_the_microwave_and_close_it,Light Conditions,,,,,light_41,,,
KITCHEN_SCENE6_put_the_yellow_and_white_mug_in_the_microwave_and_close_it_light_42,KITCHEN_SCENE6_put_the_yellow_and_white_mug_in_the_microwave_and_close_it,Light Conditions,,,,,light_42,,,
KITCHEN_SCENE6_put_the_yellow_and_white_mug_in_the_microwave_and_close_it_light_43,KITCHEN_SCENE6_put_the_yellow_and_white_mug_in_the_microwave_and_close_it,Light Conditions,,,,,light_43,,,
KITCHEN_SCENE6_put_the_yellow_and_white_mug_in_the_microwave_and_close_it_light_44,KITCHEN_SCENE6_put_the_yellow_and_white_mug_in_the_microwave_and_close_it,Light Conditions,,,,,light_44,,,
KITCHEN_SCENE6_put_the_yellow_and_white_mug_in_the_microwave_and_close_it_light_46,KITCHEN_SCENE6_put_the_yellow_and_white_mug_in_the_microwave_and_close_it,Light Conditions,,,,,light_46,,,
KITCHEN_SCENE6_put_the_yellow_and_white_mug_in_the_microwave_and_close_it_light_48,KITCHEN_SCENE6_put_the_yellow_and_white_mug_in_the_microwave_and_close_it,Light Conditions,,,,,light_48,,,
KITCHEN_SCENE6_put_the_yellow_and_white_mug_in_the_microwave_and_close_it_light_49,KITCHEN_SCENE6_put_the_yellow_and_white_mug_in_the_microwave_and_close_it,Light Conditions,,,,,light_49,,,
KITCHEN_SCENE6_put_the_yellow_and_white_mug_in_the_microwave_and_close_it_light_5,KITCHEN_SCENE6_put_the_yellow_and_white_mug_in_the_microwave_and_close_it,Light Conditions,,,,,light_5,,,
KITCHEN_SCENE6_put_the_yellow_and_white_mug_in_the_microwave_and_close_it_light_50,KITCHEN_SCENE6_put_the_yellow_and_white_mug_in_the_microwave_and_close_it,Light Conditions,,,,,light_50,,,
KITCHEN_SCENE6_put_the_yellow_and_white_mug_in_the_microwave_and_close_it_light_6,KITCHEN_SCENE6_put_the_yellow_and_white_mug_in_the_microwave_and_close_it,Light Conditions,,,,,light_6,,,
KITCHEN_SCENE6_put_the_yellow_and_white_mug_in_the_microwave_and_close_it_light_9,KITCHEN_SCENE6_put_the_yellow_and_white_mug_in_the_microwave_and_close_it,Light Conditions,,,,,light_9,,,
KITCHEN_SCENE8_put_both_moka_pots_on_the_stove_table_1,KITCHEN_SCENE8_put_both_moka_pots_on_the_stove,Background Textures,,,,,,,table_1,
KITCHEN_SCENE8_put_both_moka_pots_on_the_stove_table_10,KITCHEN_SCENE8_put_both_moka_pots_on_the_stove,Background Textures,,,,,,,table_10,
KITCHEN_SCENE8_put_both_moka_pots_on_the_stove_table_12,KITCHEN_SCENE8_put_both_moka_pots_on_the_stove,Background Textures,,,,,,,table_12,
KITCHEN_SCENE8_put_both_moka_pots_on_the_stove_table_13,KITCHEN_SCENE8_put_both_moka_pots_on_the_stove,Background Textures,,,,,,,table_13,
KITCHEN_SCENE8_put_both_moka_pots_on_the_stove_table_15,KITCHEN_SCENE8_put_both_moka_pots_on_the_stove,Background Textures,,,,,,,table_15,
KITCHEN_SCENE8_put_both_moka_pots_on_the_stove_table_16,KITCHEN_SCENE8_put_both_moka_pots_on_the_stove,Background Textures,,,,,,,table_16,
KITCHEN_SCENE8_put_both_moka_pots_on_the_stove_table_17,KITCHEN_SCENE8_put_both_moka_pots_on_the_stove,Background Textures,,,,,,,table_17,
KITCHEN_SCENE8_put_both_moka_pots_on_the_stove_table_19,KITCHEN_SCENE8_put_both_moka_pots_on_the_stove,Background Textures,,,,,,,table_19,
KITCHEN_SCENE8_put_both_moka_pots_on_the_stove_table_2,KITCHEN_SCENE8_put_both_moka_pots_on_the_stove,Background Textures,,,,,,,table_2,
KITCHEN_SCENE8_put_both_moka_pots_on_the_stove_table_21,KITCHEN_SCENE8_put_both_moka_pots_on_the_stove,Background Textures,,,,,,,table_21,
KITCHEN_SCENE8_put_both_moka_pots_on_the_stove_table_22,KITCHEN_SCENE8_put_both_moka_pots_on_the_stove,Background Textures,,,,,,,table_22,
KITCHEN_SCENE8_put_both_moka_pots_on_the_stove_table_23,KITCHEN_SCENE8_put_both_moka_pots_on_the_stove,Background Textures,,,,,,,table_23,
KITCHEN_SCENE8_put_both_moka_pots_on_the_stove_table_24,KITCHEN_SCENE8_put_both_moka_pots_on_the_stove,Background Textures,,,,,,,table_24,
KITCHEN_SCENE8_put_both_moka_pots_on_the_stove_table_27,KITCHEN_SCENE8_put_both_moka_pots_on_the_stove,Background Textures,,,,,,,table_27,
KITCHEN_SCENE8_put_both_moka_pots_on_the_stove_table_28,KITCHEN_SCENE8_put_both_moka_pots_on_the_stove,Background Textures,,,,,,,table_28,
KITCHEN_SCENE8_put_both_moka_pots_on_the_stove_table_3,KITCHEN_SCENE8_put_both_moka_pots_on_the_stove,Background Textures,,,,,,,table_3,
KITCHEN_SCENE8_put_both_moka_pots_on_the_stove_table_5,KITCHEN_SCENE8_put_both_moka_pots_on_the_stove,Background Textures,,,,,,,table_5,
KITCHEN_SCENE8_put_both_moka_pots_on_the_stove_table_7,KITCHEN_SCENE8_put_both_moka_pots_on_the_stove,Background Textures,,,,,,,table_7,
KITCHEN_SCENE8_put_both_moka_pots_on_the_stove_table_9,KITCHEN_SCENE8_put_both_moka_pots_on_the_stove,Background Textures,,,,,,,table_9,
KITCHEN_SCENE8_put_both_moka_pots_on_the_stove_tb_10,KITCHEN_SCENE8_put_both_moka_pots_on_the_stove,Background Textures,,,,,,,tb_10,
KITCHEN_SCENE8_put_both_moka_pots_on_the_stove_tb_12,KITCHEN_SCENE8_put_both_moka_pots_on_the_stove,Background Textures,,,,,,,tb_12,
KITCHEN_SCENE8_put_both_moka_pots_on_the_stove_tb_14,KITCHEN_SCENE8_put_both_moka_pots_on_the_stove,Background Textures,,,,,,,tb_14,
KITCHEN_SCENE8_put_both_moka_pots_on_the_stove_tb_15,KITCHEN_SCENE8_put_both_moka_pots_on_the_stove,Background Textures,,,,,,,tb_15,
KITCHEN_SCENE8_put_both_moka_pots_on_the_stove_tb_17,KITCHEN_SCENE8_put_both_moka_pots_on_the_stove,Background Textures,,,,,,,tb_17,
KITCHEN_SCENE8_put_both_moka_pots_on_the_stove_tb_18,KITCHEN_SCENE8_put_both_moka_pots_on_the_stove,Background Textures,,,,,,,tb_18,
KITCHEN_SCENE8_put_both_moka_pots_on_the_stove_tb_19,KITCHEN_SCENE8_put_both_moka_pots_on_the_stove,Background Textures,,,,,,,tb_19,
KITCHEN_SCENE8_put_both_moka_pots_on_the_stove_tb_2,KITCHEN_SCENE8_put_both_moka_pots_on_the_stove,Background Textures,,,,,,,tb_2,
KITCHEN_SCENE8_put_both_moka_pots_on_the_stove_tb_20,KITCHEN_SCENE8_put_both_moka_pots_on_the_stove,Background Textures,,,,,,,tb_20,
KITCHEN_SCENE8_put_both_moka_pots_on_the_stove_tb_21,KITCHEN_SCENE8_put_both_moka_pots_on_the_stove,Background Textures,,,,,,,tb_21,
KITCHEN_SCENE8_put_both_moka_pots_on_the_stove_tb_3,KITCHEN_SCENE8_put_both_moka_pots_on_the_stove,Background Textures,,,,,,,tb_3,
KITCHEN_SCENE8_put_both_moka_pots_on_the_stove_tb_9,KITCHEN_SCENE8_put_both_moka_pots_on_the_stove,Background Textures,,,,,,,tb_9,
KITCHEN_SCENE8_put_both_moka_pots_on_the_stove_view_0_0_100_0_0_initstate_109,KITCHEN_SCENE8_put_both_moka_pots_on_the_stove,Robot Initial States,,initstate_109,,,,,,view_0
KITCHEN_SCENE8_put_both_moka_pots_on_the_stove_view_0_0_100_0_0_initstate_139,KITCHEN_SCENE8_put_both_moka_pots_on_the_stove,Robot Initial States,,initstate_139,,,,,,view_0
KITCHEN_SCENE8_put_both_moka_pots_on_the_stove_view_0_0_100_0_0_initstate_149,KITCHEN_SCENE8_put_both_moka_pots_on_the_stove,Robot Initial States,,initstate_149,,,,,,view_0
KITCHEN_SCENE8_put_both_moka_pots_on_the_stove_view_0_0_100_0_0_initstate_159,KITCHEN_SCENE8_put_both_moka_pots_on_the_stove,Robot Initial States,,initstate_159,,,,,,view_0
KITCHEN_SCENE8_put_both_moka_pots_on_the_stove_view_0_0_100_0_0_initstate_169,KITCHEN_SCENE8_put_both_moka_pots_on_the_stove,Robot Initial States,,initstate_169,,,,,,view_0
KITCHEN_SCENE8_put_both_moka_pots_on_the_stove_view_0_0_100_0_0_initstate_209,KITCHEN_SCENE8_put_both_moka_pots_on_the_stove,Robot Initial States,,initstate_209,,,,,,view_0
KITCHEN_SCENE8_put_both_moka_pots_on_the_stove_view_0_0_100_0_0_initstate_219,KITCHEN_SCENE8_put_both_moka_pots_on_the_stove,Robot Initial States,,initstate_219,,,,,,view_0
KITCHEN_SCENE8_put_both_moka_pots_on_the_stove_view_0_0_100_0_0_initstate_229,KITCHEN_SCENE8_put_both_moka_pots_on_the_stove,Robot Initial States,,initstate_229,,,,,,view_0
KITCHEN_SCENE8_put_both_moka_pots_on_the_stove_view_0_0_100_0_0_initstate_239,KITCHEN_SCENE8_put_both_moka_pots_on_the_stove,Robot Initial States,,initstate_239,,,,,,view_0
KITCHEN_SCENE8_put_both_moka_pots_on_the_stove_view_0_0_100_0_0_initstate_249,KITCHEN_SCENE8_put_both_moka_pots_on_the_stove,Robot Initial States,,initstate_249,,,,,,view_0
KITCHEN_SCENE8_put_both_moka_pots_on_the_stove_view_0_0_100_0_0_initstate_259,KITCHEN_SCENE8_put_both_moka_pots_on_the_stove,Robot Initial States,,initstate_259,,,,,,view_0
KITCHEN_SCENE8_put_both_moka_pots_on_the_stove_view_0_0_100_0_0_initstate_269,KITCHEN_SCENE8_put_both_moka_pots_on_the_stove,Robot Initial States,,initstate_269,,,,,,view_0
KITCHEN_SCENE8_put_both_moka_pots_on_the_stove_view_0_0_100_0_0_initstate_279,KITCHEN_SCENE8_put_both_moka_pots_on_the_stove,Robot Initial States,,initstate_279,,,,,,view_0
KITCHEN_SCENE8_put_both_moka_pots_on_the_stove_view_0_0_100_0_0_initstate_289,KITCHEN_SCENE8_put_both_moka_pots_on_the_stove,Robot Initial States,,initstate_289,,,,,,view_0
KITCHEN_SCENE8_put_both_moka_pots_on_the_stove_view_0_0_100_0_0_initstate_299,KITCHEN_SCENE8_put_both_moka_pots_on_the_stove,Robot Initial States,,initstate_299,,,,,,view_0
KITCHEN_SCENE8_put_both_moka_pots_on_the_stove_view_0_0_100_0_0_initstate_309,KITCHEN_SCENE8_put_both_moka_pots_on_the_stove,Robot Initial States,,initstate_309,,,,,,view_0
KITCHEN_SCENE8_put_both_moka_pots_on_the_stove_view_0_0_100_0_0_initstate_319,KITCHEN_SCENE8_put_both_moka_pots_on_the_stove,Robot Initial States,,initstate_319,,,,,,view_0
KITCHEN_SCENE8_put_both_moka_pots_on_the_stove_view_0_0_100_0_0_initstate_329,KITCHEN_SCENE8_put_both_moka_pots_on_the_stove,Robot Initial States,,initstate_329,,,,,,view_0
KITCHEN_SCENE8_put_both_moka_pots_on_the_stove_view_0_0_100_0_0_initstate_339,KITCHEN_SCENE8_put_both_moka_pots_on_the_stove,Robot Initial States,,initstate_339,,,,,,view_0
KITCHEN_SCENE8_put_both_moka_pots_on_the_stove_view_0_0_100_0_0_initstate_359,KITCHEN_SCENE8_put_both_moka_pots_on_the_stove,Robot Initial States,,initstate_359,,,,,,view_0
KITCHEN_SCENE8_put_both_moka_pots_on_the_stove_view_0_0_100_0_0_initstate_369,KITCHEN_SCENE8_put_both_moka_pots_on_the_stove,Robot Initial States,,initstate_369,,,,,,view_0
KITCHEN_SCENE8_put_both_moka_pots_on_the_stove_view_0_0_100_0_0_initstate_379,KITCHEN_SCENE8_put_both_moka_pots_on_the_stove,Robot Initial States,,initstate_379,,,,,,view_0
KITCHEN_SCENE8_put_both_moka_pots_on_the_stove_view_0_0_100_0_0_initstate_389,KITCHEN_SCENE8_put_both_moka_pots_on_the_stove,Robot Initial States,,initstate_389,,,,,,view_0
KITCHEN_SCENE8_put_both_moka_pots_on_the_stove_view_0_0_100_0_0_initstate_399,KITCHEN_SCENE8_put_both_moka_pots_on_the_stove,Robot Initial States,,initstate_399,,,,,,view_0
KITCHEN_SCENE8_put_both_moka_pots_on_the_stove_view_0_0_100_0_0_initstate_409,KITCHEN_SCENE8_put_both_moka_pots_on_the_stove,Robot Initial States,,initstate_409,,,,,,view_0
KITCHEN_SCENE8_put_both_moka_pots_on_the_stove_view_0_0_100_0_0_initstate_419,KITCHEN_SCENE8_put_both_moka_pots_on_the_stove,Robot Initial States,,initstate_419,,,,,,view_0
KITCHEN_SCENE8_put_both_moka_pots_on_the_stove_view_0_0_100_0_0_initstate_429,KITCHEN_SCENE8_put_both_moka_pots_on_the_stove,Robot Initial States,,initstate_429,,,,,,view_0
KITCHEN_SCENE8_put_both_moka_pots_on_the_stove_view_0_0_100_0_0_initstate_439,KITCHEN_SCENE8_put_both_moka_pots_on_the_stove,Robot Initial States,,initstate_439,,,,,,view_0
KITCHEN_SCENE8_put_both_moka_pots_on_the_stove_view_0_0_100_0_0_initstate_449,KITCHEN_SCENE8_put_both_moka_pots_on_the_stove,Robot Initial States,,initstate_449,,,,,,view_0
KITCHEN_SCENE8_put_both_moka_pots_on_the_stove_view_0_0_100_0_0_initstate_459,KITCHEN_SCENE8_put_both_moka_pots_on_the_stove,Robot Initial States,,initstate_459,,,,,,view_0
KITCHEN_SCENE8_put_both_moka_pots_on_the_stove_view_0_0_100_0_0_initstate_469,KITCHEN_SCENE8_put_both_moka_pots_on_the_stove,Robot Initial States,,initstate_469,,,,,,view_0
KITCHEN_SCENE8_put_both_moka_pots_on_the_stove_view_0_0_100_0_0_initstate_479,KITCHEN_SCENE8_put_both_moka_pots_on_the_stove,Robot Initial States,,initstate_479,,,,,,view_0
KITCHEN_SCENE8_put_both_moka_pots_on_the_stove_view_0_0_100_0_0_initstate_489,KITCHEN_SCENE8_put_both_moka_pots_on_the_stove,Robot Initial States,,initstate_489,,,,,,view_0
KITCHEN_SCENE8_put_both_moka_pots_on_the_stove_view_0_0_100_0_0_initstate_499,KITCHEN_SCENE8_put_both_moka_pots_on_the_stove,Robot Initial States,,initstate_499,,,,,,view_0
KITCHEN_SCENE8_put_both_moka_pots_on_the_stove_view_0_0_181_0_0_initstate_0,KITCHEN_SCENE8_put_both_moka_pots_on_the_stove,Camera Viewpoints,,initstate_0,,,,,,view_0
KITCHEN_SCENE8_put_both_moka_pots_on_the_stove_view_0_0_182_0_0_initstate_0,KITCHEN_SCENE8_put_both_moka_pots_on_the_stove,Camera Viewpoints,,initstate_0,,,,,,view_0
KITCHEN_SCENE8_put_both_moka_pots_on_the_stove_view_0_0_183_0_0_initstate_0,KITCHEN_SCENE8_put_both_moka_pots_on_the_stove,Camera Viewpoints,,initstate_0,,,,,,view_0
KITCHEN_SCENE8_put_both_moka_pots_on_the_stove_view_0_0_184_0_0_initstate_0,KITCHEN_SCENE8_put_both_moka_pots_on_the_stove,Camera Viewpoints,,initstate_0,,,,,,view_0
KITCHEN_SCENE8_put_both_moka_pots_on_the_stove_view_0_0_186_0_0_initstate_0,KITCHEN_SCENE8_put_both_moka_pots_on_the_stove,Camera Viewpoints,,initstate_0,,,,,,view_0
KITCHEN_SCENE8_put_both_moka_pots_on_the_stove_view_0_0_187_0_0_initstate_0,KITCHEN_SCENE8_put_both_moka_pots_on_the_stove,Camera Viewpoints,,initstate_0,,,,,,view_0
KITCHEN_SCENE8_put_both_moka_pots_on_the_stove_view_0_0_188_0_0_initstate_0,KITCHEN_SCENE8_put_both_moka_pots_on_the_stove,Camera Viewpoints,,initstate_0,,,,,,view_0
KITCHEN_SCENE8_put_both_moka_pots_on_the_stove_view_0_0_189_0_0_initstate_0,KITCHEN_SCENE8_put_both_moka_pots_on_the_stove,Camera Viewpoints,,initstate_0,,,,,,view_0
KITCHEN_SCENE8_put_both_moka_pots_on_the_stove_view_0_0_190_0_0_initstate_0,KITCHEN_SCENE8_put_both_moka_pots_on_the_stove,Camera Viewpoints,,initstate_0,,,,,,view_0
KITCHEN_SCENE8_put_both_moka_pots_on_the_stove_view_0_0_100_356_4_initstate_0,KITCHEN_SCENE8_put_both_moka_pots_on_the_stove,Camera Viewpoints,,initstate_0,,,,,,view_0
KITCHEN_SCENE8_put_both_moka_pots_on_the_stove_view_0_0_100_356_6_initstate_0,KITCHEN_SCENE8_put_both_moka_pots_on_the_stove,Camera Viewpoints,,initstate_0,,,,,,view_0
KITCHEN_SCENE8_put_both_moka_pots_on_the_stove_view_0_0_100_356_8_initstate_0,KITCHEN_SCENE8_put_both_moka_pots_on_the_stove,Camera Viewpoints,,initstate_0,,,,,,view_0
KITCHEN_SCENE8_put_both_moka_pots_on_the_stove_view_0_0_100_356_10_initstate_0,KITCHEN_SCENE8_put_both_moka_pots_on_the_stove,Camera Viewpoints,,initstate_0,,,,,,view_0
KITCHEN_SCENE8_put_both_moka_pots_on_the_stove_view_0_0_100_356_350_initstate_0,KITCHEN_SCENE8_put_both_moka_pots_on_the_stove,Camera Viewpoints,,initstate_0,,,,,,view_0
KITCHEN_SCENE8_put_both_moka_pots_on_the_stove_view_0_0_100_356_352_initstate_0,KITCHEN_SCENE8_put_both_moka_pots_on_the_stove,Camera Viewpoints,,initstate_0,,,,,,view_0
KITCHEN_SCENE8_put_both_moka_pots_on_the_stove_view_0_0_100_356_354_initstate_0,KITCHEN_SCENE8_put_both_moka_pots_on_the_stove,Camera Viewpoints,,initstate_0,,,,,,view_0
KITCHEN_SCENE8_put_both_moka_pots_on_the_stove_view_330_0_100_0_0_initstate_0,KITCHEN_SCENE8_put_both_moka_pots_on_the_stove,Camera Viewpoints,,initstate_0,,,,,,view_330
KITCHEN_SCENE8_put_both_moka_pots_on_the_stove_view_330_15_100_0_0_initstate_0,KITCHEN_SCENE8_put_both_moka_pots_on_the_stove,Camera Viewpoints,,initstate_0,,,,,,view_330
KITCHEN_SCENE8_put_both_moka_pots_on_the_stove_view_331_0_100_0_0_initstate_0,KITCHEN_SCENE8_put_both_moka_pots_on_the_stove,Camera Viewpoints,,initstate_0,,,,,,view_331
KITCHEN_SCENE8_put_both_moka_pots_on_the_stove_view_331_15_100_0_0_initstate_0,KITCHEN_SCENE8_put_both_moka_pots_on_the_stove,Camera Viewpoints,,initstate_0,,,,,,view_331
KITCHEN_SCENE8_put_both_moka_pots_on_the_stove_view_332_0_100_0_0_initstate_0,KITCHEN_SCENE8_put_both_moka_pots_on_the_stove,Camera Viewpoints,,initstate_0,,,,,,view_332
KITCHEN_SCENE8_put_both_moka_pots_on_the_stove_view_332_15_100_0_0_initstate_0,KITCHEN_SCENE8_put_both_moka_pots_on_the_stove,Camera Viewpoints,,initstate_0,,,,,,view_332
KITCHEN_SCENE8_put_both_moka_pots_on_the_stove_view_333_0_100_0_0_initstate_0,KITCHEN_SCENE8_put_both_moka_pots_on_the_stove,Camera Viewpoints,,initstate_0,,,,,,view_333
KITCHEN_SCENE8_put_both_moka_pots_on_the_stove_view_333_15_100_0_0_initstate_0,KITCHEN_SCENE8_put_both_moka_pots_on_the_stove,Camera Viewpoints,,initstate_0,,,,,,view_333
KITCHEN_SCENE8_put_both_moka_pots_on_the_stove_view_334_0_100_0_0_initstate_0,KITCHEN_SCENE8_put_both_moka_pots_on_the_stove,Camera Viewpoints,,initstate_0,,,,,,view_334
KITCHEN_SCENE8_put_both_moka_pots_on_the_stove_view_334_15_100_0_0_initstate_0,KITCHEN_SCENE8_put_both_moka_pots_on_the_stove,Camera Viewpoints,,initstate_0,,,,,,view_334
KITCHEN_SCENE8_put_both_moka_pots_on_the_stove_view_335_15_100_0_0_initstate_0,KITCHEN_SCENE8_put_both_moka_pots_on_the_stove,Camera Viewpoints,,initstate_0,,,,,,view_335
KITCHEN_SCENE8_put_both_moka_pots_on_the_stove_view_336_0_100_0_0_initstate_0,KITCHEN_SCENE8_put_both_moka_pots_on_the_stove,Camera Viewpoints,,initstate_0,,,,,,view_336
KITCHEN_SCENE8_put_both_moka_pots_on_the_stove_view_336_15_100_0_0_initstate_0,KITCHEN_SCENE8_put_both_moka_pots_on_the_stove,Camera Viewpoints,,initstate_0,,,,,,view_336
KITCHEN_SCENE8_put_both_moka_pots_on_the_stove_view_337_0_100_0_0_initstate_0,KITCHEN_SCENE8_put_both_moka_pots_on_the_stove,Camera Viewpoints,,initstate_0,,,,,,view_337
KITCHEN_SCENE8_put_both_moka_pots_on_the_stove_view_338_0_100_0_0_initstate_0,KITCHEN_SCENE8_put_both_moka_pots_on_the_stove,Camera Viewpoints,,initstate_0,,,,,,view_338
KITCHEN_SCENE8_put_both_moka_pots_on_the_stove_view_338_15_100_0_0_initstate_0,KITCHEN_SCENE8_put_both_moka_pots_on_the_stove,Camera Viewpoints,,initstate_0,,,,,,view_338
KITCHEN_SCENE8_put_both_moka_pots_on_the_stove_view_339_0_100_0_0_initstate_0,KITCHEN_SCENE8_put_both_moka_pots_on_the_stove,Camera Viewpoints,,initstate_0,,,,,,view_339
KITCHEN_SCENE8_put_both_moka_pots_on_the_stove_view_339_15_100_0_0_initstate_0,KITCHEN_SCENE8_put_both_moka_pots_on_the_stove,Camera Viewpoints,,initstate_0,,,,,,view_339
KITCHEN_SCENE8_put_both_moka_pots_on_the_stove_view_340_0_100_0_0_initstate_0,KITCHEN_SCENE8_put_both_moka_pots_on_the_stove,Camera Viewpoints,,initstate_0,,,,,,view_340
KITCHEN_SCENE8_put_both_moka_pots_on_the_stove_view_340_15_100_0_0_initstate_0,KITCHEN_SCENE8_put_both_moka_pots_on_the_stove,Camera Viewpoints,,initstate_0,,,,,,view_340
KITCHEN_SCENE8_put_both_moka_pots_on_the_stove_view_341_0_100_0_0_initstate_0,KITCHEN_SCENE8_put_both_moka_pots_on_the_stove,Camera Viewpoints,,initstate_0,,,,,,view_341
KITCHEN_SCENE8_put_both_moka_pots_on_the_stove_view_341_15_100_0_0_initstate_0,KITCHEN_SCENE8_put_both_moka_pots_on_the_stove,Camera Viewpoints,,initstate_0,,,,,,view_341
KITCHEN_SCENE8_put_both_moka_pots_on_the_stove_view_342_15_100_0_0_initstate_0,KITCHEN_SCENE8_put_both_moka_pots_on_the_stove,Camera Viewpoints,,initstate_0,,,,,,view_342
KITCHEN_SCENE8_put_both_moka_pots_on_the_stove_view_343_0_100_0_0_initstate_0,KITCHEN_SCENE8_put_both_moka_pots_on_the_stove,Camera Viewpoints,,initstate_0,,,,,,view_343
KITCHEN_SCENE8_put_both_moka_pots_on_the_stove_view_343_15_100_0_0_initstate_0,KITCHEN_SCENE8_put_both_moka_pots_on_the_stove,Camera Viewpoints,,initstate_0,,,,,,view_343
KITCHEN_SCENE8_put_both_moka_pots_on_the_stove_view_344_0_100_0_0_initstate_0,KITCHEN_SCENE8_put_both_moka_pots_on_the_stove,Camera Viewpoints,,initstate_0,,,,,,view_344
KITCHEN_SCENE8_put_both_moka_pots_on_the_stove_view_344_15_100_0_0_initstate_0,KITCHEN_SCENE8_put_both_moka_pots_on_the_stove,Camera Viewpoints,,initstate_0,,,,,,view_344
KITCHEN_SCENE8_put_both_moka_pots_on_the_stove_language_1_view_0_0_100_0_0_initstate_0,KITCHEN_SCENE8_put_both_moka_pots_on_the_stove,Language Instructions,,initstate_0,language_1,,,,,view_0
KITCHEN_SCENE8_put_both_moka_pots_on_the_stove_language_4_view_0_0_100_0_0_initstate_0,KITCHEN_SCENE8_put_both_moka_pots_on_the_stove,Language Instructions,,initstate_0,language_4,,,,,view_0
KITCHEN_SCENE8_put_both_moka_pots_on_the_stove_language_5_view_0_0_100_0_0_initstate_0,KITCHEN_SCENE8_put_both_moka_pots_on_the_stove,Language Instructions,,initstate_0,language_5,,,,,view_0
KITCHEN_SCENE8_put_both_moka_pots_on_the_stove_language_6_view_0_0_100_0_0_initstate_0,KITCHEN_SCENE8_put_both_moka_pots_on_the_stove,Language Instructions,,initstate_0,language_6,,,,,view_0
KITCHEN_SCENE8_put_both_moka_pots_on_the_stove_language_7_view_0_0_100_0_0_initstate_0,KITCHEN_SCENE8_put_both_moka_pots_on_the_stove,Language Instructions,,initstate_0,language_7,,,,,view_0
KITCHEN_SCENE8_put_both_moka_pots_on_the_stove_language_9_view_0_0_100_0_0_initstate_0,KITCHEN_SCENE8_put_both_moka_pots_on_the_stove,Language Instructions,,initstate_0,language_9,,,,,view_0
KITCHEN_SCENE8_put_both_moka_pots_on_the_stove_language_12_view_0_0_100_0_0_initstate_0,KITCHEN_SCENE8_put_both_moka_pots_on_the_stove,Language Instructions,,initstate_0,language_12,,,,,view_0
KITCHEN_SCENE8_put_both_moka_pots_on_the_stove_language_13_view_0_0_100_0_0_initstate_0,KITCHEN_SCENE8_put_both_moka_pots_on_the_stove,Language Instructions,,initstate_0,language_13,,,,,view_0
KITCHEN_SCENE8_put_both_moka_pots_on_the_stove_language_14_view_0_0_100_0_0_initstate_0,KITCHEN_SCENE8_put_both_moka_pots_on_the_stove,Language Instructions,,initstate_0,language_14,,,,,view_0
KITCHEN_SCENE8_put_both_moka_pots_on_the_stove_language_16_view_0_0_100_0_0_initstate_0,KITCHEN_SCENE8_put_both_moka_pots_on_the_stove,Language Instructions,,initstate_0,language_16,,,,,view_0
KITCHEN_SCENE8_put_both_moka_pots_on_the_stove_language_17_view_0_0_100_0_0_initstate_0,KITCHEN_SCENE8_put_both_moka_pots_on_the_stove,Language Instructions,,initstate_0,language_17,,,,,view_0
KITCHEN_SCENE8_put_both_moka_pots_on_the_stove_language_18_view_0_0_100_0_0_initstate_0,KITCHEN_SCENE8_put_both_moka_pots_on_the_stove,Language Instructions,,initstate_0,language_18,,,,,view_0
KITCHEN_SCENE8_put_both_moka_pots_on_the_stove_language_19_view_0_0_100_0_0_initstate_0,KITCHEN_SCENE8_put_both_moka_pots_on_the_stove,Language Instructions,,initstate_0,language_19,,,,,view_0
KITCHEN_SCENE8_put_both_moka_pots_on_the_stove_language_20_view_0_0_100_0_0_initstate_0,KITCHEN_SCENE8_put_both_moka_pots_on_the_stove,Language Instructions,,initstate_0,language_20,,,,,view_0
KITCHEN_SCENE8_put_both_moka_pots_on_the_stove_language_21_view_0_0_100_0_0_initstate_0,KITCHEN_SCENE8_put_both_moka_pots_on_the_stove,Language Instructions,,initstate_0,language_21,,,,,view_0
KITCHEN_SCENE8_put_both_moka_pots_on_the_stove_language_24_view_0_0_100_0_0_initstate_0,KITCHEN_SCENE8_put_both_moka_pots_on_the_stove,Language Instructions,,initstate_0,language_24,,,,,view_0
KITCHEN_SCENE8_put_both_moka_pots_on_the_stove_language_26_view_0_0_100_0_0_initstate_0,KITCHEN_SCENE8_put_both_moka_pots_on_the_stove,Language Instructions,,initstate_0,language_26,,,,,view_0
KITCHEN_SCENE8_put_both_moka_pots_on_the_stove_language_28_view_0_0_100_0_0_initstate_0,KITCHEN_SCENE8_put_both_moka_pots_on_the_stove,Language Instructions,,initstate_0,language_28,,,,,view_0
KITCHEN_SCENE8_put_both_moka_pots_on_the_stove_language_31_view_0_0_100_0_0_initstate_0,KITCHEN_SCENE8_put_both_moka_pots_on_the_stove,Language Instructions,,initstate_0,language_31,,,,,view_0
KITCHEN_SCENE8_put_both_moka_pots_on_the_stove_language_32_view_0_0_100_0_0_initstate_0,KITCHEN_SCENE8_put_both_moka_pots_on_the_stove,Language Instructions,,initstate_0,language_32,,,,,view_0
KITCHEN_SCENE8_put_both_moka_pots_on_the_stove_language_33_view_0_0_100_0_0_initstate_0,KITCHEN_SCENE8_put_both_moka_pots_on_the_stove,Language Instructions,,initstate_0,language_33,,,,,view_0
KITCHEN_SCENE8_put_both_moka_pots_on_the_stove_language_35_view_0_0_100_0_0_initstate_0,KITCHEN_SCENE8_put_both_moka_pots_on_the_stove,Language Instructions,,initstate_0,language_35,,,,,view_0
KITCHEN_SCENE8_put_both_moka_pots_on_the_stove_language_37_view_0_0_100_0_0_initstate_0,KITCHEN_SCENE8_put_both_moka_pots_on_the_stove,Language Instructions,,initstate_0,language_37,,,,,view_0
KITCHEN_SCENE8_put_both_moka_pots_on_the_stove_language_40_view_0_0_100_0_0_initstate_0,KITCHEN_SCENE8_put_both_moka_pots_on_the_stove,Language Instructions,,initstate_0,language_40,,,,,view_0
KITCHEN_SCENE8_put_both_moka_pots_on_the_stove_language_41_view_0_0_100_0_0_initstate_0,KITCHEN_SCENE8_put_both_moka_pots_on_the_stove,Language Instructions,,initstate_0,language_41,,,,,view_0
KITCHEN_SCENE8_put_both_moka_pots_on_the_stove_language_43_view_0_0_100_0_0_initstate_0,KITCHEN_SCENE8_put_both_moka_pots_on_the_stove,Language Instructions,,initstate_0,language_43,,,,,view_0
KITCHEN_SCENE8_put_both_moka_pots_on_the_stove_language_46_view_0_0_100_0_0_initstate_0,KITCHEN_SCENE8_put_both_moka_pots_on_the_stove,Language Instructions,,initstate_0,language_46,,,,,view_0
KITCHEN_SCENE8_put_both_moka_pots_on_the_stove_language_47_view_0_0_100_0_0_initstate_0,KITCHEN_SCENE8_put_both_moka_pots_on_the_stove,Language Instructions,,initstate_0,language_47,,,,,view_0
KITCHEN_SCENE8_put_both_moka_pots_on_the_stove_language_49_view_0_0_100_0_0_initstate_0,KITCHEN_SCENE8_put_both_moka_pots_on_the_stove,Language Instructions,,initstate_0,language_49,,,,,view_0
KITCHEN_SCENE8_put_both_moka_pots_on_the_stove_language_50_view_0_0_100_0_0_initstate_0,KITCHEN_SCENE8_put_both_moka_pots_on_the_stove,Language Instructions,,initstate_0,language_50,,,,,view_0
KITCHEN_SCENE8_put_both_moka_pots_on_the_stove_view_0_0_100_0_0_initstate_0_noise_1,KITCHEN_SCENE8_put_both_moka_pots_on_the_stove,Sensor Noise,,initstate_0,,,,noise_1,,view_0
KITCHEN_SCENE8_put_both_moka_pots_on_the_stove_view_0_0_100_0_0_initstate_0_noise_2,KITCHEN_SCENE8_put_both_moka_pots_on_the_stove,Sensor Noise,,initstate_0,,,,noise_2,,view_0
KITCHEN_SCENE8_put_both_moka_pots_on_the_stove_view_0_0_100_0_0_initstate_0_noise_3,KITCHEN_SCENE8_put_both_moka_pots_on_the_stove,Sensor Noise,,initstate_0,,,,noise_3,,view_0
KITCHEN_SCENE8_put_both_moka_pots_on_the_stove_view_0_0_100_0_0_initstate_0_noise_4,KITCHEN_SCENE8_put_both_moka_pots_on_the_stove,Sensor Noise,,initstate_0,,,,noise_4,,view_0
KITCHEN_SCENE8_put_both_moka_pots_on_the_stove_view_0_0_100_0_0_initstate_0_noise_5,KITCHEN_SCENE8_put_both_moka_pots_on_the_stove,Sensor Noise,,initstate_0,,,,noise_5,,view_0
KITCHEN_SCENE8_put_both_moka_pots_on_the_stove_view_0_0_100_0_0_initstate_0_noise_6,KITCHEN_SCENE8_put_both_moka_pots_on_the_stove,Sensor Noise,,initstate_0,,,,noise_6,,view_0
KITCHEN_SCENE8_put_both_moka_pots_on_the_stove_view_0_0_100_0_0_initstate_0_noise_7,KITCHEN_SCENE8_put_both_moka_pots_on_the_stove,Sensor Noise,,initstate_0,,,,noise_7,,view_0
KITCHEN_SCENE8_put_both_moka_pots_on_the_stove_view_0_0_100_0_0_initstate_0_noise_8,KITCHEN_SCENE8_put_both_moka_pots_on_the_stove,Sensor Noise,,initstate_0,,,,noise_8,,view_0
KITCHEN_SCENE8_put_both_moka_pots_on_the_stove_view_0_0_100_0_0_initstate_0_noise_9,KITCHEN_SCENE8_put_both_moka_pots_on_the_stove,Sensor Noise,,initstate_0,,,,noise_9,,view_0
KITCHEN_SCENE8_put_both_moka_pots_on_the_stove_view_0_0_100_0_0_initstate_0_noise_10,KITCHEN_SCENE8_put_both_moka_pots_on_the_stove,Sensor Noise,,initstate_0,,,,noise_10,,view_0
KITCHEN_SCENE8_put_both_moka_pots_on_the_stove_view_0_0_100_0_0_initstate_0_noise_11,KITCHEN_SCENE8_put_both_moka_pots_on_the_stove,Sensor Noise,,initstate_0,,,,noise_11,,view_0
KITCHEN_SCENE8_put_both_moka_pots_on_the_stove_view_0_0_100_0_0_initstate_0_noise_12,KITCHEN_SCENE8_put_both_moka_pots_on_the_stove,Sensor Noise,,initstate_0,,,,noise_12,,view_0
KITCHEN_SCENE8_put_both_moka_pots_on_the_stove_view_0_0_100_0_0_initstate_0_noise_13,KITCHEN_SCENE8_put_both_moka_pots_on_the_stove,Sensor Noise,,initstate_0,,,,noise_13,,view_0
KITCHEN_SCENE8_put_both_moka_pots_on_the_stove_view_0_0_100_0_0_initstate_0_noise_15,KITCHEN_SCENE8_put_both_moka_pots_on_the_stove,Sensor Noise,,initstate_0,,,,noise_15,,view_0
KITCHEN_SCENE8_put_both_moka_pots_on_the_stove_view_0_0_100_0_0_initstate_0_noise_16,KITCHEN_SCENE8_put_both_moka_pots_on_the_stove,Sensor Noise,,initstate_0,,,,noise_16,,view_0
KITCHEN_SCENE8_put_both_moka_pots_on_the_stove_view_0_0_100_0_0_initstate_0_noise_17,KITCHEN_SCENE8_put_both_moka_pots_on_the_stove,Sensor Noise,,initstate_0,,,,noise_17,,view_0
KITCHEN_SCENE8_put_both_moka_pots_on_the_stove_view_0_0_100_0_0_initstate_0_noise_18,KITCHEN_SCENE8_put_both_moka_pots_on_the_stove,Sensor Noise,,initstate_0,,,,noise_18,,view_0
KITCHEN_SCENE8_put_both_moka_pots_on_the_stove_view_0_0_100_0_0_initstate_0_noise_19,KITCHEN_SCENE8_put_both_moka_pots_on_the_stove,Sensor Noise,,initstate_0,,,,noise_19,,view_0
KITCHEN_SCENE8_put_both_moka_pots_on_the_stove_view_0_0_100_0_0_initstate_0_noise_20,KITCHEN_SCENE8_put_both_moka_pots_on_the_stove,Sensor Noise,,initstate_0,,,,noise_20,,view_0
KITCHEN_SCENE8_put_both_moka_pots_on_the_stove_view_0_0_100_0_0_initstate_0_noise_22,KITCHEN_SCENE8_put_both_moka_pots_on_the_stove,Sensor Noise,,initstate_0,,,,noise_22,,view_0
KITCHEN_SCENE8_put_both_moka_pots_on_the_stove_view_0_0_100_0_0_initstate_0_noise_24,KITCHEN_SCENE8_put_both_moka_pots_on_the_stove,Sensor Noise,,initstate_0,,,,noise_24,,view_0
KITCHEN_SCENE8_put_both_moka_pots_on_the_stove_view_0_0_100_0_0_initstate_0_noise_25,KITCHEN_SCENE8_put_both_moka_pots_on_the_stove,Sensor Noise,,initstate_0,,,,noise_25,,view_0
KITCHEN_SCENE8_put_both_moka_pots_on_the_stove_view_0_0_100_0_0_initstate_0_noise_26,KITCHEN_SCENE8_put_both_moka_pots_on_the_stove,Sensor Noise,,initstate_0,,,,noise_26,,view_0
KITCHEN_SCENE8_put_both_moka_pots_on_the_stove_view_0_0_100_0_0_initstate_0_noise_27,KITCHEN_SCENE8_put_both_moka_pots_on_the_stove,Sensor Noise,,initstate_0,,,,noise_27,,view_0
KITCHEN_SCENE8_put_both_moka_pots_on_the_stove_view_0_0_100_0_0_initstate_0_noise_28,KITCHEN_SCENE8_put_both_moka_pots_on_the_stove,Sensor Noise,,initstate_0,,,,noise_28,,view_0
KITCHEN_SCENE8_put_both_moka_pots_on_the_stove_view_0_0_100_0_0_initstate_0_noise_29,KITCHEN_SCENE8_put_both_moka_pots_on_the_stove,Sensor Noise,,initstate_0,,,,noise_29,,view_0
KITCHEN_SCENE8_put_both_moka_pots_on_the_stove_view_0_0_100_0_0_initstate_0_noise_30,KITCHEN_SCENE8_put_both_moka_pots_on_the_stove,Sensor Noise,,initstate_0,,,,noise_30,,view_0
KITCHEN_SCENE8_put_both_moka_pots_on_the_stove_view_0_0_100_0_0_initstate_0_noise_31,KITCHEN_SCENE8_put_both_moka_pots_on_the_stove,Sensor Noise,,initstate_0,,,,noise_31,,view_0
KITCHEN_SCENE8_put_both_moka_pots_on_the_stove_view_0_0_100_0_0_initstate_0_noise_32,KITCHEN_SCENE8_put_both_moka_pots_on_the_stove,Sensor Noise,,initstate_0,,,,noise_32,,view_0
KITCHEN_SCENE8_put_both_moka_pots_on_the_stove_view_0_0_100_0_0_initstate_0_noise_33,KITCHEN_SCENE8_put_both_moka_pots_on_the_stove,Sensor Noise,,initstate_0,,,,noise_33,,view_0
KITCHEN_SCENE8_put_both_moka_pots_on_the_stove_view_0_0_100_0_0_initstate_0_noise_34,KITCHEN_SCENE8_put_both_moka_pots_on_the_stove,Sensor Noise,,initstate_0,,,,noise_34,,view_0
KITCHEN_SCENE8_put_both_moka_pots_on_the_stove_view_0_0_100_0_0_initstate_0_noise_35,KITCHEN_SCENE8_put_both_moka_pots_on_the_stove,Sensor Noise,,initstate_0,,,,noise_35,,view_0
KITCHEN_SCENE8_put_both_moka_pots_on_the_stove_view_0_0_100_0_0_initstate_0_noise_36,KITCHEN_SCENE8_put_both_moka_pots_on_the_stove,Sensor Noise,,initstate_0,,,,noise_36,,view_0
KITCHEN_SCENE8_put_both_moka_pots_on_the_stove_view_0_0_100_0_0_initstate_0_noise_37,KITCHEN_SCENE8_put_both_moka_pots_on_the_stove,Sensor Noise,,initstate_0,,,,noise_37,,view_0
KITCHEN_SCENE8_put_both_moka_pots_on_the_stove_view_0_0_100_0_0_initstate_0_noise_38,KITCHEN_SCENE8_put_both_moka_pots_on_the_stove,Sensor Noise,,initstate_0,,,,noise_38,,view_0
KITCHEN_SCENE8_put_both_moka_pots_on_the_stove_view_0_0_100_0_0_initstate_0_noise_39,KITCHEN_SCENE8_put_both_moka_pots_on_the_stove,Sensor Noise,,initstate_0,,,,noise_39,,view_0
KITCHEN_SCENE8_put_both_moka_pots_on_the_stove_view_0_0_100_0_0_initstate_0_noise_40,KITCHEN_SCENE8_put_both_moka_pots_on_the_stove,Sensor Noise,,initstate_0,,,,noise_40,,view_0
KITCHEN_SCENE8_put_both_moka_pots_on_the_stove_view_0_0_100_0_0_initstate_0_noise_41,KITCHEN_SCENE8_put_both_moka_pots_on_the_stove,Sensor Noise,,initstate_0,,,,noise_41,,view_0
KITCHEN_SCENE8_put_both_moka_pots_on_the_stove_view_0_0_100_0_0_initstate_0_noise_42,KITCHEN_SCENE8_put_both_moka_pots_on_the_stove,Sensor Noise,,initstate_0,,,,noise_42,,view_0
KITCHEN_SCENE8_put_both_moka_pots_on_the_stove_view_0_0_100_0_0_initstate_0_noise_43,KITCHEN_SCENE8_put_both_moka_pots_on_the_stove,Sensor Noise,,initstate_0,,,,noise_43,,view_0
KITCHEN_SCENE8_put_both_moka_pots_on_the_stove_view_0_0_100_0_0_initstate_0_noise_44,KITCHEN_SCENE8_put_both_moka_pots_on_the_stove,Sensor Noise,,initstate_0,,,,noise_44,,view_0
KITCHEN_SCENE8_put_both_moka_pots_on_the_stove_view_0_0_100_0_0_initstate_0_noise_45,KITCHEN_SCENE8_put_both_moka_pots_on_the_stove,Sensor Noise,,initstate_0,,,,noise_45,,view_0
KITCHEN_SCENE8_put_both_moka_pots_on_the_stove_view_0_0_100_0_0_initstate_0_noise_47,KITCHEN_SCENE8_put_both_moka_pots_on_the_stove,Sensor Noise,,initstate_0,,,,noise_47,,view_0
KITCHEN_SCENE8_put_both_moka_pots_on_the_stove_view_0_0_100_0_0_initstate_0_noise_48,KITCHEN_SCENE8_put_both_moka_pots_on_the_stove,Sensor Noise,,initstate_0,,,,noise_48,,view_0
KITCHEN_SCENE8_put_both_moka_pots_on_the_stove_view_0_0_100_0_0_initstate_0_noise_49,KITCHEN_SCENE8_put_both_moka_pots_on_the_stove,Sensor Noise,,initstate_0,,,,noise_49,,view_0
KITCHEN_SCENE8_put_both_moka_pots_on_the_stove_view_0_0_100_0_0_initstate_0_noise_50,KITCHEN_SCENE8_put_both_moka_pots_on_the_stove,Sensor Noise,,initstate_0,,,,noise_50,,view_0
KITCHEN_SCENE8_put_both_moka_pots_on_the_stove_add_12,KITCHEN_SCENE8_put_both_moka_pots_on_the_stove,Objects Layout,add_12,,,,,,,
KITCHEN_SCENE8_put_both_moka_pots_on_the_stove_add_14,KITCHEN_SCENE8_put_both_moka_pots_on_the_stove,Objects Layout,add_14,,,,,,,
KITCHEN_SCENE8_put_both_moka_pots_on_the_stove_add_15,KITCHEN_SCENE8_put_both_moka_pots_on_the_stove,Objects Layout,add_15,,,,,,,
KITCHEN_SCENE8_put_both_moka_pots_on_the_stove_add_19,KITCHEN_SCENE8_put_both_moka_pots_on_the_stove,Objects Layout,add_19,,,,,,,
KITCHEN_SCENE8_put_both_moka_pots_on_the_stove_add_20,KITCHEN_SCENE8_put_both_moka_pots_on_the_stove,Objects Layout,add_20,,,,,,,
KITCHEN_SCENE8_put_both_moka_pots_on_the_stove_add_21,KITCHEN_SCENE8_put_both_moka_pots_on_the_stove,Objects Layout,add_21,,,,,,,
KITCHEN_SCENE8_put_both_moka_pots_on_the_stove_add_23,KITCHEN_SCENE8_put_both_moka_pots_on_the_stove,Objects Layout,add_23,,,,,,,
KITCHEN_SCENE8_put_both_moka_pots_on_the_stove_add_24,KITCHEN_SCENE8_put_both_moka_pots_on_the_stove,Objects Layout,add_24,,,,,,,
KITCHEN_SCENE8_put_both_moka_pots_on_the_stove_add_25,KITCHEN_SCENE8_put_both_moka_pots_on_the_stove,Objects Layout,add_25,,,,,,,
KITCHEN_SCENE8_put_both_moka_pots_on_the_stove_add_26,KITCHEN_SCENE8_put_both_moka_pots_on_the_stove,Objects Layout,add_26,,,,,,,
KITCHEN_SCENE8_put_both_moka_pots_on_the_stove_add_27,KITCHEN_SCENE8_put_both_moka_pots_on_the_stove,Objects Layout,add_27,,,,,,,
KITCHEN_SCENE8_put_both_moka_pots_on_the_stove_add_29,KITCHEN_SCENE8_put_both_moka_pots_on_the_stove,Objects Layout,add_29,,,,,,,
KITCHEN_SCENE8_put_both_moka_pots_on_the_stove_add_30,KITCHEN_SCENE8_put_both_moka_pots_on_the_stove,Objects Layout,add_30,,,,,,,
KITCHEN_SCENE8_put_both_moka_pots_on_the_stove_add_8,KITCHEN_SCENE8_put_both_moka_pots_on_the_stove,Objects Layout,add_8,,,,,,,
KITCHEN_SCENE8_put_both_moka_pots_on_the_stove_level1_sample4,KITCHEN_SCENE8_put_both_moka_pots_on_the_stove,Objects Layout,,,,level1_sample4,,,,
KITCHEN_SCENE8_put_both_moka_pots_on_the_stove_level3_sample1,KITCHEN_SCENE8_put_both_moka_pots_on_the_stove,Objects Layout,,,,level3_sample1,,,,
KITCHEN_SCENE8_put_both_moka_pots_on_the_stove_level3_sample2,KITCHEN_SCENE8_put_both_moka_pots_on_the_stove,Objects Layout,,,,level3_sample2,,,,
KITCHEN_SCENE8_put_both_moka_pots_on_the_stove_level3_sample3,KITCHEN_SCENE8_put_both_moka_pots_on_the_stove,Objects Layout,,,,level3_sample3,,,,
KITCHEN_SCENE8_put_both_moka_pots_on_the_stove_level4_sample1,KITCHEN_SCENE8_put_both_moka_pots_on_the_stove,Objects Layout,,,,level4_sample1,,,,
KITCHEN_SCENE8_put_both_moka_pots_on_the_stove_level4_sample2,KITCHEN_SCENE8_put_both_moka_pots_on_the_stove,Objects Layout,,,,level4_sample2,,,,
KITCHEN_SCENE8_put_both_moka_pots_on_the_stove_level4_sample3,KITCHEN_SCENE8_put_both_moka_pots_on_the_stove,Objects Layout,,,,level4_sample3,,,,
KITCHEN_SCENE8_put_both_moka_pots_on_the_stove_level4_sample4,KITCHEN_SCENE8_put_both_moka_pots_on_the_stove,Objects Layout,,,,level4_sample4,,,,
KITCHEN_SCENE8_put_both_moka_pots_on_the_stove_level5_sample1,KITCHEN_SCENE8_put_both_moka_pots_on_the_stove,Objects Layout,,,,level5_sample1,,,,
KITCHEN_SCENE8_put_both_moka_pots_on_the_stove_level5_sample2,KITCHEN_SCENE8_put_both_moka_pots_on_the_stove,Objects Layout,,,,level5_sample2,,,,
KITCHEN_SCENE8_put_both_moka_pots_on_the_stove_level5_sample3,KITCHEN_SCENE8_put_both_moka_pots_on_the_stove,Objects Layout,,,,level5_sample3,,,,
KITCHEN_SCENE8_put_both_moka_pots_on_the_stove_light_11,KITCHEN_SCENE8_put_both_moka_pots_on_the_stove,Light Conditions,,,,,light_11,,,
KITCHEN_SCENE8_put_both_moka_pots_on_the_stove_light_13,KITCHEN_SCENE8_put_both_moka_pots_on_the_stove,Light Conditions,,,,,light_13,,,
KITCHEN_SCENE8_put_both_moka_pots_on_the_stove_light_15,KITCHEN_SCENE8_put_both_moka_pots_on_the_stove,Light Conditions,,,,,light_15,,,
KITCHEN_SCENE8_put_both_moka_pots_on_the_stove_light_16,KITCHEN_SCENE8_put_both_moka_pots_on_the_stove,Light Conditions,,,,,light_16,,,
KITCHEN_SCENE8_put_both_moka_pots_on_the_stove_light_18,KITCHEN_SCENE8_put_both_moka_pots_on_the_stove,Light Conditions,,,,,light_18,,,
KITCHEN_SCENE8_put_both_moka_pots_on_the_stove_light_2,KITCHEN_SCENE8_put_both_moka_pots_on_the_stove,Light Conditions,,,,,light_2,,,
KITCHEN_SCENE8_put_both_moka_pots_on_the_stove_light_20,KITCHEN_SCENE8_put_both_moka_pots_on_the_stove,Light Conditions,,,,,light_20,,,
KITCHEN_SCENE8_put_both_moka_pots_on_the_stove_light_24,KITCHEN_SCENE8_put_both_moka_pots_on_the_stove,Light Conditions,,,,,light_24,,,
KITCHEN_SCENE8_put_both_moka_pots_on_the_stove_light_26,KITCHEN_SCENE8_put_both_moka_pots_on_the_stove,Light Conditions,,,,,light_26,,,
KITCHEN_SCENE8_put_both_moka_pots_on_the_stove_light_27,KITCHEN_SCENE8_put_both_moka_pots_on_the_stove,Light Conditions,,,,,light_27,,,
KITCHEN_SCENE8_put_both_moka_pots_on_the_stove_light_29,KITCHEN_SCENE8_put_both_moka_pots_on_the_stove,Light Conditions,,,,,light_29,,,
KITCHEN_SCENE8_put_both_moka_pots_on_the_stove_light_30,KITCHEN_SCENE8_put_both_moka_pots_on_the_stove,Light Conditions,,,,,light_30,,,
KITCHEN_SCENE8_put_both_moka_pots_on_the_stove_light_31,KITCHEN_SCENE8_put_both_moka_pots_on_the_stove,Light Conditions,,,,,light_31,,,
KITCHEN_SCENE8_put_both_moka_pots_on_the_stove_light_33,KITCHEN_SCENE8_put_both_moka_pots_on_the_stove,Light Conditions,,,,,light_33,,,
KITCHEN_SCENE8_put_both_moka_pots_on_the_stove_light_34,KITCHEN_SCENE8_put_both_moka_pots_on_the_stove,Light Conditions,,,,,light_34,,,
KITCHEN_SCENE8_put_both_moka_pots_on_the_stove_light_35,KITCHEN_SCENE8_put_both_moka_pots_on_the_stove,Light Conditions,,,,,light_35,,,
KITCHEN_SCENE8_put_both_moka_pots_on_the_stove_light_38,KITCHEN_SCENE8_put_both_moka_pots_on_the_stove,Light Conditions,,,,,light_38,,,
KITCHEN_SCENE8_put_both_moka_pots_on_the_stove_light_39,KITCHEN_SCENE8_put_both_moka_pots_on_the_stove,Light Conditions,,,,,light_39,,,
KITCHEN_SCENE8_put_both_moka_pots_on_the_stove_light_4,KITCHEN_SCENE8_put_both_moka_pots_on_the_stove,Light Conditions,,,,,light_4,,,
KITCHEN_SCENE8_put_both_moka_pots_on_the_stove_light_40,KITCHEN_SCENE8_put_both_moka_pots_on_the_stove,Light Conditions,,,,,light_40,,,
KITCHEN_SCENE8_put_both_moka_pots_on_the_stove_light_41,KITCHEN_SCENE8_put_both_moka_pots_on_the_stove,Light Conditions,,,,,light_41,,,
KITCHEN_SCENE8_put_both_moka_pots_on_the_stove_light_42,KITCHEN_SCENE8_put_both_moka_pots_on_the_stove,Light Conditions,,,,,light_42,,,
KITCHEN_SCENE8_put_both_moka_pots_on_the_stove_light_46,KITCHEN_SCENE8_put_both_moka_pots_on_the_stove,Light Conditions,,,,,light_46,,,
KITCHEN_SCENE8_put_both_moka_pots_on_the_stove_light_49,KITCHEN_SCENE8_put_both_moka_pots_on_the_stove,Light Conditions,,,,,light_49,,,
LIVING_ROOM_SCENE1_put_both_the_alphabet_soup_and_the_cream_cheese_box_in_the_basket_table_1,LIVING_ROOM_SCENE1_put_both_the_alphabet_soup_and_the_cream_cheese_box_in_the_basket,Background Textures,,,,,,,table_1,
LIVING_ROOM_SCENE1_put_both_the_alphabet_soup_and_the_cream_cheese_box_in_the_basket_table_12,LIVING_ROOM_SCENE1_put_both_the_alphabet_soup_and_the_cream_cheese_box_in_the_basket,Background Textures,,,,,,,table_12,
LIVING_ROOM_SCENE1_put_both_the_alphabet_soup_and_the_cream_cheese_box_in_the_basket_table_16,LIVING_ROOM_SCENE1_put_both_the_alphabet_soup_and_the_cream_cheese_box_in_the_basket,Background Textures,,,,,,,table_16,
LIVING_ROOM_SCENE1_put_both_the_alphabet_soup_and_the_cream_cheese_box_in_the_basket_table_24,LIVING_ROOM_SCENE1_put_both_the_alphabet_soup_and_the_cream_cheese_box_in_the_basket,Background Textures,,,,,,,table_24,
LIVING_ROOM_SCENE1_put_both_the_alphabet_soup_and_the_cream_cheese_box_in_the_basket_table_28,LIVING_ROOM_SCENE1_put_both_the_alphabet_soup_and_the_cream_cheese_box_in_the_basket,Background Textures,,,,,,,table_28,
LIVING_ROOM_SCENE1_put_both_the_alphabet_soup_and_the_cream_cheese_box_in_the_basket_table_3,LIVING_ROOM_SCENE1_put_both_the_alphabet_soup_and_the_cream_cheese_box_in_the_basket,Background Textures,,,,,,,table_3,
LIVING_ROOM_SCENE1_put_both_the_alphabet_soup_and_the_cream_cheese_box_in_the_basket_table_4,LIVING_ROOM_SCENE1_put_both_the_alphabet_soup_and_the_cream_cheese_box_in_the_basket,Background Textures,,,,,,,table_4,
LIVING_ROOM_SCENE1_put_both_the_alphabet_soup_and_the_cream_cheese_box_in_the_basket_table_6,LIVING_ROOM_SCENE1_put_both_the_alphabet_soup_and_the_cream_cheese_box_in_the_basket,Background Textures,,,,,,,table_6,
LIVING_ROOM_SCENE1_put_both_the_alphabet_soup_and_the_cream_cheese_box_in_the_basket_view_0_0_100_0_0_initstate_8,LIVING_ROOM_SCENE1_put_both_the_alphabet_soup_and_the_cream_cheese_box_in_the_basket,Robot Initial States,,initstate_8,,,,,,view_0
LIVING_ROOM_SCENE1_put_both_the_alphabet_soup_and_the_cream_cheese_box_in_the_basket_view_0_0_100_0_0_initstate_78,LIVING_ROOM_SCENE1_put_both_the_alphabet_soup_and_the_cream_cheese_box_in_the_basket,Robot Initial States,,initstate_78,,,,,,view_0
LIVING_ROOM_SCENE1_put_both_the_alphabet_soup_and_the_cream_cheese_box_in_the_basket_view_0_0_100_0_0_initstate_108,LIVING_ROOM_SCENE1_put_both_the_alphabet_soup_and_the_cream_cheese_box_in_the_basket,Robot Initial States,,initstate_108,,,,,,view_0
LIVING_ROOM_SCENE1_put_both_the_alphabet_soup_and_the_cream_cheese_box_in_the_basket_view_0_0_100_0_0_initstate_118,LIVING_ROOM_SCENE1_put_both_the_alphabet_soup_and_the_cream_cheese_box_in_the_basket,Robot Initial States,,initstate_118,,,,,,view_0
LIVING_ROOM_SCENE1_put_both_the_alphabet_soup_and_the_cream_cheese_box_in_the_basket_view_0_0_100_0_0_initstate_128,LIVING_ROOM_SCENE1_put_both_the_alphabet_soup_and_the_cream_cheese_box_in_the_basket,Robot Initial States,,initstate_128,,,,,,view_0
LIVING_ROOM_SCENE1_put_both_the_alphabet_soup_and_the_cream_cheese_box_in_the_basket_view_0_0_100_0_0_initstate_138,LIVING_ROOM_SCENE1_put_both_the_alphabet_soup_and_the_cream_cheese_box_in_the_basket,Robot Initial States,,initstate_138,,,,,,view_0
LIVING_ROOM_SCENE1_put_both_the_alphabet_soup_and_the_cream_cheese_box_in_the_basket_view_0_0_100_0_0_initstate_148,LIVING_ROOM_SCENE1_put_both_the_alphabet_soup_and_the_cream_cheese_box_in_the_basket,Robot Initial States,,initstate_148,,,,,,view_0
LIVING_ROOM_SCENE1_put_both_the_alphabet_soup_and_the_cream_cheese_box_in_the_basket_view_0_0_100_0_0_initstate_168,LIVING_ROOM_SCENE1_put_both_the_alphabet_soup_and_the_cream_cheese_box_in_the_basket,Robot Initial States,,initstate_168,,,,,,view_0
LIVING_ROOM_SCENE1_put_both_the_alphabet_soup_and_the_cream_cheese_box_in_the_basket_view_0_0_100_0_0_initstate_178,LIVING_ROOM_SCENE1_put_both_the_alphabet_soup_and_the_cream_cheese_box_in_the_basket,Robot Initial States,,initstate_178,,,,,,view_0
LIVING_ROOM_SCENE1_put_both_the_alphabet_soup_and_the_cream_cheese_box_in_the_basket_view_0_0_100_0_0_initstate_188,LIVING_ROOM_SCENE1_put_both_the_alphabet_soup_and_the_cream_cheese_box_in_the_basket,Robot Initial States,,initstate_188,,,,,,view_0
LIVING_ROOM_SCENE1_put_both_the_alphabet_soup_and_the_cream_cheese_box_in_the_basket_view_0_0_100_0_0_initstate_198,LIVING_ROOM_SCENE1_put_both_the_alphabet_soup_and_the_cream_cheese_box_in_the_basket,Robot Initial States,,initstate_198,,,,,,view_0
LIVING_ROOM_SCENE1_put_both_the_alphabet_soup_and_the_cream_cheese_box_in_the_basket_view_0_0_100_0_0_initstate_208,LIVING_ROOM_SCENE1_put_both_the_alphabet_soup_and_the_cream_cheese_box_in_the_basket,Robot Initial States,,initstate_208,,,,,,view_0
LIVING_ROOM_SCENE1_put_both_the_alphabet_soup_and_the_cream_cheese_box_in_the_basket_view_0_0_100_0_0_initstate_218,LIVING_ROOM_SCENE1_put_both_the_alphabet_soup_and_the_cream_cheese_box_in_the_basket,Robot Initial States,,initstate_218,,,,,,view_0
LIVING_ROOM_SCENE1_put_both_the_alphabet_soup_and_the_cream_cheese_box_in_the_basket_view_0_0_100_0_0_initstate_228,LIVING_ROOM_SCENE1_put_both_the_alphabet_soup_and_the_cream_cheese_box_in_the_basket,Robot Initial States,,initstate_228,,,,,,view_0
LIVING_ROOM_SCENE1_put_both_the_alphabet_soup_and_the_cream_cheese_box_in_the_basket_view_0_0_100_0_0_initstate_238,LIVING_ROOM_SCENE1_put_both_the_alphabet_soup_and_the_cream_cheese_box_in_the_basket,Robot Initial States,,initstate_238,,,,,,view_0
LIVING_ROOM_SCENE1_put_both_the_alphabet_soup_and_the_cream_cheese_box_in_the_basket_view_0_0_100_0_0_initstate_248,LIVING_ROOM_SCENE1_put_both_the_alphabet_soup_and_the_cream_cheese_box_in_the_basket,Robot Initial States,,initstate_248,,,,,,view_0
LIVING_ROOM_SCENE1_put_both_the_alphabet_soup_and_the_cream_cheese_box_in_the_basket_view_0_0_100_0_0_initstate_258,LIVING_ROOM_SCENE1_put_both_the_alphabet_soup_and_the_cream_cheese_box_in_the_basket,Robot Initial States,,initstate_258,,,,,,view_0
LIVING_ROOM_SCENE1_put_both_the_alphabet_soup_and_the_cream_cheese_box_in_the_basket_view_0_0_100_0_0_initstate_268,LIVING_ROOM_SCENE1_put_both_the_alphabet_soup_and_the_cream_cheese_box_in_the_basket,Robot Initial States,,initstate_268,,,,,,view_0
LIVING_ROOM_SCENE1_put_both_the_alphabet_soup_and_the_cream_cheese_box_in_the_basket_view_0_0_100_0_0_initstate_288,LIVING_ROOM_SCENE1_put_both_the_alphabet_soup_and_the_cream_cheese_box_in_the_basket,Robot Initial States,,initstate_288,,,,,,view_0
LIVING_ROOM_SCENE1_put_both_the_alphabet_soup_and_the_cream_cheese_box_in_the_basket_view_0_0_100_0_0_initstate_298,LIVING_ROOM_SCENE1_put_both_the_alphabet_soup_and_the_cream_cheese_box_in_the_basket,Robot Initial States,,initstate_298,,,,,,view_0
LIVING_ROOM_SCENE1_put_both_the_alphabet_soup_and_the_cream_cheese_box_in_the_basket_view_0_0_100_0_0_initstate_308,LIVING_ROOM_SCENE1_put_both_the_alphabet_soup_and_the_cream_cheese_box_in_the_basket,Robot Initial States,,initstate_308,,,,,,view_0
LIVING_ROOM_SCENE1_put_both_the_alphabet_soup_and_the_cream_cheese_box_in_the_basket_view_0_0_100_0_0_initstate_318,LIVING_ROOM_SCENE1_put_both_the_alphabet_soup_and_the_cream_cheese_box_in_the_basket,Robot Initial States,,initstate_318,,,,,,view_0
LIVING_ROOM_SCENE1_put_both_the_alphabet_soup_and_the_cream_cheese_box_in_the_basket_view_0_0_100_0_0_initstate_328,LIVING_ROOM_SCENE1_put_both_the_alphabet_soup_and_the_cream_cheese_box_in_the_basket,Robot Initial States,,initstate_328,,,,,,view_0
LIVING_ROOM_SCENE1_put_both_the_alphabet_soup_and_the_cream_cheese_box_in_the_basket_view_0_0_100_0_0_initstate_338,LIVING_ROOM_SCENE1_put_both_the_alphabet_soup_and_the_cream_cheese_box_in_the_basket,Robot Initial States,,initstate_338,,,,,,view_0
LIVING_ROOM_SCENE1_put_both_the_alphabet_soup_and_the_cream_cheese_box_in_the_basket_view_0_0_100_0_0_initstate_348,LIVING_ROOM_SCENE1_put_both_the_alphabet_soup_and_the_cream_cheese_box_in_the_basket,Robot Initial States,,initstate_348,,,,,,view_0
LIVING_ROOM_SCENE1_put_both_the_alphabet_soup_and_the_cream_cheese_box_in_the_basket_view_0_0_100_0_0_initstate_358,LIVING_ROOM_SCENE1_put_both_the_alphabet_soup_and_the_cream_cheese_box_in_the_basket,Robot Initial States,,initstate_358,,,,,,view_0
LIVING_ROOM_SCENE1_put_both_the_alphabet_soup_and_the_cream_cheese_box_in_the_basket_view_0_0_100_0_0_initstate_368,LIVING_ROOM_SCENE1_put_both_the_alphabet_soup_and_the_cream_cheese_box_in_the_basket,Robot Initial States,,initstate_368,,,,,,view_0
LIVING_ROOM_SCENE1_put_both_the_alphabet_soup_and_the_cream_cheese_box_in_the_basket_view_0_0_100_0_0_initstate_378,LIVING_ROOM_SCENE1_put_both_the_alphabet_soup_and_the_cream_cheese_box_in_the_basket,Robot Initial States,,initstate_378,,,,,,view_0
LIVING_ROOM_SCENE1_put_both_the_alphabet_soup_and_the_cream_cheese_box_in_the_basket_view_0_0_100_0_0_initstate_388,LIVING_ROOM_SCENE1_put_both_the_alphabet_soup_and_the_cream_cheese_box_in_the_basket,Robot Initial States,,initstate_388,,,,,,view_0
LIVING_ROOM_SCENE1_put_both_the_alphabet_soup_and_the_cream_cheese_box_in_the_basket_view_0_0_100_0_0_initstate_398,LIVING_ROOM_SCENE1_put_both_the_alphabet_soup_and_the_cream_cheese_box_in_the_basket,Robot Initial States,,initstate_398,,,,,,view_0
LIVING_ROOM_SCENE1_put_both_the_alphabet_soup_and_the_cream_cheese_box_in_the_basket_view_0_0_100_0_0_initstate_408,LIVING_ROOM_SCENE1_put_both_the_alphabet_soup_and_the_cream_cheese_box_in_the_basket,Robot Initial States,,initstate_408,,,,,,view_0
LIVING_ROOM_SCENE1_put_both_the_alphabet_soup_and_the_cream_cheese_box_in_the_basket_view_0_0_100_0_0_initstate_418,LIVING_ROOM_SCENE1_put_both_the_alphabet_soup_and_the_cream_cheese_box_in_the_basket,Robot Initial States,,initstate_418,,,,,,view_0
LIVING_ROOM_SCENE1_put_both_the_alphabet_soup_and_the_cream_cheese_box_in_the_basket_view_0_0_100_0_0_initstate_428,LIVING_ROOM_SCENE1_put_both_the_alphabet_soup_and_the_cream_cheese_box_in_the_basket,Robot Initial States,,initstate_428,,,,,,view_0
LIVING_ROOM_SCENE1_put_both_the_alphabet_soup_and_the_cream_cheese_box_in_the_basket_view_0_0_100_0_0_initstate_438,LIVING_ROOM_SCENE1_put_both_the_alphabet_soup_and_the_cream_cheese_box_in_the_basket,Robot Initial States,,initstate_438,,,,,,view_0
LIVING_ROOM_SCENE1_put_both_the_alphabet_soup_and_the_cream_cheese_box_in_the_basket_view_0_0_100_0_0_initstate_448,LIVING_ROOM_SCENE1_put_both_the_alphabet_soup_and_the_cream_cheese_box_in_the_basket,Robot Initial States,,initstate_448,,,,,,view_0
LIVING_ROOM_SCENE1_put_both_the_alphabet_soup_and_the_cream_cheese_box_in_the_basket_view_0_0_100_0_0_initstate_458,LIVING_ROOM_SCENE1_put_both_the_alphabet_soup_and_the_cream_cheese_box_in_the_basket,Robot Initial States,,initstate_458,,,,,,view_0
LIVING_ROOM_SCENE1_put_both_the_alphabet_soup_and_the_cream_cheese_box_in_the_basket_view_0_0_100_0_0_initstate_468,LIVING_ROOM_SCENE1_put_both_the_alphabet_soup_and_the_cream_cheese_box_in_the_basket,Robot Initial States,,initstate_468,,,,,,view_0
LIVING_ROOM_SCENE1_put_both_the_alphabet_soup_and_the_cream_cheese_box_in_the_basket_view_0_0_100_0_0_initstate_478,LIVING_ROOM_SCENE1_put_both_the_alphabet_soup_and_the_cream_cheese_box_in_the_basket,Robot Initial States,,initstate_478,,,,,,view_0
LIVING_ROOM_SCENE1_put_both_the_alphabet_soup_and_the_cream_cheese_box_in_the_basket_view_0_0_100_0_0_initstate_498,LIVING_ROOM_SCENE1_put_both_the_alphabet_soup_and_the_cream_cheese_box_in_the_basket,Robot Initial States,,initstate_498,,,,,,view_0
LIVING_ROOM_SCENE1_put_both_the_alphabet_soup_and_the_cream_cheese_box_in_the_basket_view_0_0_171_0_0_initstate_0,LIVING_ROOM_SCENE1_put_both_the_alphabet_soup_and_the_cream_cheese_box_in_the_basket,Camera Viewpoints,,initstate_0,,,,,,view_0
LIVING_ROOM_SCENE1_put_both_the_alphabet_soup_and_the_cream_cheese_box_in_the_basket_view_0_0_172_0_0_initstate_0,LIVING_ROOM_SCENE1_put_both_the_alphabet_soup_and_the_cream_cheese_box_in_the_basket,Camera Viewpoints,,initstate_0,,,,,,view_0
LIVING_ROOM_SCENE1_put_both_the_alphabet_soup_and_the_cream_cheese_box_in_the_basket_view_0_0_173_0_0_initstate_0,LIVING_ROOM_SCENE1_put_both_the_alphabet_soup_and_the_cream_cheese_box_in_the_basket,Camera Viewpoints,,initstate_0,,,,,,view_0
LIVING_ROOM_SCENE1_put_both_the_alphabet_soup_and_the_cream_cheese_box_in_the_basket_view_0_0_174_0_0_initstate_0,LIVING_ROOM_SCENE1_put_both_the_alphabet_soup_and_the_cream_cheese_box_in_the_basket,Camera Viewpoints,,initstate_0,,,,,,view_0
LIVING_ROOM_SCENE1_put_both_the_alphabet_soup_and_the_cream_cheese_box_in_the_basket_view_0_0_175_0_0_initstate_0,LIVING_ROOM_SCENE1_put_both_the_alphabet_soup_and_the_cream_cheese_box_in_the_basket,Camera Viewpoints,,initstate_0,,,,,,view_0
LIVING_ROOM_SCENE1_put_both_the_alphabet_soup_and_the_cream_cheese_box_in_the_basket_view_0_0_176_0_0_initstate_0,LIVING_ROOM_SCENE1_put_both_the_alphabet_soup_and_the_cream_cheese_box_in_the_basket,Camera Viewpoints,,initstate_0,,,,,,view_0
LIVING_ROOM_SCENE1_put_both_the_alphabet_soup_and_the_cream_cheese_box_in_the_basket_view_0_0_177_0_0_initstate_0,LIVING_ROOM_SCENE1_put_both_the_alphabet_soup_and_the_cream_cheese_box_in_the_basket,Camera Viewpoints,,initstate_0,,,,,,view_0
LIVING_ROOM_SCENE1_put_both_the_alphabet_soup_and_the_cream_cheese_box_in_the_basket_view_0_0_178_0_0_initstate_0,LIVING_ROOM_SCENE1_put_both_the_alphabet_soup_and_the_cream_cheese_box_in_the_basket,Camera Viewpoints,,initstate_0,,,,,,view_0
LIVING_ROOM_SCENE1_put_both_the_alphabet_soup_and_the_cream_cheese_box_in_the_basket_view_0_0_179_0_0_initstate_0,LIVING_ROOM_SCENE1_put_both_the_alphabet_soup_and_the_cream_cheese_box_in_the_basket,Camera Viewpoints,,initstate_0,,,,,,view_0
LIVING_ROOM_SCENE1_put_both_the_alphabet_soup_and_the_cream_cheese_box_in_the_basket_view_0_0_180_0_0_initstate_0,LIVING_ROOM_SCENE1_put_both_the_alphabet_soup_and_the_cream_cheese_box_in_the_basket,Camera Viewpoints,,initstate_0,,,,,,view_0
LIVING_ROOM_SCENE1_put_both_the_alphabet_soup_and_the_cream_cheese_box_in_the_basket_view_0_0_100_354_2_initstate_0,LIVING_ROOM_SCENE1_put_both_the_alphabet_soup_and_the_cream_cheese_box_in_the_basket,Camera Viewpoints,,initstate_0,,,,,,view_0
LIVING_ROOM_SCENE1_put_both_the_alphabet_soup_and_the_cream_cheese_box_in_the_basket_view_0_0_100_354_4_initstate_0,LIVING_ROOM_SCENE1_put_both_the_alphabet_soup_and_the_cream_cheese_box_in_the_basket,Camera Viewpoints,,initstate_0,,,,,,view_0
LIVING_ROOM_SCENE1_put_both_the_alphabet_soup_and_the_cream_cheese_box_in_the_basket_view_0_0_100_354_6_initstate_0,LIVING_ROOM_SCENE1_put_both_the_alphabet_soup_and_the_cream_cheese_box_in_the_basket,Camera Viewpoints,,initstate_0,,,,,,view_0
LIVING_ROOM_SCENE1_put_both_the_alphabet_soup_and_the_cream_cheese_box_in_the_basket_view_0_0_100_354_8_initstate_0,LIVING_ROOM_SCENE1_put_both_the_alphabet_soup_and_the_cream_cheese_box_in_the_basket,Camera Viewpoints,,initstate_0,,,,,,view_0
LIVING_ROOM_SCENE1_put_both_the_alphabet_soup_and_the_cream_cheese_box_in_the_basket_view_0_0_100_354_10_initstate_0,LIVING_ROOM_SCENE1_put_both_the_alphabet_soup_and_the_cream_cheese_box_in_the_basket,Camera Viewpoints,,initstate_0,,,,,,view_0
LIVING_ROOM_SCENE1_put_both_the_alphabet_soup_and_the_cream_cheese_box_in_the_basket_view_0_0_100_354_350_initstate_0,LIVING_ROOM_SCENE1_put_both_the_alphabet_soup_and_the_cream_cheese_box_in_the_basket,Camera Viewpoints,,initstate_0,,,,,,view_0
LIVING_ROOM_SCENE1_put_both_the_alphabet_soup_and_the_cream_cheese_box_in_the_basket_view_0_0_100_354_352_initstate_0,LIVING_ROOM_SCENE1_put_both_the_alphabet_soup_and_the_cream_cheese_box_in_the_basket,Camera Viewpoints,,initstate_0,,,,,,view_0
LIVING_ROOM_SCENE1_put_both_the_alphabet_soup_and_the_cream_cheese_box_in_the_basket_view_0_0_100_354_354_initstate_0,LIVING_ROOM_SCENE1_put_both_the_alphabet_soup_and_the_cream_cheese_box_in_the_basket,Camera Viewpoints,,initstate_0,,,,,,view_0
LIVING_ROOM_SCENE1_put_both_the_alphabet_soup_and_the_cream_cheese_box_in_the_basket_view_0_0_100_354_356_initstate_0,LIVING_ROOM_SCENE1_put_both_the_alphabet_soup_and_the_cream_cheese_box_in_the_basket,Camera Viewpoints,,initstate_0,,,,,,view_0
LIVING_ROOM_SCENE1_put_both_the_alphabet_soup_and_the_cream_cheese_box_in_the_basket_view_0_0_100_354_358_initstate_0,LIVING_ROOM_SCENE1_put_both_the_alphabet_soup_and_the_cream_cheese_box_in_the_basket,Camera Viewpoints,,initstate_0,,,,,,view_0
LIVING_ROOM_SCENE1_put_both_the_alphabet_soup_and_the_cream_cheese_box_in_the_basket_view_315_0_100_0_0_initstate_0,LIVING_ROOM_SCENE1_put_both_the_alphabet_soup_and_the_cream_cheese_box_in_the_basket,Camera Viewpoints,,initstate_0,,,,,,view_315
LIVING_ROOM_SCENE1_put_both_the_alphabet_soup_and_the_cream_cheese_box_in_the_basket_view_315_15_100_0_0_initstate_0,LIVING_ROOM_SCENE1_put_both_the_alphabet_soup_and_the_cream_cheese_box_in_the_basket,Camera Viewpoints,,initstate_0,,,,,,view_315
LIVING_ROOM_SCENE1_put_both_the_alphabet_soup_and_the_cream_cheese_box_in_the_basket_view_316_0_100_0_0_initstate_0,LIVING_ROOM_SCENE1_put_both_the_alphabet_soup_and_the_cream_cheese_box_in_the_basket,Camera Viewpoints,,initstate_0,,,,,,view_316
LIVING_ROOM_SCENE1_put_both_the_alphabet_soup_and_the_cream_cheese_box_in_the_basket_view_316_15_100_0_0_initstate_0,LIVING_ROOM_SCENE1_put_both_the_alphabet_soup_and_the_cream_cheese_box_in_the_basket,Camera Viewpoints,,initstate_0,,,,,,view_316
LIVING_ROOM_SCENE1_put_both_the_alphabet_soup_and_the_cream_cheese_box_in_the_basket_view_317_0_100_0_0_initstate_0,LIVING_ROOM_SCENE1_put_both_the_alphabet_soup_and_the_cream_cheese_box_in_the_basket,Camera Viewpoints,,initstate_0,,,,,,view_317
LIVING_ROOM_SCENE1_put_both_the_alphabet_soup_and_the_cream_cheese_box_in_the_basket_view_317_15_100_0_0_initstate_0,LIVING_ROOM_SCENE1_put_both_the_alphabet_soup_and_the_cream_cheese_box_in_the_basket,Camera Viewpoints,,initstate_0,,,,,,view_317
LIVING_ROOM_SCENE1_put_both_the_alphabet_soup_and_the_cream_cheese_box_in_the_basket_view_318_0_100_0_0_initstate_0,LIVING_ROOM_SCENE1_put_both_the_alphabet_soup_and_the_cream_cheese_box_in_the_basket,Camera Viewpoints,,initstate_0,,,,,,view_318
LIVING_ROOM_SCENE1_put_both_the_alphabet_soup_and_the_cream_cheese_box_in_the_basket_view_318_15_100_0_0_initstate_0,LIVING_ROOM_SCENE1_put_both_the_alphabet_soup_and_the_cream_cheese_box_in_the_basket,Camera Viewpoints,,initstate_0,,,,,,view_318
LIVING_ROOM_SCENE1_put_both_the_alphabet_soup_and_the_cream_cheese_box_in_the_basket_view_319_0_100_0_0_initstate_0,LIVING_ROOM_SCENE1_put_both_the_alphabet_soup_and_the_cream_cheese_box_in_the_basket,Camera Viewpoints,,initstate_0,,,,,,view_319
LIVING_ROOM_SCENE1_put_both_the_alphabet_soup_and_the_cream_cheese_box_in_the_basket_view_319_15_100_0_0_initstate_0,LIVING_ROOM_SCENE1_put_both_the_alphabet_soup_and_the_cream_cheese_box_in_the_basket,Camera Viewpoints,,initstate_0,,,,,,view_319
LIVING_ROOM_SCENE1_put_both_the_alphabet_soup_and_the_cream_cheese_box_in_the_basket_view_320_0_100_0_0_initstate_0,LIVING_ROOM_SCENE1_put_both_the_alphabet_soup_and_the_cream_cheese_box_in_the_basket,Camera Viewpoints,,initstate_0,,,,,,view_320
LIVING_ROOM_SCENE1_put_both_the_alphabet_soup_and_the_cream_cheese_box_in_the_basket_view_320_15_100_0_0_initstate_0,LIVING_ROOM_SCENE1_put_both_the_alphabet_soup_and_the_cream_cheese_box_in_the_basket,Camera Viewpoints,,initstate_0,,,,,,view_320
LIVING_ROOM_SCENE1_put_both_the_alphabet_soup_and_the_cream_cheese_box_in_the_basket_view_321_0_100_0_0_initstate_0,LIVING_ROOM_SCENE1_put_both_the_alphabet_soup_and_the_cream_cheese_box_in_the_basket,Camera Viewpoints,,initstate_0,,,,,,view_321
LIVING_ROOM_SCENE1_put_both_the_alphabet_soup_and_the_cream_cheese_box_in_the_basket_view_321_15_100_0_0_initstate_0,LIVING_ROOM_SCENE1_put_both_the_alphabet_soup_and_the_cream_cheese_box_in_the_basket,Camera Viewpoints,,initstate_0,,,,,,view_321
LIVING_ROOM_SCENE1_put_both_the_alphabet_soup_and_the_cream_cheese_box_in_the_basket_view_322_0_100_0_0_initstate_0,LIVING_ROOM_SCENE1_put_both_the_alphabet_soup_and_the_cream_cheese_box_in_the_basket,Camera Viewpoints,,initstate_0,,,,,,view_322
LIVING_ROOM_SCENE1_put_both_the_alphabet_soup_and_the_cream_cheese_box_in_the_basket_view_322_15_100_0_0_initstate_0,LIVING_ROOM_SCENE1_put_both_the_alphabet_soup_and_the_cream_cheese_box_in_the_basket,Camera Viewpoints,,initstate_0,,,,,,view_322
LIVING_ROOM_SCENE1_put_both_the_alphabet_soup_and_the_cream_cheese_box_in_the_basket_view_323_0_100_0_0_initstate_0,LIVING_ROOM_SCENE1_put_both_the_alphabet_soup_and_the_cream_cheese_box_in_the_basket,Camera Viewpoints,,initstate_0,,,,,,view_323
LIVING_ROOM_SCENE1_put_both_the_alphabet_soup_and_the_cream_cheese_box_in_the_basket_view_323_15_100_0_0_initstate_0,LIVING_ROOM_SCENE1_put_both_the_alphabet_soup_and_the_cream_cheese_box_in_the_basket,Camera Viewpoints,,initstate_0,,,,,,view_323
LIVING_ROOM_SCENE1_put_both_the_alphabet_soup_and_the_cream_cheese_box_in_the_basket_view_324_0_100_0_0_initstate_0,LIVING_ROOM_SCENE1_put_both_the_alphabet_soup_and_the_cream_cheese_box_in_the_basket,Camera Viewpoints,,initstate_0,,,,,,view_324
LIVING_ROOM_SCENE1_put_both_the_alphabet_soup_and_the_cream_cheese_box_in_the_basket_view_324_15_100_0_0_initstate_0,LIVING_ROOM_SCENE1_put_both_the_alphabet_soup_and_the_cream_cheese_box_in_the_basket,Camera Viewpoints,,initstate_0,,,,,,view_324
LIVING_ROOM_SCENE1_put_both_the_alphabet_soup_and_the_cream_cheese_box_in_the_basket_view_325_0_100_0_0_initstate_0,LIVING_ROOM_SCENE1_put_both_the_alphabet_soup_and_the_cream_cheese_box_in_the_basket,Camera Viewpoints,,initstate_0,,,,,,view_325
LIVING_ROOM_SCENE1_put_both_the_alphabet_soup_and_the_cream_cheese_box_in_the_basket_view_325_15_100_0_0_initstate_0,LIVING_ROOM_SCENE1_put_both_the_alphabet_soup_and_the_cream_cheese_box_in_the_basket,Camera Viewpoints,,initstate_0,,,,,,view_325
LIVING_ROOM_SCENE1_put_both_the_alphabet_soup_and_the_cream_cheese_box_in_the_basket_view_326_0_100_0_0_initstate_0,LIVING_ROOM_SCENE1_put_both_the_alphabet_soup_and_the_cream_cheese_box_in_the_basket,Camera Viewpoints,,initstate_0,,,,,,view_326
LIVING_ROOM_SCENE1_put_both_the_alphabet_soup_and_the_cream_cheese_box_in_the_basket_view_326_15_100_0_0_initstate_0,LIVING_ROOM_SCENE1_put_both_the_alphabet_soup_and_the_cream_cheese_box_in_the_basket,Camera Viewpoints,,initstate_0,,,,,,view_326
LIVING_ROOM_SCENE1_put_both_the_alphabet_soup_and_the_cream_cheese_box_in_the_basket_view_327_0_100_0_0_initstate_0,LIVING_ROOM_SCENE1_put_both_the_alphabet_soup_and_the_cream_cheese_box_in_the_basket,Camera Viewpoints,,initstate_0,,,,,,view_327
LIVING_ROOM_SCENE1_put_both_the_alphabet_soup_and_the_cream_cheese_box_in_the_basket_view_327_15_100_0_0_initstate_0,LIVING_ROOM_SCENE1_put_both_the_alphabet_soup_and_the_cream_cheese_box_in_the_basket,Camera Viewpoints,,initstate_0,,,,,,view_327
LIVING_ROOM_SCENE1_put_both_the_alphabet_soup_and_the_cream_cheese_box_in_the_basket_view_328_0_100_0_0_initstate_0,LIVING_ROOM_SCENE1_put_both_the_alphabet_soup_and_the_cream_cheese_box_in_the_basket,Camera Viewpoints,,initstate_0,,,,,,view_328
LIVING_ROOM_SCENE1_put_both_the_alphabet_soup_and_the_cream_cheese_box_in_the_basket_view_328_15_100_0_0_initstate_0,LIVING_ROOM_SCENE1_put_both_the_alphabet_soup_and_the_cream_cheese_box_in_the_basket,Camera Viewpoints,,initstate_0,,,,,,view_328
LIVING_ROOM_SCENE1_put_both_the_alphabet_soup_and_the_cream_cheese_box_in_the_basket_view_329_0_100_0_0_initstate_0,LIVING_ROOM_SCENE1_put_both_the_alphabet_soup_and_the_cream_cheese_box_in_the_basket,Camera Viewpoints,,initstate_0,,,,,,view_329
LIVING_ROOM_SCENE1_put_both_the_alphabet_soup_and_the_cream_cheese_box_in_the_basket_view_329_15_100_0_0_initstate_0,LIVING_ROOM_SCENE1_put_both_the_alphabet_soup_and_the_cream_cheese_box_in_the_basket,Camera Viewpoints,,initstate_0,,,,,,view_329
LIVING_ROOM_SCENE1_put_both_the_alphabet_soup_and_the_cream_cheese_box_in_the_basket_language_1_view_0_0_100_0_0_initstate_0,LIVING_ROOM_SCENE1_put_both_the_alphabet_soup_and_the_cream_cheese_box_in_the_basket,Language Instructions,,initstate_0,language_1,,,,,view_0
LIVING_ROOM_SCENE1_put_both_the_alphabet_soup_and_the_cream_cheese_box_in_the_basket_language_2_view_0_0_100_0_0_initstate_0,LIVING_ROOM_SCENE1_put_both_the_alphabet_soup_and_the_cream_cheese_box_in_the_basket,Language Instructions,,initstate_0,language_2,,,,,view_0
LIVING_ROOM_SCENE1_put_both_the_alphabet_soup_and_the_cream_cheese_box_in_the_basket_language_3_view_0_0_100_0_0_initstate_0,LIVING_ROOM_SCENE1_put_both_the_alphabet_soup_and_the_cream_cheese_box_in_the_basket,Language Instructions,,initstate_0,language_3,,,,,view_0
LIVING_ROOM_SCENE1_put_both_the_alphabet_soup_and_the_cream_cheese_box_in_the_basket_language_4_view_0_0_100_0_0_initstate_0,LIVING_ROOM_SCENE1_put_both_the_alphabet_soup_and_the_cream_cheese_box_in_the_basket,Language Instructions,,initstate_0,language_4,,,,,view_0
LIVING_ROOM_SCENE1_put_both_the_alphabet_soup_and_the_cream_cheese_box_in_the_basket_language_5_view_0_0_100_0_0_initstate_0,LIVING_ROOM_SCENE1_put_both_the_alphabet_soup_and_the_cream_cheese_box_in_the_basket,Language Instructions,,initstate_0,language_5,,,,,view_0
LIVING_ROOM_SCENE1_put_both_the_alphabet_soup_and_the_cream_cheese_box_in_the_basket_language_6_view_0_0_100_0_0_initstate_0,LIVING_ROOM_SCENE1_put_both_the_alphabet_soup_and_the_cream_cheese_box_in_the_basket,Language Instructions,,initstate_0,language_6,,,,,view_0
LIVING_ROOM_SCENE1_put_both_the_alphabet_soup_and_the_cream_cheese_box_in_the_basket_language_7_view_0_0_100_0_0_initstate_0,LIVING_ROOM_SCENE1_put_both_the_alphabet_soup_and_the_cream_cheese_box_in_the_basket,Language Instructions,,initstate_0,language_7,,,,,view_0
LIVING_ROOM_SCENE1_put_both_the_alphabet_soup_and_the_cream_cheese_box_in_the_basket_language_10_view_0_0_100_0_0_initstate_0,LIVING_ROOM_SCENE1_put_both_the_alphabet_soup_and_the_cream_cheese_box_in_the_basket,Language Instructions,,initstate_0,language_10,,,,,view_0
LIVING_ROOM_SCENE1_put_both_the_alphabet_soup_and_the_cream_cheese_box_in_the_basket_language_11_view_0_0_100_0_0_initstate_0,LIVING_ROOM_SCENE1_put_both_the_alphabet_soup_and_the_cream_cheese_box_in_the_basket,Language Instructions,,initstate_0,language_11,,,,,view_0
LIVING_ROOM_SCENE1_put_both_the_alphabet_soup_and_the_cream_cheese_box_in_the_basket_language_12_view_0_0_100_0_0_initstate_0,LIVING_ROOM_SCENE1_put_both_the_alphabet_soup_and_the_cream_cheese_box_in_the_basket,Language Instructions,,initstate_0,language_12,,,,,view_0
LIVING_ROOM_SCENE1_put_both_the_alphabet_soup_and_the_cream_cheese_box_in_the_basket_language_13_view_0_0_100_0_0_initstate_0,LIVING_ROOM_SCENE1_put_both_the_alphabet_soup_and_the_cream_cheese_box_in_the_basket,Language Instructions,,initstate_0,language_13,,,,,view_0
LIVING_ROOM_SCENE1_put_both_the_alphabet_soup_and_the_cream_cheese_box_in_the_basket_language_14_view_0_0_100_0_0_initstate_0,LIVING_ROOM_SCENE1_put_both_the_alphabet_soup_and_the_cream_cheese_box_in_the_basket,Language Instructions,,initstate_0,language_14,,,,,view_0
LIVING_ROOM_SCENE1_put_both_the_alphabet_soup_and_the_cream_cheese_box_in_the_basket_language_15_view_0_0_100_0_0_initstate_0,LIVING_ROOM_SCENE1_put_both_the_alphabet_soup_and_the_cream_cheese_box_in_the_basket,Language Instructions,,initstate_0,language_15,,,,,view_0
LIVING_ROOM_SCENE1_put_both_the_alphabet_soup_and_the_cream_cheese_box_in_the_basket_language_16_view_0_0_100_0_0_initstate_0,LIVING_ROOM_SCENE1_put_both_the_alphabet_soup_and_the_cream_cheese_box_in_the_basket,Language Instructions,,initstate_0,language_16,,,,,view_0
LIVING_ROOM_SCENE1_put_both_the_alphabet_soup_and_the_cream_cheese_box_in_the_basket_language_17_view_0_0_100_0_0_initstate_0,LIVING_ROOM_SCENE1_put_both_the_alphabet_soup_and_the_cream_cheese_box_in_the_basket,Language Instructions,,initstate_0,language_17,,,,,view_0
LIVING_ROOM_SCENE1_put_both_the_alphabet_soup_and_the_cream_cheese_box_in_the_basket_language_18_view_0_0_100_0_0_initstate_0,LIVING_ROOM_SCENE1_put_both_the_alphabet_soup_and_the_cream_cheese_box_in_the_basket,Language Instructions,,initstate_0,language_18,,,,,view_0
LIVING_ROOM_SCENE1_put_both_the_alphabet_soup_and_the_cream_cheese_box_in_the_basket_language_19_view_0_0_100_0_0_initstate_0,LIVING_ROOM_SCENE1_put_both_the_alphabet_soup_and_the_cream_cheese_box_in_the_basket,Language Instructions,,initstate_0,language_19,,,,,view_0
LIVING_ROOM_SCENE1_put_both_the_alphabet_soup_and_the_cream_cheese_box_in_the_basket_language_20_view_0_0_100_0_0_initstate_0,LIVING_ROOM_SCENE1_put_both_the_alphabet_soup_and_the_cream_cheese_box_in_the_basket,Language Instructions,,initstate_0,language_20,,,,,view_0
LIVING_ROOM_SCENE1_put_both_the_alphabet_soup_and_the_cream_cheese_box_in_the_basket_language_21_view_0_0_100_0_0_initstate_0,LIVING_ROOM_SCENE1_put_both_the_alphabet_soup_and_the_cream_cheese_box_in_the_basket,Language Instructions,,initstate_0,language_21,,,,,view_0
LIVING_ROOM_SCENE1_put_both_the_alphabet_soup_and_the_cream_cheese_box_in_the_basket_language_23_view_0_0_100_0_0_initstate_0,LIVING_ROOM_SCENE1_put_both_the_alphabet_soup_and_the_cream_cheese_box_in_the_basket,Language Instructions,,initstate_0,language_23,,,,,view_0
LIVING_ROOM_SCENE1_put_both_the_alphabet_soup_and_the_cream_cheese_box_in_the_basket_language_24_view_0_0_100_0_0_initstate_0,LIVING_ROOM_SCENE1_put_both_the_alphabet_soup_and_the_cream_cheese_box_in_the_basket,Language Instructions,,initstate_0,language_24,,,,,view_0
LIVING_ROOM_SCENE1_put_both_the_alphabet_soup_and_the_cream_cheese_box_in_the_basket_language_25_view_0_0_100_0_0_initstate_0,LIVING_ROOM_SCENE1_put_both_the_alphabet_soup_and_the_cream_cheese_box_in_the_basket,Language Instructions,,initstate_0,language_25,,,,,view_0
LIVING_ROOM_SCENE1_put_both_the_alphabet_soup_and_the_cream_cheese_box_in_the_basket_language_26_view_0_0_100_0_0_initstate_0,LIVING_ROOM_SCENE1_put_both_the_alphabet_soup_and_the_cream_cheese_box_in_the_basket,Language Instructions,,initstate_0,language_26,,,,,view_0
LIVING_ROOM_SCENE1_put_both_the_alphabet_soup_and_the_cream_cheese_box_in_the_basket_language_27_view_0_0_100_0_0_initstate_0,LIVING_ROOM_SCENE1_put_both_the_alphabet_soup_and_the_cream_cheese_box_in_the_basket,Language Instructions,,initstate_0,language_27,,,,,view_0
LIVING_ROOM_SCENE1_put_both_the_alphabet_soup_and_the_cream_cheese_box_in_the_basket_language_29_view_0_0_100_0_0_initstate_0,LIVING_ROOM_SCENE1_put_both_the_alphabet_soup_and_the_cream_cheese_box_in_the_basket,Language Instructions,,initstate_0,language_29,,,,,view_0
LIVING_ROOM_SCENE1_put_both_the_alphabet_soup_and_the_cream_cheese_box_in_the_basket_language_30_view_0_0_100_0_0_initstate_0,LIVING_ROOM_SCENE1_put_both_the_alphabet_soup_and_the_cream_cheese_box_in_the_basket,Language Instructions,,initstate_0,language_30,,,,,view_0
LIVING_ROOM_SCENE1_put_both_the_alphabet_soup_and_the_cream_cheese_box_in_the_basket_language_31_view_0_0_100_0_0_initstate_0,LIVING_ROOM_SCENE1_put_both_the_alphabet_soup_and_the_cream_cheese_box_in_the_basket,Language Instructions,,initstate_0,language_31,,,,,view_0
LIVING_ROOM_SCENE1_put_both_the_alphabet_soup_and_the_cream_cheese_box_in_the_basket_language_33_view_0_0_100_0_0_initstate_0,LIVING_ROOM_SCENE1_put_both_the_alphabet_soup_and_the_cream_cheese_box_in_the_basket,Language Instructions,,initstate_0,language_33,,,,,view_0
LIVING_ROOM_SCENE1_put_both_the_alphabet_soup_and_the_cream_cheese_box_in_the_basket_language_35_view_0_0_100_0_0_initstate_0,LIVING_ROOM_SCENE1_put_both_the_alphabet_soup_and_the_cream_cheese_box_in_the_basket,Language Instructions,,initstate_0,language_35,,,,,view_0
LIVING_ROOM_SCENE1_put_both_the_alphabet_soup_and_the_cream_cheese_box_in_the_basket_language_36_view_0_0_100_0_0_initstate_0,LIVING_ROOM_SCENE1_put_both_the_alphabet_soup_and_the_cream_cheese_box_in_the_basket,Language Instructions,,initstate_0,language_36,,,,,view_0
LIVING_ROOM_SCENE1_put_both_the_alphabet_soup_and_the_cream_cheese_box_in_the_basket_language_37_view_0_0_100_0_0_initstate_0,LIVING_ROOM_SCENE1_put_both_the_alphabet_soup_and_the_cream_cheese_box_in_the_basket,Language Instructions,,initstate_0,language_37,,,,,view_0
LIVING_ROOM_SCENE1_put_both_the_alphabet_soup_and_the_cream_cheese_box_in_the_basket_language_38_view_0_0_100_0_0_initstate_0,LIVING_ROOM_SCENE1_put_both_the_alphabet_soup_and_the_cream_cheese_box_in_the_basket,Language Instructions,,initstate_0,language_38,,,,,view_0
LIVING_ROOM_SCENE1_put_both_the_alphabet_soup_and_the_cream_cheese_box_in_the_basket_language_41_view_0_0_100_0_0_initstate_0,LIVING_ROOM_SCENE1_put_both_the_alphabet_soup_and_the_cream_cheese_box_in_the_basket,Language Instructions,,initstate_0,language_41,,,,,view_0
LIVING_ROOM_SCENE1_put_both_the_alphabet_soup_and_the_cream_cheese_box_in_the_basket_language_42_view_0_0_100_0_0_initstate_0,LIVING_ROOM_SCENE1_put_both_the_alphabet_soup_and_the_cream_cheese_box_in_the_basket,Language Instructions,,initstate_0,language_42,,,,,view_0
LIVING_ROOM_SCENE1_put_both_the_alphabet_soup_and_the_cream_cheese_box_in_the_basket_language_43_view_0_0_100_0_0_initstate_0,LIVING_ROOM_SCENE1_put_both_the_alphabet_soup_and_the_cream_cheese_box_in_the_basket,Language Instructions,,initstate_0,language_43,,,,,view_0
LIVING_ROOM_SCENE1_put_both_the_alphabet_soup_and_the_cream_cheese_box_in_the_basket_language_44_view_0_0_100_0_0_initstate_0,LIVING_ROOM_SCENE1_put_both_the_alphabet_soup_and_the_cream_cheese_box_in_the_basket,Language Instructions,,initstate_0,language_44,,,,,view_0
LIVING_ROOM_SCENE1_put_both_the_alphabet_soup_and_the_cream_cheese_box_in_the_basket_language_45_view_0_0_100_0_0_initstate_0,LIVING_ROOM_SCENE1_put_both_the_alphabet_soup_and_the_cream_cheese_box_in_the_basket,Language Instructions,,initstate_0,language_45,,,,,view_0
LIVING_ROOM_SCENE1_put_both_the_alphabet_soup_and_the_cream_cheese_box_in_the_basket_language_46_view_0_0_100_0_0_initstate_0,LIVING_ROOM_SCENE1_put_both_the_alphabet_soup_and_the_cream_cheese_box_in_the_basket,Language Instructions,,initstate_0,language_46,,,,,view_0
LIVING_ROOM_SCENE1_put_both_the_alphabet_soup_and_the_cream_cheese_box_in_the_basket_language_47_view_0_0_100_0_0_initstate_0,LIVING_ROOM_SCENE1_put_both_the_alphabet_soup_and_the_cream_cheese_box_in_the_basket,Language Instructions,,initstate_0,language_47,,,,,view_0
LIVING_ROOM_SCENE1_put_both_the_alphabet_soup_and_the_cream_cheese_box_in_the_basket_language_48_view_0_0_100_0_0_initstate_0,LIVING_ROOM_SCENE1_put_both_the_alphabet_soup_and_the_cream_cheese_box_in_the_basket,Language Instructions,,initstate_0,language_48,,,,,view_0
LIVING_ROOM_SCENE1_put_both_the_alphabet_soup_and_the_cream_cheese_box_in_the_basket_language_50_view_0_0_100_0_0_initstate_0,LIVING_ROOM_SCENE1_put_both_the_alphabet_soup_and_the_cream_cheese_box_in_the_basket,Language Instructions,,initstate_0,language_50,,,,,view_0
LIVING_ROOM_SCENE1_put_both_the_alphabet_soup_and_the_cream_cheese_box_in_the_basket_view_0_0_100_0_0_initstate_0_noise_1,LIVING_ROOM_SCENE1_put_both_the_alphabet_soup_and_the_cream_cheese_box_in_the_basket,Sensor Noise,,initstate_0,,,,noise_1,,view_0
LIVING_ROOM_SCENE1_put_both_the_alphabet_soup_and_the_cream_cheese_box_in_the_basket_view_0_0_100_0_0_initstate_0_noise_4,LIVING_ROOM_SCENE1_put_both_the_alphabet_soup_and_the_cream_cheese_box_in_the_basket,Sensor Noise,,initstate_0,,,,noise_4,,view_0
LIVING_ROOM_SCENE1_put_both_the_alphabet_soup_and_the_cream_cheese_box_in_the_basket_view_0_0_100_0_0_initstate_0_noise_5,LIVING_ROOM_SCENE1_put_both_the_alphabet_soup_and_the_cream_cheese_box_in_the_basket,Sensor Noise,,initstate_0,,,,noise_5,,view_0
LIVING_ROOM_SCENE1_put_both_the_alphabet_soup_and_the_cream_cheese_box_in_the_basket_view_0_0_100_0_0_initstate_0_noise_6,LIVING_ROOM_SCENE1_put_both_the_alphabet_soup_and_the_cream_cheese_box_in_the_basket,Sensor Noise,,initstate_0,,,,noise_6,,view_0
LIVING_ROOM_SCENE1_put_both_the_alphabet_soup_and_the_cream_cheese_box_in_the_basket_view_0_0_100_0_0_initstate_0_noise_7,LIVING_ROOM_SCENE1_put_both_the_alphabet_soup_and_the_cream_cheese_box_in_the_basket,Sensor Noise,,initstate_0,,,,noise_7,,view_0
LIVING_ROOM_SCENE1_put_both_the_alphabet_soup_and_the_cream_cheese_box_in_the_basket_view_0_0_100_0_0_initstate_0_noise_8,LIVING_ROOM_SCENE1_put_both_the_alphabet_soup_and_the_cream_cheese_box_in_the_basket,Sensor Noise,,initstate_0,,,,noise_8,,view_0
LIVING_ROOM_SCENE1_put_both_the_alphabet_soup_and_the_cream_cheese_box_in_the_basket_view_0_0_100_0_0_initstate_0_noise_9,LIVING_ROOM_SCENE1_put_both_the_alphabet_soup_and_the_cream_cheese_box_in_the_basket,Sensor Noise,,initstate_0,,,,noise_9,,view_0
LIVING_ROOM_SCENE1_put_both_the_alphabet_soup_and_the_cream_cheese_box_in_the_basket_view_0_0_100_0_0_initstate_0_noise_11,LIVING_ROOM_SCENE1_put_both_the_alphabet_soup_and_the_cream_cheese_box_in_the_basket,Sensor Noise,,initstate_0,,,,noise_11,,view_0
LIVING_ROOM_SCENE1_put_both_the_alphabet_soup_and_the_cream_cheese_box_in_the_basket_view_0_0_100_0_0_initstate_0_noise_12,LIVING_ROOM_SCENE1_put_both_the_alphabet_soup_and_the_cream_cheese_box_in_the_basket,Sensor Noise,,initstate_0,,,,noise_12,,view_0
LIVING_ROOM_SCENE1_put_both_the_alphabet_soup_and_the_cream_cheese_box_in_the_basket_view_0_0_100_0_0_initstate_0_noise_13,LIVING_ROOM_SCENE1_put_both_the_alphabet_soup_and_the_cream_cheese_box_in_the_basket,Sensor Noise,,initstate_0,,,,noise_13,,view_0
LIVING_ROOM_SCENE1_put_both_the_alphabet_soup_and_the_cream_cheese_box_in_the_basket_view_0_0_100_0_0_initstate_0_noise_14,LIVING_ROOM_SCENE1_put_both_the_alphabet_soup_and_the_cream_cheese_box_in_the_basket,Sensor Noise,,initstate_0,,,,noise_14,,view_0
LIVING_ROOM_SCENE1_put_both_the_alphabet_soup_and_the_cream_cheese_box_in_the_basket_view_0_0_100_0_0_initstate_0_noise_15,LIVING_ROOM_SCENE1_put_both_the_alphabet_soup_and_the_cream_cheese_box_in_the_basket,Sensor Noise,,initstate_0,,,,noise_15,,view_0
LIVING_ROOM_SCENE1_put_both_the_alphabet_soup_and_the_cream_cheese_box_in_the_basket_view_0_0_100_0_0_initstate_0_noise_16,LIVING_ROOM_SCENE1_put_both_the_alphabet_soup_and_the_cream_cheese_box_in_the_basket,Sensor Noise,,initstate_0,,,,noise_16,,view_0
LIVING_ROOM_SCENE1_put_both_the_alphabet_soup_and_the_cream_cheese_box_in_the_basket_view_0_0_100_0_0_initstate_0_noise_18,LIVING_ROOM_SCENE1_put_both_the_alphabet_soup_and_the_cream_cheese_box_in_the_basket,Sensor Noise,,initstate_0,,,,noise_18,,view_0
LIVING_ROOM_SCENE1_put_both_the_alphabet_soup_and_the_cream_cheese_box_in_the_basket_view_0_0_100_0_0_initstate_0_noise_19,LIVING_ROOM_SCENE1_put_both_the_alphabet_soup_and_the_cream_cheese_box_in_the_basket,Sensor Noise,,initstate_0,,,,noise_19,,view_0
LIVING_ROOM_SCENE1_put_both_the_alphabet_soup_and_the_cream_cheese_box_in_the_basket_view_0_0_100_0_0_initstate_0_noise_20,LIVING_ROOM_SCENE1_put_both_the_alphabet_soup_and_the_cream_cheese_box_in_the_basket,Sensor Noise,,initstate_0,,,,noise_20,,view_0
LIVING_ROOM_SCENE1_put_both_the_alphabet_soup_and_the_cream_cheese_box_in_the_basket_view_0_0_100_0_0_initstate_0_noise_23,LIVING_ROOM_SCENE1_put_both_the_alphabet_soup_and_the_cream_cheese_box_in_the_basket,Sensor Noise,,initstate_0,,,,noise_23,,view_0
LIVING_ROOM_SCENE1_put_both_the_alphabet_soup_and_the_cream_cheese_box_in_the_basket_view_0_0_100_0_0_initstate_0_noise_24,LIVING_ROOM_SCENE1_put_both_the_alphabet_soup_and_the_cream_cheese_box_in_the_basket,Sensor Noise,,initstate_0,,,,noise_24,,view_0
LIVING_ROOM_SCENE1_put_both_the_alphabet_soup_and_the_cream_cheese_box_in_the_basket_view_0_0_100_0_0_initstate_0_noise_25,LIVING_ROOM_SCENE1_put_both_the_alphabet_soup_and_the_cream_cheese_box_in_the_basket,Sensor Noise,,initstate_0,,,,noise_25,,view_0
LIVING_ROOM_SCENE1_put_both_the_alphabet_soup_and_the_cream_cheese_box_in_the_basket_view_0_0_100_0_0_initstate_0_noise_26,LIVING_ROOM_SCENE1_put_both_the_alphabet_soup_and_the_cream_cheese_box_in_the_basket,Sensor Noise,,initstate_0,,,,noise_26,,view_0
LIVING_ROOM_SCENE1_put_both_the_alphabet_soup_and_the_cream_cheese_box_in_the_basket_view_0_0_100_0_0_initstate_0_noise_27,LIVING_ROOM_SCENE1_put_both_the_alphabet_soup_and_the_cream_cheese_box_in_the_basket,Sensor Noise,,initstate_0,,,,noise_27,,view_0
LIVING_ROOM_SCENE1_put_both_the_alphabet_soup_and_the_cream_cheese_box_in_the_basket_view_0_0_100_0_0_initstate_0_noise_28,LIVING_ROOM_SCENE1_put_both_the_alphabet_soup_and_the_cream_cheese_box_in_the_basket,Sensor Noise,,initstate_0,,,,noise_28,,view_0
LIVING_ROOM_SCENE1_put_both_the_alphabet_soup_and_the_cream_cheese_box_in_the_basket_view_0_0_100_0_0_initstate_0_noise_29,LIVING_ROOM_SCENE1_put_both_the_alphabet_soup_and_the_cream_cheese_box_in_the_basket,Sensor Noise,,initstate_0,,,,noise_29,,view_0
LIVING_ROOM_SCENE1_put_both_the_alphabet_soup_and_the_cream_cheese_box_in_the_basket_view_0_0_100_0_0_initstate_0_noise_30,LIVING_ROOM_SCENE1_put_both_the_alphabet_soup_and_the_cream_cheese_box_in_the_basket,Sensor Noise,,initstate_0,,,,noise_30,,view_0
LIVING_ROOM_SCENE1_put_both_the_alphabet_soup_and_the_cream_cheese_box_in_the_basket_view_0_0_100_0_0_initstate_0_noise_35,LIVING_ROOM_SCENE1_put_both_the_alphabet_soup_and_the_cream_cheese_box_in_the_basket,Sensor Noise,,initstate_0,,,,noise_35,,view_0
LIVING_ROOM_SCENE1_put_both_the_alphabet_soup_and_the_cream_cheese_box_in_the_basket_view_0_0_100_0_0_initstate_0_noise_36,LIVING_ROOM_SCENE1_put_both_the_alphabet_soup_and_the_cream_cheese_box_in_the_basket,Sensor Noise,,initstate_0,,,,noise_36,,view_0
LIVING_ROOM_SCENE1_put_both_the_alphabet_soup_and_the_cream_cheese_box_in_the_basket_view_0_0_100_0_0_initstate_0_noise_37,LIVING_ROOM_SCENE1_put_both_the_alphabet_soup_and_the_cream_cheese_box_in_the_basket,Sensor Noise,,initstate_0,,,,noise_37,,view_0
LIVING_ROOM_SCENE1_put_both_the_alphabet_soup_and_the_cream_cheese_box_in_the_basket_view_0_0_100_0_0_initstate_0_noise_38,LIVING_ROOM_SCENE1_put_both_the_alphabet_soup_and_the_cream_cheese_box_in_the_basket,Sensor Noise,,initstate_0,,,,noise_38,,view_0
LIVING_ROOM_SCENE1_put_both_the_alphabet_soup_and_the_cream_cheese_box_in_the_basket_view_0_0_100_0_0_initstate_0_noise_39,LIVING_ROOM_SCENE1_put_both_the_alphabet_soup_and_the_cream_cheese_box_in_the_basket,Sensor Noise,,initstate_0,,,,noise_39,,view_0
LIVING_ROOM_SCENE1_put_both_the_alphabet_soup_and_the_cream_cheese_box_in_the_basket_view_0_0_100_0_0_initstate_0_noise_40,LIVING_ROOM_SCENE1_put_both_the_alphabet_soup_and_the_cream_cheese_box_in_the_basket,Sensor Noise,,initstate_0,,,,noise_40,,view_0
LIVING_ROOM_SCENE1_put_both_the_alphabet_soup_and_the_cream_cheese_box_in_the_basket_view_0_0_100_0_0_initstate_0_noise_41,LIVING_ROOM_SCENE1_put_both_the_alphabet_soup_and_the_cream_cheese_box_in_the_basket,Sensor Noise,,initstate_0,,,,noise_41,,view_0
LIVING_ROOM_SCENE1_put_both_the_alphabet_soup_and_the_cream_cheese_box_in_the_basket_view_0_0_100_0_0_initstate_0_noise_43,LIVING_ROOM_SCENE1_put_both_the_alphabet_soup_and_the_cream_cheese_box_in_the_basket,Sensor Noise,,initstate_0,,,,noise_43,,view_0
LIVING_ROOM_SCENE1_put_both_the_alphabet_soup_and_the_cream_cheese_box_in_the_basket_view_0_0_100_0_0_initstate_0_noise_44,LIVING_ROOM_SCENE1_put_both_the_alphabet_soup_and_the_cream_cheese_box_in_the_basket,Sensor Noise,,initstate_0,,,,noise_44,,view_0
LIVING_ROOM_SCENE1_put_both_the_alphabet_soup_and_the_cream_cheese_box_in_the_basket_view_0_0_100_0_0_initstate_0_noise_45,LIVING_ROOM_SCENE1_put_both_the_alphabet_soup_and_the_cream_cheese_box_in_the_basket,Sensor Noise,,initstate_0,,,,noise_45,,view_0
LIVING_ROOM_SCENE1_put_both_the_alphabet_soup_and_the_cream_cheese_box_in_the_basket_view_0_0_100_0_0_initstate_0_noise_46,LIVING_ROOM_SCENE1_put_both_the_alphabet_soup_and_the_cream_cheese_box_in_the_basket,Sensor Noise,,initstate_0,,,,noise_46,,view_0
LIVING_ROOM_SCENE1_put_both_the_alphabet_soup_and_the_cream_cheese_box_in_the_basket_view_0_0_100_0_0_initstate_0_noise_47,LIVING_ROOM_SCENE1_put_both_the_alphabet_soup_and_the_cream_cheese_box_in_the_basket,Sensor Noise,,initstate_0,,,,noise_47,,view_0
LIVING_ROOM_SCENE1_put_both_the_alphabet_soup_and_the_cream_cheese_box_in_the_basket_view_0_0_100_0_0_initstate_0_noise_48,LIVING_ROOM_SCENE1_put_both_the_alphabet_soup_and_the_cream_cheese_box_in_the_basket,Sensor Noise,,initstate_0,,,,noise_48,,view_0
LIVING_ROOM_SCENE1_put_both_the_alphabet_soup_and_the_cream_cheese_box_in_the_basket_view_0_0_100_0_0_initstate_0_noise_49,LIVING_ROOM_SCENE1_put_both_the_alphabet_soup_and_the_cream_cheese_box_in_the_basket,Sensor Noise,,initstate_0,,,,noise_49,,view_0
LIVING_ROOM_SCENE1_put_both_the_alphabet_soup_and_the_cream_cheese_box_in_the_basket_view_0_0_100_0_0_initstate_0_noise_50,LIVING_ROOM_SCENE1_put_both_the_alphabet_soup_and_the_cream_cheese_box_in_the_basket,Sensor Noise,,initstate_0,,,,noise_50,,view_0
LIVING_ROOM_SCENE1_put_both_the_alphabet_soup_and_the_cream_cheese_box_in_the_basket_add_18,LIVING_ROOM_SCENE1_put_both_the_alphabet_soup_and_the_cream_cheese_box_in_the_basket,Objects Layout,add_18,,,,,,,
LIVING_ROOM_SCENE1_put_both_the_alphabet_soup_and_the_cream_cheese_box_in_the_basket_add_27,LIVING_ROOM_SCENE1_put_both_the_alphabet_soup_and_the_cream_cheese_box_in_the_basket,Objects Layout,add_27,,,,,,,
LIVING_ROOM_SCENE1_put_both_the_alphabet_soup_and_the_cream_cheese_box_in_the_basket_add_28,LIVING_ROOM_SCENE1_put_both_the_alphabet_soup_and_the_cream_cheese_box_in_the_basket,Objects Layout,add_28,,,,,,,
LIVING_ROOM_SCENE1_put_both_the_alphabet_soup_and_the_cream_cheese_box_in_the_basket_add_30,LIVING_ROOM_SCENE1_put_both_the_alphabet_soup_and_the_cream_cheese_box_in_the_basket,Objects Layout,add_30,,,,,,,
LIVING_ROOM_SCENE1_put_both_the_alphabet_soup_and_the_cream_cheese_box_in_the_basket_level2_sample3,LIVING_ROOM_SCENE1_put_both_the_alphabet_soup_and_the_cream_cheese_box_in_the_basket,Objects Layout,,,,level2_sample3,,,,
LIVING_ROOM_SCENE1_put_both_the_alphabet_soup_and_the_cream_cheese_box_in_the_basket_level3_sample1,LIVING_ROOM_SCENE1_put_both_the_alphabet_soup_and_the_cream_cheese_box_in_the_basket,Objects Layout,,,,level3_sample1,,,,
LIVING_ROOM_SCENE1_put_both_the_alphabet_soup_and_the_cream_cheese_box_in_the_basket_level3_sample3,LIVING_ROOM_SCENE1_put_both_the_alphabet_soup_and_the_cream_cheese_box_in_the_basket,Objects Layout,,,,level3_sample3,,,,
LIVING_ROOM_SCENE1_put_both_the_alphabet_soup_and_the_cream_cheese_box_in_the_basket_level4_sample1,LIVING_ROOM_SCENE1_put_both_the_alphabet_soup_and_the_cream_cheese_box_in_the_basket,Objects Layout,,,,level4_sample1,,,,
LIVING_ROOM_SCENE1_put_both_the_alphabet_soup_and_the_cream_cheese_box_in_the_basket_level4_sample2,LIVING_ROOM_SCENE1_put_both_the_alphabet_soup_and_the_cream_cheese_box_in_the_basket,Objects Layout,,,,level4_sample2,,,,
LIVING_ROOM_SCENE1_put_both_the_alphabet_soup_and_the_cream_cheese_box_in_the_basket_level4_sample4,LIVING_ROOM_SCENE1_put_both_the_alphabet_soup_and_the_cream_cheese_box_in_the_basket,Objects Layout,,,,level4_sample4,,,,
LIVING_ROOM_SCENE1_put_both_the_alphabet_soup_and_the_cream_cheese_box_in_the_basket_level5_sample2,LIVING_ROOM_SCENE1_put_both_the_alphabet_soup_and_the_cream_cheese_box_in_the_basket,Objects Layout,,,,level5_sample2,,,,
LIVING_ROOM_SCENE1_put_both_the_alphabet_soup_and_the_cream_cheese_box_in_the_basket_level5_sample3,LIVING_ROOM_SCENE1_put_both_the_alphabet_soup_and_the_cream_cheese_box_in_the_basket,Objects Layout,,,,level5_sample3,,,,
LIVING_ROOM_SCENE1_put_both_the_alphabet_soup_and_the_cream_cheese_box_in_the_basket_level5_sample4,LIVING_ROOM_SCENE1_put_both_the_alphabet_soup_and_the_cream_cheese_box_in_the_basket,Objects Layout,,,,level5_sample4,,,,
LIVING_ROOM_SCENE1_put_both_the_alphabet_soup_and_the_cream_cheese_box_in_the_basket_light_11,LIVING_ROOM_SCENE1_put_both_the_alphabet_soup_and_the_cream_cheese_box_in_the_basket,Light Conditions,,,,,light_11,,,
LIVING_ROOM_SCENE1_put_both_the_alphabet_soup_and_the_cream_cheese_box_in_the_basket_light_15,LIVING_ROOM_SCENE1_put_both_the_alphabet_soup_and_the_cream_cheese_box_in_the_basket,Light Conditions,,,,,light_15,,,
LIVING_ROOM_SCENE1_put_both_the_alphabet_soup_and_the_cream_cheese_box_in_the_basket_light_24,LIVING_ROOM_SCENE1_put_both_the_alphabet_soup_and_the_cream_cheese_box_in_the_basket,Light Conditions,,,,,light_24,,,
LIVING_ROOM_SCENE1_put_both_the_alphabet_soup_and_the_cream_cheese_box_in_the_basket_light_37,LIVING_ROOM_SCENE1_put_both_the_alphabet_soup_and_the_cream_cheese_box_in_the_basket,Light Conditions,,,,,light_37,,,
LIVING_ROOM_SCENE2_put_both_the_alphabet_soup_and_the_tomato_sauce_in_the_basket_table_1,LIVING_ROOM_SCENE2_put_both_the_alphabet_soup_and_the_tomato_sauce_in_the_basket,Background Textures,,,,,,,table_1,
LIVING_ROOM_SCENE2_put_both_the_alphabet_soup_and_the_tomato_sauce_in_the_basket_table_10,LIVING_ROOM_SCENE2_put_both_the_alphabet_soup_and_the_tomato_sauce_in_the_basket,Background Textures,,,,,,,table_10,
LIVING_ROOM_SCENE2_put_both_the_alphabet_soup_and_the_tomato_sauce_in_the_basket_table_12,LIVING_ROOM_SCENE2_put_both_the_alphabet_soup_and_the_tomato_sauce_in_the_basket,Background Textures,,,,,,,table_12,
LIVING_ROOM_SCENE2_put_both_the_alphabet_soup_and_the_tomato_sauce_in_the_basket_table_13,LIVING_ROOM_SCENE2_put_both_the_alphabet_soup_and_the_tomato_sauce_in_the_basket,Background Textures,,,,,,,table_13,
LIVING_ROOM_SCENE2_put_both_the_alphabet_soup_and_the_tomato_sauce_in_the_basket_table_19,LIVING_ROOM_SCENE2_put_both_the_alphabet_soup_and_the_tomato_sauce_in_the_basket,Background Textures,,,,,,,table_19,
LIVING_ROOM_SCENE2_put_both_the_alphabet_soup_and_the_tomato_sauce_in_the_basket_table_3,LIVING_ROOM_SCENE2_put_both_the_alphabet_soup_and_the_tomato_sauce_in_the_basket,Background Textures,,,,,,,table_3,
LIVING_ROOM_SCENE2_put_both_the_alphabet_soup_and_the_tomato_sauce_in_the_basket_table_9,LIVING_ROOM_SCENE2_put_both_the_alphabet_soup_and_the_tomato_sauce_in_the_basket,Background Textures,,,,,,,table_9,
LIVING_ROOM_SCENE2_put_both_the_alphabet_soup_and_the_tomato_sauce_in_the_basket_tb_1,LIVING_ROOM_SCENE2_put_both_the_alphabet_soup_and_the_tomato_sauce_in_the_basket,Background Textures,,,,,,,tb_1,
LIVING_ROOM_SCENE2_put_both_the_alphabet_soup_and_the_tomato_sauce_in_the_basket_tb_19,LIVING_ROOM_SCENE2_put_both_the_alphabet_soup_and_the_tomato_sauce_in_the_basket,Background Textures,,,,,,,tb_19,
LIVING_ROOM_SCENE2_put_both_the_alphabet_soup_and_the_tomato_sauce_in_the_basket_tb_2,LIVING_ROOM_SCENE2_put_both_the_alphabet_soup_and_the_tomato_sauce_in_the_basket,Background Textures,,,,,,,tb_2,
LIVING_ROOM_SCENE2_put_both_the_alphabet_soup_and_the_tomato_sauce_in_the_basket_tb_20,LIVING_ROOM_SCENE2_put_both_the_alphabet_soup_and_the_tomato_sauce_in_the_basket,Background Textures,,,,,,,tb_20,
LIVING_ROOM_SCENE2_put_both_the_alphabet_soup_and_the_tomato_sauce_in_the_basket_tb_21,LIVING_ROOM_SCENE2_put_both_the_alphabet_soup_and_the_tomato_sauce_in_the_basket,Background Textures,,,,,,,tb_21,
LIVING_ROOM_SCENE2_put_both_the_alphabet_soup_and_the_tomato_sauce_in_the_basket_tb_3,LIVING_ROOM_SCENE2_put_both_the_alphabet_soup_and_the_tomato_sauce_in_the_basket,Background Textures,,,,,,,tb_3,
LIVING_ROOM_SCENE2_put_both_the_alphabet_soup_and_the_tomato_sauce_in_the_basket_view_0_0_100_0_0_initstate_1,LIVING_ROOM_SCENE2_put_both_the_alphabet_soup_and_the_tomato_sauce_in_the_basket,Robot Initial States,,initstate_1,,,,,,view_0
LIVING_ROOM_SCENE2_put_both_the_alphabet_soup_and_the_tomato_sauce_in_the_basket_view_0_0_100_0_0_initstate_11,LIVING_ROOM_SCENE2_put_both_the_alphabet_soup_and_the_tomato_sauce_in_the_basket,Robot Initial States,,initstate_11,,,,,,view_0
LIVING_ROOM_SCENE2_put_both_the_alphabet_soup_and_the_tomato_sauce_in_the_basket_view_0_0_100_0_0_initstate_51,LIVING_ROOM_SCENE2_put_both_the_alphabet_soup_and_the_tomato_sauce_in_the_basket,Robot Initial States,,initstate_51,,,,,,view_0
LIVING_ROOM_SCENE2_put_both_the_alphabet_soup_and_the_tomato_sauce_in_the_basket_view_0_0_100_0_0_initstate_71,LIVING_ROOM_SCENE2_put_both_the_alphabet_soup_and_the_tomato_sauce_in_the_basket,Robot Initial States,,initstate_71,,,,,,view_0
LIVING_ROOM_SCENE2_put_both_the_alphabet_soup_and_the_tomato_sauce_in_the_basket_view_0_0_100_0_0_initstate_81,LIVING_ROOM_SCENE2_put_both_the_alphabet_soup_and_the_tomato_sauce_in_the_basket,Robot Initial States,,initstate_81,,,,,,view_0
LIVING_ROOM_SCENE2_put_both_the_alphabet_soup_and_the_tomato_sauce_in_the_basket_view_0_0_100_0_0_initstate_121,LIVING_ROOM_SCENE2_put_both_the_alphabet_soup_and_the_tomato_sauce_in_the_basket,Robot Initial States,,initstate_121,,,,,,view_0
LIVING_ROOM_SCENE2_put_both_the_alphabet_soup_and_the_tomato_sauce_in_the_basket_view_0_0_100_0_0_initstate_131,LIVING_ROOM_SCENE2_put_both_the_alphabet_soup_and_the_tomato_sauce_in_the_basket,Robot Initial States,,initstate_131,,,,,,view_0
LIVING_ROOM_SCENE2_put_both_the_alphabet_soup_and_the_tomato_sauce_in_the_basket_view_0_0_100_0_0_initstate_141,LIVING_ROOM_SCENE2_put_both_the_alphabet_soup_and_the_tomato_sauce_in_the_basket,Robot Initial States,,initstate_141,,,,,,view_0
LIVING_ROOM_SCENE2_put_both_the_alphabet_soup_and_the_tomato_sauce_in_the_basket_view_0_0_100_0_0_initstate_151,LIVING_ROOM_SCENE2_put_both_the_alphabet_soup_and_the_tomato_sauce_in_the_basket,Robot Initial States,,initstate_151,,,,,,view_0
LIVING_ROOM_SCENE2_put_both_the_alphabet_soup_and_the_tomato_sauce_in_the_basket_view_0_0_100_0_0_initstate_161,LIVING_ROOM_SCENE2_put_both_the_alphabet_soup_and_the_tomato_sauce_in_the_basket,Robot Initial States,,initstate_161,,,,,,view_0
LIVING_ROOM_SCENE2_put_both_the_alphabet_soup_and_the_tomato_sauce_in_the_basket_view_0_0_100_0_0_initstate_171,LIVING_ROOM_SCENE2_put_both_the_alphabet_soup_and_the_tomato_sauce_in_the_basket,Robot Initial States,,initstate_171,,,,,,view_0
LIVING_ROOM_SCENE2_put_both_the_alphabet_soup_and_the_tomato_sauce_in_the_basket_view_0_0_100_0_0_initstate_191,LIVING_ROOM_SCENE2_put_both_the_alphabet_soup_and_the_tomato_sauce_in_the_basket,Robot Initial States,,initstate_191,,,,,,view_0
LIVING_ROOM_SCENE2_put_both_the_alphabet_soup_and_the_tomato_sauce_in_the_basket_view_0_0_100_0_0_initstate_201,LIVING_ROOM_SCENE2_put_both_the_alphabet_soup_and_the_tomato_sauce_in_the_basket,Robot Initial States,,initstate_201,,,,,,view_0
LIVING_ROOM_SCENE2_put_both_the_alphabet_soup_and_the_tomato_sauce_in_the_basket_view_0_0_100_0_0_initstate_211,LIVING_ROOM_SCENE2_put_both_the_alphabet_soup_and_the_tomato_sauce_in_the_basket,Robot Initial States,,initstate_211,,,,,,view_0
LIVING_ROOM_SCENE2_put_both_the_alphabet_soup_and_the_tomato_sauce_in_the_basket_view_0_0_100_0_0_initstate_221,LIVING_ROOM_SCENE2_put_both_the_alphabet_soup_and_the_tomato_sauce_in_the_basket,Robot Initial States,,initstate_221,,,,,,view_0
LIVING_ROOM_SCENE2_put_both_the_alphabet_soup_and_the_tomato_sauce_in_the_basket_view_0_0_100_0_0_initstate_231,LIVING_ROOM_SCENE2_put_both_the_alphabet_soup_and_the_tomato_sauce_in_the_basket,Robot Initial States,,initstate_231,,,,,,view_0
LIVING_ROOM_SCENE2_put_both_the_alphabet_soup_and_the_tomato_sauce_in_the_basket_view_0_0_100_0_0_initstate_241,LIVING_ROOM_SCENE2_put_both_the_alphabet_soup_and_the_tomato_sauce_in_the_basket,Robot Initial States,,initstate_241,,,,,,view_0
LIVING_ROOM_SCENE2_put_both_the_alphabet_soup_and_the_tomato_sauce_in_the_basket_view_0_0_100_0_0_initstate_251,LIVING_ROOM_SCENE2_put_both_the_alphabet_soup_and_the_tomato_sauce_in_the_basket,Robot Initial States,,initstate_251,,,,,,view_0
LIVING_ROOM_SCENE2_put_both_the_alphabet_soup_and_the_tomato_sauce_in_the_basket_view_0_0_100_0_0_initstate_261,LIVING_ROOM_SCENE2_put_both_the_alphabet_soup_and_the_tomato_sauce_in_the_basket,Robot Initial States,,initstate_261,,,,,,view_0
LIVING_ROOM_SCENE2_put_both_the_alphabet_soup_and_the_tomato_sauce_in_the_basket_view_0_0_100_0_0_initstate_271,LIVING_ROOM_SCENE2_put_both_the_alphabet_soup_and_the_tomato_sauce_in_the_basket,Robot Initial States,,initstate_271,,,,,,view_0
LIVING_ROOM_SCENE2_put_both_the_alphabet_soup_and_the_tomato_sauce_in_the_basket_view_0_0_100_0_0_initstate_281,LIVING_ROOM_SCENE2_put_both_the_alphabet_soup_and_the_tomato_sauce_in_the_basket,Robot Initial States,,initstate_281,,,,,,view_0
LIVING_ROOM_SCENE2_put_both_the_alphabet_soup_and_the_tomato_sauce_in_the_basket_view_0_0_100_0_0_initstate_291,LIVING_ROOM_SCENE2_put_both_the_alphabet_soup_and_the_tomato_sauce_in_the_basket,Robot Initial States,,initstate_291,,,,,,view_0
LIVING_ROOM_SCENE2_put_both_the_alphabet_soup_and_the_tomato_sauce_in_the_basket_view_0_0_100_0_0_initstate_301,LIVING_ROOM_SCENE2_put_both_the_alphabet_soup_and_the_tomato_sauce_in_the_basket,Robot Initial States,,initstate_301,,,,,,view_0
LIVING_ROOM_SCENE2_put_both_the_alphabet_soup_and_the_tomato_sauce_in_the_basket_view_0_0_100_0_0_initstate_311,LIVING_ROOM_SCENE2_put_both_the_alphabet_soup_and_the_tomato_sauce_in_the_basket,Robot Initial States,,initstate_311,,,,,,view_0
LIVING_ROOM_SCENE2_put_both_the_alphabet_soup_and_the_tomato_sauce_in_the_basket_view_0_0_100_0_0_initstate_321,LIVING_ROOM_SCENE2_put_both_the_alphabet_soup_and_the_tomato_sauce_in_the_basket,Robot Initial States,,initstate_321,,,,,,view_0
LIVING_ROOM_SCENE2_put_both_the_alphabet_soup_and_the_tomato_sauce_in_the_basket_view_0_0_100_0_0_initstate_331,LIVING_ROOM_SCENE2_put_both_the_alphabet_soup_and_the_tomato_sauce_in_the_basket,Robot Initial States,,initstate_331,,,,,,view_0
LIVING_ROOM_SCENE2_put_both_the_alphabet_soup_and_the_tomato_sauce_in_the_basket_view_0_0_100_0_0_initstate_341,LIVING_ROOM_SCENE2_put_both_the_alphabet_soup_and_the_tomato_sauce_in_the_basket,Robot Initial States,,initstate_341,,,,,,view_0
LIVING_ROOM_SCENE2_put_both_the_alphabet_soup_and_the_tomato_sauce_in_the_basket_view_0_0_100_0_0_initstate_351,LIVING_ROOM_SCENE2_put_both_the_alphabet_soup_and_the_tomato_sauce_in_the_basket,Robot Initial States,,initstate_351,,,,,,view_0
LIVING_ROOM_SCENE2_put_both_the_alphabet_soup_and_the_tomato_sauce_in_the_basket_view_0_0_100_0_0_initstate_361,LIVING_ROOM_SCENE2_put_both_the_alphabet_soup_and_the_tomato_sauce_in_the_basket,Robot Initial States,,initstate_361,,,,,,view_0
LIVING_ROOM_SCENE2_put_both_the_alphabet_soup_and_the_tomato_sauce_in_the_basket_view_0_0_100_0_0_initstate_371,LIVING_ROOM_SCENE2_put_both_the_alphabet_soup_and_the_tomato_sauce_in_the_basket,Robot Initial States,,initstate_371,,,,,,view_0
LIVING_ROOM_SCENE2_put_both_the_alphabet_soup_and_the_tomato_sauce_in_the_basket_view_0_0_100_0_0_initstate_381,LIVING_ROOM_SCENE2_put_both_the_alphabet_soup_and_the_tomato_sauce_in_the_basket,Robot Initial States,,initstate_381,,,,,,view_0
LIVING_ROOM_SCENE2_put_both_the_alphabet_soup_and_the_tomato_sauce_in_the_basket_view_0_0_100_0_0_initstate_391,LIVING_ROOM_SCENE2_put_both_the_alphabet_soup_and_the_tomato_sauce_in_the_basket,Robot Initial States,,initstate_391,,,,,,view_0
LIVING_ROOM_SCENE2_put_both_the_alphabet_soup_and_the_tomato_sauce_in_the_basket_view_0_0_100_0_0_initstate_401,LIVING_ROOM_SCENE2_put_both_the_alphabet_soup_and_the_tomato_sauce_in_the_basket,Robot Initial States,,initstate_401,,,,,,view_0
LIVING_ROOM_SCENE2_put_both_the_alphabet_soup_and_the_tomato_sauce_in_the_basket_view_0_0_100_0_0_initstate_411,LIVING_ROOM_SCENE2_put_both_the_alphabet_soup_and_the_tomato_sauce_in_the_basket,Robot Initial States,,initstate_411,,,,,,view_0
LIVING_ROOM_SCENE2_put_both_the_alphabet_soup_and_the_tomato_sauce_in_the_basket_view_0_0_100_0_0_initstate_421,LIVING_ROOM_SCENE2_put_both_the_alphabet_soup_and_the_tomato_sauce_in_the_basket,Robot Initial States,,initstate_421,,,,,,view_0
LIVING_ROOM_SCENE2_put_both_the_alphabet_soup_and_the_tomato_sauce_in_the_basket_view_0_0_100_0_0_initstate_441,LIVING_ROOM_SCENE2_put_both_the_alphabet_soup_and_the_tomato_sauce_in_the_basket,Robot Initial States,,initstate_441,,,,,,view_0
LIVING_ROOM_SCENE2_put_both_the_alphabet_soup_and_the_tomato_sauce_in_the_basket_view_0_0_100_0_0_initstate_451,LIVING_ROOM_SCENE2_put_both_the_alphabet_soup_and_the_tomato_sauce_in_the_basket,Robot Initial States,,initstate_451,,,,,,view_0
LIVING_ROOM_SCENE2_put_both_the_alphabet_soup_and_the_tomato_sauce_in_the_basket_view_0_0_100_0_0_initstate_461,LIVING_ROOM_SCENE2_put_both_the_alphabet_soup_and_the_tomato_sauce_in_the_basket,Robot Initial States,,initstate_461,,,,,,view_0
LIVING_ROOM_SCENE2_put_both_the_alphabet_soup_and_the_tomato_sauce_in_the_basket_view_0_0_100_0_0_initstate_471,LIVING_ROOM_SCENE2_put_both_the_alphabet_soup_and_the_tomato_sauce_in_the_basket,Robot Initial States,,initstate_471,,,,,,view_0
LIVING_ROOM_SCENE2_put_both_the_alphabet_soup_and_the_tomato_sauce_in_the_basket_view_0_0_100_0_0_initstate_481,LIVING_ROOM_SCENE2_put_both_the_alphabet_soup_and_the_tomato_sauce_in_the_basket,Robot Initial States,,initstate_481,,,,,,view_0
LIVING_ROOM_SCENE2_put_both_the_alphabet_soup_and_the_tomato_sauce_in_the_basket_view_0_0_100_0_0_initstate_491,LIVING_ROOM_SCENE2_put_both_the_alphabet_soup_and_the_tomato_sauce_in_the_basket,Robot Initial States,,initstate_491,,,,,,view_0
LIVING_ROOM_SCENE2_put_both_the_alphabet_soup_and_the_tomato_sauce_in_the_basket_view_0_0_100_2_6_initstate_0,LIVING_ROOM_SCENE2_put_both_the_alphabet_soup_and_the_tomato_sauce_in_the_basket,Camera Viewpoints,,initstate_0,,,,,,view_0
LIVING_ROOM_SCENE2_put_both_the_alphabet_soup_and_the_tomato_sauce_in_the_basket_view_0_0_100_2_8_initstate_0,LIVING_ROOM_SCENE2_put_both_the_alphabet_soup_and_the_tomato_sauce_in_the_basket,Camera Viewpoints,,initstate_0,,,,,,view_0
LIVING_ROOM_SCENE2_put_both_the_alphabet_soup_and_the_tomato_sauce_in_the_basket_view_0_0_100_2_10_initstate_0,LIVING_ROOM_SCENE2_put_both_the_alphabet_soup_and_the_tomato_sauce_in_the_basket,Camera Viewpoints,,initstate_0,,,,,,view_0
LIVING_ROOM_SCENE2_put_both_the_alphabet_soup_and_the_tomato_sauce_in_the_basket_view_0_0_100_2_350_initstate_0,LIVING_ROOM_SCENE2_put_both_the_alphabet_soup_and_the_tomato_sauce_in_the_basket,Camera Viewpoints,,initstate_0,,,,,,view_0
LIVING_ROOM_SCENE2_put_both_the_alphabet_soup_and_the_tomato_sauce_in_the_basket_view_0_0_100_2_352_initstate_0,LIVING_ROOM_SCENE2_put_both_the_alphabet_soup_and_the_tomato_sauce_in_the_basket,Camera Viewpoints,,initstate_0,,,,,,view_0
LIVING_ROOM_SCENE2_put_both_the_alphabet_soup_and_the_tomato_sauce_in_the_basket_view_0_0_100_2_354_initstate_0,LIVING_ROOM_SCENE2_put_both_the_alphabet_soup_and_the_tomato_sauce_in_the_basket,Camera Viewpoints,,initstate_0,,,,,,view_0
LIVING_ROOM_SCENE2_put_both_the_alphabet_soup_and_the_tomato_sauce_in_the_basket_view_1_15_100_0_0_initstate_0,LIVING_ROOM_SCENE2_put_both_the_alphabet_soup_and_the_tomato_sauce_in_the_basket,Camera Viewpoints,,initstate_0,,,,,,view_1
LIVING_ROOM_SCENE2_put_both_the_alphabet_soup_and_the_tomato_sauce_in_the_basket_view_2_15_100_0_0_initstate_0,LIVING_ROOM_SCENE2_put_both_the_alphabet_soup_and_the_tomato_sauce_in_the_basket,Camera Viewpoints,,initstate_0,,,,,,view_2
LIVING_ROOM_SCENE2_put_both_the_alphabet_soup_and_the_tomato_sauce_in_the_basket_view_4_15_100_0_0_initstate_0,LIVING_ROOM_SCENE2_put_both_the_alphabet_soup_and_the_tomato_sauce_in_the_basket,Camera Viewpoints,,initstate_0,,,,,,view_4
LIVING_ROOM_SCENE2_put_both_the_alphabet_soup_and_the_tomato_sauce_in_the_basket_view_5_15_100_0_0_initstate_0,LIVING_ROOM_SCENE2_put_both_the_alphabet_soup_and_the_tomato_sauce_in_the_basket,Camera Viewpoints,,initstate_0,,,,,,view_5
LIVING_ROOM_SCENE2_put_both_the_alphabet_soup_and_the_tomato_sauce_in_the_basket_view_6_15_100_0_0_initstate_0,LIVING_ROOM_SCENE2_put_both_the_alphabet_soup_and_the_tomato_sauce_in_the_basket,Camera Viewpoints,,initstate_0,,,,,,view_6
LIVING_ROOM_SCENE2_put_both_the_alphabet_soup_and_the_tomato_sauce_in_the_basket_view_7_15_100_0_0_initstate_0,LIVING_ROOM_SCENE2_put_both_the_alphabet_soup_and_the_tomato_sauce_in_the_basket,Camera Viewpoints,,initstate_0,,,,,,view_7
LIVING_ROOM_SCENE2_put_both_the_alphabet_soup_and_the_tomato_sauce_in_the_basket_view_8_15_100_0_0_initstate_0,LIVING_ROOM_SCENE2_put_both_the_alphabet_soup_and_the_tomato_sauce_in_the_basket,Camera Viewpoints,,initstate_0,,,,,,view_8
LIVING_ROOM_SCENE2_put_both_the_alphabet_soup_and_the_tomato_sauce_in_the_basket_view_9_15_100_0_0_initstate_0,LIVING_ROOM_SCENE2_put_both_the_alphabet_soup_and_the_tomato_sauce_in_the_basket,Camera Viewpoints,,initstate_0,,,,,,view_9
LIVING_ROOM_SCENE2_put_both_the_alphabet_soup_and_the_tomato_sauce_in_the_basket_view_10_15_100_0_0_initstate_0,LIVING_ROOM_SCENE2_put_both_the_alphabet_soup_and_the_tomato_sauce_in_the_basket,Camera Viewpoints,,initstate_0,,,,,,view_10
LIVING_ROOM_SCENE2_put_both_the_alphabet_soup_and_the_tomato_sauce_in_the_basket_view_11_15_100_0_0_initstate_0,LIVING_ROOM_SCENE2_put_both_the_alphabet_soup_and_the_tomato_sauce_in_the_basket,Camera Viewpoints,,initstate_0,,,,,,view_11
LIVING_ROOM_SCENE2_put_both_the_alphabet_soup_and_the_tomato_sauce_in_the_basket_view_12_15_100_0_0_initstate_0,LIVING_ROOM_SCENE2_put_both_the_alphabet_soup_and_the_tomato_sauce_in_the_basket,Camera Viewpoints,,initstate_0,,,,,,view_12
LIVING_ROOM_SCENE2_put_both_the_alphabet_soup_and_the_tomato_sauce_in_the_basket_view_13_15_100_0_0_initstate_0,LIVING_ROOM_SCENE2_put_both_the_alphabet_soup_and_the_tomato_sauce_in_the_basket,Camera Viewpoints,,initstate_0,,,,,,view_13
LIVING_ROOM_SCENE2_put_both_the_alphabet_soup_and_the_tomato_sauce_in_the_basket_view_14_15_100_0_0_initstate_0,LIVING_ROOM_SCENE2_put_both_the_alphabet_soup_and_the_tomato_sauce_in_the_basket,Camera Viewpoints,,initstate_0,,,,,,view_14
LIVING_ROOM_SCENE2_put_both_the_alphabet_soup_and_the_tomato_sauce_in_the_basket_view_15_15_100_0_0_initstate_0,LIVING_ROOM_SCENE2_put_both_the_alphabet_soup_and_the_tomato_sauce_in_the_basket,Camera Viewpoints,,initstate_0,,,,,,view_15
LIVING_ROOM_SCENE2_put_both_the_alphabet_soup_and_the_tomato_sauce_in_the_basket_language_1_view_0_0_100_0_0_initstate_0,LIVING_ROOM_SCENE2_put_both_the_alphabet_soup_and_the_tomato_sauce_in_the_basket,Language Instructions,,initstate_0,language_1,,,,,view_0
LIVING_ROOM_SCENE2_put_both_the_alphabet_soup_and_the_tomato_sauce_in_the_basket_language_2_view_0_0_100_0_0_initstate_0,LIVING_ROOM_SCENE2_put_both_the_alphabet_soup_and_the_tomato_sauce_in_the_basket,Language Instructions,,initstate_0,language_2,,,,,view_0
LIVING_ROOM_SCENE2_put_both_the_alphabet_soup_and_the_tomato_sauce_in_the_basket_language_3_view_0_0_100_0_0_initstate_0,LIVING_ROOM_SCENE2_put_both_the_alphabet_soup_and_the_tomato_sauce_in_the_basket,Language Instructions,,initstate_0,language_3,,,,,view_0
LIVING_ROOM_SCENE2_put_both_the_alphabet_soup_and_the_tomato_sauce_in_the_basket_language_4_view_0_0_100_0_0_initstate_0,LIVING_ROOM_SCENE2_put_both_the_alphabet_soup_and_the_tomato_sauce_in_the_basket,Language Instructions,,initstate_0,language_4,,,,,view_0
LIVING_ROOM_SCENE2_put_both_the_alphabet_soup_and_the_tomato_sauce_in_the_basket_language_5_view_0_0_100_0_0_initstate_0,LIVING_ROOM_SCENE2_put_both_the_alphabet_soup_and_the_tomato_sauce_in_the_basket,Language Instructions,,initstate_0,language_5,,,,,view_0
LIVING_ROOM_SCENE2_put_both_the_alphabet_soup_and_the_tomato_sauce_in_the_basket_language_6_view_0_0_100_0_0_initstate_0,LIVING_ROOM_SCENE2_put_both_the_alphabet_soup_and_the_tomato_sauce_in_the_basket,Language Instructions,,initstate_0,language_6,,,,,view_0
LIVING_ROOM_SCENE2_put_both_the_alphabet_soup_and_the_tomato_sauce_in_the_basket_language_7_view_0_0_100_0_0_initstate_0,LIVING_ROOM_SCENE2_put_both_the_alphabet_soup_and_the_tomato_sauce_in_the_basket,Language Instructions,,initstate_0,language_7,,,,,view_0
LIVING_ROOM_SCENE2_put_both_the_alphabet_soup_and_the_tomato_sauce_in_the_basket_language_8_view_0_0_100_0_0_initstate_0,LIVING_ROOM_SCENE2_put_both_the_alphabet_soup_and_the_tomato_sauce_in_the_basket,Language Instructions,,initstate_0,language_8,,,,,view_0
LIVING_ROOM_SCENE2_put_both_the_alphabet_soup_and_the_tomato_sauce_in_the_basket_language_9_view_0_0_100_0_0_initstate_0,LIVING_ROOM_SCENE2_put_both_the_alphabet_soup_and_the_tomato_sauce_in_the_basket,Language Instructions,,initstate_0,language_9,,,,,view_0
LIVING_ROOM_SCENE2_put_both_the_alphabet_soup_and_the_tomato_sauce_in_the_basket_language_10_view_0_0_100_0_0_initstate_0,LIVING_ROOM_SCENE2_put_both_the_alphabet_soup_and_the_tomato_sauce_in_the_basket,Language Instructions,,initstate_0,language_10,,,,,view_0
LIVING_ROOM_SCENE2_put_both_the_alphabet_soup_and_the_tomato_sauce_in_the_basket_language_11_view_0_0_100_0_0_initstate_0,LIVING_ROOM_SCENE2_put_both_the_alphabet_soup_and_the_tomato_sauce_in_the_basket,Language Instructions,,initstate_0,language_11,,,,,view_0
LIVING_ROOM_SCENE2_put_both_the_alphabet_soup_and_the_tomato_sauce_in_the_basket_language_12_view_0_0_100_0_0_initstate_0,LIVING_ROOM_SCENE2_put_both_the_alphabet_soup_and_the_tomato_sauce_in_the_basket,Language Instructions,,initstate_0,language_12,,,,,view_0
LIVING_ROOM_SCENE2_put_both_the_alphabet_soup_and_the_tomato_sauce_in_the_basket_language_13_view_0_0_100_0_0_initstate_0,LIVING_ROOM_SCENE2_put_both_the_alphabet_soup_and_the_tomato_sauce_in_the_basket,Language Instructions,,initstate_0,language_13,,,,,view_0
LIVING_ROOM_SCENE2_put_both_the_alphabet_soup_and_the_tomato_sauce_in_the_basket_language_14_view_0_0_100_0_0_initstate_0,LIVING_ROOM_SCENE2_put_both_the_alphabet_soup_and_the_tomato_sauce_in_the_basket,Language Instructions,,initstate_0,language_14,,,,,view_0
LIVING_ROOM_SCENE2_put_both_the_alphabet_soup_and_the_tomato_sauce_in_the_basket_language_15_view_0_0_100_0_0_initstate_0,LIVING_ROOM_SCENE2_put_both_the_alphabet_soup_and_the_tomato_sauce_in_the_basket,Language Instructions,,initstate_0,language_15,,,,,view_0
LIVING_ROOM_SCENE2_put_both_the_alphabet_soup_and_the_tomato_sauce_in_the_basket_language_18_view_0_0_100_0_0_initstate_0,LIVING_ROOM_SCENE2_put_both_the_alphabet_soup_and_the_tomato_sauce_in_the_basket,Language Instructions,,initstate_0,language_18,,,,,view_0
LIVING_ROOM_SCENE2_put_both_the_alphabet_soup_and_the_tomato_sauce_in_the_basket_language_19_view_0_0_100_0_0_initstate_0,LIVING_ROOM_SCENE2_put_both_the_alphabet_soup_and_the_tomato_sauce_in_the_basket,Language Instructions,,initstate_0,language_19,,,,,view_0
LIVING_ROOM_SCENE2_put_both_the_alphabet_soup_and_the_tomato_sauce_in_the_basket_language_20_view_0_0_100_0_0_initstate_0,LIVING_ROOM_SCENE2_put_both_the_alphabet_soup_and_the_tomato_sauce_in_the_basket,Language Instructions,,initstate_0,language_20,,,,,view_0
LIVING_ROOM_SCENE2_put_both_the_alphabet_soup_and_the_tomato_sauce_in_the_basket_language_21_view_0_0_100_0_0_initstate_0,LIVING_ROOM_SCENE2_put_both_the_alphabet_soup_and_the_tomato_sauce_in_the_basket,Language Instructions,,initstate_0,language_21,,,,,view_0
LIVING_ROOM_SCENE2_put_both_the_alphabet_soup_and_the_tomato_sauce_in_the_basket_language_22_view_0_0_100_0_0_initstate_0,LIVING_ROOM_SCENE2_put_both_the_alphabet_soup_and_the_tomato_sauce_in_the_basket,Language Instructions,,initstate_0,language_22,,,,,view_0
LIVING_ROOM_SCENE2_put_both_the_alphabet_soup_and_the_tomato_sauce_in_the_basket_language_23_view_0_0_100_0_0_initstate_0,LIVING_ROOM_SCENE2_put_both_the_alphabet_soup_and_the_tomato_sauce_in_the_basket,Language Instructions,,initstate_0,language_23,,,,,view_0
LIVING_ROOM_SCENE2_put_both_the_alphabet_soup_and_the_tomato_sauce_in_the_basket_language_24_view_0_0_100_0_0_initstate_0,LIVING_ROOM_SCENE2_put_both_the_alphabet_soup_and_the_tomato_sauce_in_the_basket,Language Instructions,,initstate_0,language_24,,,,,view_0
LIVING_ROOM_SCENE2_put_both_the_alphabet_soup_and_the_tomato_sauce_in_the_basket_language_25_view_0_0_100_0_0_initstate_0,LIVING_ROOM_SCENE2_put_both_the_alphabet_soup_and_the_tomato_sauce_in_the_basket,Language Instructions,,initstate_0,language_25,,,,,view_0
LIVING_ROOM_SCENE2_put_both_the_alphabet_soup_and_the_tomato_sauce_in_the_basket_language_26_view_0_0_100_0_0_initstate_0,LIVING_ROOM_SCENE2_put_both_the_alphabet_soup_and_the_tomato_sauce_in_the_basket,Language Instructions,,initstate_0,language_26,,,,,view_0
LIVING_ROOM_SCENE2_put_both_the_alphabet_soup_and_the_tomato_sauce_in_the_basket_language_27_view_0_0_100_0_0_initstate_0,LIVING_ROOM_SCENE2_put_both_the_alphabet_soup_and_the_tomato_sauce_in_the_basket,Language Instructions,,initstate_0,language_27,,,,,view_0
LIVING_ROOM_SCENE2_put_both_the_alphabet_soup_and_the_tomato_sauce_in_the_basket_language_28_view_0_0_100_0_0_initstate_0,LIVING_ROOM_SCENE2_put_both_the_alphabet_soup_and_the_tomato_sauce_in_the_basket,Language Instructions,,initstate_0,language_28,,,,,view_0
LIVING_ROOM_SCENE2_put_both_the_alphabet_soup_and_the_tomato_sauce_in_the_basket_language_30_view_0_0_100_0_0_initstate_0,LIVING_ROOM_SCENE2_put_both_the_alphabet_soup_and_the_tomato_sauce_in_the_basket,Language Instructions,,initstate_0,language_30,,,,,view_0
LIVING_ROOM_SCENE2_put_both_the_alphabet_soup_and_the_tomato_sauce_in_the_basket_language_31_view_0_0_100_0_0_initstate_0,LIVING_ROOM_SCENE2_put_both_the_alphabet_soup_and_the_tomato_sauce_in_the_basket,Language Instructions,,initstate_0,language_31,,,,,view_0
LIVING_ROOM_SCENE2_put_both_the_alphabet_soup_and_the_tomato_sauce_in_the_basket_language_32_view_0_0_100_0_0_initstate_0,LIVING_ROOM_SCENE2_put_both_the_alphabet_soup_and_the_tomato_sauce_in_the_basket,Language Instructions,,initstate_0,language_32,,,,,view_0
LIVING_ROOM_SCENE2_put_both_the_alphabet_soup_and_the_tomato_sauce_in_the_basket_language_33_view_0_0_100_0_0_initstate_0,LIVING_ROOM_SCENE2_put_both_the_alphabet_soup_and_the_tomato_sauce_in_the_basket,Language Instructions,,initstate_0,language_33,,,,,view_0
LIVING_ROOM_SCENE2_put_both_the_alphabet_soup_and_the_tomato_sauce_in_the_basket_language_34_view_0_0_100_0_0_initstate_0,LIVING_ROOM_SCENE2_put_both_the_alphabet_soup_and_the_tomato_sauce_in_the_basket,Language Instructions,,initstate_0,language_34,,,,,view_0
LIVING_ROOM_SCENE2_put_both_the_alphabet_soup_and_the_tomato_sauce_in_the_basket_language_36_view_0_0_100_0_0_initstate_0,LIVING_ROOM_SCENE2_put_both_the_alphabet_soup_and_the_tomato_sauce_in_the_basket,Language Instructions,,initstate_0,language_36,,,,,view_0
LIVING_ROOM_SCENE2_put_both_the_alphabet_soup_and_the_tomato_sauce_in_the_basket_language_37_view_0_0_100_0_0_initstate_0,LIVING_ROOM_SCENE2_put_both_the_alphabet_soup_and_the_tomato_sauce_in_the_basket,Language Instructions,,initstate_0,language_37,,,,,view_0
LIVING_ROOM_SCENE2_put_both_the_alphabet_soup_and_the_tomato_sauce_in_the_basket_language_39_view_0_0_100_0_0_initstate_0,LIVING_ROOM_SCENE2_put_both_the_alphabet_soup_and_the_tomato_sauce_in_the_basket,Language Instructions,,initstate_0,language_39,,,,,view_0
LIVING_ROOM_SCENE2_put_both_the_alphabet_soup_and_the_tomato_sauce_in_the_basket_language_40_view_0_0_100_0_0_initstate_0,LIVING_ROOM_SCENE2_put_both_the_alphabet_soup_and_the_tomato_sauce_in_the_basket,Language Instructions,,initstate_0,language_40,,,,,view_0
LIVING_ROOM_SCENE2_put_both_the_alphabet_soup_and_the_tomato_sauce_in_the_basket_language_41_view_0_0_100_0_0_initstate_0,LIVING_ROOM_SCENE2_put_both_the_alphabet_soup_and_the_tomato_sauce_in_the_basket,Language Instructions,,initstate_0,language_41,,,,,view_0
LIVING_ROOM_SCENE2_put_both_the_alphabet_soup_and_the_tomato_sauce_in_the_basket_language_42_view_0_0_100_0_0_initstate_0,LIVING_ROOM_SCENE2_put_both_the_alphabet_soup_and_the_tomato_sauce_in_the_basket,Language Instructions,,initstate_0,language_42,,,,,view_0
LIVING_ROOM_SCENE2_put_both_the_alphabet_soup_and_the_tomato_sauce_in_the_basket_language_43_view_0_0_100_0_0_initstate_0,LIVING_ROOM_SCENE2_put_both_the_alphabet_soup_and_the_tomato_sauce_in_the_basket,Language Instructions,,initstate_0,language_43,,,,,view_0
LIVING_ROOM_SCENE2_put_both_the_alphabet_soup_and_the_tomato_sauce_in_the_basket_language_44_view_0_0_100_0_0_initstate_0,LIVING_ROOM_SCENE2_put_both_the_alphabet_soup_and_the_tomato_sauce_in_the_basket,Language Instructions,,initstate_0,language_44,,,,,view_0
LIVING_ROOM_SCENE2_put_both_the_alphabet_soup_and_the_tomato_sauce_in_the_basket_language_45_view_0_0_100_0_0_initstate_0,LIVING_ROOM_SCENE2_put_both_the_alphabet_soup_and_the_tomato_sauce_in_the_basket,Language Instructions,,initstate_0,language_45,,,,,view_0
LIVING_ROOM_SCENE2_put_both_the_alphabet_soup_and_the_tomato_sauce_in_the_basket_language_46_view_0_0_100_0_0_initstate_0,LIVING_ROOM_SCENE2_put_both_the_alphabet_soup_and_the_tomato_sauce_in_the_basket,Language Instructions,,initstate_0,language_46,,,,,view_0
LIVING_ROOM_SCENE2_put_both_the_alphabet_soup_and_the_tomato_sauce_in_the_basket_language_47_view_0_0_100_0_0_initstate_0,LIVING_ROOM_SCENE2_put_both_the_alphabet_soup_and_the_tomato_sauce_in_the_basket,Language Instructions,,initstate_0,language_47,,,,,view_0
LIVING_ROOM_SCENE2_put_both_the_alphabet_soup_and_the_tomato_sauce_in_the_basket_language_48_view_0_0_100_0_0_initstate_0,LIVING_ROOM_SCENE2_put_both_the_alphabet_soup_and_the_tomato_sauce_in_the_basket,Language Instructions,,initstate_0,language_48,,,,,view_0
LIVING_ROOM_SCENE2_put_both_the_alphabet_soup_and_the_tomato_sauce_in_the_basket_language_49_view_0_0_100_0_0_initstate_0,LIVING_ROOM_SCENE2_put_both_the_alphabet_soup_and_the_tomato_sauce_in_the_basket,Language Instructions,,initstate_0,language_49,,,,,view_0
LIVING_ROOM_SCENE2_put_both_the_alphabet_soup_and_the_tomato_sauce_in_the_basket_language_50_view_0_0_100_0_0_initstate_0,LIVING_ROOM_SCENE2_put_both_the_alphabet_soup_and_the_tomato_sauce_in_the_basket,Language Instructions,,initstate_0,language_50,,,,,view_0
LIVING_ROOM_SCENE2_put_both_the_alphabet_soup_and_the_tomato_sauce_in_the_basket_view_0_0_100_0_0_initstate_0_noise_1,LIVING_ROOM_SCENE2_put_both_the_alphabet_soup_and_the_tomato_sauce_in_the_basket,Sensor Noise,,initstate_0,,,,noise_1,,view_0
LIVING_ROOM_SCENE2_put_both_the_alphabet_soup_and_the_tomato_sauce_in_the_basket_view_0_0_100_0_0_initstate_0_noise_2,LIVING_ROOM_SCENE2_put_both_the_alphabet_soup_and_the_tomato_sauce_in_the_basket,Sensor Noise,,initstate_0,,,,noise_2,,view_0
LIVING_ROOM_SCENE2_put_both_the_alphabet_soup_and_the_tomato_sauce_in_the_basket_view_0_0_100_0_0_initstate_0_noise_3,LIVING_ROOM_SCENE2_put_both_the_alphabet_soup_and_the_tomato_sauce_in_the_basket,Sensor Noise,,initstate_0,,,,noise_3,,view_0
LIVING_ROOM_SCENE2_put_both_the_alphabet_soup_and_the_tomato_sauce_in_the_basket_view_0_0_100_0_0_initstate_0_noise_4,LIVING_ROOM_SCENE2_put_both_the_alphabet_soup_and_the_tomato_sauce_in_the_basket,Sensor Noise,,initstate_0,,,,noise_4,,view_0
LIVING_ROOM_SCENE2_put_both_the_alphabet_soup_and_the_tomato_sauce_in_the_basket_view_0_0_100_0_0_initstate_0_noise_5,LIVING_ROOM_SCENE2_put_both_the_alphabet_soup_and_the_tomato_sauce_in_the_basket,Sensor Noise,,initstate_0,,,,noise_5,,view_0
LIVING_ROOM_SCENE2_put_both_the_alphabet_soup_and_the_tomato_sauce_in_the_basket_view_0_0_100_0_0_initstate_0_noise_7,LIVING_ROOM_SCENE2_put_both_the_alphabet_soup_and_the_tomato_sauce_in_the_basket,Sensor Noise,,initstate_0,,,,noise_7,,view_0
LIVING_ROOM_SCENE2_put_both_the_alphabet_soup_and_the_tomato_sauce_in_the_basket_view_0_0_100_0_0_initstate_0_noise_8,LIVING_ROOM_SCENE2_put_both_the_alphabet_soup_and_the_tomato_sauce_in_the_basket,Sensor Noise,,initstate_0,,,,noise_8,,view_0
LIVING_ROOM_SCENE2_put_both_the_alphabet_soup_and_the_tomato_sauce_in_the_basket_view_0_0_100_0_0_initstate_0_noise_9,LIVING_ROOM_SCENE2_put_both_the_alphabet_soup_and_the_tomato_sauce_in_the_basket,Sensor Noise,,initstate_0,,,,noise_9,,view_0
LIVING_ROOM_SCENE2_put_both_the_alphabet_soup_and_the_tomato_sauce_in_the_basket_view_0_0_100_0_0_initstate_0_noise_10,LIVING_ROOM_SCENE2_put_both_the_alphabet_soup_and_the_tomato_sauce_in_the_basket,Sensor Noise,,initstate_0,,,,noise_10,,view_0
LIVING_ROOM_SCENE2_put_both_the_alphabet_soup_and_the_tomato_sauce_in_the_basket_view_0_0_100_0_0_initstate_0_noise_11,LIVING_ROOM_SCENE2_put_both_the_alphabet_soup_and_the_tomato_sauce_in_the_basket,Sensor Noise,,initstate_0,,,,noise_11,,view_0
LIVING_ROOM_SCENE2_put_both_the_alphabet_soup_and_the_tomato_sauce_in_the_basket_view_0_0_100_0_0_initstate_0_noise_12,LIVING_ROOM_SCENE2_put_both_the_alphabet_soup_and_the_tomato_sauce_in_the_basket,Sensor Noise,,initstate_0,,,,noise_12,,view_0
LIVING_ROOM_SCENE2_put_both_the_alphabet_soup_and_the_tomato_sauce_in_the_basket_view_0_0_100_0_0_initstate_0_noise_13,LIVING_ROOM_SCENE2_put_both_the_alphabet_soup_and_the_tomato_sauce_in_the_basket,Sensor Noise,,initstate_0,,,,noise_13,,view_0
LIVING_ROOM_SCENE2_put_both_the_alphabet_soup_and_the_tomato_sauce_in_the_basket_view_0_0_100_0_0_initstate_0_noise_14,LIVING_ROOM_SCENE2_put_both_the_alphabet_soup_and_the_tomato_sauce_in_the_basket,Sensor Noise,,initstate_0,,,,noise_14,,view_0
LIVING_ROOM_SCENE2_put_both_the_alphabet_soup_and_the_tomato_sauce_in_the_basket_view_0_0_100_0_0_initstate_0_noise_15,LIVING_ROOM_SCENE2_put_both_the_alphabet_soup_and_the_tomato_sauce_in_the_basket,Sensor Noise,,initstate_0,,,,noise_15,,view_0
LIVING_ROOM_SCENE2_put_both_the_alphabet_soup_and_the_tomato_sauce_in_the_basket_view_0_0_100_0_0_initstate_0_noise_16,LIVING_ROOM_SCENE2_put_both_the_alphabet_soup_and_the_tomato_sauce_in_the_basket,Sensor Noise,,initstate_0,,,,noise_16,,view_0
LIVING_ROOM_SCENE2_put_both_the_alphabet_soup_and_the_tomato_sauce_in_the_basket_view_0_0_100_0_0_initstate_0_noise_17,LIVING_ROOM_SCENE2_put_both_the_alphabet_soup_and_the_tomato_sauce_in_the_basket,Sensor Noise,,initstate_0,,,,noise_17,,view_0
LIVING_ROOM_SCENE2_put_both_the_alphabet_soup_and_the_tomato_sauce_in_the_basket_view_0_0_100_0_0_initstate_0_noise_19,LIVING_ROOM_SCENE2_put_both_the_alphabet_soup_and_the_tomato_sauce_in_the_basket,Sensor Noise,,initstate_0,,,,noise_19,,view_0
LIVING_ROOM_SCENE2_put_both_the_alphabet_soup_and_the_tomato_sauce_in_the_basket_view_0_0_100_0_0_initstate_0_noise_20,LIVING_ROOM_SCENE2_put_both_the_alphabet_soup_and_the_tomato_sauce_in_the_basket,Sensor Noise,,initstate_0,,,,noise_20,,view_0
LIVING_ROOM_SCENE2_put_both_the_alphabet_soup_and_the_tomato_sauce_in_the_basket_view_0_0_100_0_0_initstate_0_noise_21,LIVING_ROOM_SCENE2_put_both_the_alphabet_soup_and_the_tomato_sauce_in_the_basket,Sensor Noise,,initstate_0,,,,noise_21,,view_0
LIVING_ROOM_SCENE2_put_both_the_alphabet_soup_and_the_tomato_sauce_in_the_basket_view_0_0_100_0_0_initstate_0_noise_23,LIVING_ROOM_SCENE2_put_both_the_alphabet_soup_and_the_tomato_sauce_in_the_basket,Sensor Noise,,initstate_0,,,,noise_23,,view_0
LIVING_ROOM_SCENE2_put_both_the_alphabet_soup_and_the_tomato_sauce_in_the_basket_view_0_0_100_0_0_initstate_0_noise_24,LIVING_ROOM_SCENE2_put_both_the_alphabet_soup_and_the_tomato_sauce_in_the_basket,Sensor Noise,,initstate_0,,,,noise_24,,view_0
LIVING_ROOM_SCENE2_put_both_the_alphabet_soup_and_the_tomato_sauce_in_the_basket_view_0_0_100_0_0_initstate_0_noise_25,LIVING_ROOM_SCENE2_put_both_the_alphabet_soup_and_the_tomato_sauce_in_the_basket,Sensor Noise,,initstate_0,,,,noise_25,,view_0
LIVING_ROOM_SCENE2_put_both_the_alphabet_soup_and_the_tomato_sauce_in_the_basket_view_0_0_100_0_0_initstate_0_noise_26,LIVING_ROOM_SCENE2_put_both_the_alphabet_soup_and_the_tomato_sauce_in_the_basket,Sensor Noise,,initstate_0,,,,noise_26,,view_0
LIVING_ROOM_SCENE2_put_both_the_alphabet_soup_and_the_tomato_sauce_in_the_basket_view_0_0_100_0_0_initstate_0_noise_27,LIVING_ROOM_SCENE2_put_both_the_alphabet_soup_and_the_tomato_sauce_in_the_basket,Sensor Noise,,initstate_0,,,,noise_27,,view_0
LIVING_ROOM_SCENE2_put_both_the_alphabet_soup_and_the_tomato_sauce_in_the_basket_view_0_0_100_0_0_initstate_0_noise_28,LIVING_ROOM_SCENE2_put_both_the_alphabet_soup_and_the_tomato_sauce_in_the_basket,Sensor Noise,,initstate_0,,,,noise_28,,view_0
LIVING_ROOM_SCENE2_put_both_the_alphabet_soup_and_the_tomato_sauce_in_the_basket_view_0_0_100_0_0_initstate_0_noise_29,LIVING_ROOM_SCENE2_put_both_the_alphabet_soup_and_the_tomato_sauce_in_the_basket,Sensor Noise,,initstate_0,,,,noise_29,,view_0
LIVING_ROOM_SCENE2_put_both_the_alphabet_soup_and_the_tomato_sauce_in_the_basket_view_0_0_100_0_0_initstate_0_noise_30,LIVING_ROOM_SCENE2_put_both_the_alphabet_soup_and_the_tomato_sauce_in_the_basket,Sensor Noise,,initstate_0,,,,noise_30,,view_0
LIVING_ROOM_SCENE2_put_both_the_alphabet_soup_and_the_tomato_sauce_in_the_basket_view_0_0_100_0_0_initstate_0_noise_31,LIVING_ROOM_SCENE2_put_both_the_alphabet_soup_and_the_tomato_sauce_in_the_basket,Sensor Noise,,initstate_0,,,,noise_31,,view_0
LIVING_ROOM_SCENE2_put_both_the_alphabet_soup_and_the_tomato_sauce_in_the_basket_view_0_0_100_0_0_initstate_0_noise_32,LIVING_ROOM_SCENE2_put_both_the_alphabet_soup_and_the_tomato_sauce_in_the_basket,Sensor Noise,,initstate_0,,,,noise_32,,view_0
LIVING_ROOM_SCENE2_put_both_the_alphabet_soup_and_the_tomato_sauce_in_the_basket_view_0_0_100_0_0_initstate_0_noise_33,LIVING_ROOM_SCENE2_put_both_the_alphabet_soup_and_the_tomato_sauce_in_the_basket,Sensor Noise,,initstate_0,,,,noise_33,,view_0
LIVING_ROOM_SCENE2_put_both_the_alphabet_soup_and_the_tomato_sauce_in_the_basket_view_0_0_100_0_0_initstate_0_noise_34,LIVING_ROOM_SCENE2_put_both_the_alphabet_soup_and_the_tomato_sauce_in_the_basket,Sensor Noise,,initstate_0,,,,noise_34,,view_0
LIVING_ROOM_SCENE2_put_both_the_alphabet_soup_and_the_tomato_sauce_in_the_basket_view_0_0_100_0_0_initstate_0_noise_35,LIVING_ROOM_SCENE2_put_both_the_alphabet_soup_and_the_tomato_sauce_in_the_basket,Sensor Noise,,initstate_0,,,,noise_35,,view_0
LIVING_ROOM_SCENE2_put_both_the_alphabet_soup_and_the_tomato_sauce_in_the_basket_view_0_0_100_0_0_initstate_0_noise_36,LIVING_ROOM_SCENE2_put_both_the_alphabet_soup_and_the_tomato_sauce_in_the_basket,Sensor Noise,,initstate_0,,,,noise_36,,view_0
LIVING_ROOM_SCENE2_put_both_the_alphabet_soup_and_the_tomato_sauce_in_the_basket_view_0_0_100_0_0_initstate_0_noise_37,LIVING_ROOM_SCENE2_put_both_the_alphabet_soup_and_the_tomato_sauce_in_the_basket,Sensor Noise,,initstate_0,,,,noise_37,,view_0
LIVING_ROOM_SCENE2_put_both_the_alphabet_soup_and_the_tomato_sauce_in_the_basket_view_0_0_100_0_0_initstate_0_noise_38,LIVING_ROOM_SCENE2_put_both_the_alphabet_soup_and_the_tomato_sauce_in_the_basket,Sensor Noise,,initstate_0,,,,noise_38,,view_0
LIVING_ROOM_SCENE2_put_both_the_alphabet_soup_and_the_tomato_sauce_in_the_basket_view_0_0_100_0_0_initstate_0_noise_39,LIVING_ROOM_SCENE2_put_both_the_alphabet_soup_and_the_tomato_sauce_in_the_basket,Sensor Noise,,initstate_0,,,,noise_39,,view_0
LIVING_ROOM_SCENE2_put_both_the_alphabet_soup_and_the_tomato_sauce_in_the_basket_view_0_0_100_0_0_initstate_0_noise_40,LIVING_ROOM_SCENE2_put_both_the_alphabet_soup_and_the_tomato_sauce_in_the_basket,Sensor Noise,,initstate_0,,,,noise_40,,view_0
LIVING_ROOM_SCENE2_put_both_the_alphabet_soup_and_the_tomato_sauce_in_the_basket_view_0_0_100_0_0_initstate_0_noise_41,LIVING_ROOM_SCENE2_put_both_the_alphabet_soup_and_the_tomato_sauce_in_the_basket,Sensor Noise,,initstate_0,,,,noise_41,,view_0
LIVING_ROOM_SCENE2_put_both_the_alphabet_soup_and_the_tomato_sauce_in_the_basket_view_0_0_100_0_0_initstate_0_noise_42,LIVING_ROOM_SCENE2_put_both_the_alphabet_soup_and_the_tomato_sauce_in_the_basket,Sensor Noise,,initstate_0,,,,noise_42,,view_0
LIVING_ROOM_SCENE2_put_both_the_alphabet_soup_and_the_tomato_sauce_in_the_basket_view_0_0_100_0_0_initstate_0_noise_43,LIVING_ROOM_SCENE2_put_both_the_alphabet_soup_and_the_tomato_sauce_in_the_basket,Sensor Noise,,initstate_0,,,,noise_43,,view_0
LIVING_ROOM_SCENE2_put_both_the_alphabet_soup_and_the_tomato_sauce_in_the_basket_view_0_0_100_0_0_initstate_0_noise_44,LIVING_ROOM_SCENE2_put_both_the_alphabet_soup_and_the_tomato_sauce_in_the_basket,Sensor Noise,,initstate_0,,,,noise_44,,view_0
LIVING_ROOM_SCENE2_put_both_the_alphabet_soup_and_the_tomato_sauce_in_the_basket_view_0_0_100_0_0_initstate_0_noise_45,LIVING_ROOM_SCENE2_put_both_the_alphabet_soup_and_the_tomato_sauce_in_the_basket,Sensor Noise,,initstate_0,,,,noise_45,,view_0
LIVING_ROOM_SCENE2_put_both_the_alphabet_soup_and_the_tomato_sauce_in_the_basket_view_0_0_100_0_0_initstate_0_noise_47,LIVING_ROOM_SCENE2_put_both_the_alphabet_soup_and_the_tomato_sauce_in_the_basket,Sensor Noise,,initstate_0,,,,noise_47,,view_0
LIVING_ROOM_SCENE2_put_both_the_alphabet_soup_and_the_tomato_sauce_in_the_basket_view_0_0_100_0_0_initstate_0_noise_48,LIVING_ROOM_SCENE2_put_both_the_alphabet_soup_and_the_tomato_sauce_in_the_basket,Sensor Noise,,initstate_0,,,,noise_48,,view_0
LIVING_ROOM_SCENE2_put_both_the_alphabet_soup_and_the_tomato_sauce_in_the_basket_view_0_0_100_0_0_initstate_0_noise_49,LIVING_ROOM_SCENE2_put_both_the_alphabet_soup_and_the_tomato_sauce_in_the_basket,Sensor Noise,,initstate_0,,,,noise_49,,view_0
LIVING_ROOM_SCENE2_put_both_the_alphabet_soup_and_the_tomato_sauce_in_the_basket_view_0_0_100_0_0_initstate_0_noise_50,LIVING_ROOM_SCENE2_put_both_the_alphabet_soup_and_the_tomato_sauce_in_the_basket,Sensor Noise,,initstate_0,,,,noise_50,,view_0
LIVING_ROOM_SCENE2_put_both_the_alphabet_soup_and_the_tomato_sauce_in_the_basket_add_1,LIVING_ROOM_SCENE2_put_both_the_alphabet_soup_and_the_tomato_sauce_in_the_basket,Objects Layout,add_1,,,,,,,
LIVING_ROOM_SCENE2_put_both_the_alphabet_soup_and_the_tomato_sauce_in_the_basket_add_10,LIVING_ROOM_SCENE2_put_both_the_alphabet_soup_and_the_tomato_sauce_in_the_basket,Objects Layout,add_10,,,,,,,
LIVING_ROOM_SCENE2_put_both_the_alphabet_soup_and_the_tomato_sauce_in_the_basket_add_11,LIVING_ROOM_SCENE2_put_both_the_alphabet_soup_and_the_tomato_sauce_in_the_basket,Objects Layout,add_11,,,,,,,
LIVING_ROOM_SCENE2_put_both_the_alphabet_soup_and_the_tomato_sauce_in_the_basket_add_13,LIVING_ROOM_SCENE2_put_both_the_alphabet_soup_and_the_tomato_sauce_in_the_basket,Objects Layout,add_13,,,,,,,
LIVING_ROOM_SCENE2_put_both_the_alphabet_soup_and_the_tomato_sauce_in_the_basket_add_15,LIVING_ROOM_SCENE2_put_both_the_alphabet_soup_and_the_tomato_sauce_in_the_basket,Objects Layout,add_15,,,,,,,
LIVING_ROOM_SCENE2_put_both_the_alphabet_soup_and_the_tomato_sauce_in_the_basket_add_16,LIVING_ROOM_SCENE2_put_both_the_alphabet_soup_and_the_tomato_sauce_in_the_basket,Objects Layout,add_16,,,,,,,
LIVING_ROOM_SCENE2_put_both_the_alphabet_soup_and_the_tomato_sauce_in_the_basket_add_17,LIVING_ROOM_SCENE2_put_both_the_alphabet_soup_and_the_tomato_sauce_in_the_basket,Objects Layout,add_17,,,,,,,
LIVING_ROOM_SCENE2_put_both_the_alphabet_soup_and_the_tomato_sauce_in_the_basket_add_18,LIVING_ROOM_SCENE2_put_both_the_alphabet_soup_and_the_tomato_sauce_in_the_basket,Objects Layout,add_18,,,,,,,
LIVING_ROOM_SCENE2_put_both_the_alphabet_soup_and_the_tomato_sauce_in_the_basket_add_19,LIVING_ROOM_SCENE2_put_both_the_alphabet_soup_and_the_tomato_sauce_in_the_basket,Objects Layout,add_19,,,,,,,
LIVING_ROOM_SCENE2_put_both_the_alphabet_soup_and_the_tomato_sauce_in_the_basket_add_20,LIVING_ROOM_SCENE2_put_both_the_alphabet_soup_and_the_tomato_sauce_in_the_basket,Objects Layout,add_20,,,,,,,
LIVING_ROOM_SCENE2_put_both_the_alphabet_soup_and_the_tomato_sauce_in_the_basket_add_22,LIVING_ROOM_SCENE2_put_both_the_alphabet_soup_and_the_tomato_sauce_in_the_basket,Objects Layout,add_22,,,,,,,
LIVING_ROOM_SCENE2_put_both_the_alphabet_soup_and_the_tomato_sauce_in_the_basket_add_23,LIVING_ROOM_SCENE2_put_both_the_alphabet_soup_and_the_tomato_sauce_in_the_basket,Objects Layout,add_23,,,,,,,
LIVING_ROOM_SCENE2_put_both_the_alphabet_soup_and_the_tomato_sauce_in_the_basket_add_24,LIVING_ROOM_SCENE2_put_both_the_alphabet_soup_and_the_tomato_sauce_in_the_basket,Objects Layout,add_24,,,,,,,
LIVING_ROOM_SCENE2_put_both_the_alphabet_soup_and_the_tomato_sauce_in_the_basket_add_25,LIVING_ROOM_SCENE2_put_both_the_alphabet_soup_and_the_tomato_sauce_in_the_basket,Objects Layout,add_25,,,,,,,
LIVING_ROOM_SCENE2_put_both_the_alphabet_soup_and_the_tomato_sauce_in_the_basket_add_26,LIVING_ROOM_SCENE2_put_both_the_alphabet_soup_and_the_tomato_sauce_in_the_basket,Objects Layout,add_26,,,,,,,
LIVING_ROOM_SCENE2_put_both_the_alphabet_soup_and_the_tomato_sauce_in_the_basket_add_27,LIVING_ROOM_SCENE2_put_both_the_alphabet_soup_and_the_tomato_sauce_in_the_basket,Objects Layout,add_27,,,,,,,
LIVING_ROOM_SCENE2_put_both_the_alphabet_soup_and_the_tomato_sauce_in_the_basket_add_28,LIVING_ROOM_SCENE2_put_both_the_alphabet_soup_and_the_tomato_sauce_in_the_basket,Objects Layout,add_28,,,,,,,
LIVING_ROOM_SCENE2_put_both_the_alphabet_soup_and_the_tomato_sauce_in_the_basket_add_29,LIVING_ROOM_SCENE2_put_both_the_alphabet_soup_and_the_tomato_sauce_in_the_basket,Objects Layout,add_29,,,,,,,
LIVING_ROOM_SCENE2_put_both_the_alphabet_soup_and_the_tomato_sauce_in_the_basket_add_30,LIVING_ROOM_SCENE2_put_both_the_alphabet_soup_and_the_tomato_sauce_in_the_basket,Objects Layout,add_30,,,,,,,
LIVING_ROOM_SCENE2_put_both_the_alphabet_soup_and_the_tomato_sauce_in_the_basket_level1_sample3,LIVING_ROOM_SCENE2_put_both_the_alphabet_soup_and_the_tomato_sauce_in_the_basket,Objects Layout,,,,level1_sample3,,,,
LIVING_ROOM_SCENE2_put_both_the_alphabet_soup_and_the_tomato_sauce_in_the_basket_level1_sample4,LIVING_ROOM_SCENE2_put_both_the_alphabet_soup_and_the_tomato_sauce_in_the_basket,Objects Layout,,,,level1_sample4,,,,
LIVING_ROOM_SCENE2_put_both_the_alphabet_soup_and_the_tomato_sauce_in_the_basket_level2_sample3,LIVING_ROOM_SCENE2_put_both_the_alphabet_soup_and_the_tomato_sauce_in_the_basket,Objects Layout,,,,level2_sample3,,,,
LIVING_ROOM_SCENE2_put_both_the_alphabet_soup_and_the_tomato_sauce_in_the_basket_level2_sample4,LIVING_ROOM_SCENE2_put_both_the_alphabet_soup_and_the_tomato_sauce_in_the_basket,Objects Layout,,,,level2_sample4,,,,
LIVING_ROOM_SCENE2_put_both_the_alphabet_soup_and_the_tomato_sauce_in_the_basket_level3_sample1,LIVING_ROOM_SCENE2_put_both_the_alphabet_soup_and_the_tomato_sauce_in_the_basket,Objects Layout,,,,level3_sample1,,,,
LIVING_ROOM_SCENE2_put_both_the_alphabet_soup_and_the_tomato_sauce_in_the_basket_level3_sample2,LIVING_ROOM_SCENE2_put_both_the_alphabet_soup_and_the_tomato_sauce_in_the_basket,Objects Layout,,,,level3_sample2,,,,
LIVING_ROOM_SCENE2_put_both_the_alphabet_soup_and_the_tomato_sauce_in_the_basket_level3_sample3,LIVING_ROOM_SCENE2_put_both_the_alphabet_soup_and_the_tomato_sauce_in_the_basket,Objects Layout,,,,level3_sample3,,,,
LIVING_ROOM_SCENE2_put_both_the_alphabet_soup_and_the_tomato_sauce_in_the_basket_level3_sample4,LIVING_ROOM_SCENE2_put_both_the_alphabet_soup_and_the_tomato_sauce_in_the_basket,Objects Layout,,,,level3_sample4,,,,
LIVING_ROOM_SCENE2_put_both_the_alphabet_soup_and_the_tomato_sauce_in_the_basket_level4_sample1,LIVING_ROOM_SCENE2_put_both_the_alphabet_soup_and_the_tomato_sauce_in_the_basket,Objects Layout,,,,level4_sample1,,,,
LIVING_ROOM_SCENE2_put_both_the_alphabet_soup_and_the_tomato_sauce_in_the_basket_level4_sample2,LIVING_ROOM_SCENE2_put_both_the_alphabet_soup_and_the_tomato_sauce_in_the_basket,Objects Layout,,,,level4_sample2,,,,
LIVING_ROOM_SCENE2_put_both_the_alphabet_soup_and_the_tomato_sauce_in_the_basket_level4_sample4,LIVING_ROOM_SCENE2_put_both_the_alphabet_soup_and_the_tomato_sauce_in_the_basket,Objects Layout,,,,level4_sample4,,,,
LIVING_ROOM_SCENE2_put_both_the_alphabet_soup_and_the_tomato_sauce_in_the_basket_level5_sample1,LIVING_ROOM_SCENE2_put_both_the_alphabet_soup_and_the_tomato_sauce_in_the_basket,Objects Layout,,,,level5_sample1,,,,
LIVING_ROOM_SCENE2_put_both_the_alphabet_soup_and_the_tomato_sauce_in_the_basket_level5_sample2,LIVING_ROOM_SCENE2_put_both_the_alphabet_soup_and_the_tomato_sauce_in_the_basket,Objects Layout,,,,level5_sample2,,,,
LIVING_ROOM_SCENE2_put_both_the_alphabet_soup_and_the_tomato_sauce_in_the_basket_level5_sample3,LIVING_ROOM_SCENE2_put_both_the_alphabet_soup_and_the_tomato_sauce_in_the_basket,Objects Layout,,,,level5_sample3,,,,
LIVING_ROOM_SCENE2_put_both_the_alphabet_soup_and_the_tomato_sauce_in_the_basket_level5_sample4,LIVING_ROOM_SCENE2_put_both_the_alphabet_soup_and_the_tomato_sauce_in_the_basket,Objects Layout,,,,level5_sample4,,,,
LIVING_ROOM_SCENE2_put_both_the_alphabet_soup_and_the_tomato_sauce_in_the_basket_light_10,LIVING_ROOM_SCENE2_put_both_the_alphabet_soup_and_the_tomato_sauce_in_the_basket,Light Conditions,,,,,light_10,,,
LIVING_ROOM_SCENE2_put_both_the_alphabet_soup_and_the_tomato_sauce_in_the_basket_light_15,LIVING_ROOM_SCENE2_put_both_the_alphabet_soup_and_the_tomato_sauce_in_the_basket,Light Conditions,,,,,light_15,,,
LIVING_ROOM_SCENE2_put_both_the_alphabet_soup_and_the_tomato_sauce_in_the_basket_light_2,LIVING_ROOM_SCENE2_put_both_the_alphabet_soup_and_the_tomato_sauce_in_the_basket,Light Conditions,,,,,light_2,,,
LIVING_ROOM_SCENE2_put_both_the_alphabet_soup_and_the_tomato_sauce_in_the_basket_light_21,LIVING_ROOM_SCENE2_put_both_the_alphabet_soup_and_the_tomato_sauce_in_the_basket,Light Conditions,,,,,light_21,,,
LIVING_ROOM_SCENE2_put_both_the_alphabet_soup_and_the_tomato_sauce_in_the_basket_light_24,LIVING_ROOM_SCENE2_put_both_the_alphabet_soup_and_the_tomato_sauce_in_the_basket,Light Conditions,,,,,light_24,,,
LIVING_ROOM_SCENE2_put_both_the_alphabet_soup_and_the_tomato_sauce_in_the_basket_light_38,LIVING_ROOM_SCENE2_put_both_the_alphabet_soup_and_the_tomato_sauce_in_the_basket,Light Conditions,,,,,light_38,,,
LIVING_ROOM_SCENE2_put_both_the_alphabet_soup_and_the_tomato_sauce_in_the_basket_light_39,LIVING_ROOM_SCENE2_put_both_the_alphabet_soup_and_the_tomato_sauce_in_the_basket,Light Conditions,,,,,light_39,,,
LIVING_ROOM_SCENE2_put_both_the_alphabet_soup_and_the_tomato_sauce_in_the_basket_light_40,LIVING_ROOM_SCENE2_put_both_the_alphabet_soup_and_the_tomato_sauce_in_the_basket,Light Conditions,,,,,light_40,,,
LIVING_ROOM_SCENE2_put_both_the_alphabet_soup_and_the_tomato_sauce_in_the_basket_light_44,LIVING_ROOM_SCENE2_put_both_the_alphabet_soup_and_the_tomato_sauce_in_the_basket,Light Conditions,,,,,light_44,,,
LIVING_ROOM_SCENE2_put_both_the_alphabet_soup_and_the_tomato_sauce_in_the_basket_light_45,LIVING_ROOM_SCENE2_put_both_the_alphabet_soup_and_the_tomato_sauce_in_the_basket,Light Conditions,,,,,light_45,,,
LIVING_ROOM_SCENE2_put_both_the_alphabet_soup_and_the_tomato_sauce_in_the_basket_light_50,LIVING_ROOM_SCENE2_put_both_the_alphabet_soup_and_the_tomato_sauce_in_the_basket,Light Conditions,,,,,light_50,,,
LIVING_ROOM_SCENE2_put_both_the_alphabet_soup_and_the_tomato_sauce_in_the_basket_light_6,LIVING_ROOM_SCENE2_put_both_the_alphabet_soup_and_the_tomato_sauce_in_the_basket,Light Conditions,,,,,light_6,,,
LIVING_ROOM_SCENE2_put_both_the_alphabet_soup_and_the_tomato_sauce_in_the_basket_light_8,LIVING_ROOM_SCENE2_put_both_the_alphabet_soup_and_the_tomato_sauce_in_the_basket,Light Conditions,,,,,light_8,,,
LIVING_ROOM_SCENE2_put_both_the_cream_cheese_box_and_the_butter_in_the_basket_table_1,LIVING_ROOM_SCENE2_put_both_the_cream_cheese_box_and_the_butter_in_the_basket,Background Textures,,,,,,,table_1,
LIVING_ROOM_SCENE2_put_both_the_cream_cheese_box_and_the_butter_in_the_basket_table_11,LIVING_ROOM_SCENE2_put_both_the_cream_cheese_box_and_the_butter_in_the_basket,Background Textures,,,,,,,table_11,
LIVING_ROOM_SCENE2_put_both_the_cream_cheese_box_and_the_butter_in_the_basket_table_12,LIVING_ROOM_SCENE2_put_both_the_cream_cheese_box_and_the_butter_in_the_basket,Background Textures,,,,,,,table_12,
LIVING_ROOM_SCENE2_put_both_the_cream_cheese_box_and_the_butter_in_the_basket_table_13,LIVING_ROOM_SCENE2_put_both_the_cream_cheese_box_and_the_butter_in_the_basket,Background Textures,,,,,,,table_13,
LIVING_ROOM_SCENE2_put_both_the_cream_cheese_box_and_the_butter_in_the_basket_table_16,LIVING_ROOM_SCENE2_put_both_the_cream_cheese_box_and_the_butter_in_the_basket,Background Textures,,,,,,,table_16,
LIVING_ROOM_SCENE2_put_both_the_cream_cheese_box_and_the_butter_in_the_basket_table_21,LIVING_ROOM_SCENE2_put_both_the_cream_cheese_box_and_the_butter_in_the_basket,Background Textures,,,,,,,table_21,
LIVING_ROOM_SCENE2_put_both_the_cream_cheese_box_and_the_butter_in_the_basket_table_23,LIVING_ROOM_SCENE2_put_both_the_cream_cheese_box_and_the_butter_in_the_basket,Background Textures,,,,,,,table_23,
LIVING_ROOM_SCENE2_put_both_the_cream_cheese_box_and_the_butter_in_the_basket_table_25,LIVING_ROOM_SCENE2_put_both_the_cream_cheese_box_and_the_butter_in_the_basket,Background Textures,,,,,,,table_25,
LIVING_ROOM_SCENE2_put_both_the_cream_cheese_box_and_the_butter_in_the_basket_table_26,LIVING_ROOM_SCENE2_put_both_the_cream_cheese_box_and_the_butter_in_the_basket,Background Textures,,,,,,,table_26,
LIVING_ROOM_SCENE2_put_both_the_cream_cheese_box_and_the_butter_in_the_basket_table_27,LIVING_ROOM_SCENE2_put_both_the_cream_cheese_box_and_the_butter_in_the_basket,Background Textures,,,,,,,table_27,
LIVING_ROOM_SCENE2_put_both_the_cream_cheese_box_and_the_butter_in_the_basket_table_3,LIVING_ROOM_SCENE2_put_both_the_cream_cheese_box_and_the_butter_in_the_basket,Background Textures,,,,,,,table_3,
LIVING_ROOM_SCENE2_put_both_the_cream_cheese_box_and_the_butter_in_the_basket_table_4,LIVING_ROOM_SCENE2_put_both_the_cream_cheese_box_and_the_butter_in_the_basket,Background Textures,,,,,,,table_4,
LIVING_ROOM_SCENE2_put_both_the_cream_cheese_box_and_the_butter_in_the_basket_table_5,LIVING_ROOM_SCENE2_put_both_the_cream_cheese_box_and_the_butter_in_the_basket,Background Textures,,,,,,,table_5,
LIVING_ROOM_SCENE2_put_both_the_cream_cheese_box_and_the_butter_in_the_basket_table_7,LIVING_ROOM_SCENE2_put_both_the_cream_cheese_box_and_the_butter_in_the_basket,Background Textures,,,,,,,table_7,
LIVING_ROOM_SCENE2_put_both_the_cream_cheese_box_and_the_butter_in_the_basket_table_8,LIVING_ROOM_SCENE2_put_both_the_cream_cheese_box_and_the_butter_in_the_basket,Background Textures,,,,,,,table_8,
LIVING_ROOM_SCENE2_put_both_the_cream_cheese_box_and_the_butter_in_the_basket_table_9,LIVING_ROOM_SCENE2_put_both_the_cream_cheese_box_and_the_butter_in_the_basket,Background Textures,,,,,,,table_9,
LIVING_ROOM_SCENE2_put_both_the_cream_cheese_box_and_the_butter_in_the_basket_tb_1,LIVING_ROOM_SCENE2_put_both_the_cream_cheese_box_and_the_butter_in_the_basket,Background Textures,,,,,,,tb_1,
LIVING_ROOM_SCENE2_put_both_the_cream_cheese_box_and_the_butter_in_the_basket_tb_10,LIVING_ROOM_SCENE2_put_both_the_cream_cheese_box_and_the_butter_in_the_basket,Background Textures,,,,,,,tb_10,
LIVING_ROOM_SCENE2_put_both_the_cream_cheese_box_and_the_butter_in_the_basket_tb_11,LIVING_ROOM_SCENE2_put_both_the_cream_cheese_box_and_the_butter_in_the_basket,Background Textures,,,,,,,tb_11,
LIVING_ROOM_SCENE2_put_both_the_cream_cheese_box_and_the_butter_in_the_basket_tb_12,LIVING_ROOM_SCENE2_put_both_the_cream_cheese_box_and_the_butter_in_the_basket,Background Textures,,,,,,,tb_12,
LIVING_ROOM_SCENE2_put_both_the_cream_cheese_box_and_the_butter_in_the_basket_tb_13,LIVING_ROOM_SCENE2_put_both_the_cream_cheese_box_and_the_butter_in_the_basket,Background Textures,,,,,,,tb_13,
LIVING_ROOM_SCENE2_put_both_the_cream_cheese_box_and_the_butter_in_the_basket_tb_14,LIVING_ROOM_SCENE2_put_both_the_cream_cheese_box_and_the_butter_in_the_basket,Background Textures,,,,,,,tb_14,
LIVING_ROOM_SCENE2_put_both_the_cream_cheese_box_and_the_butter_in_the_basket_tb_15,LIVING_ROOM_SCENE2_put_both_the_cream_cheese_box_and_the_butter_in_the_basket,Background Textures,,,,,,,tb_15,
LIVING_ROOM_SCENE2_put_both_the_cream_cheese_box_and_the_butter_in_the_basket_tb_16,LIVING_ROOM_SCENE2_put_both_the_cream_cheese_box_and_the_butter_in_the_basket,Background Textures,,,,,,,tb_16,
LIVING_ROOM_SCENE2_put_both_the_cream_cheese_box_and_the_butter_in_the_basket_tb_17,LIVING_ROOM_SCENE2_put_both_the_cream_cheese_box_and_the_butter_in_the_basket,Background Textures,,,,,,,tb_17,
LIVING_ROOM_SCENE2_put_both_the_cream_cheese_box_and_the_butter_in_the_basket_tb_18,LIVING_ROOM_SCENE2_put_both_the_cream_cheese_box_and_the_butter_in_the_basket,Background Textures,,,,,,,tb_18,
LIVING_ROOM_SCENE2_put_both_the_cream_cheese_box_and_the_butter_in_the_basket_tb_19,LIVING_ROOM_SCENE2_put_both_the_cream_cheese_box_and_the_butter_in_the_basket,Background Textures,,,,,,,tb_19,
LIVING_ROOM_SCENE2_put_both_the_cream_cheese_box_and_the_butter_in_the_basket_tb_20,LIVING_ROOM_SCENE2_put_both_the_cream_cheese_box_and_the_butter_in_the_basket,Background Textures,,,,,,,tb_20,
LIVING_ROOM_SCENE2_put_both_the_cream_cheese_box_and_the_butter_in_the_basket_tb_21,LIVING_ROOM_SCENE2_put_both_the_cream_cheese_box_and_the_butter_in_the_basket,Background Textures,,,,,,,tb_21,
LIVING_ROOM_SCENE2_put_both_the_cream_cheese_box_and_the_butter_in_the_basket_tb_22,LIVING_ROOM_SCENE2_put_both_the_cream_cheese_box_and_the_butter_in_the_basket,Background Textures,,,,,,,tb_22,
LIVING_ROOM_SCENE2_put_both_the_cream_cheese_box_and_the_butter_in_the_basket_tb_3,LIVING_ROOM_SCENE2_put_both_the_cream_cheese_box_and_the_butter_in_the_basket,Background Textures,,,,,,,tb_3,
LIVING_ROOM_SCENE2_put_both_the_cream_cheese_box_and_the_butter_in_the_basket_tb_5,LIVING_ROOM_SCENE2_put_both_the_cream_cheese_box_and_the_butter_in_the_basket,Background Textures,,,,,,,tb_5,
LIVING_ROOM_SCENE2_put_both_the_cream_cheese_box_and_the_butter_in_the_basket_tb_6,LIVING_ROOM_SCENE2_put_both_the_cream_cheese_box_and_the_butter_in_the_basket,Background Textures,,,,,,,tb_6,
LIVING_ROOM_SCENE2_put_both_the_cream_cheese_box_and_the_butter_in_the_basket_tb_8,LIVING_ROOM_SCENE2_put_both_the_cream_cheese_box_and_the_butter_in_the_basket,Background Textures,,,,,,,tb_8,
LIVING_ROOM_SCENE2_put_both_the_cream_cheese_box_and_the_butter_in_the_basket_tb_9,LIVING_ROOM_SCENE2_put_both_the_cream_cheese_box_and_the_butter_in_the_basket,Background Textures,,,,,,,tb_9,
LIVING_ROOM_SCENE2_put_both_the_cream_cheese_box_and_the_butter_in_the_basket_view_0_0_100_0_0_initstate_2,LIVING_ROOM_SCENE2_put_both_the_cream_cheese_box_and_the_butter_in_the_basket,Robot Initial States,,initstate_2,,,,,,view_0
LIVING_ROOM_SCENE2_put_both_the_cream_cheese_box_and_the_butter_in_the_basket_view_0_0_100_0_0_initstate_42,LIVING_ROOM_SCENE2_put_both_the_cream_cheese_box_and_the_butter_in_the_basket,Robot Initial States,,initstate_42,,,,,,view_0
LIVING_ROOM_SCENE2_put_both_the_cream_cheese_box_and_the_butter_in_the_basket_view_0_0_100_0_0_initstate_62,LIVING_ROOM_SCENE2_put_both_the_cream_cheese_box_and_the_butter_in_the_basket,Robot Initial States,,initstate_62,,,,,,view_0
LIVING_ROOM_SCENE2_put_both_the_cream_cheese_box_and_the_butter_in_the_basket_view_0_0_100_0_0_initstate_132,LIVING_ROOM_SCENE2_put_both_the_cream_cheese_box_and_the_butter_in_the_basket,Robot Initial States,,initstate_132,,,,,,view_0
LIVING_ROOM_SCENE2_put_both_the_cream_cheese_box_and_the_butter_in_the_basket_view_0_0_100_0_0_initstate_142,LIVING_ROOM_SCENE2_put_both_the_cream_cheese_box_and_the_butter_in_the_basket,Robot Initial States,,initstate_142,,,,,,view_0
LIVING_ROOM_SCENE2_put_both_the_cream_cheese_box_and_the_butter_in_the_basket_view_0_0_100_0_0_initstate_152,LIVING_ROOM_SCENE2_put_both_the_cream_cheese_box_and_the_butter_in_the_basket,Robot Initial States,,initstate_152,,,,,,view_0
LIVING_ROOM_SCENE2_put_both_the_cream_cheese_box_and_the_butter_in_the_basket_view_0_0_100_0_0_initstate_162,LIVING_ROOM_SCENE2_put_both_the_cream_cheese_box_and_the_butter_in_the_basket,Robot Initial States,,initstate_162,,,,,,view_0
LIVING_ROOM_SCENE2_put_both_the_cream_cheese_box_and_the_butter_in_the_basket_view_0_0_100_0_0_initstate_172,LIVING_ROOM_SCENE2_put_both_the_cream_cheese_box_and_the_butter_in_the_basket,Robot Initial States,,initstate_172,,,,,,view_0
LIVING_ROOM_SCENE2_put_both_the_cream_cheese_box_and_the_butter_in_the_basket_view_0_0_100_0_0_initstate_192,LIVING_ROOM_SCENE2_put_both_the_cream_cheese_box_and_the_butter_in_the_basket,Robot Initial States,,initstate_192,,,,,,view_0
LIVING_ROOM_SCENE2_put_both_the_cream_cheese_box_and_the_butter_in_the_basket_view_0_0_100_0_0_initstate_212,LIVING_ROOM_SCENE2_put_both_the_cream_cheese_box_and_the_butter_in_the_basket,Robot Initial States,,initstate_212,,,,,,view_0
LIVING_ROOM_SCENE2_put_both_the_cream_cheese_box_and_the_butter_in_the_basket_view_0_0_100_0_0_initstate_222,LIVING_ROOM_SCENE2_put_both_the_cream_cheese_box_and_the_butter_in_the_basket,Robot Initial States,,initstate_222,,,,,,view_0
LIVING_ROOM_SCENE2_put_both_the_cream_cheese_box_and_the_butter_in_the_basket_view_0_0_100_0_0_initstate_242,LIVING_ROOM_SCENE2_put_both_the_cream_cheese_box_and_the_butter_in_the_basket,Robot Initial States,,initstate_242,,,,,,view_0
LIVING_ROOM_SCENE2_put_both_the_cream_cheese_box_and_the_butter_in_the_basket_view_0_0_100_0_0_initstate_252,LIVING_ROOM_SCENE2_put_both_the_cream_cheese_box_and_the_butter_in_the_basket,Robot Initial States,,initstate_252,,,,,,view_0
LIVING_ROOM_SCENE2_put_both_the_cream_cheese_box_and_the_butter_in_the_basket_view_0_0_100_0_0_initstate_262,LIVING_ROOM_SCENE2_put_both_the_cream_cheese_box_and_the_butter_in_the_basket,Robot Initial States,,initstate_262,,,,,,view_0
LIVING_ROOM_SCENE2_put_both_the_cream_cheese_box_and_the_butter_in_the_basket_view_0_0_100_0_0_initstate_282,LIVING_ROOM_SCENE2_put_both_the_cream_cheese_box_and_the_butter_in_the_basket,Robot Initial States,,initstate_282,,,,,,view_0
LIVING_ROOM_SCENE2_put_both_the_cream_cheese_box_and_the_butter_in_the_basket_view_0_0_100_0_0_initstate_292,LIVING_ROOM_SCENE2_put_both_the_cream_cheese_box_and_the_butter_in_the_basket,Robot Initial States,,initstate_292,,,,,,view_0
LIVING_ROOM_SCENE2_put_both_the_cream_cheese_box_and_the_butter_in_the_basket_view_0_0_100_0_0_initstate_302,LIVING_ROOM_SCENE2_put_both_the_cream_cheese_box_and_the_butter_in_the_basket,Robot Initial States,,initstate_302,,,,,,view_0
LIVING_ROOM_SCENE2_put_both_the_cream_cheese_box_and_the_butter_in_the_basket_view_0_0_100_0_0_initstate_312,LIVING_ROOM_SCENE2_put_both_the_cream_cheese_box_and_the_butter_in_the_basket,Robot Initial States,,initstate_312,,,,,,view_0
LIVING_ROOM_SCENE2_put_both_the_cream_cheese_box_and_the_butter_in_the_basket_view_0_0_100_0_0_initstate_322,LIVING_ROOM_SCENE2_put_both_the_cream_cheese_box_and_the_butter_in_the_basket,Robot Initial States,,initstate_322,,,,,,view_0
LIVING_ROOM_SCENE2_put_both_the_cream_cheese_box_and_the_butter_in_the_basket_view_0_0_100_0_0_initstate_332,LIVING_ROOM_SCENE2_put_both_the_cream_cheese_box_and_the_butter_in_the_basket,Robot Initial States,,initstate_332,,,,,,view_0
LIVING_ROOM_SCENE2_put_both_the_cream_cheese_box_and_the_butter_in_the_basket_view_0_0_100_0_0_initstate_342,LIVING_ROOM_SCENE2_put_both_the_cream_cheese_box_and_the_butter_in_the_basket,Robot Initial States,,initstate_342,,,,,,view_0
LIVING_ROOM_SCENE2_put_both_the_cream_cheese_box_and_the_butter_in_the_basket_view_0_0_100_0_0_initstate_352,LIVING_ROOM_SCENE2_put_both_the_cream_cheese_box_and_the_butter_in_the_basket,Robot Initial States,,initstate_352,,,,,,view_0
LIVING_ROOM_SCENE2_put_both_the_cream_cheese_box_and_the_butter_in_the_basket_view_0_0_100_0_0_initstate_362,LIVING_ROOM_SCENE2_put_both_the_cream_cheese_box_and_the_butter_in_the_basket,Robot Initial States,,initstate_362,,,,,,view_0
LIVING_ROOM_SCENE2_put_both_the_cream_cheese_box_and_the_butter_in_the_basket_view_0_0_100_0_0_initstate_372,LIVING_ROOM_SCENE2_put_both_the_cream_cheese_box_and_the_butter_in_the_basket,Robot Initial States,,initstate_372,,,,,,view_0
LIVING_ROOM_SCENE2_put_both_the_cream_cheese_box_and_the_butter_in_the_basket_view_0_0_100_0_0_initstate_382,LIVING_ROOM_SCENE2_put_both_the_cream_cheese_box_and_the_butter_in_the_basket,Robot Initial States,,initstate_382,,,,,,view_0
LIVING_ROOM_SCENE2_put_both_the_cream_cheese_box_and_the_butter_in_the_basket_view_0_0_100_0_0_initstate_392,LIVING_ROOM_SCENE2_put_both_the_cream_cheese_box_and_the_butter_in_the_basket,Robot Initial States,,initstate_392,,,,,,view_0
LIVING_ROOM_SCENE2_put_both_the_cream_cheese_box_and_the_butter_in_the_basket_view_0_0_100_0_0_initstate_412,LIVING_ROOM_SCENE2_put_both_the_cream_cheese_box_and_the_butter_in_the_basket,Robot Initial States,,initstate_412,,,,,,view_0
LIVING_ROOM_SCENE2_put_both_the_cream_cheese_box_and_the_butter_in_the_basket_view_0_0_100_0_0_initstate_422,LIVING_ROOM_SCENE2_put_both_the_cream_cheese_box_and_the_butter_in_the_basket,Robot Initial States,,initstate_422,,,,,,view_0
LIVING_ROOM_SCENE2_put_both_the_cream_cheese_box_and_the_butter_in_the_basket_view_0_0_100_0_0_initstate_432,LIVING_ROOM_SCENE2_put_both_the_cream_cheese_box_and_the_butter_in_the_basket,Robot Initial States,,initstate_432,,,,,,view_0
LIVING_ROOM_SCENE2_put_both_the_cream_cheese_box_and_the_butter_in_the_basket_view_0_0_100_0_0_initstate_442,LIVING_ROOM_SCENE2_put_both_the_cream_cheese_box_and_the_butter_in_the_basket,Robot Initial States,,initstate_442,,,,,,view_0
LIVING_ROOM_SCENE2_put_both_the_cream_cheese_box_and_the_butter_in_the_basket_view_0_0_100_0_0_initstate_452,LIVING_ROOM_SCENE2_put_both_the_cream_cheese_box_and_the_butter_in_the_basket,Robot Initial States,,initstate_452,,,,,,view_0
LIVING_ROOM_SCENE2_put_both_the_cream_cheese_box_and_the_butter_in_the_basket_view_0_0_100_0_0_initstate_462,LIVING_ROOM_SCENE2_put_both_the_cream_cheese_box_and_the_butter_in_the_basket,Robot Initial States,,initstate_462,,,,,,view_0
LIVING_ROOM_SCENE2_put_both_the_cream_cheese_box_and_the_butter_in_the_basket_view_0_0_100_0_0_initstate_472,LIVING_ROOM_SCENE2_put_both_the_cream_cheese_box_and_the_butter_in_the_basket,Robot Initial States,,initstate_472,,,,,,view_0
LIVING_ROOM_SCENE2_put_both_the_cream_cheese_box_and_the_butter_in_the_basket_view_0_0_100_0_0_initstate_482,LIVING_ROOM_SCENE2_put_both_the_cream_cheese_box_and_the_butter_in_the_basket,Robot Initial States,,initstate_482,,,,,,view_0
LIVING_ROOM_SCENE2_put_both_the_cream_cheese_box_and_the_butter_in_the_basket_view_0_0_100_0_0_initstate_492,LIVING_ROOM_SCENE2_put_both_the_cream_cheese_box_and_the_butter_in_the_basket,Robot Initial States,,initstate_492,,,,,,view_0
LIVING_ROOM_SCENE2_put_both_the_cream_cheese_box_and_the_butter_in_the_basket_view_0_0_119_0_0_initstate_0,LIVING_ROOM_SCENE2_put_both_the_cream_cheese_box_and_the_butter_in_the_basket,Camera Viewpoints,,initstate_0,,,,,,view_0
LIVING_ROOM_SCENE2_put_both_the_cream_cheese_box_and_the_butter_in_the_basket_view_0_0_100_4_6_initstate_0,LIVING_ROOM_SCENE2_put_both_the_cream_cheese_box_and_the_butter_in_the_basket,Camera Viewpoints,,initstate_0,,,,,,view_0
LIVING_ROOM_SCENE2_put_both_the_cream_cheese_box_and_the_butter_in_the_basket_view_0_0_100_4_8_initstate_0,LIVING_ROOM_SCENE2_put_both_the_cream_cheese_box_and_the_butter_in_the_basket,Camera Viewpoints,,initstate_0,,,,,,view_0
LIVING_ROOM_SCENE2_put_both_the_cream_cheese_box_and_the_butter_in_the_basket_view_0_0_100_4_10_initstate_0,LIVING_ROOM_SCENE2_put_both_the_cream_cheese_box_and_the_butter_in_the_basket,Camera Viewpoints,,initstate_0,,,,,,view_0
LIVING_ROOM_SCENE2_put_both_the_cream_cheese_box_and_the_butter_in_the_basket_view_0_0_100_4_350_initstate_0,LIVING_ROOM_SCENE2_put_both_the_cream_cheese_box_and_the_butter_in_the_basket,Camera Viewpoints,,initstate_0,,,,,,view_0
LIVING_ROOM_SCENE2_put_both_the_cream_cheese_box_and_the_butter_in_the_basket_view_0_0_100_4_352_initstate_0,LIVING_ROOM_SCENE2_put_both_the_cream_cheese_box_and_the_butter_in_the_basket,Camera Viewpoints,,initstate_0,,,,,,view_0
LIVING_ROOM_SCENE2_put_both_the_cream_cheese_box_and_the_butter_in_the_basket_view_0_0_100_4_354_initstate_0,LIVING_ROOM_SCENE2_put_both_the_cream_cheese_box_and_the_butter_in_the_basket,Camera Viewpoints,,initstate_0,,,,,,view_0
LIVING_ROOM_SCENE2_put_both_the_cream_cheese_box_and_the_butter_in_the_basket_view_16_15_100_0_0_initstate_0,LIVING_ROOM_SCENE2_put_both_the_cream_cheese_box_and_the_butter_in_the_basket,Camera Viewpoints,,initstate_0,,,,,,view_16
LIVING_ROOM_SCENE2_put_both_the_cream_cheese_box_and_the_butter_in_the_basket_view_17_0_100_0_0_initstate_0,LIVING_ROOM_SCENE2_put_both_the_cream_cheese_box_and_the_butter_in_the_basket,Camera Viewpoints,,initstate_0,,,,,,view_17
LIVING_ROOM_SCENE2_put_both_the_cream_cheese_box_and_the_butter_in_the_basket_view_17_15_100_0_0_initstate_0,LIVING_ROOM_SCENE2_put_both_the_cream_cheese_box_and_the_butter_in_the_basket,Camera Viewpoints,,initstate_0,,,,,,view_17
LIVING_ROOM_SCENE2_put_both_the_cream_cheese_box_and_the_butter_in_the_basket_view_18_0_100_0_0_initstate_0,LIVING_ROOM_SCENE2_put_both_the_cream_cheese_box_and_the_butter_in_the_basket,Camera Viewpoints,,initstate_0,,,,,,view_18
LIVING_ROOM_SCENE2_put_both_the_cream_cheese_box_and_the_butter_in_the_basket_view_18_15_100_0_0_initstate_0,LIVING_ROOM_SCENE2_put_both_the_cream_cheese_box_and_the_butter_in_the_basket,Camera Viewpoints,,initstate_0,,,,,,view_18
LIVING_ROOM_SCENE2_put_both_the_cream_cheese_box_and_the_butter_in_the_basket_view_19_15_100_0_0_initstate_0,LIVING_ROOM_SCENE2_put_both_the_cream_cheese_box_and_the_butter_in_the_basket,Camera Viewpoints,,initstate_0,,,,,,view_19
LIVING_ROOM_SCENE2_put_both_the_cream_cheese_box_and_the_butter_in_the_basket_view_20_15_100_0_0_initstate_0,LIVING_ROOM_SCENE2_put_both_the_cream_cheese_box_and_the_butter_in_the_basket,Camera Viewpoints,,initstate_0,,,,,,view_20
LIVING_ROOM_SCENE2_put_both_the_cream_cheese_box_and_the_butter_in_the_basket_view_21_0_100_0_0_initstate_0,LIVING_ROOM_SCENE2_put_both_the_cream_cheese_box_and_the_butter_in_the_basket,Camera Viewpoints,,initstate_0,,,,,,view_21
LIVING_ROOM_SCENE2_put_both_the_cream_cheese_box_and_the_butter_in_the_basket_view_21_15_100_0_0_initstate_0,LIVING_ROOM_SCENE2_put_both_the_cream_cheese_box_and_the_butter_in_the_basket,Camera Viewpoints,,initstate_0,,,,,,view_21
LIVING_ROOM_SCENE2_put_both_the_cream_cheese_box_and_the_butter_in_the_basket_view_22_0_100_0_0_initstate_0,LIVING_ROOM_SCENE2_put_both_the_cream_cheese_box_and_the_butter_in_the_basket,Camera Viewpoints,,initstate_0,,,,,,view_22
LIVING_ROOM_SCENE2_put_both_the_cream_cheese_box_and_the_butter_in_the_basket_view_22_15_100_0_0_initstate_0,LIVING_ROOM_SCENE2_put_both_the_cream_cheese_box_and_the_butter_in_the_basket,Camera Viewpoints,,initstate_0,,,,,,view_22
LIVING_ROOM_SCENE2_put_both_the_cream_cheese_box_and_the_butter_in_the_basket_view_23_15_100_0_0_initstate_0,LIVING_ROOM_SCENE2_put_both_the_cream_cheese_box_and_the_butter_in_the_basket,Camera Viewpoints,,initstate_0,,,,,,view_23
LIVING_ROOM_SCENE2_put_both_the_cream_cheese_box_and_the_butter_in_the_basket_view_24_15_100_0_0_initstate_0,LIVING_ROOM_SCENE2_put_both_the_cream_cheese_box_and_the_butter_in_the_basket,Camera Viewpoints,,initstate_0,,,,,,view_24
LIVING_ROOM_SCENE2_put_both_the_cream_cheese_box_and_the_butter_in_the_basket_view_25_0_100_0_0_initstate_0,LIVING_ROOM_SCENE2_put_both_the_cream_cheese_box_and_the_butter_in_the_basket,Camera Viewpoints,,initstate_0,,,,,,view_25
LIVING_ROOM_SCENE2_put_both_the_cream_cheese_box_and_the_butter_in_the_basket_view_25_15_100_0_0_initstate_0,LIVING_ROOM_SCENE2_put_both_the_cream_cheese_box_and_the_butter_in_the_basket,Camera Viewpoints,,initstate_0,,,,,,view_25
LIVING_ROOM_SCENE2_put_both_the_cream_cheese_box_and_the_butter_in_the_basket_view_26_0_100_0_0_initstate_0,LIVING_ROOM_SCENE2_put_both_the_cream_cheese_box_and_the_butter_in_the_basket,Camera Viewpoints,,initstate_0,,,,,,view_26
LIVING_ROOM_SCENE2_put_both_the_cream_cheese_box_and_the_butter_in_the_basket_view_26_15_100_0_0_initstate_0,LIVING_ROOM_SCENE2_put_both_the_cream_cheese_box_and_the_butter_in_the_basket,Camera Viewpoints,,initstate_0,,,,,,view_26
LIVING_ROOM_SCENE2_put_both_the_cream_cheese_box_and_the_butter_in_the_basket_view_27_0_100_0_0_initstate_0,LIVING_ROOM_SCENE2_put_both_the_cream_cheese_box_and_the_butter_in_the_basket,Camera Viewpoints,,initstate_0,,,,,,view_27
LIVING_ROOM_SCENE2_put_both_the_cream_cheese_box_and_the_butter_in_the_basket_view_27_15_100_0_0_initstate_0,LIVING_ROOM_SCENE2_put_both_the_cream_cheese_box_and_the_butter_in_the_basket,Camera Viewpoints,,initstate_0,,,,,,view_27
LIVING_ROOM_SCENE2_put_both_the_cream_cheese_box_and_the_butter_in_the_basket_view_28_0_100_0_0_initstate_0,LIVING_ROOM_SCENE2_put_both_the_cream_cheese_box_and_the_butter_in_the_basket,Camera Viewpoints,,initstate_0,,,,,,view_28
LIVING_ROOM_SCENE2_put_both_the_cream_cheese_box_and_the_butter_in_the_basket_view_28_15_100_0_0_initstate_0,LIVING_ROOM_SCENE2_put_both_the_cream_cheese_box_and_the_butter_in_the_basket,Camera Viewpoints,,initstate_0,,,,,,view_28
LIVING_ROOM_SCENE2_put_both_the_cream_cheese_box_and_the_butter_in_the_basket_view_29_0_100_0_0_initstate_0,LIVING_ROOM_SCENE2_put_both_the_cream_cheese_box_and_the_butter_in_the_basket,Camera Viewpoints,,initstate_0,,,,,,view_29
LIVING_ROOM_SCENE2_put_both_the_cream_cheese_box_and_the_butter_in_the_basket_view_29_15_100_0_0_initstate_0,LIVING_ROOM_SCENE2_put_both_the_cream_cheese_box_and_the_butter_in_the_basket,Camera Viewpoints,,initstate_0,,,,,,view_29
LIVING_ROOM_SCENE2_put_both_the_cream_cheese_box_and_the_butter_in_the_basket_view_30_0_100_0_0_initstate_0,LIVING_ROOM_SCENE2_put_both_the_cream_cheese_box_and_the_butter_in_the_basket,Camera Viewpoints,,initstate_0,,,,,,view_30
LIVING_ROOM_SCENE2_put_both_the_cream_cheese_box_and_the_butter_in_the_basket_view_30_15_100_0_0_initstate_0,LIVING_ROOM_SCENE2_put_both_the_cream_cheese_box_and_the_butter_in_the_basket,Camera Viewpoints,,initstate_0,,,,,,view_30
LIVING_ROOM_SCENE2_put_both_the_cream_cheese_box_and_the_butter_in_the_basket_language_2_view_0_0_100_0_0_initstate_0,LIVING_ROOM_SCENE2_put_both_the_cream_cheese_box_and_the_butter_in_the_basket,Language Instructions,,initstate_0,language_2,,,,,view_0
LIVING_ROOM_SCENE2_put_both_the_cream_cheese_box_and_the_butter_in_the_basket_language_3_view_0_0_100_0_0_initstate_0,LIVING_ROOM_SCENE2_put_both_the_cream_cheese_box_and_the_butter_in_the_basket,Language Instructions,,initstate_0,language_3,,,,,view_0
LIVING_ROOM_SCENE2_put_both_the_cream_cheese_box_and_the_butter_in_the_basket_language_5_view_0_0_100_0_0_initstate_0,LIVING_ROOM_SCENE2_put_both_the_cream_cheese_box_and_the_butter_in_the_basket,Language Instructions,,initstate_0,language_5,,,,,view_0
LIVING_ROOM_SCENE2_put_both_the_cream_cheese_box_and_the_butter_in_the_basket_language_6_view_0_0_100_0_0_initstate_0,LIVING_ROOM_SCENE2_put_both_the_cream_cheese_box_and_the_butter_in_the_basket,Language Instructions,,initstate_0,language_6,,,,,view_0
LIVING_ROOM_SCENE2_put_both_the_cream_cheese_box_and_the_butter_in_the_basket_language_8_view_0_0_100_0_0_initstate_0,LIVING_ROOM_SCENE2_put_both_the_cream_cheese_box_and_the_butter_in_the_basket,Language Instructions,,initstate_0,language_8,,,,,view_0
LIVING_ROOM_SCENE2_put_both_the_cream_cheese_box_and_the_butter_in_the_basket_language_10_view_0_0_100_0_0_initstate_0,LIVING_ROOM_SCENE2_put_both_the_cream_cheese_box_and_the_butter_in_the_basket,Language Instructions,,initstate_0,language_10,,,,,view_0
LIVING_ROOM_SCENE2_put_both_the_cream_cheese_box_and_the_butter_in_the_basket_language_14_view_0_0_100_0_0_initstate_0,LIVING_ROOM_SCENE2_put_both_the_cream_cheese_box_and_the_butter_in_the_basket,Language Instructions,,initstate_0,language_14,,,,,view_0
LIVING_ROOM_SCENE2_put_both_the_cream_cheese_box_and_the_butter_in_the_basket_language_16_view_0_0_100_0_0_initstate_0,LIVING_ROOM_SCENE2_put_both_the_cream_cheese_box_and_the_butter_in_the_basket,Language Instructions,,initstate_0,language_16,,,,,view_0
LIVING_ROOM_SCENE2_put_both_the_cream_cheese_box_and_the_butter_in_the_basket_language_20_view_0_0_100_0_0_initstate_0,LIVING_ROOM_SCENE2_put_both_the_cream_cheese_box_and_the_butter_in_the_basket,Language Instructions,,initstate_0,language_20,,,,,view_0
LIVING_ROOM_SCENE2_put_both_the_cream_cheese_box_and_the_butter_in_the_basket_language_26_view_0_0_100_0_0_initstate_0,LIVING_ROOM_SCENE2_put_both_the_cream_cheese_box_and_the_butter_in_the_basket,Language Instructions,,initstate_0,language_26,,,,,view_0
LIVING_ROOM_SCENE2_put_both_the_cream_cheese_box_and_the_butter_in_the_basket_language_27_view_0_0_100_0_0_initstate_0,LIVING_ROOM_SCENE2_put_both_the_cream_cheese_box_and_the_butter_in_the_basket,Language Instructions,,initstate_0,language_27,,,,,view_0
LIVING_ROOM_SCENE2_put_both_the_cream_cheese_box_and_the_butter_in_the_basket_language_28_view_0_0_100_0_0_initstate_0,LIVING_ROOM_SCENE2_put_both_the_cream_cheese_box_and_the_butter_in_the_basket,Language Instructions,,initstate_0,language_28,,,,,view_0
LIVING_ROOM_SCENE2_put_both_the_cream_cheese_box_and_the_butter_in_the_basket_language_30_view_0_0_100_0_0_initstate_0,LIVING_ROOM_SCENE2_put_both_the_cream_cheese_box_and_the_butter_in_the_basket,Language Instructions,,initstate_0,language_30,,,,,view_0
LIVING_ROOM_SCENE2_put_both_the_cream_cheese_box_and_the_butter_in_the_basket_language_34_view_0_0_100_0_0_initstate_0,LIVING_ROOM_SCENE2_put_both_the_cream_cheese_box_and_the_butter_in_the_basket,Language Instructions,,initstate_0,language_34,,,,,view_0
LIVING_ROOM_SCENE2_put_both_the_cream_cheese_box_and_the_butter_in_the_basket_language_36_view_0_0_100_0_0_initstate_0,LIVING_ROOM_SCENE2_put_both_the_cream_cheese_box_and_the_butter_in_the_basket,Language Instructions,,initstate_0,language_36,,,,,view_0
LIVING_ROOM_SCENE2_put_both_the_cream_cheese_box_and_the_butter_in_the_basket_language_40_view_0_0_100_0_0_initstate_0,LIVING_ROOM_SCENE2_put_both_the_cream_cheese_box_and_the_butter_in_the_basket,Language Instructions,,initstate_0,language_40,,,,,view_0
LIVING_ROOM_SCENE2_put_both_the_cream_cheese_box_and_the_butter_in_the_basket_language_41_view_0_0_100_0_0_initstate_0,LIVING_ROOM_SCENE2_put_both_the_cream_cheese_box_and_the_butter_in_the_basket,Language Instructions,,initstate_0,language_41,,,,,view_0
LIVING_ROOM_SCENE2_put_both_the_cream_cheese_box_and_the_butter_in_the_basket_language_43_view_0_0_100_0_0_initstate_0,LIVING_ROOM_SCENE2_put_both_the_cream_cheese_box_and_the_butter_in_the_basket,Language Instructions,,initstate_0,language_43,,,,,view_0
LIVING_ROOM_SCENE2_put_both_the_cream_cheese_box_and_the_butter_in_the_basket_language_46_view_0_0_100_0_0_initstate_0,LIVING_ROOM_SCENE2_put_both_the_cream_cheese_box_and_the_butter_in_the_basket,Language Instructions,,initstate_0,language_46,,,,,view_0
LIVING_ROOM_SCENE2_put_both_the_cream_cheese_box_and_the_butter_in_the_basket_language_47_view_0_0_100_0_0_initstate_0,LIVING_ROOM_SCENE2_put_both_the_cream_cheese_box_and_the_butter_in_the_basket,Language Instructions,,initstate_0,language_47,,,,,view_0
LIVING_ROOM_SCENE2_put_both_the_cream_cheese_box_and_the_butter_in_the_basket_language_49_view_0_0_100_0_0_initstate_0,LIVING_ROOM_SCENE2_put_both_the_cream_cheese_box_and_the_butter_in_the_basket,Language Instructions,,initstate_0,language_49,,,,,view_0
LIVING_ROOM_SCENE2_put_both_the_cream_cheese_box_and_the_butter_in_the_basket_view_0_0_100_0_0_initstate_0_noise_1,LIVING_ROOM_SCENE2_put_both_the_cream_cheese_box_and_the_butter_in_the_basket,Sensor Noise,,initstate_0,,,,noise_1,,view_0
LIVING_ROOM_SCENE2_put_both_the_cream_cheese_box_and_the_butter_in_the_basket_view_0_0_100_0_0_initstate_0_noise_4,LIVING_ROOM_SCENE2_put_both_the_cream_cheese_box_and_the_butter_in_the_basket,Sensor Noise,,initstate_0,,,,noise_4,,view_0
LIVING_ROOM_SCENE2_put_both_the_cream_cheese_box_and_the_butter_in_the_basket_view_0_0_100_0_0_initstate_0_noise_5,LIVING_ROOM_SCENE2_put_both_the_cream_cheese_box_and_the_butter_in_the_basket,Sensor Noise,,initstate_0,,,,noise_5,,view_0
LIVING_ROOM_SCENE2_put_both_the_cream_cheese_box_and_the_butter_in_the_basket_view_0_0_100_0_0_initstate_0_noise_6,LIVING_ROOM_SCENE2_put_both_the_cream_cheese_box_and_the_butter_in_the_basket,Sensor Noise,,initstate_0,,,,noise_6,,view_0
LIVING_ROOM_SCENE2_put_both_the_cream_cheese_box_and_the_butter_in_the_basket_view_0_0_100_0_0_initstate_0_noise_7,LIVING_ROOM_SCENE2_put_both_the_cream_cheese_box_and_the_butter_in_the_basket,Sensor Noise,,initstate_0,,,,noise_7,,view_0
LIVING_ROOM_SCENE2_put_both_the_cream_cheese_box_and_the_butter_in_the_basket_view_0_0_100_0_0_initstate_0_noise_8,LIVING_ROOM_SCENE2_put_both_the_cream_cheese_box_and_the_butter_in_the_basket,Sensor Noise,,initstate_0,,,,noise_8,,view_0
LIVING_ROOM_SCENE2_put_both_the_cream_cheese_box_and_the_butter_in_the_basket_view_0_0_100_0_0_initstate_0_noise_9,LIVING_ROOM_SCENE2_put_both_the_cream_cheese_box_and_the_butter_in_the_basket,Sensor Noise,,initstate_0,,,,noise_9,,view_0
LIVING_ROOM_SCENE2_put_both_the_cream_cheese_box_and_the_butter_in_the_basket_view_0_0_100_0_0_initstate_0_noise_10,LIVING_ROOM_SCENE2_put_both_the_cream_cheese_box_and_the_butter_in_the_basket,Sensor Noise,,initstate_0,,,,noise_10,,view_0
LIVING_ROOM_SCENE2_put_both_the_cream_cheese_box_and_the_butter_in_the_basket_view_0_0_100_0_0_initstate_0_noise_13,LIVING_ROOM_SCENE2_put_both_the_cream_cheese_box_and_the_butter_in_the_basket,Sensor Noise,,initstate_0,,,,noise_13,,view_0
LIVING_ROOM_SCENE2_put_both_the_cream_cheese_box_and_the_butter_in_the_basket_view_0_0_100_0_0_initstate_0_noise_14,LIVING_ROOM_SCENE2_put_both_the_cream_cheese_box_and_the_butter_in_the_basket,Sensor Noise,,initstate_0,,,,noise_14,,view_0
LIVING_ROOM_SCENE2_put_both_the_cream_cheese_box_and_the_butter_in_the_basket_view_0_0_100_0_0_initstate_0_noise_15,LIVING_ROOM_SCENE2_put_both_the_cream_cheese_box_and_the_butter_in_the_basket,Sensor Noise,,initstate_0,,,,noise_15,,view_0
LIVING_ROOM_SCENE2_put_both_the_cream_cheese_box_and_the_butter_in_the_basket_view_0_0_100_0_0_initstate_0_noise_16,LIVING_ROOM_SCENE2_put_both_the_cream_cheese_box_and_the_butter_in_the_basket,Sensor Noise,,initstate_0,,,,noise_16,,view_0
LIVING_ROOM_SCENE2_put_both_the_cream_cheese_box_and_the_butter_in_the_basket_view_0_0_100_0_0_initstate_0_noise_17,LIVING_ROOM_SCENE2_put_both_the_cream_cheese_box_and_the_butter_in_the_basket,Sensor Noise,,initstate_0,,,,noise_17,,view_0
LIVING_ROOM_SCENE2_put_both_the_cream_cheese_box_and_the_butter_in_the_basket_view_0_0_100_0_0_initstate_0_noise_18,LIVING_ROOM_SCENE2_put_both_the_cream_cheese_box_and_the_butter_in_the_basket,Sensor Noise,,initstate_0,,,,noise_18,,view_0
LIVING_ROOM_SCENE2_put_both_the_cream_cheese_box_and_the_butter_in_the_basket_view_0_0_100_0_0_initstate_0_noise_19,LIVING_ROOM_SCENE2_put_both_the_cream_cheese_box_and_the_butter_in_the_basket,Sensor Noise,,initstate_0,,,,noise_19,,view_0
LIVING_ROOM_SCENE2_put_both_the_cream_cheese_box_and_the_butter_in_the_basket_view_0_0_100_0_0_initstate_0_noise_20,LIVING_ROOM_SCENE2_put_both_the_cream_cheese_box_and_the_butter_in_the_basket,Sensor Noise,,initstate_0,,,,noise_20,,view_0
LIVING_ROOM_SCENE2_put_both_the_cream_cheese_box_and_the_butter_in_the_basket_view_0_0_100_0_0_initstate_0_noise_26,LIVING_ROOM_SCENE2_put_both_the_cream_cheese_box_and_the_butter_in_the_basket,Sensor Noise,,initstate_0,,,,noise_26,,view_0
LIVING_ROOM_SCENE2_put_both_the_cream_cheese_box_and_the_butter_in_the_basket_view_0_0_100_0_0_initstate_0_noise_27,LIVING_ROOM_SCENE2_put_both_the_cream_cheese_box_and_the_butter_in_the_basket,Sensor Noise,,initstate_0,,,,noise_27,,view_0
LIVING_ROOM_SCENE2_put_both_the_cream_cheese_box_and_the_butter_in_the_basket_view_0_0_100_0_0_initstate_0_noise_28,LIVING_ROOM_SCENE2_put_both_the_cream_cheese_box_and_the_butter_in_the_basket,Sensor Noise,,initstate_0,,,,noise_28,,view_0
LIVING_ROOM_SCENE2_put_both_the_cream_cheese_box_and_the_butter_in_the_basket_view_0_0_100_0_0_initstate_0_noise_29,LIVING_ROOM_SCENE2_put_both_the_cream_cheese_box_and_the_butter_in_the_basket,Sensor Noise,,initstate_0,,,,noise_29,,view_0
LIVING_ROOM_SCENE2_put_both_the_cream_cheese_box_and_the_butter_in_the_basket_view_0_0_100_0_0_initstate_0_noise_30,LIVING_ROOM_SCENE2_put_both_the_cream_cheese_box_and_the_butter_in_the_basket,Sensor Noise,,initstate_0,,,,noise_30,,view_0
LIVING_ROOM_SCENE2_put_both_the_cream_cheese_box_and_the_butter_in_the_basket_view_0_0_100_0_0_initstate_0_noise_35,LIVING_ROOM_SCENE2_put_both_the_cream_cheese_box_and_the_butter_in_the_basket,Sensor Noise,,initstate_0,,,,noise_35,,view_0
LIVING_ROOM_SCENE2_put_both_the_cream_cheese_box_and_the_butter_in_the_basket_view_0_0_100_0_0_initstate_0_noise_36,LIVING_ROOM_SCENE2_put_both_the_cream_cheese_box_and_the_butter_in_the_basket,Sensor Noise,,initstate_0,,,,noise_36,,view_0
LIVING_ROOM_SCENE2_put_both_the_cream_cheese_box_and_the_butter_in_the_basket_view_0_0_100_0_0_initstate_0_noise_37,LIVING_ROOM_SCENE2_put_both_the_cream_cheese_box_and_the_butter_in_the_basket,Sensor Noise,,initstate_0,,,,noise_37,,view_0
LIVING_ROOM_SCENE2_put_both_the_cream_cheese_box_and_the_butter_in_the_basket_view_0_0_100_0_0_initstate_0_noise_38,LIVING_ROOM_SCENE2_put_both_the_cream_cheese_box_and_the_butter_in_the_basket,Sensor Noise,,initstate_0,,,,noise_38,,view_0
LIVING_ROOM_SCENE2_put_both_the_cream_cheese_box_and_the_butter_in_the_basket_view_0_0_100_0_0_initstate_0_noise_39,LIVING_ROOM_SCENE2_put_both_the_cream_cheese_box_and_the_butter_in_the_basket,Sensor Noise,,initstate_0,,,,noise_39,,view_0
LIVING_ROOM_SCENE2_put_both_the_cream_cheese_box_and_the_butter_in_the_basket_view_0_0_100_0_0_initstate_0_noise_40,LIVING_ROOM_SCENE2_put_both_the_cream_cheese_box_and_the_butter_in_the_basket,Sensor Noise,,initstate_0,,,,noise_40,,view_0
LIVING_ROOM_SCENE2_put_both_the_cream_cheese_box_and_the_butter_in_the_basket_view_0_0_100_0_0_initstate_0_noise_43,LIVING_ROOM_SCENE2_put_both_the_cream_cheese_box_and_the_butter_in_the_basket,Sensor Noise,,initstate_0,,,,noise_43,,view_0
LIVING_ROOM_SCENE2_put_both_the_cream_cheese_box_and_the_butter_in_the_basket_view_0_0_100_0_0_initstate_0_noise_44,LIVING_ROOM_SCENE2_put_both_the_cream_cheese_box_and_the_butter_in_the_basket,Sensor Noise,,initstate_0,,,,noise_44,,view_0
LIVING_ROOM_SCENE2_put_both_the_cream_cheese_box_and_the_butter_in_the_basket_view_0_0_100_0_0_initstate_0_noise_45,LIVING_ROOM_SCENE2_put_both_the_cream_cheese_box_and_the_butter_in_the_basket,Sensor Noise,,initstate_0,,,,noise_45,,view_0
LIVING_ROOM_SCENE2_put_both_the_cream_cheese_box_and_the_butter_in_the_basket_view_0_0_100_0_0_initstate_0_noise_46,LIVING_ROOM_SCENE2_put_both_the_cream_cheese_box_and_the_butter_in_the_basket,Sensor Noise,,initstate_0,,,,noise_46,,view_0
LIVING_ROOM_SCENE2_put_both_the_cream_cheese_box_and_the_butter_in_the_basket_view_0_0_100_0_0_initstate_0_noise_47,LIVING_ROOM_SCENE2_put_both_the_cream_cheese_box_and_the_butter_in_the_basket,Sensor Noise,,initstate_0,,,,noise_47,,view_0
LIVING_ROOM_SCENE2_put_both_the_cream_cheese_box_and_the_butter_in_the_basket_view_0_0_100_0_0_initstate_0_noise_48,LIVING_ROOM_SCENE2_put_both_the_cream_cheese_box_and_the_butter_in_the_basket,Sensor Noise,,initstate_0,,,,noise_48,,view_0
LIVING_ROOM_SCENE2_put_both_the_cream_cheese_box_and_the_butter_in_the_basket_view_0_0_100_0_0_initstate_0_noise_49,LIVING_ROOM_SCENE2_put_both_the_cream_cheese_box_and_the_butter_in_the_basket,Sensor Noise,,initstate_0,,,,noise_49,,view_0
LIVING_ROOM_SCENE2_put_both_the_cream_cheese_box_and_the_butter_in_the_basket_view_0_0_100_0_0_initstate_0_noise_50,LIVING_ROOM_SCENE2_put_both_the_cream_cheese_box_and_the_butter_in_the_basket,Sensor Noise,,initstate_0,,,,noise_50,,view_0
LIVING_ROOM_SCENE2_put_both_the_cream_cheese_box_and_the_butter_in_the_basket_add_10,LIVING_ROOM_SCENE2_put_both_the_cream_cheese_box_and_the_butter_in_the_basket,Objects Layout,add_10,,,,,,,
LIVING_ROOM_SCENE2_put_both_the_cream_cheese_box_and_the_butter_in_the_basket_add_11,LIVING_ROOM_SCENE2_put_both_the_cream_cheese_box_and_the_butter_in_the_basket,Objects Layout,add_11,,,,,,,
LIVING_ROOM_SCENE2_put_both_the_cream_cheese_box_and_the_butter_in_the_basket_add_13,LIVING_ROOM_SCENE2_put_both_the_cream_cheese_box_and_the_butter_in_the_basket,Objects Layout,add_13,,,,,,,
LIVING_ROOM_SCENE2_put_both_the_cream_cheese_box_and_the_butter_in_the_basket_add_14,LIVING_ROOM_SCENE2_put_both_the_cream_cheese_box_and_the_butter_in_the_basket,Objects Layout,add_14,,,,,,,
LIVING_ROOM_SCENE2_put_both_the_cream_cheese_box_and_the_butter_in_the_basket_add_16,LIVING_ROOM_SCENE2_put_both_the_cream_cheese_box_and_the_butter_in_the_basket,Objects Layout,add_16,,,,,,,
LIVING_ROOM_SCENE2_put_both_the_cream_cheese_box_and_the_butter_in_the_basket_add_17,LIVING_ROOM_SCENE2_put_both_the_cream_cheese_box_and_the_butter_in_the_basket,Objects Layout,add_17,,,,,,,
LIVING_ROOM_SCENE2_put_both_the_cream_cheese_box_and_the_butter_in_the_basket_add_18,LIVING_ROOM_SCENE2_put_both_the_cream_cheese_box_and_the_butter_in_the_basket,Objects Layout,add_18,,,,,,,
LIVING_ROOM_SCENE2_put_both_the_cream_cheese_box_and_the_butter_in_the_basket_add_20,LIVING_ROOM_SCENE2_put_both_the_cream_cheese_box_and_the_butter_in_the_basket,Objects Layout,add_20,,,,,,,
LIVING_ROOM_SCENE2_put_both_the_cream_cheese_box_and_the_butter_in_the_basket_add_21,LIVING_ROOM_SCENE2_put_both_the_cream_cheese_box_and_the_butter_in_the_basket,Objects Layout,add_21,,,,,,,
LIVING_ROOM_SCENE2_put_both_the_cream_cheese_box_and_the_butter_in_the_basket_add_22,LIVING_ROOM_SCENE2_put_both_the_cream_cheese_box_and_the_butter_in_the_basket,Objects Layout,add_22,,,,,,,
LIVING_ROOM_SCENE2_put_both_the_cream_cheese_box_and_the_butter_in_the_basket_add_23,LIVING_ROOM_SCENE2_put_both_the_cream_cheese_box_and_the_butter_in_the_basket,Objects Layout,add_23,,,,,,,
LIVING_ROOM_SCENE2_put_both_the_cream_cheese_box_and_the_butter_in_the_basket_add_24,LIVING_ROOM_SCENE2_put_both_the_cream_cheese_box_and_the_butter_in_the_basket,Objects Layout,add_24,,,,,,,
LIVING_ROOM_SCENE2_put_both_the_cream_cheese_box_and_the_butter_in_the_basket_add_25,LIVING_ROOM_SCENE2_put_both_the_cream_cheese_box_and_the_butter_in_the_basket,Objects Layout,add_25,,,,,,,
LIVING_ROOM_SCENE2_put_both_the_cream_cheese_box_and_the_butter_in_the_basket_add_26,LIVING_ROOM_SCENE2_put_both_the_cream_cheese_box_and_the_butter_in_the_basket,Objects Layout,add_26,,,,,,,
LIVING_ROOM_SCENE2_put_both_the_cream_cheese_box_and_the_butter_in_the_basket_add_28,LIVING_ROOM_SCENE2_put_both_the_cream_cheese_box_and_the_butter_in_the_basket,Objects Layout,add_28,,,,,,,
LIVING_ROOM_SCENE2_put_both_the_cream_cheese_box_and_the_butter_in_the_basket_add_29,LIVING_ROOM_SCENE2_put_both_the_cream_cheese_box_and_the_butter_in_the_basket,Objects Layout,add_29,,,,,,,
LIVING_ROOM_SCENE2_put_both_the_cream_cheese_box_and_the_butter_in_the_basket_add_3,LIVING_ROOM_SCENE2_put_both_the_cream_cheese_box_and_the_butter_in_the_basket,Objects Layout,add_3,,,,,,,
LIVING_ROOM_SCENE2_put_both_the_cream_cheese_box_and_the_butter_in_the_basket_add_30,LIVING_ROOM_SCENE2_put_both_the_cream_cheese_box_and_the_butter_in_the_basket,Objects Layout,add_30,,,,,,,
LIVING_ROOM_SCENE2_put_both_the_cream_cheese_box_and_the_butter_in_the_basket_add_8,LIVING_ROOM_SCENE2_put_both_the_cream_cheese_box_and_the_butter_in_the_basket,Objects Layout,add_8,,,,,,,
LIVING_ROOM_SCENE2_put_both_the_cream_cheese_box_and_the_butter_in_the_basket_add_9,LIVING_ROOM_SCENE2_put_both_the_cream_cheese_box_and_the_butter_in_the_basket,Objects Layout,add_9,,,,,,,
LIVING_ROOM_SCENE2_put_both_the_cream_cheese_box_and_the_butter_in_the_basket_level1_sample1,LIVING_ROOM_SCENE2_put_both_the_cream_cheese_box_and_the_butter_in_the_basket,Objects Layout,,,,level1_sample1,,,,
LIVING_ROOM_SCENE2_put_both_the_cream_cheese_box_and_the_butter_in_the_basket_level1_sample3,LIVING_ROOM_SCENE2_put_both_the_cream_cheese_box_and_the_butter_in_the_basket,Objects Layout,,,,level1_sample3,,,,
LIVING_ROOM_SCENE2_put_both_the_cream_cheese_box_and_the_butter_in_the_basket_level1_sample4,LIVING_ROOM_SCENE2_put_both_the_cream_cheese_box_and_the_butter_in_the_basket,Objects Layout,,,,level1_sample4,,,,
LIVING_ROOM_SCENE2_put_both_the_cream_cheese_box_and_the_butter_in_the_basket_level2_sample2,LIVING_ROOM_SCENE2_put_both_the_cream_cheese_box_and_the_butter_in_the_basket,Objects Layout,,,,level2_sample2,,,,
LIVING_ROOM_SCENE2_put_both_the_cream_cheese_box_and_the_butter_in_the_basket_level2_sample3,LIVING_ROOM_SCENE2_put_both_the_cream_cheese_box_and_the_butter_in_the_basket,Objects Layout,,,,level2_sample3,,,,
LIVING_ROOM_SCENE2_put_both_the_cream_cheese_box_and_the_butter_in_the_basket_level2_sample4,LIVING_ROOM_SCENE2_put_both_the_cream_cheese_box_and_the_butter_in_the_basket,Objects Layout,,,,level2_sample4,,,,
LIVING_ROOM_SCENE2_put_both_the_cream_cheese_box_and_the_butter_in_the_basket_level3_sample1,LIVING_ROOM_SCENE2_put_both_the_cream_cheese_box_and_the_butter_in_the_basket,Objects Layout,,,,level3_sample1,,,,
LIVING_ROOM_SCENE2_put_both_the_cream_cheese_box_and_the_butter_in_the_basket_level3_sample3,LIVING_ROOM_SCENE2_put_both_the_cream_cheese_box_and_the_butter_in_the_basket,Objects Layout,,,,level3_sample3,,,,
LIVING_ROOM_SCENE2_put_both_the_cream_cheese_box_and_the_butter_in_the_basket_level3_sample4,LIVING_ROOM_SCENE2_put_both_the_cream_cheese_box_and_the_butter_in_the_basket,Objects Layout,,,,level3_sample4,,,,
LIVING_ROOM_SCENE2_put_both_the_cream_cheese_box_and_the_butter_in_the_basket_level4_sample1,LIVING_ROOM_SCENE2_put_both_the_cream_cheese_box_and_the_butter_in_the_basket,Objects Layout,,,,level4_sample1,,,,
LIVING_ROOM_SCENE2_put_both_the_cream_cheese_box_and_the_butter_in_the_basket_level4_sample2,LIVING_ROOM_SCENE2_put_both_the_cream_cheese_box_and_the_butter_in_the_basket,Objects Layout,,,,level4_sample2,,,,
LIVING_ROOM_SCENE2_put_both_the_cream_cheese_box_and_the_butter_in_the_basket_level4_sample4,LIVING_ROOM_SCENE2_put_both_the_cream_cheese_box_and_the_butter_in_the_basket,Objects Layout,,,,level4_sample4,,,,
LIVING_ROOM_SCENE2_put_both_the_cream_cheese_box_and_the_butter_in_the_basket_level5_sample1,LIVING_ROOM_SCENE2_put_both_the_cream_cheese_box_and_the_butter_in_the_basket,Objects Layout,,,,level5_sample1,,,,
LIVING_ROOM_SCENE2_put_both_the_cream_cheese_box_and_the_butter_in_the_basket_level5_sample4,LIVING_ROOM_SCENE2_put_both_the_cream_cheese_box_and_the_butter_in_the_basket,Objects Layout,,,,level5_sample4,,,,
LIVING_ROOM_SCENE2_put_both_the_cream_cheese_box_and_the_butter_in_the_basket_light_1,LIVING_ROOM_SCENE2_put_both_the_cream_cheese_box_and_the_butter_in_the_basket,Light Conditions,,,,,light_1,,,
LIVING_ROOM_SCENE2_put_both_the_cream_cheese_box_and_the_butter_in_the_basket_light_10,LIVING_ROOM_SCENE2_put_both_the_cream_cheese_box_and_the_butter_in_the_basket,Light Conditions,,,,,light_10,,,
LIVING_ROOM_SCENE2_put_both_the_cream_cheese_box_and_the_butter_in_the_basket_light_14,LIVING_ROOM_SCENE2_put_both_the_cream_cheese_box_and_the_butter_in_the_basket,Light Conditions,,,,,light_14,,,
LIVING_ROOM_SCENE2_put_both_the_cream_cheese_box_and_the_butter_in_the_basket_light_15,LIVING_ROOM_SCENE2_put_both_the_cream_cheese_box_and_the_butter_in_the_basket,Light Conditions,,,,,light_15,,,
LIVING_ROOM_SCENE2_put_both_the_cream_cheese_box_and_the_butter_in_the_basket_light_18,LIVING_ROOM_SCENE2_put_both_the_cream_cheese_box_and_the_butter_in_the_basket,Light Conditions,,,,,light_18,,,
LIVING_ROOM_SCENE2_put_both_the_cream_cheese_box_and_the_butter_in_the_basket_light_21,LIVING_ROOM_SCENE2_put_both_the_cream_cheese_box_and_the_butter_in_the_basket,Light Conditions,,,,,light_21,,,
LIVING_ROOM_SCENE2_put_both_the_cream_cheese_box_and_the_butter_in_the_basket_light_22,LIVING_ROOM_SCENE2_put_both_the_cream_cheese_box_and_the_butter_in_the_basket,Light Conditions,,,,,light_22,,,
LIVING_ROOM_SCENE2_put_both_the_cream_cheese_box_and_the_butter_in_the_basket_light_25,LIVING_ROOM_SCENE2_put_both_the_cream_cheese_box_and_the_butter_in_the_basket,Light Conditions,,,,,light_25,,,
LIVING_ROOM_SCENE2_put_both_the_cream_cheese_box_and_the_butter_in_the_basket_light_26,LIVING_ROOM_SCENE2_put_both_the_cream_cheese_box_and_the_butter_in_the_basket,Light Conditions,,,,,light_26,,,
LIVING_ROOM_SCENE2_put_both_the_cream_cheese_box_and_the_butter_in_the_basket_light_30,LIVING_ROOM_SCENE2_put_both_the_cream_cheese_box_and_the_butter_in_the_basket,Light Conditions,,,,,light_30,,,
LIVING_ROOM_SCENE2_put_both_the_cream_cheese_box_and_the_butter_in_the_basket_light_38,LIVING_ROOM_SCENE2_put_both_the_cream_cheese_box_and_the_butter_in_the_basket,Light Conditions,,,,,light_38,,,
LIVING_ROOM_SCENE2_put_both_the_cream_cheese_box_and_the_butter_in_the_basket_light_44,LIVING_ROOM_SCENE2_put_both_the_cream_cheese_box_and_the_butter_in_the_basket,Light Conditions,,,,,light_44,,,
LIVING_ROOM_SCENE2_put_both_the_cream_cheese_box_and_the_butter_in_the_basket_light_46,LIVING_ROOM_SCENE2_put_both_the_cream_cheese_box_and_the_butter_in_the_basket,Light Conditions,,,,,light_46,,,
LIVING_ROOM_SCENE2_put_both_the_cream_cheese_box_and_the_butter_in_the_basket_light_47,LIVING_ROOM_SCENE2_put_both_the_cream_cheese_box_and_the_butter_in_the_basket,Light Conditions,,,,,light_47,,,
LIVING_ROOM_SCENE2_put_both_the_cream_cheese_box_and_the_butter_in_the_basket_light_48,LIVING_ROOM_SCENE2_put_both_the_cream_cheese_box_and_the_butter_in_the_basket,Light Conditions,,,,,light_48,,,
LIVING_ROOM_SCENE2_put_both_the_cream_cheese_box_and_the_butter_in_the_basket_light_50,LIVING_ROOM_SCENE2_put_both_the_cream_cheese_box_and_the_butter_in_the_basket,Light Conditions,,,,,light_50,,,
LIVING_ROOM_SCENE2_put_both_the_cream_cheese_box_and_the_butter_in_the_basket_light_6,LIVING_ROOM_SCENE2_put_both_the_cream_cheese_box_and_the_butter_in_the_basket,Light Conditions,,,,,light_6,,,
LIVING_ROOM_SCENE2_put_both_the_cream_cheese_box_and_the_butter_in_the_basket_light_8,LIVING_ROOM_SCENE2_put_both_the_cream_cheese_box_and_the_butter_in_the_basket,Light Conditions,,,,,light_8,,,
LIVING_ROOM_SCENE5_put_the_white_mug_on_the_left_plate_and_put_the_yellow_and_white_mug_on_the_right_plate_table_1,LIVING_ROOM_SCENE5_put_the_white_mug_on_the_left_plate_and_put_the_yellow_and_white_mug_on_the_right_plate,Background Textures,,,,,,,table_1,
LIVING_ROOM_SCENE5_put_the_white_mug_on_the_left_plate_and_put_the_yellow_and_white_mug_on_the_right_plate_table_10,LIVING_ROOM_SCENE5_put_the_white_mug_on_the_left_plate_and_put_the_yellow_and_white_mug_on_the_right_plate,Background Textures,,,,,,,table_10,
LIVING_ROOM_SCENE5_put_the_white_mug_on_the_left_plate_and_put_the_yellow_and_white_mug_on_the_right_plate_table_12,LIVING_ROOM_SCENE5_put_the_white_mug_on_the_left_plate_and_put_the_yellow_and_white_mug_on_the_right_plate,Background Textures,,,,,,,table_12,
LIVING_ROOM_SCENE5_put_the_white_mug_on_the_left_plate_and_put_the_yellow_and_white_mug_on_the_right_plate_table_13,LIVING_ROOM_SCENE5_put_the_white_mug_on_the_left_plate_and_put_the_yellow_and_white_mug_on_the_right_plate,Background Textures,,,,,,,table_13,
LIVING_ROOM_SCENE5_put_the_white_mug_on_the_left_plate_and_put_the_yellow_and_white_mug_on_the_right_plate_table_14,LIVING_ROOM_SCENE5_put_the_white_mug_on_the_left_plate_and_put_the_yellow_and_white_mug_on_the_right_plate,Background Textures,,,,,,,table_14,
LIVING_ROOM_SCENE5_put_the_white_mug_on_the_left_plate_and_put_the_yellow_and_white_mug_on_the_right_plate_table_15,LIVING_ROOM_SCENE5_put_the_white_mug_on_the_left_plate_and_put_the_yellow_and_white_mug_on_the_right_plate,Background Textures,,,,,,,table_15,
LIVING_ROOM_SCENE5_put_the_white_mug_on_the_left_plate_and_put_the_yellow_and_white_mug_on_the_right_plate_table_16,LIVING_ROOM_SCENE5_put_the_white_mug_on_the_left_plate_and_put_the_yellow_and_white_mug_on_the_right_plate,Background Textures,,,,,,,table_16,
LIVING_ROOM_SCENE5_put_the_white_mug_on_the_left_plate_and_put_the_yellow_and_white_mug_on_the_right_plate_table_17,LIVING_ROOM_SCENE5_put_the_white_mug_on_the_left_plate_and_put_the_yellow_and_white_mug_on_the_right_plate,Background Textures,,,,,,,table_17,
LIVING_ROOM_SCENE5_put_the_white_mug_on_the_left_plate_and_put_the_yellow_and_white_mug_on_the_right_plate_table_18,LIVING_ROOM_SCENE5_put_the_white_mug_on_the_left_plate_and_put_the_yellow_and_white_mug_on_the_right_plate,Background Textures,,,,,,,table_18,
LIVING_ROOM_SCENE5_put_the_white_mug_on_the_left_plate_and_put_the_yellow_and_white_mug_on_the_right_plate_table_19,LIVING_ROOM_SCENE5_put_the_white_mug_on_the_left_plate_and_put_the_yellow_and_white_mug_on_the_right_plate,Background Textures,,,,,,,table_19,
LIVING_ROOM_SCENE5_put_the_white_mug_on_the_left_plate_and_put_the_yellow_and_white_mug_on_the_right_plate_table_2,LIVING_ROOM_SCENE5_put_the_white_mug_on_the_left_plate_and_put_the_yellow_and_white_mug_on_the_right_plate,Background Textures,,,,,,,table_2,
LIVING_ROOM_SCENE5_put_the_white_mug_on_the_left_plate_and_put_the_yellow_and_white_mug_on_the_right_plate_table_22,LIVING_ROOM_SCENE5_put_the_white_mug_on_the_left_plate_and_put_the_yellow_and_white_mug_on_the_right_plate,Background Textures,,,,,,,table_22,
LIVING_ROOM_SCENE5_put_the_white_mug_on_the_left_plate_and_put_the_yellow_and_white_mug_on_the_right_plate_table_23,LIVING_ROOM_SCENE5_put_the_white_mug_on_the_left_plate_and_put_the_yellow_and_white_mug_on_the_right_plate,Background Textures,,,,,,,table_23,
LIVING_ROOM_SCENE5_put_the_white_mug_on_the_left_plate_and_put_the_yellow_and_white_mug_on_the_right_plate_table_24,LIVING_ROOM_SCENE5_put_the_white_mug_on_the_left_plate_and_put_the_yellow_and_white_mug_on_the_right_plate,Background Textures,,,,,,,table_24,
LIVING_ROOM_SCENE5_put_the_white_mug_on_the_left_plate_and_put_the_yellow_and_white_mug_on_the_right_plate_table_25,LIVING_ROOM_SCENE5_put_the_white_mug_on_the_left_plate_and_put_the_yellow_and_white_mug_on_the_right_plate,Background Textures,,,,,,,table_25,
LIVING_ROOM_SCENE5_put_the_white_mug_on_the_left_plate_and_put_the_yellow_and_white_mug_on_the_right_plate_table_26,LIVING_ROOM_SCENE5_put_the_white_mug_on_the_left_plate_and_put_the_yellow_and_white_mug_on_the_right_plate,Background Textures,,,,,,,table_26,
LIVING_ROOM_SCENE5_put_the_white_mug_on_the_left_plate_and_put_the_yellow_and_white_mug_on_the_right_plate_table_27,LIVING_ROOM_SCENE5_put_the_white_mug_on_the_left_plate_and_put_the_yellow_and_white_mug_on_the_right_plate,Background Textures,,,,,,,table_27,
LIVING_ROOM_SCENE5_put_the_white_mug_on_the_left_plate_and_put_the_yellow_and_white_mug_on_the_right_plate_table_28,LIVING_ROOM_SCENE5_put_the_white_mug_on_the_left_plate_and_put_the_yellow_and_white_mug_on_the_right_plate,Background Textures,,,,,,,table_28,
LIVING_ROOM_SCENE5_put_the_white_mug_on_the_left_plate_and_put_the_yellow_and_white_mug_on_the_right_plate_table_3,LIVING_ROOM_SCENE5_put_the_white_mug_on_the_left_plate_and_put_the_yellow_and_white_mug_on_the_right_plate,Background Textures,,,,,,,table_3,
LIVING_ROOM_SCENE5_put_the_white_mug_on_the_left_plate_and_put_the_yellow_and_white_mug_on_the_right_plate_table_5,LIVING_ROOM_SCENE5_put_the_white_mug_on_the_left_plate_and_put_the_yellow_and_white_mug_on_the_right_plate,Background Textures,,,,,,,table_5,
LIVING_ROOM_SCENE5_put_the_white_mug_on_the_left_plate_and_put_the_yellow_and_white_mug_on_the_right_plate_table_6,LIVING_ROOM_SCENE5_put_the_white_mug_on_the_left_plate_and_put_the_yellow_and_white_mug_on_the_right_plate,Background Textures,,,,,,,table_6,
LIVING_ROOM_SCENE5_put_the_white_mug_on_the_left_plate_and_put_the_yellow_and_white_mug_on_the_right_plate_table_7,LIVING_ROOM_SCENE5_put_the_white_mug_on_the_left_plate_and_put_the_yellow_and_white_mug_on_the_right_plate,Background Textures,,,,,,,table_7,
LIVING_ROOM_SCENE5_put_the_white_mug_on_the_left_plate_and_put_the_yellow_and_white_mug_on_the_right_plate_table_8,LIVING_ROOM_SCENE5_put_the_white_mug_on_the_left_plate_and_put_the_yellow_and_white_mug_on_the_right_plate,Background Textures,,,,,,,table_8,
LIVING_ROOM_SCENE5_put_the_white_mug_on_the_left_plate_and_put_the_yellow_and_white_mug_on_the_right_plate_table_9,LIVING_ROOM_SCENE5_put_the_white_mug_on_the_left_plate_and_put_the_yellow_and_white_mug_on_the_right_plate,Background Textures,,,,,,,table_9,
LIVING_ROOM_SCENE5_put_the_white_mug_on_the_left_plate_and_put_the_yellow_and_white_mug_on_the_right_plate_tb_1,LIVING_ROOM_SCENE5_put_the_white_mug_on_the_left_plate_and_put_the_yellow_and_white_mug_on_the_right_plate,Background Textures,,,,,,,tb_1,
LIVING_ROOM_SCENE5_put_the_white_mug_on_the_left_plate_and_put_the_yellow_and_white_mug_on_the_right_plate_tb_10,LIVING_ROOM_SCENE5_put_the_white_mug_on_the_left_plate_and_put_the_yellow_and_white_mug_on_the_right_plate,Background Textures,,,,,,,tb_10,
LIVING_ROOM_SCENE5_put_the_white_mug_on_the_left_plate_and_put_the_yellow_and_white_mug_on_the_right_plate_tb_11,LIVING_ROOM_SCENE5_put_the_white_mug_on_the_left_plate_and_put_the_yellow_and_white_mug_on_the_right_plate,Background Textures,,,,,,,tb_11,
LIVING_ROOM_SCENE5_put_the_white_mug_on_the_left_plate_and_put_the_yellow_and_white_mug_on_the_right_plate_tb_12,LIVING_ROOM_SCENE5_put_the_white_mug_on_the_left_plate_and_put_the_yellow_and_white_mug_on_the_right_plate,Background Textures,,,,,,,tb_12,
LIVING_ROOM_SCENE5_put_the_white_mug_on_the_left_plate_and_put_the_yellow_and_white_mug_on_the_right_plate_tb_13,LIVING_ROOM_SCENE5_put_the_white_mug_on_the_left_plate_and_put_the_yellow_and_white_mug_on_the_right_plate,Background Textures,,,,,,,tb_13,
LIVING_ROOM_SCENE5_put_the_white_mug_on_the_left_plate_and_put_the_yellow_and_white_mug_on_the_right_plate_tb_14,LIVING_ROOM_SCENE5_put_the_white_mug_on_the_left_plate_and_put_the_yellow_and_white_mug_on_the_right_plate,Background Textures,,,,,,,tb_14,
LIVING_ROOM_SCENE5_put_the_white_mug_on_the_left_plate_and_put_the_yellow_and_white_mug_on_the_right_plate_tb_15,LIVING_ROOM_SCENE5_put_the_white_mug_on_the_left_plate_and_put_the_yellow_and_white_mug_on_the_right_plate,Background Textures,,,,,,,tb_15,
LIVING_ROOM_SCENE5_put_the_white_mug_on_the_left_plate_and_put_the_yellow_and_white_mug_on_the_right_plate_tb_16,LIVING_ROOM_SCENE5_put_the_white_mug_on_the_left_plate_and_put_the_yellow_and_white_mug_on_the_right_plate,Background Textures,,,,,,,tb_16,
LIVING_ROOM_SCENE5_put_the_white_mug_on_the_left_plate_and_put_the_yellow_and_white_mug_on_the_right_plate_tb_17,LIVING_ROOM_SCENE5_put_the_white_mug_on_the_left_plate_and_put_the_yellow_and_white_mug_on_the_right_plate,Background Textures,,,,,,,tb_17,
LIVING_ROOM_SCENE5_put_the_white_mug_on_the_left_plate_and_put_the_yellow_and_white_mug_on_the_right_plate_tb_18,LIVING_ROOM_SCENE5_put_the_white_mug_on_the_left_plate_and_put_the_yellow_and_white_mug_on_the_right_plate,Background Textures,,,,,,,tb_18,
LIVING_ROOM_SCENE5_put_the_white_mug_on_the_left_plate_and_put_the_yellow_and_white_mug_on_the_right_plate_tb_19,LIVING_ROOM_SCENE5_put_the_white_mug_on_the_left_plate_and_put_the_yellow_and_white_mug_on_the_right_plate,Background Textures,,,,,,,tb_19,
LIVING_ROOM_SCENE5_put_the_white_mug_on_the_left_plate_and_put_the_yellow_and_white_mug_on_the_right_plate_tb_20,LIVING_ROOM_SCENE5_put_the_white_mug_on_the_left_plate_and_put_the_yellow_and_white_mug_on_the_right_plate,Background Textures,,,,,,,tb_20,
LIVING_ROOM_SCENE5_put_the_white_mug_on_the_left_plate_and_put_the_yellow_and_white_mug_on_the_right_plate_tb_21,LIVING_ROOM_SCENE5_put_the_white_mug_on_the_left_plate_and_put_the_yellow_and_white_mug_on_the_right_plate,Background Textures,,,,,,,tb_21,
LIVING_ROOM_SCENE5_put_the_white_mug_on_the_left_plate_and_put_the_yellow_and_white_mug_on_the_right_plate_tb_22,LIVING_ROOM_SCENE5_put_the_white_mug_on_the_left_plate_and_put_the_yellow_and_white_mug_on_the_right_plate,Background Textures,,,,,,,tb_22,
LIVING_ROOM_SCENE5_put_the_white_mug_on_the_left_plate_and_put_the_yellow_and_white_mug_on_the_right_plate_tb_3,LIVING_ROOM_SCENE5_put_the_white_mug_on_the_left_plate_and_put_the_yellow_and_white_mug_on_the_right_plate,Background Textures,,,,,,,tb_3,
LIVING_ROOM_SCENE5_put_the_white_mug_on_the_left_plate_and_put_the_yellow_and_white_mug_on_the_right_plate_tb_4,LIVING_ROOM_SCENE5_put_the_white_mug_on_the_left_plate_and_put_the_yellow_and_white_mug_on_the_right_plate,Background Textures,,,,,,,tb_4,
LIVING_ROOM_SCENE5_put_the_white_mug_on_the_left_plate_and_put_the_yellow_and_white_mug_on_the_right_plate_tb_5,LIVING_ROOM_SCENE5_put_the_white_mug_on_the_left_plate_and_put_the_yellow_and_white_mug_on_the_right_plate,Background Textures,,,,,,,tb_5,
LIVING_ROOM_SCENE5_put_the_white_mug_on_the_left_plate_and_put_the_yellow_and_white_mug_on_the_right_plate_tb_6,LIVING_ROOM_SCENE5_put_the_white_mug_on_the_left_plate_and_put_the_yellow_and_white_mug_on_the_right_plate,Background Textures,,,,,,,tb_6,
LIVING_ROOM_SCENE5_put_the_white_mug_on_the_left_plate_and_put_the_yellow_and_white_mug_on_the_right_plate_tb_8,LIVING_ROOM_SCENE5_put_the_white_mug_on_the_left_plate_and_put_the_yellow_and_white_mug_on_the_right_plate,Background Textures,,,,,,,tb_8,
LIVING_ROOM_SCENE5_put_the_white_mug_on_the_left_plate_and_put_the_yellow_and_white_mug_on_the_right_plate_tb_9,LIVING_ROOM_SCENE5_put_the_white_mug_on_the_left_plate_and_put_the_yellow_and_white_mug_on_the_right_plate,Background Textures,,,,,,,tb_9,
LIVING_ROOM_SCENE5_put_the_white_mug_on_the_left_plate_and_put_the_yellow_and_white_mug_on_the_right_plate_view_0_0_100_0_0_initstate_45,LIVING_ROOM_SCENE5_put_the_white_mug_on_the_left_plate_and_put_the_yellow_and_white_mug_on_the_right_plate,Robot Initial States,,initstate_45,,,,,,view_0
LIVING_ROOM_SCENE5_put_the_white_mug_on_the_left_plate_and_put_the_yellow_and_white_mug_on_the_right_plate_view_0_0_100_0_0_initstate_65,LIVING_ROOM_SCENE5_put_the_white_mug_on_the_left_plate_and_put_the_yellow_and_white_mug_on_the_right_plate,Robot Initial States,,initstate_65,,,,,,view_0
LIVING_ROOM_SCENE5_put_the_white_mug_on_the_left_plate_and_put_the_yellow_and_white_mug_on_the_right_plate_view_0_0_100_0_0_initstate_95,LIVING_ROOM_SCENE5_put_the_white_mug_on_the_left_plate_and_put_the_yellow_and_white_mug_on_the_right_plate,Robot Initial States,,initstate_95,,,,,,view_0
LIVING_ROOM_SCENE5_put_the_white_mug_on_the_left_plate_and_put_the_yellow_and_white_mug_on_the_right_plate_view_0_0_100_0_0_initstate_105,LIVING_ROOM_SCENE5_put_the_white_mug_on_the_left_plate_and_put_the_yellow_and_white_mug_on_the_right_plate,Robot Initial States,,initstate_105,,,,,,view_0
LIVING_ROOM_SCENE5_put_the_white_mug_on_the_left_plate_and_put_the_yellow_and_white_mug_on_the_right_plate_view_0_0_100_0_0_initstate_115,LIVING_ROOM_SCENE5_put_the_white_mug_on_the_left_plate_and_put_the_yellow_and_white_mug_on_the_right_plate,Robot Initial States,,initstate_115,,,,,,view_0
LIVING_ROOM_SCENE5_put_the_white_mug_on_the_left_plate_and_put_the_yellow_and_white_mug_on_the_right_plate_view_0_0_100_0_0_initstate_125,LIVING_ROOM_SCENE5_put_the_white_mug_on_the_left_plate_and_put_the_yellow_and_white_mug_on_the_right_plate,Robot Initial States,,initstate_125,,,,,,view_0
LIVING_ROOM_SCENE5_put_the_white_mug_on_the_left_plate_and_put_the_yellow_and_white_mug_on_the_right_plate_view_0_0_100_0_0_initstate_135,LIVING_ROOM_SCENE5_put_the_white_mug_on_the_left_plate_and_put_the_yellow_and_white_mug_on_the_right_plate,Robot Initial States,,initstate_135,,,,,,view_0
LIVING_ROOM_SCENE5_put_the_white_mug_on_the_left_plate_and_put_the_yellow_and_white_mug_on_the_right_plate_view_0_0_100_0_0_initstate_145,LIVING_ROOM_SCENE5_put_the_white_mug_on_the_left_plate_and_put_the_yellow_and_white_mug_on_the_right_plate,Robot Initial States,,initstate_145,,,,,,view_0
LIVING_ROOM_SCENE5_put_the_white_mug_on_the_left_plate_and_put_the_yellow_and_white_mug_on_the_right_plate_view_0_0_100_0_0_initstate_155,LIVING_ROOM_SCENE5_put_the_white_mug_on_the_left_plate_and_put_the_yellow_and_white_mug_on_the_right_plate,Robot Initial States,,initstate_155,,,,,,view_0
LIVING_ROOM_SCENE5_put_the_white_mug_on_the_left_plate_and_put_the_yellow_and_white_mug_on_the_right_plate_view_0_0_100_0_0_initstate_175,LIVING_ROOM_SCENE5_put_the_white_mug_on_the_left_plate_and_put_the_yellow_and_white_mug_on_the_right_plate,Robot Initial States,,initstate_175,,,,,,view_0
LIVING_ROOM_SCENE5_put_the_white_mug_on_the_left_plate_and_put_the_yellow_and_white_mug_on_the_right_plate_view_0_0_100_0_0_initstate_185,LIVING_ROOM_SCENE5_put_the_white_mug_on_the_left_plate_and_put_the_yellow_and_white_mug_on_the_right_plate,Robot Initial States,,initstate_185,,,,,,view_0
LIVING_ROOM_SCENE5_put_the_white_mug_on_the_left_plate_and_put_the_yellow_and_white_mug_on_the_right_plate_view_0_0_100_0_0_initstate_195,LIVING_ROOM_SCENE5_put_the_white_mug_on_the_left_plate_and_put_the_yellow_and_white_mug_on_the_right_plate,Robot Initial States,,initstate_195,,,,,,view_0
LIVING_ROOM_SCENE5_put_the_white_mug_on_the_left_plate_and_put_the_yellow_and_white_mug_on_the_right_plate_view_0_0_100_0_0_initstate_205,LIVING_ROOM_SCENE5_put_the_white_mug_on_the_left_plate_and_put_the_yellow_and_white_mug_on_the_right_plate,Robot Initial States,,initstate_205,,,,,,view_0
LIVING_ROOM_SCENE5_put_the_white_mug_on_the_left_plate_and_put_the_yellow_and_white_mug_on_the_right_plate_view_0_0_100_0_0_initstate_215,LIVING_ROOM_SCENE5_put_the_white_mug_on_the_left_plate_and_put_the_yellow_and_white_mug_on_the_right_plate,Robot Initial States,,initstate_215,,,,,,view_0
LIVING_ROOM_SCENE5_put_the_white_mug_on_the_left_plate_and_put_the_yellow_and_white_mug_on_the_right_plate_view_0_0_100_0_0_initstate_225,LIVING_ROOM_SCENE5_put_the_white_mug_on_the_left_plate_and_put_the_yellow_and_white_mug_on_the_right_plate,Robot Initial States,,initstate_225,,,,,,view_0
LIVING_ROOM_SCENE5_put_the_white_mug_on_the_left_plate_and_put_the_yellow_and_white_mug_on_the_right_plate_view_0_0_100_0_0_initstate_235,LIVING_ROOM_SCENE5_put_the_white_mug_on_the_left_plate_and_put_the_yellow_and_white_mug_on_the_right_plate,Robot Initial States,,initstate_235,,,,,,view_0
LIVING_ROOM_SCENE5_put_the_white_mug_on_the_left_plate_and_put_the_yellow_and_white_mug_on_the_right_plate_view_0_0_100_0_0_initstate_245,LIVING_ROOM_SCENE5_put_the_white_mug_on_the_left_plate_and_put_the_yellow_and_white_mug_on_the_right_plate,Robot Initial States,,initstate_245,,,,,,view_0
LIVING_ROOM_SCENE5_put_the_white_mug_on_the_left_plate_and_put_the_yellow_and_white_mug_on_the_right_plate_view_0_0_100_0_0_initstate_255,LIVING_ROOM_SCENE5_put_the_white_mug_on_the_left_plate_and_put_the_yellow_and_white_mug_on_the_right_plate,Robot Initial States,,initstate_255,,,,,,view_0
LIVING_ROOM_SCENE5_put_the_white_mug_on_the_left_plate_and_put_the_yellow_and_white_mug_on_the_right_plate_view_0_0_100_0_0_initstate_265,LIVING_ROOM_SCENE5_put_the_white_mug_on_the_left_plate_and_put_the_yellow_and_white_mug_on_the_right_plate,Robot Initial States,,initstate_265,,,,,,view_0
LIVING_ROOM_SCENE5_put_the_white_mug_on_the_left_plate_and_put_the_yellow_and_white_mug_on_the_right_plate_view_0_0_100_0_0_initstate_285,LIVING_ROOM_SCENE5_put_the_white_mug_on_the_left_plate_and_put_the_yellow_and_white_mug_on_the_right_plate,Robot Initial States,,initstate_285,,,,,,view_0
LIVING_ROOM_SCENE5_put_the_white_mug_on_the_left_plate_and_put_the_yellow_and_white_mug_on_the_right_plate_view_0_0_100_0_0_initstate_295,LIVING_ROOM_SCENE5_put_the_white_mug_on_the_left_plate_and_put_the_yellow_and_white_mug_on_the_right_plate,Robot Initial States,,initstate_295,,,,,,view_0
LIVING_ROOM_SCENE5_put_the_white_mug_on_the_left_plate_and_put_the_yellow_and_white_mug_on_the_right_plate_view_0_0_100_0_0_initstate_305,LIVING_ROOM_SCENE5_put_the_white_mug_on_the_left_plate_and_put_the_yellow_and_white_mug_on_the_right_plate,Robot Initial States,,initstate_305,,,,,,view_0
LIVING_ROOM_SCENE5_put_the_white_mug_on_the_left_plate_and_put_the_yellow_and_white_mug_on_the_right_plate_view_0_0_100_0_0_initstate_315,LIVING_ROOM_SCENE5_put_the_white_mug_on_the_left_plate_and_put_the_yellow_and_white_mug_on_the_right_plate,Robot Initial States,,initstate_315,,,,,,view_0
LIVING_ROOM_SCENE5_put_the_white_mug_on_the_left_plate_and_put_the_yellow_and_white_mug_on_the_right_plate_view_0_0_100_0_0_initstate_335,LIVING_ROOM_SCENE5_put_the_white_mug_on_the_left_plate_and_put_the_yellow_and_white_mug_on_the_right_plate,Robot Initial States,,initstate_335,,,,,,view_0
LIVING_ROOM_SCENE5_put_the_white_mug_on_the_left_plate_and_put_the_yellow_and_white_mug_on_the_right_plate_view_0_0_100_0_0_initstate_345,LIVING_ROOM_SCENE5_put_the_white_mug_on_the_left_plate_and_put_the_yellow_and_white_mug_on_the_right_plate,Robot Initial States,,initstate_345,,,,,,view_0
LIVING_ROOM_SCENE5_put_the_white_mug_on_the_left_plate_and_put_the_yellow_and_white_mug_on_the_right_plate_view_0_0_100_0_0_initstate_355,LIVING_ROOM_SCENE5_put_the_white_mug_on_the_left_plate_and_put_the_yellow_and_white_mug_on_the_right_plate,Robot Initial States,,initstate_355,,,,,,view_0
LIVING_ROOM_SCENE5_put_the_white_mug_on_the_left_plate_and_put_the_yellow_and_white_mug_on_the_right_plate_view_0_0_100_0_0_initstate_365,LIVING_ROOM_SCENE5_put_the_white_mug_on_the_left_plate_and_put_the_yellow_and_white_mug_on_the_right_plate,Robot Initial States,,initstate_365,,,,,,view_0
LIVING_ROOM_SCENE5_put_the_white_mug_on_the_left_plate_and_put_the_yellow_and_white_mug_on_the_right_plate_view_0_0_100_0_0_initstate_375,LIVING_ROOM_SCENE5_put_the_white_mug_on_the_left_plate_and_put_the_yellow_and_white_mug_on_the_right_plate,Robot Initial States,,initstate_375,,,,,,view_0
LIVING_ROOM_SCENE5_put_the_white_mug_on_the_left_plate_and_put_the_yellow_and_white_mug_on_the_right_plate_view_0_0_100_0_0_initstate_385,LIVING_ROOM_SCENE5_put_the_white_mug_on_the_left_plate_and_put_the_yellow_and_white_mug_on_the_right_plate,Robot Initial States,,initstate_385,,,,,,view_0
LIVING_ROOM_SCENE5_put_the_white_mug_on_the_left_plate_and_put_the_yellow_and_white_mug_on_the_right_plate_view_0_0_100_0_0_initstate_395,LIVING_ROOM_SCENE5_put_the_white_mug_on_the_left_plate_and_put_the_yellow_and_white_mug_on_the_right_plate,Robot Initial States,,initstate_395,,,,,,view_0
LIVING_ROOM_SCENE5_put_the_white_mug_on_the_left_plate_and_put_the_yellow_and_white_mug_on_the_right_plate_view_0_0_100_0_0_initstate_405,LIVING_ROOM_SCENE5_put_the_white_mug_on_the_left_plate_and_put_the_yellow_and_white_mug_on_the_right_plate,Robot Initial States,,initstate_405,,,,,,view_0
LIVING_ROOM_SCENE5_put_the_white_mug_on_the_left_plate_and_put_the_yellow_and_white_mug_on_the_right_plate_view_0_0_100_0_0_initstate_415,LIVING_ROOM_SCENE5_put_the_white_mug_on_the_left_plate_and_put_the_yellow_and_white_mug_on_the_right_plate,Robot Initial States,,initstate_415,,,,,,view_0
LIVING_ROOM_SCENE5_put_the_white_mug_on_the_left_plate_and_put_the_yellow_and_white_mug_on_the_right_plate_view_0_0_100_0_0_initstate_445,LIVING_ROOM_SCENE5_put_the_white_mug_on_the_left_plate_and_put_the_yellow_and_white_mug_on_the_right_plate,Robot Initial States,,initstate_445,,,,,,view_0
LIVING_ROOM_SCENE5_put_the_white_mug_on_the_left_plate_and_put_the_yellow_and_white_mug_on_the_right_plate_view_0_0_100_0_0_initstate_455,LIVING_ROOM_SCENE5_put_the_white_mug_on_the_left_plate_and_put_the_yellow_and_white_mug_on_the_right_plate,Robot Initial States,,initstate_455,,,,,,view_0
LIVING_ROOM_SCENE5_put_the_white_mug_on_the_left_plate_and_put_the_yellow_and_white_mug_on_the_right_plate_view_0_0_100_0_0_initstate_465,LIVING_ROOM_SCENE5_put_the_white_mug_on_the_left_plate_and_put_the_yellow_and_white_mug_on_the_right_plate,Robot Initial States,,initstate_465,,,,,,view_0
LIVING_ROOM_SCENE5_put_the_white_mug_on_the_left_plate_and_put_the_yellow_and_white_mug_on_the_right_plate_view_0_0_100_0_0_initstate_475,LIVING_ROOM_SCENE5_put_the_white_mug_on_the_left_plate_and_put_the_yellow_and_white_mug_on_the_right_plate,Robot Initial States,,initstate_475,,,,,,view_0
LIVING_ROOM_SCENE5_put_the_white_mug_on_the_left_plate_and_put_the_yellow_and_white_mug_on_the_right_plate_view_0_0_100_0_0_initstate_485,LIVING_ROOM_SCENE5_put_the_white_mug_on_the_left_plate_and_put_the_yellow_and_white_mug_on_the_right_plate,Robot Initial States,,initstate_485,,,,,,view_0
LIVING_ROOM_SCENE5_put_the_white_mug_on_the_left_plate_and_put_the_yellow_and_white_mug_on_the_right_plate_view_0_0_100_0_0_initstate_495,LIVING_ROOM_SCENE5_put_the_white_mug_on_the_left_plate_and_put_the_yellow_and_white_mug_on_the_right_plate,Robot Initial States,,initstate_495,,,,,,view_0
LIVING_ROOM_SCENE5_put_the_white_mug_on_the_left_plate_and_put_the_yellow_and_white_mug_on_the_right_plate_view_0_0_141_0_0_initstate_0,LIVING_ROOM_SCENE5_put_the_white_mug_on_the_left_plate_and_put_the_yellow_and_white_mug_on_the_right_plate,Camera Viewpoints,,initstate_0,,,,,,view_0
LIVING_ROOM_SCENE5_put_the_white_mug_on_the_left_plate_and_put_the_yellow_and_white_mug_on_the_right_plate_view_0_0_142_0_0_initstate_0,LIVING_ROOM_SCENE5_put_the_white_mug_on_the_left_plate_and_put_the_yellow_and_white_mug_on_the_right_plate,Camera Viewpoints,,initstate_0,,,,,,view_0
LIVING_ROOM_SCENE5_put_the_white_mug_on_the_left_plate_and_put_the_yellow_and_white_mug_on_the_right_plate_view_0_0_144_0_0_initstate_0,LIVING_ROOM_SCENE5_put_the_white_mug_on_the_left_plate_and_put_the_yellow_and_white_mug_on_the_right_plate,Camera Viewpoints,,initstate_0,,,,,,view_0
LIVING_ROOM_SCENE5_put_the_white_mug_on_the_left_plate_and_put_the_yellow_and_white_mug_on_the_right_plate_view_0_0_145_0_0_initstate_0,LIVING_ROOM_SCENE5_put_the_white_mug_on_the_left_plate_and_put_the_yellow_and_white_mug_on_the_right_plate,Camera Viewpoints,,initstate_0,,,,,,view_0
LIVING_ROOM_SCENE5_put_the_white_mug_on_the_left_plate_and_put_the_yellow_and_white_mug_on_the_right_plate_view_0_0_146_0_0_initstate_0,LIVING_ROOM_SCENE5_put_the_white_mug_on_the_left_plate_and_put_the_yellow_and_white_mug_on_the_right_plate,Camera Viewpoints,,initstate_0,,,,,,view_0
LIVING_ROOM_SCENE5_put_the_white_mug_on_the_left_plate_and_put_the_yellow_and_white_mug_on_the_right_plate_view_0_0_147_0_0_initstate_0,LIVING_ROOM_SCENE5_put_the_white_mug_on_the_left_plate_and_put_the_yellow_and_white_mug_on_the_right_plate,Camera Viewpoints,,initstate_0,,,,,,view_0
LIVING_ROOM_SCENE5_put_the_white_mug_on_the_left_plate_and_put_the_yellow_and_white_mug_on_the_right_plate_view_0_0_148_0_0_initstate_0,LIVING_ROOM_SCENE5_put_the_white_mug_on_the_left_plate_and_put_the_yellow_and_white_mug_on_the_right_plate,Camera Viewpoints,,initstate_0,,,,,,view_0
LIVING_ROOM_SCENE5_put_the_white_mug_on_the_left_plate_and_put_the_yellow_and_white_mug_on_the_right_plate_view_0_0_149_0_0_initstate_0,LIVING_ROOM_SCENE5_put_the_white_mug_on_the_left_plate_and_put_the_yellow_and_white_mug_on_the_right_plate,Camera Viewpoints,,initstate_0,,,,,,view_0
LIVING_ROOM_SCENE5_put_the_white_mug_on_the_left_plate_and_put_the_yellow_and_white_mug_on_the_right_plate_view_0_0_150_0_0_initstate_0,LIVING_ROOM_SCENE5_put_the_white_mug_on_the_left_plate_and_put_the_yellow_and_white_mug_on_the_right_plate,Camera Viewpoints,,initstate_0,,,,,,view_0
LIVING_ROOM_SCENE5_put_the_white_mug_on_the_left_plate_and_put_the_yellow_and_white_mug_on_the_right_plate_view_0_0_100_10_2_initstate_0,LIVING_ROOM_SCENE5_put_the_white_mug_on_the_left_plate_and_put_the_yellow_and_white_mug_on_the_right_plate,Camera Viewpoints,,initstate_0,,,,,,view_0
LIVING_ROOM_SCENE5_put_the_white_mug_on_the_left_plate_and_put_the_yellow_and_white_mug_on_the_right_plate_view_0_0_100_10_4_initstate_0,LIVING_ROOM_SCENE5_put_the_white_mug_on_the_left_plate_and_put_the_yellow_and_white_mug_on_the_right_plate,Camera Viewpoints,,initstate_0,,,,,,view_0
LIVING_ROOM_SCENE5_put_the_white_mug_on_the_left_plate_and_put_the_yellow_and_white_mug_on_the_right_plate_view_0_0_100_10_6_initstate_0,LIVING_ROOM_SCENE5_put_the_white_mug_on_the_left_plate_and_put_the_yellow_and_white_mug_on_the_right_plate,Camera Viewpoints,,initstate_0,,,,,,view_0
LIVING_ROOM_SCENE5_put_the_white_mug_on_the_left_plate_and_put_the_yellow_and_white_mug_on_the_right_plate_view_0_0_100_10_8_initstate_0,LIVING_ROOM_SCENE5_put_the_white_mug_on_the_left_plate_and_put_the_yellow_and_white_mug_on_the_right_plate,Camera Viewpoints,,initstate_0,,,,,,view_0
LIVING_ROOM_SCENE5_put_the_white_mug_on_the_left_plate_and_put_the_yellow_and_white_mug_on_the_right_plate_view_0_0_100_10_10_initstate_0,LIVING_ROOM_SCENE5_put_the_white_mug_on_the_left_plate_and_put_the_yellow_and_white_mug_on_the_right_plate,Camera Viewpoints,,initstate_0,,,,,,view_0
LIVING_ROOM_SCENE5_put_the_white_mug_on_the_left_plate_and_put_the_yellow_and_white_mug_on_the_right_plate_view_0_0_100_10_350_initstate_0,LIVING_ROOM_SCENE5_put_the_white_mug_on_the_left_plate_and_put_the_yellow_and_white_mug_on_the_right_plate,Camera Viewpoints,,initstate_0,,,,,,view_0
LIVING_ROOM_SCENE5_put_the_white_mug_on_the_left_plate_and_put_the_yellow_and_white_mug_on_the_right_plate_view_0_0_100_10_352_initstate_0,LIVING_ROOM_SCENE5_put_the_white_mug_on_the_left_plate_and_put_the_yellow_and_white_mug_on_the_right_plate,Camera Viewpoints,,initstate_0,,,,,,view_0
LIVING_ROOM_SCENE5_put_the_white_mug_on_the_left_plate_and_put_the_yellow_and_white_mug_on_the_right_plate_view_0_0_100_10_354_initstate_0,LIVING_ROOM_SCENE5_put_the_white_mug_on_the_left_plate_and_put_the_yellow_and_white_mug_on_the_right_plate,Camera Viewpoints,,initstate_0,,,,,,view_0
LIVING_ROOM_SCENE5_put_the_white_mug_on_the_left_plate_and_put_the_yellow_and_white_mug_on_the_right_plate_view_0_0_100_10_356_initstate_0,LIVING_ROOM_SCENE5_put_the_white_mug_on_the_left_plate_and_put_the_yellow_and_white_mug_on_the_right_plate,Camera Viewpoints,,initstate_0,,,,,,view_0
LIVING_ROOM_SCENE5_put_the_white_mug_on_the_left_plate_and_put_the_yellow_and_white_mug_on_the_right_plate_view_0_0_100_10_358_initstate_0,LIVING_ROOM_SCENE5_put_the_white_mug_on_the_left_plate_and_put_the_yellow_and_white_mug_on_the_right_plate,Camera Viewpoints,,initstate_0,,,,,,view_0
LIVING_ROOM_SCENE5_put_the_white_mug_on_the_left_plate_and_put_the_yellow_and_white_mug_on_the_right_plate_view_61_0_100_0_0_initstate_0,LIVING_ROOM_SCENE5_put_the_white_mug_on_the_left_plate_and_put_the_yellow_and_white_mug_on_the_right_plate,Camera Viewpoints,,initstate_0,,,,,,view_61
LIVING_ROOM_SCENE5_put_the_white_mug_on_the_left_plate_and_put_the_yellow_and_white_mug_on_the_right_plate_view_61_15_100_0_0_initstate_0,LIVING_ROOM_SCENE5_put_the_white_mug_on_the_left_plate_and_put_the_yellow_and_white_mug_on_the_right_plate,Camera Viewpoints,,initstate_0,,,,,,view_61
LIVING_ROOM_SCENE5_put_the_white_mug_on_the_left_plate_and_put_the_yellow_and_white_mug_on_the_right_plate_view_62_0_100_0_0_initstate_0,LIVING_ROOM_SCENE5_put_the_white_mug_on_the_left_plate_and_put_the_yellow_and_white_mug_on_the_right_plate,Camera Viewpoints,,initstate_0,,,,,,view_62
LIVING_ROOM_SCENE5_put_the_white_mug_on_the_left_plate_and_put_the_yellow_and_white_mug_on_the_right_plate_view_62_15_100_0_0_initstate_0,LIVING_ROOM_SCENE5_put_the_white_mug_on_the_left_plate_and_put_the_yellow_and_white_mug_on_the_right_plate,Camera Viewpoints,,initstate_0,,,,,,view_62
LIVING_ROOM_SCENE5_put_the_white_mug_on_the_left_plate_and_put_the_yellow_and_white_mug_on_the_right_plate_view_63_0_100_0_0_initstate_0,LIVING_ROOM_SCENE5_put_the_white_mug_on_the_left_plate_and_put_the_yellow_and_white_mug_on_the_right_plate,Camera Viewpoints,,initstate_0,,,,,,view_63
LIVING_ROOM_SCENE5_put_the_white_mug_on_the_left_plate_and_put_the_yellow_and_white_mug_on_the_right_plate_view_63_15_100_0_0_initstate_0,LIVING_ROOM_SCENE5_put_the_white_mug_on_the_left_plate_and_put_the_yellow_and_white_mug_on_the_right_plate,Camera Viewpoints,,initstate_0,,,,,,view_63
LIVING_ROOM_SCENE5_put_the_white_mug_on_the_left_plate_and_put_the_yellow_and_white_mug_on_the_right_plate_view_64_0_100_0_0_initstate_0,LIVING_ROOM_SCENE5_put_the_white_mug_on_the_left_plate_and_put_the_yellow_and_white_mug_on_the_right_plate,Camera Viewpoints,,initstate_0,,,,,,view_64
LIVING_ROOM_SCENE5_put_the_white_mug_on_the_left_plate_and_put_the_yellow_and_white_mug_on_the_right_plate_view_64_15_100_0_0_initstate_0,LIVING_ROOM_SCENE5_put_the_white_mug_on_the_left_plate_and_put_the_yellow_and_white_mug_on_the_right_plate,Camera Viewpoints,,initstate_0,,,,,,view_64
LIVING_ROOM_SCENE5_put_the_white_mug_on_the_left_plate_and_put_the_yellow_and_white_mug_on_the_right_plate_view_65_0_100_0_0_initstate_0,LIVING_ROOM_SCENE5_put_the_white_mug_on_the_left_plate_and_put_the_yellow_and_white_mug_on_the_right_plate,Camera Viewpoints,,initstate_0,,,,,,view_65
LIVING_ROOM_SCENE5_put_the_white_mug_on_the_left_plate_and_put_the_yellow_and_white_mug_on_the_right_plate_view_65_15_100_0_0_initstate_0,LIVING_ROOM_SCENE5_put_the_white_mug_on_the_left_plate_and_put_the_yellow_and_white_mug_on_the_right_plate,Camera Viewpoints,,initstate_0,,,,,,view_65
LIVING_ROOM_SCENE5_put_the_white_mug_on_the_left_plate_and_put_the_yellow_and_white_mug_on_the_right_plate_view_66_0_100_0_0_initstate_0,LIVING_ROOM_SCENE5_put_the_white_mug_on_the_left_plate_and_put_the_yellow_and_white_mug_on_the_right_plate,Camera Viewpoints,,initstate_0,,,,,,view_66
LIVING_ROOM_SCENE5_put_the_white_mug_on_the_left_plate_and_put_the_yellow_and_white_mug_on_the_right_plate_view_67_15_100_0_0_initstate_0,LIVING_ROOM_SCENE5_put_the_white_mug_on_the_left_plate_and_put_the_yellow_and_white_mug_on_the_right_plate,Camera Viewpoints,,initstate_0,,,,,,view_67
LIVING_ROOM_SCENE5_put_the_white_mug_on_the_left_plate_and_put_the_yellow_and_white_mug_on_the_right_plate_view_68_0_100_0_0_initstate_0,LIVING_ROOM_SCENE5_put_the_white_mug_on_the_left_plate_and_put_the_yellow_and_white_mug_on_the_right_plate,Camera Viewpoints,,initstate_0,,,,,,view_68
LIVING_ROOM_SCENE5_put_the_white_mug_on_the_left_plate_and_put_the_yellow_and_white_mug_on_the_right_plate_view_68_15_100_0_0_initstate_0,LIVING_ROOM_SCENE5_put_the_white_mug_on_the_left_plate_and_put_the_yellow_and_white_mug_on_the_right_plate,Camera Viewpoints,,initstate_0,,,,,,view_68
LIVING_ROOM_SCENE5_put_the_white_mug_on_the_left_plate_and_put_the_yellow_and_white_mug_on_the_right_plate_view_69_0_100_0_0_initstate_0,LIVING_ROOM_SCENE5_put_the_white_mug_on_the_left_plate_and_put_the_yellow_and_white_mug_on_the_right_plate,Camera Viewpoints,,initstate_0,,,,,,view_69
LIVING_ROOM_SCENE5_put_the_white_mug_on_the_left_plate_and_put_the_yellow_and_white_mug_on_the_right_plate_view_69_15_100_0_0_initstate_0,LIVING_ROOM_SCENE5_put_the_white_mug_on_the_left_plate_and_put_the_yellow_and_white_mug_on_the_right_plate,Camera Viewpoints,,initstate_0,,,,,,view_69
LIVING_ROOM_SCENE5_put_the_white_mug_on_the_left_plate_and_put_the_yellow_and_white_mug_on_the_right_plate_view_70_0_100_0_0_initstate_0,LIVING_ROOM_SCENE5_put_the_white_mug_on_the_left_plate_and_put_the_yellow_and_white_mug_on_the_right_plate,Camera Viewpoints,,initstate_0,,,,,,view_70
LIVING_ROOM_SCENE5_put_the_white_mug_on_the_left_plate_and_put_the_yellow_and_white_mug_on_the_right_plate_view_70_15_100_0_0_initstate_0,LIVING_ROOM_SCENE5_put_the_white_mug_on_the_left_plate_and_put_the_yellow_and_white_mug_on_the_right_plate,Camera Viewpoints,,initstate_0,,,,,,view_70
LIVING_ROOM_SCENE5_put_the_white_mug_on_the_left_plate_and_put_the_yellow_and_white_mug_on_the_right_plate_view_71_0_100_0_0_initstate_0,LIVING_ROOM_SCENE5_put_the_white_mug_on_the_left_plate_and_put_the_yellow_and_white_mug_on_the_right_plate,Camera Viewpoints,,initstate_0,,,,,,view_71
LIVING_ROOM_SCENE5_put_the_white_mug_on_the_left_plate_and_put_the_yellow_and_white_mug_on_the_right_plate_view_71_15_100_0_0_initstate_0,LIVING_ROOM_SCENE5_put_the_white_mug_on_the_left_plate_and_put_the_yellow_and_white_mug_on_the_right_plate,Camera Viewpoints,,initstate_0,,,,,,view_71
LIVING_ROOM_SCENE5_put_the_white_mug_on_the_left_plate_and_put_the_yellow_and_white_mug_on_the_right_plate_view_72_0_100_0_0_initstate_0,LIVING_ROOM_SCENE5_put_the_white_mug_on_the_left_plate_and_put_the_yellow_and_white_mug_on_the_right_plate,Camera Viewpoints,,initstate_0,,,,,,view_72
LIVING_ROOM_SCENE5_put_the_white_mug_on_the_left_plate_and_put_the_yellow_and_white_mug_on_the_right_plate_view_72_15_100_0_0_initstate_0,LIVING_ROOM_SCENE5_put_the_white_mug_on_the_left_plate_and_put_the_yellow_and_white_mug_on_the_right_plate,Camera Viewpoints,,initstate_0,,,,,,view_72
LIVING_ROOM_SCENE5_put_the_white_mug_on_the_left_plate_and_put_the_yellow_and_white_mug_on_the_right_plate_view_73_0_100_0_0_initstate_0,LIVING_ROOM_SCENE5_put_the_white_mug_on_the_left_plate_and_put_the_yellow_and_white_mug_on_the_right_plate,Camera Viewpoints,,initstate_0,,,,,,view_73
LIVING_ROOM_SCENE5_put_the_white_mug_on_the_left_plate_and_put_the_yellow_and_white_mug_on_the_right_plate_view_73_15_100_0_0_initstate_0,LIVING_ROOM_SCENE5_put_the_white_mug_on_the_left_plate_and_put_the_yellow_and_white_mug_on_the_right_plate,Camera Viewpoints,,initstate_0,,,,,,view_73
LIVING_ROOM_SCENE5_put_the_white_mug_on_the_left_plate_and_put_the_yellow_and_white_mug_on_the_right_plate_view_74_0_100_0_0_initstate_0,LIVING_ROOM_SCENE5_put_the_white_mug_on_the_left_plate_and_put_the_yellow_and_white_mug_on_the_right_plate,Camera Viewpoints,,initstate_0,,,,,,view_74
LIVING_ROOM_SCENE5_put_the_white_mug_on_the_left_plate_and_put_the_yellow_and_white_mug_on_the_right_plate_view_74_15_100_0_0_initstate_0,LIVING_ROOM_SCENE5_put_the_white_mug_on_the_left_plate_and_put_the_yellow_and_white_mug_on_the_right_plate,Camera Viewpoints,,initstate_0,,,,,,view_74
LIVING_ROOM_SCENE5_put_the_white_mug_on_the_left_plate_and_put_the_yellow_and_white_mug_on_the_right_plate_view_75_0_100_0_0_initstate_0,LIVING_ROOM_SCENE5_put_the_white_mug_on_the_left_plate_and_put_the_yellow_and_white_mug_on_the_right_plate,Camera Viewpoints,,initstate_0,,,,,,view_75
LIVING_ROOM_SCENE5_put_the_white_mug_on_the_left_plate_and_put_the_yellow_and_white_mug_on_the_right_plate_view_75_15_100_0_0_initstate_0,LIVING_ROOM_SCENE5_put_the_white_mug_on_the_left_plate_and_put_the_yellow_and_white_mug_on_the_right_plate,Camera Viewpoints,,initstate_0,,,,,,view_75
LIVING_ROOM_SCENE5_put_the_white_mug_on_the_left_plate_and_put_the_yellow_and_white_mug_on_the_right_plate_language_1_view_0_0_100_0_0_initstate_0,LIVING_ROOM_SCENE5_put_the_white_mug_on_the_left_plate_and_put_the_yellow_and_white_mug_on_the_right_plate,Language Instructions,,initstate_0,language_1,,,,,view_0
LIVING_ROOM_SCENE5_put_the_white_mug_on_the_left_plate_and_put_the_yellow_and_white_mug_on_the_right_plate_language_2_view_0_0_100_0_0_initstate_0,LIVING_ROOM_SCENE5_put_the_white_mug_on_the_left_plate_and_put_the_yellow_and_white_mug_on_the_right_plate,Language Instructions,,initstate_0,language_2,,,,,view_0
LIVING_ROOM_SCENE5_put_the_white_mug_on_the_left_plate_and_put_the_yellow_and_white_mug_on_the_right_plate_language_3_view_0_0_100_0_0_initstate_0,LIVING_ROOM_SCENE5_put_the_white_mug_on_the_left_plate_and_put_the_yellow_and_white_mug_on_the_right_plate,Language Instructions,,initstate_0,language_3,,,,,view_0
LIVING_ROOM_SCENE5_put_the_white_mug_on_the_left_plate_and_put_the_yellow_and_white_mug_on_the_right_plate_language_4_view_0_0_100_0_0_initstate_0,LIVING_ROOM_SCENE5_put_the_white_mug_on_the_left_plate_and_put_the_yellow_and_white_mug_on_the_right_plate,Language Instructions,,initstate_0,language_4,,,,,view_0
LIVING_ROOM_SCENE5_put_the_white_mug_on_the_left_plate_and_put_the_yellow_and_white_mug_on_the_right_plate_language_5_view_0_0_100_0_0_initstate_0,LIVING_ROOM_SCENE5_put_the_white_mug_on_the_left_plate_and_put_the_yellow_and_white_mug_on_the_right_plate,Language Instructions,,initstate_0,language_5,,,,,view_0
LIVING_ROOM_SCENE5_put_the_white_mug_on_the_left_plate_and_put_the_yellow_and_white_mug_on_the_right_plate_language_7_view_0_0_100_0_0_initstate_0,LIVING_ROOM_SCENE5_put_the_white_mug_on_the_left_plate_and_put_the_yellow_and_white_mug_on_the_right_plate,Language Instructions,,initstate_0,language_7,,,,,view_0
LIVING_ROOM_SCENE5_put_the_white_mug_on_the_left_plate_and_put_the_yellow_and_white_mug_on_the_right_plate_language_8_view_0_0_100_0_0_initstate_0,LIVING_ROOM_SCENE5_put_the_white_mug_on_the_left_plate_and_put_the_yellow_and_white_mug_on_the_right_plate,Language Instructions,,initstate_0,language_8,,,,,view_0
LIVING_ROOM_SCENE5_put_the_white_mug_on_the_left_plate_and_put_the_yellow_and_white_mug_on_the_right_plate_language_9_view_0_0_100_0_0_initstate_0,LIVING_ROOM_SCENE5_put_the_white_mug_on_the_left_plate_and_put_the_yellow_and_white_mug_on_the_right_plate,Language Instructions,,initstate_0,language_9,,,,,view_0
LIVING_ROOM_SCENE5_put_the_white_mug_on_the_left_plate_and_put_the_yellow_and_white_mug_on_the_right_plate_language_10_view_0_0_100_0_0_initstate_0,LIVING_ROOM_SCENE5_put_the_white_mug_on_the_left_plate_and_put_the_yellow_and_white_mug_on_the_right_plate,Language Instructions,,initstate_0,language_10,,,,,view_0
LIVING_ROOM_SCENE5_put_the_white_mug_on_the_left_plate_and_put_the_yellow_and_white_mug_on_the_right_plate_language_11_view_0_0_100_0_0_initstate_0,LIVING_ROOM_SCENE5_put_the_white_mug_on_the_left_plate_and_put_the_yellow_and_white_mug_on_the_right_plate,Language Instructions,,initstate_0,language_11,,,,,view_0
LIVING_ROOM_SCENE5_put_the_white_mug_on_the_left_plate_and_put_the_yellow_and_white_mug_on_the_right_plate_language_12_view_0_0_100_0_0_initstate_0,LIVING_ROOM_SCENE5_put_the_white_mug_on_the_left_plate_and_put_the_yellow_and_white_mug_on_the_right_plate,Language Instructions,,initstate_0,language_12,,,,,view_0
LIVING_ROOM_SCENE5_put_the_white_mug_on_the_left_plate_and_put_the_yellow_and_white_mug_on_the_right_plate_language_13_view_0_0_100_0_0_initstate_0,LIVING_ROOM_SCENE5_put_the_white_mug_on_the_left_plate_and_put_the_yellow_and_white_mug_on_the_right_plate,Language Instructions,,initstate_0,language_13,,,,,view_0
LIVING_ROOM_SCENE5_put_the_white_mug_on_the_left_plate_and_put_the_yellow_and_white_mug_on_the_right_plate_language_16_view_0_0_100_0_0_initstate_0,LIVING_ROOM_SCENE5_put_the_white_mug_on_the_left_plate_and_put_the_yellow_and_white_mug_on_the_right_plate,Language Instructions,,initstate_0,language_16,,,,,view_0
LIVING_ROOM_SCENE5_put_the_white_mug_on_the_left_plate_and_put_the_yellow_and_white_mug_on_the_right_plate_language_17_view_0_0_100_0_0_initstate_0,LIVING_ROOM_SCENE5_put_the_white_mug_on_the_left_plate_and_put_the_yellow_and_white_mug_on_the_right_plate,Language Instructions,,initstate_0,language_17,,,,,view_0
LIVING_ROOM_SCENE5_put_the_white_mug_on_the_left_plate_and_put_the_yellow_and_white_mug_on_the_right_plate_language_18_view_0_0_100_0_0_initstate_0,LIVING_ROOM_SCENE5_put_the_white_mug_on_the_left_plate_and_put_the_yellow_and_white_mug_on_the_right_plate,Language Instructions,,initstate_0,language_18,,,,,view_0
LIVING_ROOM_SCENE5_put_the_white_mug_on_the_left_plate_and_put_the_yellow_and_white_mug_on_the_right_plate_language_19_view_0_0_100_0_0_initstate_0,LIVING_ROOM_SCENE5_put_the_white_mug_on_the_left_plate_and_put_the_yellow_and_white_mug_on_the_right_plate,Language Instructions,,initstate_0,language_19,,,,,view_0
LIVING_ROOM_SCENE5_put_the_white_mug_on_the_left_plate_and_put_the_yellow_and_white_mug_on_the_right_plate_language_20_view_0_0_100_0_0_initstate_0,LIVING_ROOM_SCENE5_put_the_white_mug_on_the_left_plate_and_put_the_yellow_and_white_mug_on_the_right_plate,Language Instructions,,initstate_0,language_20,,,,,view_0
LIVING_ROOM_SCENE5_put_the_white_mug_on_the_left_plate_and_put_the_yellow_and_white_mug_on_the_right_plate_language_21_view_0_0_100_0_0_initstate_0,LIVING_ROOM_SCENE5_put_the_white_mug_on_the_left_plate_and_put_the_yellow_and_white_mug_on_the_right_plate,Language Instructions,,initstate_0,language_21,,,,,view_0
LIVING_ROOM_SCENE5_put_the_white_mug_on_the_left_plate_and_put_the_yellow_and_white_mug_on_the_right_plate_language_22_view_0_0_100_0_0_initstate_0,LIVING_ROOM_SCENE5_put_the_white_mug_on_the_left_plate_and_put_the_yellow_and_white_mug_on_the_right_plate,Language Instructions,,initstate_0,language_22,,,,,view_0
LIVING_ROOM_SCENE5_put_the_white_mug_on_the_left_plate_and_put_the_yellow_and_white_mug_on_the_right_plate_language_24_view_0_0_100_0_0_initstate_0,LIVING_ROOM_SCENE5_put_the_white_mug_on_the_left_plate_and_put_the_yellow_and_white_mug_on_the_right_plate,Language Instructions,,initstate_0,language_24,,,,,view_0
LIVING_ROOM_SCENE5_put_the_white_mug_on_the_left_plate_and_put_the_yellow_and_white_mug_on_the_right_plate_language_25_view_0_0_100_0_0_initstate_0,LIVING_ROOM_SCENE5_put_the_white_mug_on_the_left_plate_and_put_the_yellow_and_white_mug_on_the_right_plate,Language Instructions,,initstate_0,language_25,,,,,view_0
LIVING_ROOM_SCENE5_put_the_white_mug_on_the_left_plate_and_put_the_yellow_and_white_mug_on_the_right_plate_language_26_view_0_0_100_0_0_initstate_0,LIVING_ROOM_SCENE5_put_the_white_mug_on_the_left_plate_and_put_the_yellow_and_white_mug_on_the_right_plate,Language Instructions,,initstate_0,language_26,,,,,view_0
LIVING_ROOM_SCENE5_put_the_white_mug_on_the_left_plate_and_put_the_yellow_and_white_mug_on_the_right_plate_language_29_view_0_0_100_0_0_initstate_0,LIVING_ROOM_SCENE5_put_the_white_mug_on_the_left_plate_and_put_the_yellow_and_white_mug_on_the_right_plate,Language Instructions,,initstate_0,language_29,,,,,view_0
LIVING_ROOM_SCENE5_put_the_white_mug_on_the_left_plate_and_put_the_yellow_and_white_mug_on_the_right_plate_language_30_view_0_0_100_0_0_initstate_0,LIVING_ROOM_SCENE5_put_the_white_mug_on_the_left_plate_and_put_the_yellow_and_white_mug_on_the_right_plate,Language Instructions,,initstate_0,language_30,,,,,view_0
LIVING_ROOM_SCENE5_put_the_white_mug_on_the_left_plate_and_put_the_yellow_and_white_mug_on_the_right_plate_language_31_view_0_0_100_0_0_initstate_0,LIVING_ROOM_SCENE5_put_the_white_mug_on_the_left_plate_and_put_the_yellow_and_white_mug_on_the_right_plate,Language Instructions,,initstate_0,language_31,,,,,view_0
LIVING_ROOM_SCENE5_put_the_white_mug_on_the_left_plate_and_put_the_yellow_and_white_mug_on_the_right_plate_language_32_view_0_0_100_0_0_initstate_0,LIVING_ROOM_SCENE5_put_the_white_mug_on_the_left_plate_and_put_the_yellow_and_white_mug_on_the_right_plate,Language Instructions,,initstate_0,language_32,,,,,view_0
LIVING_ROOM_SCENE5_put_the_white_mug_on_the_left_plate_and_put_the_yellow_and_white_mug_on_the_right_plate_language_33_view_0_0_100_0_0_initstate_0,LIVING_ROOM_SCENE5_put_the_white_mug_on_the_left_plate_and_put_the_yellow_and_white_mug_on_the_right_plate,Language Instructions,,initstate_0,language_33,,,,,view_0
LIVING_ROOM_SCENE5_put_the_white_mug_on_the_left_plate_and_put_the_yellow_and_white_mug_on_the_right_plate_language_34_view_0_0_100_0_0_initstate_0,LIVING_ROOM_SCENE5_put_the_white_mug_on_the_left_plate_and_put_the_yellow_and_white_mug_on_the_right_plate,Language Instructions,,initstate_0,language_34,,,,,view_0
LIVING_ROOM_SCENE5_put_the_white_mug_on_the_left_plate_and_put_the_yellow_and_white_mug_on_the_right_plate_language_35_view_0_0_100_0_0_initstate_0,LIVING_ROOM_SCENE5_put_the_white_mug_on_the_left_plate_and_put_the_yellow_and_white_mug_on_the_right_plate,Language Instructions,,initstate_0,language_35,,,,,view_0
LIVING_ROOM_SCENE5_put_the_white_mug_on_the_left_plate_and_put_the_yellow_and_white_mug_on_the_right_plate_language_36_view_0_0_100_0_0_initstate_0,LIVING_ROOM_SCENE5_put_the_white_mug_on_the_left_plate_and_put_the_yellow_and_white_mug_on_the_right_plate,Language Instructions,,initstate_0,language_36,,,,,view_0
LIVING_ROOM_SCENE5_put_the_white_mug_on_the_left_plate_and_put_the_yellow_and_white_mug_on_the_right_plate_language_37_view_0_0_100_0_0_initstate_0,LIVING_ROOM_SCENE5_put_the_white_mug_on_the_left_plate_and_put_the_yellow_and_white_mug_on_the_right_plate,Language Instructions,,initstate_0,language_37,,,,,view_0
LIVING_ROOM_SCENE5_put_the_white_mug_on_the_left_plate_and_put_the_yellow_and_white_mug_on_the_right_plate_language_38_view_0_0_100_0_0_initstate_0,LIVING_ROOM_SCENE5_put_the_white_mug_on_the_left_plate_and_put_the_yellow_and_white_mug_on_the_right_plate,Language Instructions,,initstate_0,language_38,,,,,view_0
LIVING_ROOM_SCENE5_put_the_white_mug_on_the_left_plate_and_put_the_yellow_and_white_mug_on_the_right_plate_language_39_view_0_0_100_0_0_initstate_0,LIVING_ROOM_SCENE5_put_the_white_mug_on_the_left_plate_and_put_the_yellow_and_white_mug_on_the_right_plate,Language Instructions,,initstate_0,language_39,,,,,view_0
LIVING_ROOM_SCENE5_put_the_white_mug_on_the_left_plate_and_put_the_yellow_and_white_mug_on_the_right_plate_language_40_view_0_0_100_0_0_initstate_0,LIVING_ROOM_SCENE5_put_the_white_mug_on_the_left_plate_and_put_the_yellow_and_white_mug_on_the_right_plate,Language Instructions,,initstate_0,language_40,,,,,view_0
LIVING_ROOM_SCENE5_put_the_white_mug_on_the_left_plate_and_put_the_yellow_and_white_mug_on_the_right_plate_language_41_view_0_0_100_0_0_initstate_0,LIVING_ROOM_SCENE5_put_the_white_mug_on_the_left_plate_and_put_the_yellow_and_white_mug_on_the_right_plate,Language Instructions,,initstate_0,language_41,,,,,view_0
LIVING_ROOM_SCENE5_put_the_white_mug_on_the_left_plate_and_put_the_yellow_and_white_mug_on_the_right_plate_language_43_view_0_0_100_0_0_initstate_0,LIVING_ROOM_SCENE5_put_the_white_mug_on_the_left_plate_and_put_the_yellow_and_white_mug_on_the_right_plate,Language Instructions,,initstate_0,language_43,,,,,view_0
LIVING_ROOM_SCENE5_put_the_white_mug_on_the_left_plate_and_put_the_yellow_and_white_mug_on_the_right_plate_language_44_view_0_0_100_0_0_initstate_0,LIVING_ROOM_SCENE5_put_the_white_mug_on_the_left_plate_and_put_the_yellow_and_white_mug_on_the_right_plate,Language Instructions,,initstate_0,language_44,,,,,view_0
LIVING_ROOM_SCENE5_put_the_white_mug_on_the_left_plate_and_put_the_yellow_and_white_mug_on_the_right_plate_language_45_view_0_0_100_0_0_initstate_0,LIVING_ROOM_SCENE5_put_the_white_mug_on_the_left_plate_and_put_the_yellow_and_white_mug_on_the_right_plate,Language Instructions,,initstate_0,language_45,,,,,view_0
LIVING_ROOM_SCENE5_put_the_white_mug_on_the_left_plate_and_put_the_yellow_and_white_mug_on_the_right_plate_language_46_view_0_0_100_0_0_initstate_0,LIVING_ROOM_SCENE5_put_the_white_mug_on_the_left_plate_and_put_the_yellow_and_white_mug_on_the_right_plate,Language Instructions,,initstate_0,language_46,,,,,view_0
LIVING_ROOM_SCENE5_put_the_white_mug_on_the_left_plate_and_put_the_yellow_and_white_mug_on_the_right_plate_language_47_view_0_0_100_0_0_initstate_0,LIVING_ROOM_SCENE5_put_the_white_mug_on_the_left_plate_and_put_the_yellow_and_white_mug_on_the_right_plate,Language Instructions,,initstate_0,language_47,,,,,view_0
LIVING_ROOM_SCENE5_put_the_white_mug_on_the_left_plate_and_put_the_yellow_and_white_mug_on_the_right_plate_language_48_view_0_0_100_0_0_initstate_0,LIVING_ROOM_SCENE5_put_the_white_mug_on_the_left_plate_and_put_the_yellow_and_white_mug_on_the_right_plate,Language Instructions,,initstate_0,language_48,,,,,view_0
LIVING_ROOM_SCENE5_put_the_white_mug_on_the_left_plate_and_put_the_yellow_and_white_mug_on_the_right_plate_language_49_view_0_0_100_0_0_initstate_0,LIVING_ROOM_SCENE5_put_the_white_mug_on_the_left_plate_and_put_the_yellow_and_white_mug_on_the_right_plate,Language Instructions,,initstate_0,language_49,,,,,view_0
LIVING_ROOM_SCENE5_put_the_white_mug_on_the_left_plate_and_put_the_yellow_and_white_mug_on_the_right_plate_view_0_0_100_0_0_initstate_0_noise_1,LIVING_ROOM_SCENE5_put_the_white_mug_on_the_left_plate_and_put_the_yellow_and_white_mug_on_the_right_plate,Sensor Noise,,initstate_0,,,,noise_1,,view_0
LIVING_ROOM_SCENE5_put_the_white_mug_on_the_left_plate_and_put_the_yellow_and_white_mug_on_the_right_plate_view_0_0_100_0_0_initstate_0_noise_2,LIVING_ROOM_SCENE5_put_the_white_mug_on_the_left_plate_and_put_the_yellow_and_white_mug_on_the_right_plate,Sensor Noise,,initstate_0,,,,noise_2,,view_0
LIVING_ROOM_SCENE5_put_the_white_mug_on_the_left_plate_and_put_the_yellow_and_white_mug_on_the_right_plate_view_0_0_100_0_0_initstate_0_noise_3,LIVING_ROOM_SCENE5_put_the_white_mug_on_the_left_plate_and_put_the_yellow_and_white_mug_on_the_right_plate,Sensor Noise,,initstate_0,,,,noise_3,,view_0
LIVING_ROOM_SCENE5_put_the_white_mug_on_the_left_plate_and_put_the_yellow_and_white_mug_on_the_right_plate_view_0_0_100_0_0_initstate_0_noise_4,LIVING_ROOM_SCENE5_put_the_white_mug_on_the_left_plate_and_put_the_yellow_and_white_mug_on_the_right_plate,Sensor Noise,,initstate_0,,,,noise_4,,view_0
LIVING_ROOM_SCENE5_put_the_white_mug_on_the_left_plate_and_put_the_yellow_and_white_mug_on_the_right_plate_view_0_0_100_0_0_initstate_0_noise_5,LIVING_ROOM_SCENE5_put_the_white_mug_on_the_left_plate_and_put_the_yellow_and_white_mug_on_the_right_plate,Sensor Noise,,initstate_0,,,,noise_5,,view_0
LIVING_ROOM_SCENE5_put_the_white_mug_on_the_left_plate_and_put_the_yellow_and_white_mug_on_the_right_plate_view_0_0_100_0_0_initstate_0_noise_6,LIVING_ROOM_SCENE5_put_the_white_mug_on_the_left_plate_and_put_the_yellow_and_white_mug_on_the_right_plate,Sensor Noise,,initstate_0,,,,noise_6,,view_0
LIVING_ROOM_SCENE5_put_the_white_mug_on_the_left_plate_and_put_the_yellow_and_white_mug_on_the_right_plate_view_0_0_100_0_0_initstate_0_noise_8,LIVING_ROOM_SCENE5_put_the_white_mug_on_the_left_plate_and_put_the_yellow_and_white_mug_on_the_right_plate,Sensor Noise,,initstate_0,,,,noise_8,,view_0
LIVING_ROOM_SCENE5_put_the_white_mug_on_the_left_plate_and_put_the_yellow_and_white_mug_on_the_right_plate_view_0_0_100_0_0_initstate_0_noise_9,LIVING_ROOM_SCENE5_put_the_white_mug_on_the_left_plate_and_put_the_yellow_and_white_mug_on_the_right_plate,Sensor Noise,,initstate_0,,,,noise_9,,view_0
LIVING_ROOM_SCENE5_put_the_white_mug_on_the_left_plate_and_put_the_yellow_and_white_mug_on_the_right_plate_view_0_0_100_0_0_initstate_0_noise_10,LIVING_ROOM_SCENE5_put_the_white_mug_on_the_left_plate_and_put_the_yellow_and_white_mug_on_the_right_plate,Sensor Noise,,initstate_0,,,,noise_10,,view_0
LIVING_ROOM_SCENE5_put_the_white_mug_on_the_left_plate_and_put_the_yellow_and_white_mug_on_the_right_plate_view_0_0_100_0_0_initstate_0_noise_11,LIVING_ROOM_SCENE5_put_the_white_mug_on_the_left_plate_and_put_the_yellow_and_white_mug_on_the_right_plate,Sensor Noise,,initstate_0,,,,noise_11,,view_0
LIVING_ROOM_SCENE5_put_the_white_mug_on_the_left_plate_and_put_the_yellow_and_white_mug_on_the_right_plate_view_0_0_100_0_0_initstate_0_noise_12,LIVING_ROOM_SCENE5_put_the_white_mug_on_the_left_plate_and_put_the_yellow_and_white_mug_on_the_right_plate,Sensor Noise,,initstate_0,,,,noise_12,,view_0
LIVING_ROOM_SCENE5_put_the_white_mug_on_the_left_plate_and_put_the_yellow_and_white_mug_on_the_right_plate_view_0_0_100_0_0_initstate_0_noise_13,LIVING_ROOM_SCENE5_put_the_white_mug_on_the_left_plate_and_put_the_yellow_and_white_mug_on_the_right_plate,Sensor Noise,,initstate_0,,,,noise_13,,view_0
LIVING_ROOM_SCENE5_put_the_white_mug_on_the_left_plate_and_put_the_yellow_and_white_mug_on_the_right_plate_view_0_0_100_0_0_initstate_0_noise_14,LIVING_ROOM_SCENE5_put_the_white_mug_on_the_left_plate_and_put_the_yellow_and_white_mug_on_the_right_plate,Sensor Noise,,initstate_0,,,,noise_14,,view_0
LIVING_ROOM_SCENE5_put_the_white_mug_on_the_left_plate_and_put_the_yellow_and_white_mug_on_the_right_plate_view_0_0_100_0_0_initstate_0_noise_15,LIVING_ROOM_SCENE5_put_the_white_mug_on_the_left_plate_and_put_the_yellow_and_white_mug_on_the_right_plate,Sensor Noise,,initstate_0,,,,noise_15,,view_0
LIVING_ROOM_SCENE5_put_the_white_mug_on_the_left_plate_and_put_the_yellow_and_white_mug_on_the_right_plate_view_0_0_100_0_0_initstate_0_noise_17,LIVING_ROOM_SCENE5_put_the_white_mug_on_the_left_plate_and_put_the_yellow_and_white_mug_on_the_right_plate,Sensor Noise,,initstate_0,,,,noise_17,,view_0
LIVING_ROOM_SCENE5_put_the_white_mug_on_the_left_plate_and_put_the_yellow_and_white_mug_on_the_right_plate_view_0_0_100_0_0_initstate_0_noise_18,LIVING_ROOM_SCENE5_put_the_white_mug_on_the_left_plate_and_put_the_yellow_and_white_mug_on_the_right_plate,Sensor Noise,,initstate_0,,,,noise_18,,view_0
LIVING_ROOM_SCENE5_put_the_white_mug_on_the_left_plate_and_put_the_yellow_and_white_mug_on_the_right_plate_view_0_0_100_0_0_initstate_0_noise_19,LIVING_ROOM_SCENE5_put_the_white_mug_on_the_left_plate_and_put_the_yellow_and_white_mug_on_the_right_plate,Sensor Noise,,initstate_0,,,,noise_19,,view_0
LIVING_ROOM_SCENE5_put_the_white_mug_on_the_left_plate_and_put_the_yellow_and_white_mug_on_the_right_plate_view_0_0_100_0_0_initstate_0_noise_20,LIVING_ROOM_SCENE5_put_the_white_mug_on_the_left_plate_and_put_the_yellow_and_white_mug_on_the_right_plate,Sensor Noise,,initstate_0,,,,noise_20,,view_0
LIVING_ROOM_SCENE5_put_the_white_mug_on_the_left_plate_and_put_the_yellow_and_white_mug_on_the_right_plate_view_0_0_100_0_0_initstate_0_noise_21,LIVING_ROOM_SCENE5_put_the_white_mug_on_the_left_plate_and_put_the_yellow_and_white_mug_on_the_right_plate,Sensor Noise,,initstate_0,,,,noise_21,,view_0
LIVING_ROOM_SCENE5_put_the_white_mug_on_the_left_plate_and_put_the_yellow_and_white_mug_on_the_right_plate_view_0_0_100_0_0_initstate_0_noise_22,LIVING_ROOM_SCENE5_put_the_white_mug_on_the_left_plate_and_put_the_yellow_and_white_mug_on_the_right_plate,Sensor Noise,,initstate_0,,,,noise_22,,view_0
LIVING_ROOM_SCENE5_put_the_white_mug_on_the_left_plate_and_put_the_yellow_and_white_mug_on_the_right_plate_view_0_0_100_0_0_initstate_0_noise_23,LIVING_ROOM_SCENE5_put_the_white_mug_on_the_left_plate_and_put_the_yellow_and_white_mug_on_the_right_plate,Sensor Noise,,initstate_0,,,,noise_23,,view_0
LIVING_ROOM_SCENE5_put_the_white_mug_on_the_left_plate_and_put_the_yellow_and_white_mug_on_the_right_plate_view_0_0_100_0_0_initstate_0_noise_24,LIVING_ROOM_SCENE5_put_the_white_mug_on_the_left_plate_and_put_the_yellow_and_white_mug_on_the_right_plate,Sensor Noise,,initstate_0,,,,noise_24,,view_0
LIVING_ROOM_SCENE5_put_the_white_mug_on_the_left_plate_and_put_the_yellow_and_white_mug_on_the_right_plate_view_0_0_100_0_0_initstate_0_noise_25,LIVING_ROOM_SCENE5_put_the_white_mug_on_the_left_plate_and_put_the_yellow_and_white_mug_on_the_right_plate,Sensor Noise,,initstate_0,,,,noise_25,,view_0
LIVING_ROOM_SCENE5_put_the_white_mug_on_the_left_plate_and_put_the_yellow_and_white_mug_on_the_right_plate_view_0_0_100_0_0_initstate_0_noise_26,LIVING_ROOM_SCENE5_put_the_white_mug_on_the_left_plate_and_put_the_yellow_and_white_mug_on_the_right_plate,Sensor Noise,,initstate_0,,,,noise_26,,view_0
LIVING_ROOM_SCENE5_put_the_white_mug_on_the_left_plate_and_put_the_yellow_and_white_mug_on_the_right_plate_view_0_0_100_0_0_initstate_0_noise_27,LIVING_ROOM_SCENE5_put_the_white_mug_on_the_left_plate_and_put_the_yellow_and_white_mug_on_the_right_plate,Sensor Noise,,initstate_0,,,,noise_27,,view_0
LIVING_ROOM_SCENE5_put_the_white_mug_on_the_left_plate_and_put_the_yellow_and_white_mug_on_the_right_plate_view_0_0_100_0_0_initstate_0_noise_28,LIVING_ROOM_SCENE5_put_the_white_mug_on_the_left_plate_and_put_the_yellow_and_white_mug_on_the_right_plate,Sensor Noise,,initstate_0,,,,noise_28,,view_0
LIVING_ROOM_SCENE5_put_the_white_mug_on_the_left_plate_and_put_the_yellow_and_white_mug_on_the_right_plate_view_0_0_100_0_0_initstate_0_noise_29,LIVING_ROOM_SCENE5_put_the_white_mug_on_the_left_plate_and_put_the_yellow_and_white_mug_on_the_right_plate,Sensor Noise,,initstate_0,,,,noise_29,,view_0
LIVING_ROOM_SCENE5_put_the_white_mug_on_the_left_plate_and_put_the_yellow_and_white_mug_on_the_right_plate_view_0_0_100_0_0_initstate_0_noise_30,LIVING_ROOM_SCENE5_put_the_white_mug_on_the_left_plate_and_put_the_yellow_and_white_mug_on_the_right_plate,Sensor Noise,,initstate_0,,,,noise_30,,view_0
LIVING_ROOM_SCENE5_put_the_white_mug_on_the_left_plate_and_put_the_yellow_and_white_mug_on_the_right_plate_view_0_0_100_0_0_initstate_0_noise_31,LIVING_ROOM_SCENE5_put_the_white_mug_on_the_left_plate_and_put_the_yellow_and_white_mug_on_the_right_plate,Sensor Noise,,initstate_0,,,,noise_31,,view_0
LIVING_ROOM_SCENE5_put_the_white_mug_on_the_left_plate_and_put_the_yellow_and_white_mug_on_the_right_plate_view_0_0_100_0_0_initstate_0_noise_32,LIVING_ROOM_SCENE5_put_the_white_mug_on_the_left_plate_and_put_the_yellow_and_white_mug_on_the_right_plate,Sensor Noise,,initstate_0,,,,noise_32,,view_0
LIVING_ROOM_SCENE5_put_the_white_mug_on_the_left_plate_and_put_the_yellow_and_white_mug_on_the_right_plate_view_0_0_100_0_0_initstate_0_noise_33,LIVING_ROOM_SCENE5_put_the_white_mug_on_the_left_plate_and_put_the_yellow_and_white_mug_on_the_right_plate,Sensor Noise,,initstate_0,,,,noise_33,,view_0
LIVING_ROOM_SCENE5_put_the_white_mug_on_the_left_plate_and_put_the_yellow_and_white_mug_on_the_right_plate_view_0_0_100_0_0_initstate_0_noise_34,LIVING_ROOM_SCENE5_put_the_white_mug_on_the_left_plate_and_put_the_yellow_and_white_mug_on_the_right_plate,Sensor Noise,,initstate_0,,,,noise_34,,view_0
LIVING_ROOM_SCENE5_put_the_white_mug_on_the_left_plate_and_put_the_yellow_and_white_mug_on_the_right_plate_view_0_0_100_0_0_initstate_0_noise_35,LIVING_ROOM_SCENE5_put_the_white_mug_on_the_left_plate_and_put_the_yellow_and_white_mug_on_the_right_plate,Sensor Noise,,initstate_0,,,,noise_35,,view_0
LIVING_ROOM_SCENE5_put_the_white_mug_on_the_left_plate_and_put_the_yellow_and_white_mug_on_the_right_plate_view_0_0_100_0_0_initstate_0_noise_36,LIVING_ROOM_SCENE5_put_the_white_mug_on_the_left_plate_and_put_the_yellow_and_white_mug_on_the_right_plate,Sensor Noise,,initstate_0,,,,noise_36,,view_0
LIVING_ROOM_SCENE5_put_the_white_mug_on_the_left_plate_and_put_the_yellow_and_white_mug_on_the_right_plate_view_0_0_100_0_0_initstate_0_noise_37,LIVING_ROOM_SCENE5_put_the_white_mug_on_the_left_plate_and_put_the_yellow_and_white_mug_on_the_right_plate,Sensor Noise,,initstate_0,,,,noise_37,,view_0
LIVING_ROOM_SCENE5_put_the_white_mug_on_the_left_plate_and_put_the_yellow_and_white_mug_on_the_right_plate_view_0_0_100_0_0_initstate_0_noise_38,LIVING_ROOM_SCENE5_put_the_white_mug_on_the_left_plate_and_put_the_yellow_and_white_mug_on_the_right_plate,Sensor Noise,,initstate_0,,,,noise_38,,view_0
LIVING_ROOM_SCENE5_put_the_white_mug_on_the_left_plate_and_put_the_yellow_and_white_mug_on_the_right_plate_view_0_0_100_0_0_initstate_0_noise_39,LIVING_ROOM_SCENE5_put_the_white_mug_on_the_left_plate_and_put_the_yellow_and_white_mug_on_the_right_plate,Sensor Noise,,initstate_0,,,,noise_39,,view_0
LIVING_ROOM_SCENE5_put_the_white_mug_on_the_left_plate_and_put_the_yellow_and_white_mug_on_the_right_plate_view_0_0_100_0_0_initstate_0_noise_40,LIVING_ROOM_SCENE5_put_the_white_mug_on_the_left_plate_and_put_the_yellow_and_white_mug_on_the_right_plate,Sensor Noise,,initstate_0,,,,noise_40,,view_0
LIVING_ROOM_SCENE5_put_the_white_mug_on_the_left_plate_and_put_the_yellow_and_white_mug_on_the_right_plate_view_0_0_100_0_0_initstate_0_noise_41,LIVING_ROOM_SCENE5_put_the_white_mug_on_the_left_plate_and_put_the_yellow_and_white_mug_on_the_right_plate,Sensor Noise,,initstate_0,,,,noise_41,,view_0
LIVING_ROOM_SCENE5_put_the_white_mug_on_the_left_plate_and_put_the_yellow_and_white_mug_on_the_right_plate_view_0_0_100_0_0_initstate_0_noise_42,LIVING_ROOM_SCENE5_put_the_white_mug_on_the_left_plate_and_put_the_yellow_and_white_mug_on_the_right_plate,Sensor Noise,,initstate_0,,,,noise_42,,view_0
LIVING_ROOM_SCENE5_put_the_white_mug_on_the_left_plate_and_put_the_yellow_and_white_mug_on_the_right_plate_view_0_0_100_0_0_initstate_0_noise_43,LIVING_ROOM_SCENE5_put_the_white_mug_on_the_left_plate_and_put_the_yellow_and_white_mug_on_the_right_plate,Sensor Noise,,initstate_0,,,,noise_43,,view_0
LIVING_ROOM_SCENE5_put_the_white_mug_on_the_left_plate_and_put_the_yellow_and_white_mug_on_the_right_plate_view_0_0_100_0_0_initstate_0_noise_44,LIVING_ROOM_SCENE5_put_the_white_mug_on_the_left_plate_and_put_the_yellow_and_white_mug_on_the_right_plate,Sensor Noise,,initstate_0,,,,noise_44,,view_0
LIVING_ROOM_SCENE5_put_the_white_mug_on_the_left_plate_and_put_the_yellow_and_white_mug_on_the_right_plate_view_0_0_100_0_0_initstate_0_noise_45,LIVING_ROOM_SCENE5_put_the_white_mug_on_the_left_plate_and_put_the_yellow_and_white_mug_on_the_right_plate,Sensor Noise,,initstate_0,,,,noise_45,,view_0
LIVING_ROOM_SCENE5_put_the_white_mug_on_the_left_plate_and_put_the_yellow_and_white_mug_on_the_right_plate_view_0_0_100_0_0_initstate_0_noise_46,LIVING_ROOM_SCENE5_put_the_white_mug_on_the_left_plate_and_put_the_yellow_and_white_mug_on_the_right_plate,Sensor Noise,,initstate_0,,,,noise_46,,view_0
LIVING_ROOM_SCENE5_put_the_white_mug_on_the_left_plate_and_put_the_yellow_and_white_mug_on_the_right_plate_view_0_0_100_0_0_initstate_0_noise_47,LIVING_ROOM_SCENE5_put_the_white_mug_on_the_left_plate_and_put_the_yellow_and_white_mug_on_the_right_plate,Sensor Noise,,initstate_0,,,,noise_47,,view_0
LIVING_ROOM_SCENE5_put_the_white_mug_on_the_left_plate_and_put_the_yellow_and_white_mug_on_the_right_plate_view_0_0_100_0_0_initstate_0_noise_48,LIVING_ROOM_SCENE5_put_the_white_mug_on_the_left_plate_and_put_the_yellow_and_white_mug_on_the_right_plate,Sensor Noise,,initstate_0,,,,noise_48,,view_0
LIVING_ROOM_SCENE5_put_the_white_mug_on_the_left_plate_and_put_the_yellow_and_white_mug_on_the_right_plate_view_0_0_100_0_0_initstate_0_noise_49,LIVING_ROOM_SCENE5_put_the_white_mug_on_the_left_plate_and_put_the_yellow_and_white_mug_on_the_right_plate,Sensor Noise,,initstate_0,,,,noise_49,,view_0
LIVING_ROOM_SCENE5_put_the_white_mug_on_the_left_plate_and_put_the_yellow_and_white_mug_on_the_right_plate_view_0_0_100_0_0_initstate_0_noise_50,LIVING_ROOM_SCENE5_put_the_white_mug_on_the_left_plate_and_put_the_yellow_and_white_mug_on_the_right_plate,Sensor Noise,,initstate_0,,,,noise_50,,view_0
LIVING_ROOM_SCENE5_put_the_white_mug_on_the_left_plate_and_put_the_yellow_and_white_mug_on_the_right_plate_add_1,LIVING_ROOM_SCENE5_put_the_white_mug_on_the_left_plate_and_put_the_yellow_and_white_mug_on_the_right_plate,Objects Layout,add_1,,,,,,,
LIVING_ROOM_SCENE5_put_the_white_mug_on_the_left_plate_and_put_the_yellow_and_white_mug_on_the_right_plate_add_10,LIVING_ROOM_SCENE5_put_the_white_mug_on_the_left_plate_and_put_the_yellow_and_white_mug_on_the_right_plate,Objects Layout,add_10,,,,,,,
LIVING_ROOM_SCENE5_put_the_white_mug_on_the_left_plate_and_put_the_yellow_and_white_mug_on_the_right_plate_add_11,LIVING_ROOM_SCENE5_put_the_white_mug_on_the_left_plate_and_put_the_yellow_and_white_mug_on_the_right_plate,Objects Layout,add_11,,,,,,,
LIVING_ROOM_SCENE5_put_the_white_mug_on_the_left_plate_and_put_the_yellow_and_white_mug_on_the_right_plate_add_13,LIVING_ROOM_SCENE5_put_the_white_mug_on_the_left_plate_and_put_the_yellow_and_white_mug_on_the_right_plate,Objects Layout,add_13,,,,,,,
LIVING_ROOM_SCENE5_put_the_white_mug_on_the_left_plate_and_put_the_yellow_and_white_mug_on_the_right_plate_add_15,LIVING_ROOM_SCENE5_put_the_white_mug_on_the_left_plate_and_put_the_yellow_and_white_mug_on_the_right_plate,Objects Layout,add_15,,,,,,,
LIVING_ROOM_SCENE5_put_the_white_mug_on_the_left_plate_and_put_the_yellow_and_white_mug_on_the_right_plate_add_17,LIVING_ROOM_SCENE5_put_the_white_mug_on_the_left_plate_and_put_the_yellow_and_white_mug_on_the_right_plate,Objects Layout,add_17,,,,,,,
LIVING_ROOM_SCENE5_put_the_white_mug_on_the_left_plate_and_put_the_yellow_and_white_mug_on_the_right_plate_add_18,LIVING_ROOM_SCENE5_put_the_white_mug_on_the_left_plate_and_put_the_yellow_and_white_mug_on_the_right_plate,Objects Layout,add_18,,,,,,,
LIVING_ROOM_SCENE5_put_the_white_mug_on_the_left_plate_and_put_the_yellow_and_white_mug_on_the_right_plate_add_19,LIVING_ROOM_SCENE5_put_the_white_mug_on_the_left_plate_and_put_the_yellow_and_white_mug_on_the_right_plate,Objects Layout,add_19,,,,,,,
LIVING_ROOM_SCENE5_put_the_white_mug_on_the_left_plate_and_put_the_yellow_and_white_mug_on_the_right_plate_add_20,LIVING_ROOM_SCENE5_put_the_white_mug_on_the_left_plate_and_put_the_yellow_and_white_mug_on_the_right_plate,Objects Layout,add_20,,,,,,,
LIVING_ROOM_SCENE5_put_the_white_mug_on_the_left_plate_and_put_the_yellow_and_white_mug_on_the_right_plate_add_21,LIVING_ROOM_SCENE5_put_the_white_mug_on_the_left_plate_and_put_the_yellow_and_white_mug_on_the_right_plate,Objects Layout,add_21,,,,,,,
LIVING_ROOM_SCENE5_put_the_white_mug_on_the_left_plate_and_put_the_yellow_and_white_mug_on_the_right_plate_add_22,LIVING_ROOM_SCENE5_put_the_white_mug_on_the_left_plate_and_put_the_yellow_and_white_mug_on_the_right_plate,Objects Layout,add_22,,,,,,,
LIVING_ROOM_SCENE5_put_the_white_mug_on_the_left_plate_and_put_the_yellow_and_white_mug_on_the_right_plate_add_23,LIVING_ROOM_SCENE5_put_the_white_mug_on_the_left_plate_and_put_the_yellow_and_white_mug_on_the_right_plate,Objects Layout,add_23,,,,,,,
LIVING_ROOM_SCENE5_put_the_white_mug_on_the_left_plate_and_put_the_yellow_and_white_mug_on_the_right_plate_add_24,LIVING_ROOM_SCENE5_put_the_white_mug_on_the_left_plate_and_put_the_yellow_and_white_mug_on_the_right_plate,Objects Layout,add_24,,,,,,,
LIVING_ROOM_SCENE5_put_the_white_mug_on_the_left_plate_and_put_the_yellow_and_white_mug_on_the_right_plate_add_25,LIVING_ROOM_SCENE5_put_the_white_mug_on_the_left_plate_and_put_the_yellow_and_white_mug_on_the_right_plate,Objects Layout,add_25,,,,,,,
LIVING_ROOM_SCENE5_put_the_white_mug_on_the_left_plate_and_put_the_yellow_and_white_mug_on_the_right_plate_add_26,LIVING_ROOM_SCENE5_put_the_white_mug_on_the_left_plate_and_put_the_yellow_and_white_mug_on_the_right_plate,Objects Layout,add_26,,,,,,,
LIVING_ROOM_SCENE5_put_the_white_mug_on_the_left_plate_and_put_the_yellow_and_white_mug_on_the_right_plate_add_27,LIVING_ROOM_SCENE5_put_the_white_mug_on_the_left_plate_and_put_the_yellow_and_white_mug_on_the_right_plate,Objects Layout,add_27,,,,,,,
LIVING_ROOM_SCENE5_put_the_white_mug_on_the_left_plate_and_put_the_yellow_and_white_mug_on_the_right_plate_add_28,LIVING_ROOM_SCENE5_put_the_white_mug_on_the_left_plate_and_put_the_yellow_and_white_mug_on_the_right_plate,Objects Layout,add_28,,,,,,,
LIVING_ROOM_SCENE5_put_the_white_mug_on_the_left_plate_and_put_the_yellow_and_white_mug_on_the_right_plate_add_29,LIVING_ROOM_SCENE5_put_the_white_mug_on_the_left_plate_and_put_the_yellow_and_white_mug_on_the_right_plate,Objects Layout,add_29,,,,,,,
LIVING_ROOM_SCENE5_put_the_white_mug_on_the_left_plate_and_put_the_yellow_and_white_mug_on_the_right_plate_add_3,LIVING_ROOM_SCENE5_put_the_white_mug_on_the_left_plate_and_put_the_yellow_and_white_mug_on_the_right_plate,Objects Layout,add_3,,,,,,,
LIVING_ROOM_SCENE5_put_the_white_mug_on_the_left_plate_and_put_the_yellow_and_white_mug_on_the_right_plate_add_30,LIVING_ROOM_SCENE5_put_the_white_mug_on_the_left_plate_and_put_the_yellow_and_white_mug_on_the_right_plate,Objects Layout,add_30,,,,,,,
LIVING_ROOM_SCENE5_put_the_white_mug_on_the_left_plate_and_put_the_yellow_and_white_mug_on_the_right_plate_add_4,LIVING_ROOM_SCENE5_put_the_white_mug_on_the_left_plate_and_put_the_yellow_and_white_mug_on_the_right_plate,Objects Layout,add_4,,,,,,,
LIVING_ROOM_SCENE5_put_the_white_mug_on_the_left_plate_and_put_the_yellow_and_white_mug_on_the_right_plate_add_7,LIVING_ROOM_SCENE5_put_the_white_mug_on_the_left_plate_and_put_the_yellow_and_white_mug_on_the_right_plate,Objects Layout,add_7,,,,,,,
LIVING_ROOM_SCENE5_put_the_white_mug_on_the_left_plate_and_put_the_yellow_and_white_mug_on_the_right_plate_level2_sample2,LIVING_ROOM_SCENE5_put_the_white_mug_on_the_left_plate_and_put_the_yellow_and_white_mug_on_the_right_plate,Objects Layout,,,,level2_sample2,,,,
LIVING_ROOM_SCENE5_put_the_white_mug_on_the_left_plate_and_put_the_yellow_and_white_mug_on_the_right_plate_level3_sample1,LIVING_ROOM_SCENE5_put_the_white_mug_on_the_left_plate_and_put_the_yellow_and_white_mug_on_the_right_plate,Objects Layout,,,,level3_sample1,,,,
LIVING_ROOM_SCENE5_put_the_white_mug_on_the_left_plate_and_put_the_yellow_and_white_mug_on_the_right_plate_level3_sample2,LIVING_ROOM_SCENE5_put_the_white_mug_on_the_left_plate_and_put_the_yellow_and_white_mug_on_the_right_plate,Objects Layout,,,,level3_sample2,,,,
LIVING_ROOM_SCENE5_put_the_white_mug_on_the_left_plate_and_put_the_yellow_and_white_mug_on_the_right_plate_level3_sample3,LIVING_ROOM_SCENE5_put_the_white_mug_on_the_left_plate_and_put_the_yellow_and_white_mug_on_the_right_plate,Objects Layout,,,,level3_sample3,,,,
LIVING_ROOM_SCENE5_put_the_white_mug_on_the_left_plate_and_put_the_yellow_and_white_mug_on_the_right_plate_level3_sample4,LIVING_ROOM_SCENE5_put_the_white_mug_on_the_left_plate_and_put_the_yellow_and_white_mug_on_the_right_plate,Objects Layout,,,,level3_sample4,,,,
LIVING_ROOM_SCENE5_put_the_white_mug_on_the_left_plate_and_put_the_yellow_and_white_mug_on_the_right_plate_level4_sample1,LIVING_ROOM_SCENE5_put_the_white_mug_on_the_left_plate_and_put_the_yellow_and_white_mug_on_the_right_plate,Objects Layout,,,,level4_sample1,,,,
LIVING_ROOM_SCENE5_put_the_white_mug_on_the_left_plate_and_put_the_yellow_and_white_mug_on_the_right_plate_level4_sample2,LIVING_ROOM_SCENE5_put_the_white_mug_on_the_left_plate_and_put_the_yellow_and_white_mug_on_the_right_plate,Objects Layout,,,,level4_sample2,,,,
LIVING_ROOM_SCENE5_put_the_white_mug_on_the_left_plate_and_put_the_yellow_and_white_mug_on_the_right_plate_level4_sample3,LIVING_ROOM_SCENE5_put_the_white_mug_on_the_left_plate_and_put_the_yellow_and_white_mug_on_the_right_plate,Objects Layout,,,,level4_sample3,,,,
LIVING_ROOM_SCENE5_put_the_white_mug_on_the_left_plate_and_put_the_yellow_and_white_mug_on_the_right_plate_level4_sample4,LIVING_ROOM_SCENE5_put_the_white_mug_on_the_left_plate_and_put_the_yellow_and_white_mug_on_the_right_plate,Objects Layout,,,,level4_sample4,,,,
LIVING_ROOM_SCENE5_put_the_white_mug_on_the_left_plate_and_put_the_yellow_and_white_mug_on_the_right_plate_level5_sample1,LIVING_ROOM_SCENE5_put_the_white_mug_on_the_left_plate_and_put_the_yellow_and_white_mug_on_the_right_plate,Objects Layout,,,,level5_sample1,,,,
LIVING_ROOM_SCENE5_put_the_white_mug_on_the_left_plate_and_put_the_yellow_and_white_mug_on_the_right_plate_level5_sample2,LIVING_ROOM_SCENE5_put_the_white_mug_on_the_left_plate_and_put_the_yellow_and_white_mug_on_the_right_plate,Objects Layout,,,,level5_sample2,,,,
LIVING_ROOM_SCENE5_put_the_white_mug_on_the_left_plate_and_put_the_yellow_and_white_mug_on_the_right_plate_level5_sample3,LIVING_ROOM_SCENE5_put_the_white_mug_on_the_left_plate_and_put_the_yellow_and_white_mug_on_the_right_plate,Objects Layout,,,,level5_sample3,,,,
LIVING_ROOM_SCENE5_put_the_white_mug_on_the_left_plate_and_put_the_yellow_and_white_mug_on_the_right_plate_level5_sample4,LIVING_ROOM_SCENE5_put_the_white_mug_on_the_left_plate_and_put_the_yellow_and_white_mug_on_the_right_plate,Objects Layout,,,,level5_sample4,,,,
LIVING_ROOM_SCENE5_put_the_white_mug_on_the_left_plate_and_put_the_yellow_and_white_mug_on_the_right_plate_light_10,LIVING_ROOM_SCENE5_put_the_white_mug_on_the_left_plate_and_put_the_yellow_and_white_mug_on_the_right_plate,Light Conditions,,,,,light_10,,,
LIVING_ROOM_SCENE5_put_the_white_mug_on_the_left_plate_and_put_the_yellow_and_white_mug_on_the_right_plate_light_11,LIVING_ROOM_SCENE5_put_the_white_mug_on_the_left_plate_and_put_the_yellow_and_white_mug_on_the_right_plate,Light Conditions,,,,,light_11,,,
LIVING_ROOM_SCENE5_put_the_white_mug_on_the_left_plate_and_put_the_yellow_and_white_mug_on_the_right_plate_light_12,LIVING_ROOM_SCENE5_put_the_white_mug_on_the_left_plate_and_put_the_yellow_and_white_mug_on_the_right_plate,Light Conditions,,,,,light_12,,,
LIVING_ROOM_SCENE5_put_the_white_mug_on_the_left_plate_and_put_the_yellow_and_white_mug_on_the_right_plate_light_13,LIVING_ROOM_SCENE5_put_the_white_mug_on_the_left_plate_and_put_the_yellow_and_white_mug_on_the_right_plate,Light Conditions,,,,,light_13,,,
LIVING_ROOM_SCENE5_put_the_white_mug_on_the_left_plate_and_put_the_yellow_and_white_mug_on_the_right_plate_light_15,LIVING_ROOM_SCENE5_put_the_white_mug_on_the_left_plate_and_put_the_yellow_and_white_mug_on_the_right_plate,Light Conditions,,,,,light_15,,,
LIVING_ROOM_SCENE5_put_the_white_mug_on_the_left_plate_and_put_the_yellow_and_white_mug_on_the_right_plate_light_16,LIVING_ROOM_SCENE5_put_the_white_mug_on_the_left_plate_and_put_the_yellow_and_white_mug_on_the_right_plate,Light Conditions,,,,,light_16,,,
LIVING_ROOM_SCENE5_put_the_white_mug_on_the_left_plate_and_put_the_yellow_and_white_mug_on_the_right_plate_light_17,LIVING_ROOM_SCENE5_put_the_white_mug_on_the_left_plate_and_put_the_yellow_and_white_mug_on_the_right_plate,Light Conditions,,,,,light_17,,,
LIVING_ROOM_SCENE5_put_the_white_mug_on_the_left_plate_and_put_the_yellow_and_white_mug_on_the_right_plate_light_18,LIVING_ROOM_SCENE5_put_the_white_mug_on_the_left_plate_and_put_the_yellow_and_white_mug_on_the_right_plate,Light Conditions,,,,,light_18,,,
LIVING_ROOM_SCENE5_put_the_white_mug_on_the_left_plate_and_put_the_yellow_and_white_mug_on_the_right_plate_light_19,LIVING_ROOM_SCENE5_put_the_white_mug_on_the_left_plate_and_put_the_yellow_and_white_mug_on_the_right_plate,Light Conditions,,,,,light_19,,,
LIVING_ROOM_SCENE5_put_the_white_mug_on_the_left_plate_and_put_the_yellow_and_white_mug_on_the_right_plate_light_2,LIVING_ROOM_SCENE5_put_the_white_mug_on_the_left_plate_and_put_the_yellow_and_white_mug_on_the_right_plate,Light Conditions,,,,,light_2,,,
LIVING_ROOM_SCENE5_put_the_white_mug_on_the_left_plate_and_put_the_yellow_and_white_mug_on_the_right_plate_light_20,LIVING_ROOM_SCENE5_put_the_white_mug_on_the_left_plate_and_put_the_yellow_and_white_mug_on_the_right_plate,Light Conditions,,,,,light_20,,,
LIVING_ROOM_SCENE5_put_the_white_mug_on_the_left_plate_and_put_the_yellow_and_white_mug_on_the_right_plate_light_21,LIVING_ROOM_SCENE5_put_the_white_mug_on_the_left_plate_and_put_the_yellow_and_white_mug_on_the_right_plate,Light Conditions,,,,,light_21,,,
LIVING_ROOM_SCENE5_put_the_white_mug_on_the_left_plate_and_put_the_yellow_and_white_mug_on_the_right_plate_light_22,LIVING_ROOM_SCENE5_put_the_white_mug_on_the_left_plate_and_put_the_yellow_and_white_mug_on_the_right_plate,Light Conditions,,,,,light_22,,,
LIVING_ROOM_SCENE5_put_the_white_mug_on_the_left_plate_and_put_the_yellow_and_white_mug_on_the_right_plate_light_24,LIVING_ROOM_SCENE5_put_the_white_mug_on_the_left_plate_and_put_the_yellow_and_white_mug_on_the_right_plate,Light Conditions,,,,,light_24,,,
LIVING_ROOM_SCENE5_put_the_white_mug_on_the_left_plate_and_put_the_yellow_and_white_mug_on_the_right_plate_light_25,LIVING_ROOM_SCENE5_put_the_white_mug_on_the_left_plate_and_put_the_yellow_and_white_mug_on_the_right_plate,Light Conditions,,,,,light_25,,,
LIVING_ROOM_SCENE5_put_the_white_mug_on_the_left_plate_and_put_the_yellow_and_white_mug_on_the_right_plate_light_26,LIVING_ROOM_SCENE5_put_the_white_mug_on_the_left_plate_and_put_the_yellow_and_white_mug_on_the_right_plate,Light Conditions,,,,,light_26,,,
LIVING_ROOM_SCENE5_put_the_white_mug_on_the_left_plate_and_put_the_yellow_and_white_mug_on_the_right_plate_light_27,LIVING_ROOM_SCENE5_put_the_white_mug_on_the_left_plate_and_put_the_yellow_and_white_mug_on_the_right_plate,Light Conditions,,,,,light_27,,,
LIVING_ROOM_SCENE5_put_the_white_mug_on_the_left_plate_and_put_the_yellow_and_white_mug_on_the_right_plate_light_28,LIVING_ROOM_SCENE5_put_the_white_mug_on_the_left_plate_and_put_the_yellow_and_white_mug_on_the_right_plate,Light Conditions,,,,,light_28,,,
LIVING_ROOM_SCENE5_put_the_white_mug_on_the_left_plate_and_put_the_yellow_and_white_mug_on_the_right_plate_light_29,LIVING_ROOM_SCENE5_put_the_white_mug_on_the_left_plate_and_put_the_yellow_and_white_mug_on_the_right_plate,Light Conditions,,,,,light_29,,,
LIVING_ROOM_SCENE5_put_the_white_mug_on_the_left_plate_and_put_the_yellow_and_white_mug_on_the_right_plate_light_31,LIVING_ROOM_SCENE5_put_the_white_mug_on_the_left_plate_and_put_the_yellow_and_white_mug_on_the_right_plate,Light Conditions,,,,,light_31,,,
LIVING_ROOM_SCENE5_put_the_white_mug_on_the_left_plate_and_put_the_yellow_and_white_mug_on_the_right_plate_light_33,LIVING_ROOM_SCENE5_put_the_white_mug_on_the_left_plate_and_put_the_yellow_and_white_mug_on_the_right_plate,Light Conditions,,,,,light_33,,,
LIVING_ROOM_SCENE5_put_the_white_mug_on_the_left_plate_and_put_the_yellow_and_white_mug_on_the_right_plate_light_35,LIVING_ROOM_SCENE5_put_the_white_mug_on_the_left_plate_and_put_the_yellow_and_white_mug_on_the_right_plate,Light Conditions,,,,,light_35,,,
LIVING_ROOM_SCENE5_put_the_white_mug_on_the_left_plate_and_put_the_yellow_and_white_mug_on_the_right_plate_light_36,LIVING_ROOM_SCENE5_put_the_white_mug_on_the_left_plate_and_put_the_yellow_and_white_mug_on_the_right_plate,Light Conditions,,,,,light_36,,,
LIVING_ROOM_SCENE5_put_the_white_mug_on_the_left_plate_and_put_the_yellow_and_white_mug_on_the_right_plate_light_39,LIVING_ROOM_SCENE5_put_the_white_mug_on_the_left_plate_and_put_the_yellow_and_white_mug_on_the_right_plate,Light Conditions,,,,,light_39,,,
LIVING_ROOM_SCENE5_put_the_white_mug_on_the_left_plate_and_put_the_yellow_and_white_mug_on_the_right_plate_light_41,LIVING_ROOM_SCENE5_put_the_white_mug_on_the_left_plate_and_put_the_yellow_and_white_mug_on_the_right_plate,Light Conditions,,,,,light_41,,,
LIVING_ROOM_SCENE5_put_the_white_mug_on_the_left_plate_and_put_the_yellow_and_white_mug_on_the_right_plate_light_43,LIVING_ROOM_SCENE5_put_the_white_mug_on_the_left_plate_and_put_the_yellow_and_white_mug_on_the_right_plate,Light Conditions,,,,,light_43,,,
LIVING_ROOM_SCENE5_put_the_white_mug_on_the_left_plate_and_put_the_yellow_and_white_mug_on_the_right_plate_light_44,LIVING_ROOM_SCENE5_put_the_white_mug_on_the_left_plate_and_put_the_yellow_and_white_mug_on_the_right_plate,Light Conditions,,,,,light_44,,,
LIVING_ROOM_SCENE5_put_the_white_mug_on_the_left_plate_and_put_the_yellow_and_white_mug_on_the_right_plate_light_46,LIVING_ROOM_SCENE5_put_the_white_mug_on_the_left_plate_and_put_the_yellow_and_white_mug_on_the_right_plate,Light Conditions,,,,,light_46,,,
LIVING_ROOM_SCENE5_put_the_white_mug_on_the_left_plate_and_put_the_yellow_and_white_mug_on_the_right_plate_light_49,LIVING_ROOM_SCENE5_put_the_white_mug_on_the_left_plate_and_put_the_yellow_and_white_mug_on_the_right_plate,Light Conditions,,,,,light_49,,,
LIVING_ROOM_SCENE5_put_the_white_mug_on_the_left_plate_and_put_the_yellow_and_white_mug_on_the_right_plate_light_5,LIVING_ROOM_SCENE5_put_the_white_mug_on_the_left_plate_and_put_the_yellow_and_white_mug_on_the_right_plate,Light Conditions,,,,,light_5,,,
LIVING_ROOM_SCENE5_put_the_white_mug_on_the_left_plate_and_put_the_yellow_and_white_mug_on_the_right_plate_light_50,LIVING_ROOM_SCENE5_put_the_white_mug_on_the_left_plate_and_put_the_yellow_and_white_mug_on_the_right_plate,Light Conditions,,,,,light_50,,,
LIVING_ROOM_SCENE5_put_the_white_mug_on_the_left_plate_and_put_the_yellow_and_white_mug_on_the_right_plate_light_6,LIVING_ROOM_SCENE5_put_the_white_mug_on_the_left_plate_and_put_the_yellow_and_white_mug_on_the_right_plate,Light Conditions,,,,,light_6,,,
LIVING_ROOM_SCENE5_put_the_white_mug_on_the_left_plate_and_put_the_yellow_and_white_mug_on_the_right_plate_light_7,LIVING_ROOM_SCENE5_put_the_white_mug_on_the_left_plate_and_put_the_yellow_and_white_mug_on_the_right_plate,Light Conditions,,,,,light_7,,,
LIVING_ROOM_SCENE6_put_the_white_mug_on_the_plate_and_put_the_chocolate_pudding_to_the_right_of_the_plate_table_1,LIVING_ROOM_SCENE6_put_the_white_mug_on_the_plate_and_put_the_chocolate_pudding_to_the_right_of_the_plate,Background Textures,,,,,,,table_1,
LIVING_ROOM_SCENE6_put_the_white_mug_on_the_plate_and_put_the_chocolate_pudding_to_the_right_of_the_plate_table_10,LIVING_ROOM_SCENE6_put_the_white_mug_on_the_plate_and_put_the_chocolate_pudding_to_the_right_of_the_plate,Background Textures,,,,,,,table_10,
LIVING_ROOM_SCENE6_put_the_white_mug_on_the_plate_and_put_the_chocolate_pudding_to_the_right_of_the_plate_table_12,LIVING_ROOM_SCENE6_put_the_white_mug_on_the_plate_and_put_the_chocolate_pudding_to_the_right_of_the_plate,Background Textures,,,,,,,table_12,
LIVING_ROOM_SCENE6_put_the_white_mug_on_the_plate_and_put_the_chocolate_pudding_to_the_right_of_the_plate_table_14,LIVING_ROOM_SCENE6_put_the_white_mug_on_the_plate_and_put_the_chocolate_pudding_to_the_right_of_the_plate,Background Textures,,,,,,,table_14,
LIVING_ROOM_SCENE6_put_the_white_mug_on_the_plate_and_put_the_chocolate_pudding_to_the_right_of_the_plate_table_15,LIVING_ROOM_SCENE6_put_the_white_mug_on_the_plate_and_put_the_chocolate_pudding_to_the_right_of_the_plate,Background Textures,,,,,,,table_15,
LIVING_ROOM_SCENE6_put_the_white_mug_on_the_plate_and_put_the_chocolate_pudding_to_the_right_of_the_plate_table_18,LIVING_ROOM_SCENE6_put_the_white_mug_on_the_plate_and_put_the_chocolate_pudding_to_the_right_of_the_plate,Background Textures,,,,,,,table_18,
LIVING_ROOM_SCENE6_put_the_white_mug_on_the_plate_and_put_the_chocolate_pudding_to_the_right_of_the_plate_table_19,LIVING_ROOM_SCENE6_put_the_white_mug_on_the_plate_and_put_the_chocolate_pudding_to_the_right_of_the_plate,Background Textures,,,,,,,table_19,
LIVING_ROOM_SCENE6_put_the_white_mug_on_the_plate_and_put_the_chocolate_pudding_to_the_right_of_the_plate_table_2,LIVING_ROOM_SCENE6_put_the_white_mug_on_the_plate_and_put_the_chocolate_pudding_to_the_right_of_the_plate,Background Textures,,,,,,,table_2,
LIVING_ROOM_SCENE6_put_the_white_mug_on_the_plate_and_put_the_chocolate_pudding_to_the_right_of_the_plate_table_20,LIVING_ROOM_SCENE6_put_the_white_mug_on_the_plate_and_put_the_chocolate_pudding_to_the_right_of_the_plate,Background Textures,,,,,,,table_20,
LIVING_ROOM_SCENE6_put_the_white_mug_on_the_plate_and_put_the_chocolate_pudding_to_the_right_of_the_plate_table_21,LIVING_ROOM_SCENE6_put_the_white_mug_on_the_plate_and_put_the_chocolate_pudding_to_the_right_of_the_plate,Background Textures,,,,,,,table_21,
LIVING_ROOM_SCENE6_put_the_white_mug_on_the_plate_and_put_the_chocolate_pudding_to_the_right_of_the_plate_table_22,LIVING_ROOM_SCENE6_put_the_white_mug_on_the_plate_and_put_the_chocolate_pudding_to_the_right_of_the_plate,Background Textures,,,,,,,table_22,
LIVING_ROOM_SCENE6_put_the_white_mug_on_the_plate_and_put_the_chocolate_pudding_to_the_right_of_the_plate_table_23,LIVING_ROOM_SCENE6_put_the_white_mug_on_the_plate_and_put_the_chocolate_pudding_to_the_right_of_the_plate,Background Textures,,,,,,,table_23,
LIVING_ROOM_SCENE6_put_the_white_mug_on_the_plate_and_put_the_chocolate_pudding_to_the_right_of_the_plate_table_24,LIVING_ROOM_SCENE6_put_the_white_mug_on_the_plate_and_put_the_chocolate_pudding_to_the_right_of_the_plate,Background Textures,,,,,,,table_24,
LIVING_ROOM_SCENE6_put_the_white_mug_on_the_plate_and_put_the_chocolate_pudding_to_the_right_of_the_plate_table_25,LIVING_ROOM_SCENE6_put_the_white_mug_on_the_plate_and_put_the_chocolate_pudding_to_the_right_of_the_plate,Background Textures,,,,,,,table_25,
LIVING_ROOM_SCENE6_put_the_white_mug_on_the_plate_and_put_the_chocolate_pudding_to_the_right_of_the_plate_table_26,LIVING_ROOM_SCENE6_put_the_white_mug_on_the_plate_and_put_the_chocolate_pudding_to_the_right_of_the_plate,Background Textures,,,,,,,table_26,
LIVING_ROOM_SCENE6_put_the_white_mug_on_the_plate_and_put_the_chocolate_pudding_to_the_right_of_the_plate_table_3,LIVING_ROOM_SCENE6_put_the_white_mug_on_the_plate_and_put_the_chocolate_pudding_to_the_right_of_the_plate,Background Textures,,,,,,,table_3,
LIVING_ROOM_SCENE6_put_the_white_mug_on_the_plate_and_put_the_chocolate_pudding_to_the_right_of_the_plate_table_5,LIVING_ROOM_SCENE6_put_the_white_mug_on_the_plate_and_put_the_chocolate_pudding_to_the_right_of_the_plate,Background Textures,,,,,,,table_5,
LIVING_ROOM_SCENE6_put_the_white_mug_on_the_plate_and_put_the_chocolate_pudding_to_the_right_of_the_plate_table_6,LIVING_ROOM_SCENE6_put_the_white_mug_on_the_plate_and_put_the_chocolate_pudding_to_the_right_of_the_plate,Background Textures,,,,,,,table_6,
LIVING_ROOM_SCENE6_put_the_white_mug_on_the_plate_and_put_the_chocolate_pudding_to_the_right_of_the_plate_table_8,LIVING_ROOM_SCENE6_put_the_white_mug_on_the_plate_and_put_the_chocolate_pudding_to_the_right_of_the_plate,Background Textures,,,,,,,table_8,
LIVING_ROOM_SCENE6_put_the_white_mug_on_the_plate_and_put_the_chocolate_pudding_to_the_right_of_the_plate_table_9,LIVING_ROOM_SCENE6_put_the_white_mug_on_the_plate_and_put_the_chocolate_pudding_to_the_right_of_the_plate,Background Textures,,,,,,,table_9,
LIVING_ROOM_SCENE6_put_the_white_mug_on_the_plate_and_put_the_chocolate_pudding_to_the_right_of_the_plate_tb_1,LIVING_ROOM_SCENE6_put_the_white_mug_on_the_plate_and_put_the_chocolate_pudding_to_the_right_of_the_plate,Background Textures,,,,,,,tb_1,
LIVING_ROOM_SCENE6_put_the_white_mug_on_the_plate_and_put_the_chocolate_pudding_to_the_right_of_the_plate_tb_10,LIVING_ROOM_SCENE6_put_the_white_mug_on_the_plate_and_put_the_chocolate_pudding_to_the_right_of_the_plate,Background Textures,,,,,,,tb_10,
LIVING_ROOM_SCENE6_put_the_white_mug_on_the_plate_and_put_the_chocolate_pudding_to_the_right_of_the_plate_tb_11,LIVING_ROOM_SCENE6_put_the_white_mug_on_the_plate_and_put_the_chocolate_pudding_to_the_right_of_the_plate,Background Textures,,,,,,,tb_11,
LIVING_ROOM_SCENE6_put_the_white_mug_on_the_plate_and_put_the_chocolate_pudding_to_the_right_of_the_plate_tb_12,LIVING_ROOM_SCENE6_put_the_white_mug_on_the_plate_and_put_the_chocolate_pudding_to_the_right_of_the_plate,Background Textures,,,,,,,tb_12,
LIVING_ROOM_SCENE6_put_the_white_mug_on_the_plate_and_put_the_chocolate_pudding_to_the_right_of_the_plate_tb_15,LIVING_ROOM_SCENE6_put_the_white_mug_on_the_plate_and_put_the_chocolate_pudding_to_the_right_of_the_plate,Background Textures,,,,,,,tb_15,
LIVING_ROOM_SCENE6_put_the_white_mug_on_the_plate_and_put_the_chocolate_pudding_to_the_right_of_the_plate_tb_17,LIVING_ROOM_SCENE6_put_the_white_mug_on_the_plate_and_put_the_chocolate_pudding_to_the_right_of_the_plate,Background Textures,,,,,,,tb_17,
LIVING_ROOM_SCENE6_put_the_white_mug_on_the_plate_and_put_the_chocolate_pudding_to_the_right_of_the_plate_tb_18,LIVING_ROOM_SCENE6_put_the_white_mug_on_the_plate_and_put_the_chocolate_pudding_to_the_right_of_the_plate,Background Textures,,,,,,,tb_18,
LIVING_ROOM_SCENE6_put_the_white_mug_on_the_plate_and_put_the_chocolate_pudding_to_the_right_of_the_plate_tb_19,LIVING_ROOM_SCENE6_put_the_white_mug_on_the_plate_and_put_the_chocolate_pudding_to_the_right_of_the_plate,Background Textures,,,,,,,tb_19,
LIVING_ROOM_SCENE6_put_the_white_mug_on_the_plate_and_put_the_chocolate_pudding_to_the_right_of_the_plate_tb_2,LIVING_ROOM_SCENE6_put_the_white_mug_on_the_plate_and_put_the_chocolate_pudding_to_the_right_of_the_plate,Background Textures,,,,,,,tb_2,
LIVING_ROOM_SCENE6_put_the_white_mug_on_the_plate_and_put_the_chocolate_pudding_to_the_right_of_the_plate_tb_20,LIVING_ROOM_SCENE6_put_the_white_mug_on_the_plate_and_put_the_chocolate_pudding_to_the_right_of_the_plate,Background Textures,,,,,,,tb_20,
LIVING_ROOM_SCENE6_put_the_white_mug_on_the_plate_and_put_the_chocolate_pudding_to_the_right_of_the_plate_tb_21,LIVING_ROOM_SCENE6_put_the_white_mug_on_the_plate_and_put_the_chocolate_pudding_to_the_right_of_the_plate,Background Textures,,,,,,,tb_21,
LIVING_ROOM_SCENE6_put_the_white_mug_on_the_plate_and_put_the_chocolate_pudding_to_the_right_of_the_plate_tb_22,LIVING_ROOM_SCENE6_put_the_white_mug_on_the_plate_and_put_the_chocolate_pudding_to_the_right_of_the_plate,Background Textures,,,,,,,tb_22,
LIVING_ROOM_SCENE6_put_the_white_mug_on_the_plate_and_put_the_chocolate_pudding_to_the_right_of_the_plate_tb_3,LIVING_ROOM_SCENE6_put_the_white_mug_on_the_plate_and_put_the_chocolate_pudding_to_the_right_of_the_plate,Background Textures,,,,,,,tb_3,
LIVING_ROOM_SCENE6_put_the_white_mug_on_the_plate_and_put_the_chocolate_pudding_to_the_right_of_the_plate_tb_4,LIVING_ROOM_SCENE6_put_the_white_mug_on_the_plate_and_put_the_chocolate_pudding_to_the_right_of_the_plate,Background Textures,,,,,,,tb_4,
LIVING_ROOM_SCENE6_put_the_white_mug_on_the_plate_and_put_the_chocolate_pudding_to_the_right_of_the_plate_tb_5,LIVING_ROOM_SCENE6_put_the_white_mug_on_the_plate_and_put_the_chocolate_pudding_to_the_right_of_the_plate,Background Textures,,,,,,,tb_5,
LIVING_ROOM_SCENE6_put_the_white_mug_on_the_plate_and_put_the_chocolate_pudding_to_the_right_of_the_plate_tb_6,LIVING_ROOM_SCENE6_put_the_white_mug_on_the_plate_and_put_the_chocolate_pudding_to_the_right_of_the_plate,Background Textures,,,,,,,tb_6,
LIVING_ROOM_SCENE6_put_the_white_mug_on_the_plate_and_put_the_chocolate_pudding_to_the_right_of_the_plate_tb_7,LIVING_ROOM_SCENE6_put_the_white_mug_on_the_plate_and_put_the_chocolate_pudding_to_the_right_of_the_plate,Background Textures,,,,,,,tb_7,
LIVING_ROOM_SCENE6_put_the_white_mug_on_the_plate_and_put_the_chocolate_pudding_to_the_right_of_the_plate_tb_8,LIVING_ROOM_SCENE6_put_the_white_mug_on_the_plate_and_put_the_chocolate_pudding_to_the_right_of_the_plate,Background Textures,,,,,,,tb_8,
LIVING_ROOM_SCENE6_put_the_white_mug_on_the_plate_and_put_the_chocolate_pudding_to_the_right_of_the_plate_tb_9,LIVING_ROOM_SCENE6_put_the_white_mug_on_the_plate_and_put_the_chocolate_pudding_to_the_right_of_the_plate,Background Textures,,,,,,,tb_9,
LIVING_ROOM_SCENE6_put_the_white_mug_on_the_plate_and_put_the_chocolate_pudding_to_the_right_of_the_plate_view_0_0_100_0_0_initstate_7,LIVING_ROOM_SCENE6_put_the_white_mug_on_the_plate_and_put_the_chocolate_pudding_to_the_right_of_the_plate,Robot Initial States,,initstate_7,,,,,,view_0
LIVING_ROOM_SCENE6_put_the_white_mug_on_the_plate_and_put_the_chocolate_pudding_to_the_right_of_the_plate_view_0_0_100_0_0_initstate_17,LIVING_ROOM_SCENE6_put_the_white_mug_on_the_plate_and_put_the_chocolate_pudding_to_the_right_of_the_plate,Robot Initial States,,initstate_17,,,,,,view_0
LIVING_ROOM_SCENE6_put_the_white_mug_on_the_plate_and_put_the_chocolate_pudding_to_the_right_of_the_plate_view_0_0_100_0_0_initstate_27,LIVING_ROOM_SCENE6_put_the_white_mug_on_the_plate_and_put_the_chocolate_pudding_to_the_right_of_the_plate,Robot Initial States,,initstate_27,,,,,,view_0
LIVING_ROOM_SCENE6_put_the_white_mug_on_the_plate_and_put_the_chocolate_pudding_to_the_right_of_the_plate_view_0_0_100_0_0_initstate_47,LIVING_ROOM_SCENE6_put_the_white_mug_on_the_plate_and_put_the_chocolate_pudding_to_the_right_of_the_plate,Robot Initial States,,initstate_47,,,,,,view_0
LIVING_ROOM_SCENE6_put_the_white_mug_on_the_plate_and_put_the_chocolate_pudding_to_the_right_of_the_plate_view_0_0_100_0_0_initstate_57,LIVING_ROOM_SCENE6_put_the_white_mug_on_the_plate_and_put_the_chocolate_pudding_to_the_right_of_the_plate,Robot Initial States,,initstate_57,,,,,,view_0
LIVING_ROOM_SCENE6_put_the_white_mug_on_the_plate_and_put_the_chocolate_pudding_to_the_right_of_the_plate_view_0_0_100_0_0_initstate_67,LIVING_ROOM_SCENE6_put_the_white_mug_on_the_plate_and_put_the_chocolate_pudding_to_the_right_of_the_plate,Robot Initial States,,initstate_67,,,,,,view_0
LIVING_ROOM_SCENE6_put_the_white_mug_on_the_plate_and_put_the_chocolate_pudding_to_the_right_of_the_plate_view_0_0_100_0_0_initstate_87,LIVING_ROOM_SCENE6_put_the_white_mug_on_the_plate_and_put_the_chocolate_pudding_to_the_right_of_the_plate,Robot Initial States,,initstate_87,,,,,,view_0
LIVING_ROOM_SCENE6_put_the_white_mug_on_the_plate_and_put_the_chocolate_pudding_to_the_right_of_the_plate_view_0_0_100_0_0_initstate_97,LIVING_ROOM_SCENE6_put_the_white_mug_on_the_plate_and_put_the_chocolate_pudding_to_the_right_of_the_plate,Robot Initial States,,initstate_97,,,,,,view_0
LIVING_ROOM_SCENE6_put_the_white_mug_on_the_plate_and_put_the_chocolate_pudding_to_the_right_of_the_plate_view_0_0_100_0_0_initstate_107,LIVING_ROOM_SCENE6_put_the_white_mug_on_the_plate_and_put_the_chocolate_pudding_to_the_right_of_the_plate,Robot Initial States,,initstate_107,,,,,,view_0
LIVING_ROOM_SCENE6_put_the_white_mug_on_the_plate_and_put_the_chocolate_pudding_to_the_right_of_the_plate_view_0_0_100_0_0_initstate_117,LIVING_ROOM_SCENE6_put_the_white_mug_on_the_plate_and_put_the_chocolate_pudding_to_the_right_of_the_plate,Robot Initial States,,initstate_117,,,,,,view_0
LIVING_ROOM_SCENE6_put_the_white_mug_on_the_plate_and_put_the_chocolate_pudding_to_the_right_of_the_plate_view_0_0_100_0_0_initstate_127,LIVING_ROOM_SCENE6_put_the_white_mug_on_the_plate_and_put_the_chocolate_pudding_to_the_right_of_the_plate,Robot Initial States,,initstate_127,,,,,,view_0
LIVING_ROOM_SCENE6_put_the_white_mug_on_the_plate_and_put_the_chocolate_pudding_to_the_right_of_the_plate_view_0_0_100_0_0_initstate_137,LIVING_ROOM_SCENE6_put_the_white_mug_on_the_plate_and_put_the_chocolate_pudding_to_the_right_of_the_plate,Robot Initial States,,initstate_137,,,,,,view_0
LIVING_ROOM_SCENE6_put_the_white_mug_on_the_plate_and_put_the_chocolate_pudding_to_the_right_of_the_plate_view_0_0_100_0_0_initstate_147,LIVING_ROOM_SCENE6_put_the_white_mug_on_the_plate_and_put_the_chocolate_pudding_to_the_right_of_the_plate,Robot Initial States,,initstate_147,,,,,,view_0
LIVING_ROOM_SCENE6_put_the_white_mug_on_the_plate_and_put_the_chocolate_pudding_to_the_right_of_the_plate_view_0_0_100_0_0_initstate_167,LIVING_ROOM_SCENE6_put_the_white_mug_on_the_plate_and_put_the_chocolate_pudding_to_the_right_of_the_plate,Robot Initial States,,initstate_167,,,,,,view_0
LIVING_ROOM_SCENE6_put_the_white_mug_on_the_plate_and_put_the_chocolate_pudding_to_the_right_of_the_plate_view_0_0_100_0_0_initstate_177,LIVING_ROOM_SCENE6_put_the_white_mug_on_the_plate_and_put_the_chocolate_pudding_to_the_right_of_the_plate,Robot Initial States,,initstate_177,,,,,,view_0
LIVING_ROOM_SCENE6_put_the_white_mug_on_the_plate_and_put_the_chocolate_pudding_to_the_right_of_the_plate_view_0_0_100_0_0_initstate_187,LIVING_ROOM_SCENE6_put_the_white_mug_on_the_plate_and_put_the_chocolate_pudding_to_the_right_of_the_plate,Robot Initial States,,initstate_187,,,,,,view_0
LIVING_ROOM_SCENE6_put_the_white_mug_on_the_plate_and_put_the_chocolate_pudding_to_the_right_of_the_plate_view_0_0_100_0_0_initstate_217,LIVING_ROOM_SCENE6_put_the_white_mug_on_the_plate_and_put_the_chocolate_pudding_to_the_right_of_the_plate,Robot Initial States,,initstate_217,,,,,,view_0
LIVING_ROOM_SCENE6_put_the_white_mug_on_the_plate_and_put_the_chocolate_pudding_to_the_right_of_the_plate_view_0_0_100_0_0_initstate_237,LIVING_ROOM_SCENE6_put_the_white_mug_on_the_plate_and_put_the_chocolate_pudding_to_the_right_of_the_plate,Robot Initial States,,initstate_237,,,,,,view_0
LIVING_ROOM_SCENE6_put_the_white_mug_on_the_plate_and_put_the_chocolate_pudding_to_the_right_of_the_plate_view_0_0_100_0_0_initstate_247,LIVING_ROOM_SCENE6_put_the_white_mug_on_the_plate_and_put_the_chocolate_pudding_to_the_right_of_the_plate,Robot Initial States,,initstate_247,,,,,,view_0
LIVING_ROOM_SCENE6_put_the_white_mug_on_the_plate_and_put_the_chocolate_pudding_to_the_right_of_the_plate_view_0_0_100_0_0_initstate_257,LIVING_ROOM_SCENE6_put_the_white_mug_on_the_plate_and_put_the_chocolate_pudding_to_the_right_of_the_plate,Robot Initial States,,initstate_257,,,,,,view_0
LIVING_ROOM_SCENE6_put_the_white_mug_on_the_plate_and_put_the_chocolate_pudding_to_the_right_of_the_plate_view_0_0_100_0_0_initstate_267,LIVING_ROOM_SCENE6_put_the_white_mug_on_the_plate_and_put_the_chocolate_pudding_to_the_right_of_the_plate,Robot Initial States,,initstate_267,,,,,,view_0
LIVING_ROOM_SCENE6_put_the_white_mug_on_the_plate_and_put_the_chocolate_pudding_to_the_right_of_the_plate_view_0_0_100_0_0_initstate_287,LIVING_ROOM_SCENE6_put_the_white_mug_on_the_plate_and_put_the_chocolate_pudding_to_the_right_of_the_plate,Robot Initial States,,initstate_287,,,,,,view_0
LIVING_ROOM_SCENE6_put_the_white_mug_on_the_plate_and_put_the_chocolate_pudding_to_the_right_of_the_plate_view_0_0_100_0_0_initstate_307,LIVING_ROOM_SCENE6_put_the_white_mug_on_the_plate_and_put_the_chocolate_pudding_to_the_right_of_the_plate,Robot Initial States,,initstate_307,,,,,,view_0
LIVING_ROOM_SCENE6_put_the_white_mug_on_the_plate_and_put_the_chocolate_pudding_to_the_right_of_the_plate_view_0_0_100_0_0_initstate_317,LIVING_ROOM_SCENE6_put_the_white_mug_on_the_plate_and_put_the_chocolate_pudding_to_the_right_of_the_plate,Robot Initial States,,initstate_317,,,,,,view_0
LIVING_ROOM_SCENE6_put_the_white_mug_on_the_plate_and_put_the_chocolate_pudding_to_the_right_of_the_plate_view_0_0_100_0_0_initstate_327,LIVING_ROOM_SCENE6_put_the_white_mug_on_the_plate_and_put_the_chocolate_pudding_to_the_right_of_the_plate,Robot Initial States,,initstate_327,,,,,,view_0
LIVING_ROOM_SCENE6_put_the_white_mug_on_the_plate_and_put_the_chocolate_pudding_to_the_right_of_the_plate_view_0_0_100_0_0_initstate_337,LIVING_ROOM_SCENE6_put_the_white_mug_on_the_plate_and_put_the_chocolate_pudding_to_the_right_of_the_plate,Robot Initial States,,initstate_337,,,,,,view_0
LIVING_ROOM_SCENE6_put_the_white_mug_on_the_plate_and_put_the_chocolate_pudding_to_the_right_of_the_plate_view_0_0_100_0_0_initstate_347,LIVING_ROOM_SCENE6_put_the_white_mug_on_the_plate_and_put_the_chocolate_pudding_to_the_right_of_the_plate,Robot Initial States,,initstate_347,,,,,,view_0
LIVING_ROOM_SCENE6_put_the_white_mug_on_the_plate_and_put_the_chocolate_pudding_to_the_right_of_the_plate_view_0_0_100_0_0_initstate_357,LIVING_ROOM_SCENE6_put_the_white_mug_on_the_plate_and_put_the_chocolate_pudding_to_the_right_of_the_plate,Robot Initial States,,initstate_357,,,,,,view_0
LIVING_ROOM_SCENE6_put_the_white_mug_on_the_plate_and_put_the_chocolate_pudding_to_the_right_of_the_plate_view_0_0_100_0_0_initstate_367,LIVING_ROOM_SCENE6_put_the_white_mug_on_the_plate_and_put_the_chocolate_pudding_to_the_right_of_the_plate,Robot Initial States,,initstate_367,,,,,,view_0
LIVING_ROOM_SCENE6_put_the_white_mug_on_the_plate_and_put_the_chocolate_pudding_to_the_right_of_the_plate_view_0_0_100_0_0_initstate_377,LIVING_ROOM_SCENE6_put_the_white_mug_on_the_plate_and_put_the_chocolate_pudding_to_the_right_of_the_plate,Robot Initial States,,initstate_377,,,,,,view_0
LIVING_ROOM_SCENE6_put_the_white_mug_on_the_plate_and_put_the_chocolate_pudding_to_the_right_of_the_plate_view_0_0_100_0_0_initstate_387,LIVING_ROOM_SCENE6_put_the_white_mug_on_the_plate_and_put_the_chocolate_pudding_to_the_right_of_the_plate,Robot Initial States,,initstate_387,,,,,,view_0
LIVING_ROOM_SCENE6_put_the_white_mug_on_the_plate_and_put_the_chocolate_pudding_to_the_right_of_the_plate_view_0_0_100_0_0_initstate_397,LIVING_ROOM_SCENE6_put_the_white_mug_on_the_plate_and_put_the_chocolate_pudding_to_the_right_of_the_plate,Robot Initial States,,initstate_397,,,,,,view_0
LIVING_ROOM_SCENE6_put_the_white_mug_on_the_plate_and_put_the_chocolate_pudding_to_the_right_of_the_plate_view_0_0_100_0_0_initstate_407,LIVING_ROOM_SCENE6_put_the_white_mug_on_the_plate_and_put_the_chocolate_pudding_to_the_right_of_the_plate,Robot Initial States,,initstate_407,,,,,,view_0
LIVING_ROOM_SCENE6_put_the_white_mug_on_the_plate_and_put_the_chocolate_pudding_to_the_right_of_the_plate_view_0_0_100_0_0_initstate_417,LIVING_ROOM_SCENE6_put_the_white_mug_on_the_plate_and_put_the_chocolate_pudding_to_the_right_of_the_plate,Robot Initial States,,initstate_417,,,,,,view_0
LIVING_ROOM_SCENE6_put_the_white_mug_on_the_plate_and_put_the_chocolate_pudding_to_the_right_of_the_plate_view_0_0_100_0_0_initstate_427,LIVING_ROOM_SCENE6_put_the_white_mug_on_the_plate_and_put_the_chocolate_pudding_to_the_right_of_the_plate,Robot Initial States,,initstate_427,,,,,,view_0
LIVING_ROOM_SCENE6_put_the_white_mug_on_the_plate_and_put_the_chocolate_pudding_to_the_right_of_the_plate_view_0_0_100_0_0_initstate_437,LIVING_ROOM_SCENE6_put_the_white_mug_on_the_plate_and_put_the_chocolate_pudding_to_the_right_of_the_plate,Robot Initial States,,initstate_437,,,,,,view_0
LIVING_ROOM_SCENE6_put_the_white_mug_on_the_plate_and_put_the_chocolate_pudding_to_the_right_of_the_plate_view_0_0_100_0_0_initstate_447,LIVING_ROOM_SCENE6_put_the_white_mug_on_the_plate_and_put_the_chocolate_pudding_to_the_right_of_the_plate,Robot Initial States,,initstate_447,,,,,,view_0
LIVING_ROOM_SCENE6_put_the_white_mug_on_the_plate_and_put_the_chocolate_pudding_to_the_right_of_the_plate_view_0_0_100_0_0_initstate_457,LIVING_ROOM_SCENE6_put_the_white_mug_on_the_plate_and_put_the_chocolate_pudding_to_the_right_of_the_plate,Robot Initial States,,initstate_457,,,,,,view_0
LIVING_ROOM_SCENE6_put_the_white_mug_on_the_plate_and_put_the_chocolate_pudding_to_the_right_of_the_plate_view_0_0_100_0_0_initstate_467,LIVING_ROOM_SCENE6_put_the_white_mug_on_the_plate_and_put_the_chocolate_pudding_to_the_right_of_the_plate,Robot Initial States,,initstate_467,,,,,,view_0
LIVING_ROOM_SCENE6_put_the_white_mug_on_the_plate_and_put_the_chocolate_pudding_to_the_right_of_the_plate_view_0_0_100_0_0_initstate_477,LIVING_ROOM_SCENE6_put_the_white_mug_on_the_plate_and_put_the_chocolate_pudding_to_the_right_of_the_plate,Robot Initial States,,initstate_477,,,,,,view_0
LIVING_ROOM_SCENE6_put_the_white_mug_on_the_plate_and_put_the_chocolate_pudding_to_the_right_of_the_plate_view_0_0_100_0_0_initstate_487,LIVING_ROOM_SCENE6_put_the_white_mug_on_the_plate_and_put_the_chocolate_pudding_to_the_right_of_the_plate,Robot Initial States,,initstate_487,,,,,,view_0
LIVING_ROOM_SCENE6_put_the_white_mug_on_the_plate_and_put_the_chocolate_pudding_to_the_right_of_the_plate_view_0_0_100_0_0_initstate_497,LIVING_ROOM_SCENE6_put_the_white_mug_on_the_plate_and_put_the_chocolate_pudding_to_the_right_of_the_plate,Robot Initial States,,initstate_497,,,,,,view_0
LIVING_ROOM_SCENE6_put_the_white_mug_on_the_plate_and_put_the_chocolate_pudding_to_the_right_of_the_plate_view_0_0_161_0_0_initstate_0,LIVING_ROOM_SCENE6_put_the_white_mug_on_the_plate_and_put_the_chocolate_pudding_to_the_right_of_the_plate,Camera Viewpoints,,initstate_0,,,,,,view_0
LIVING_ROOM_SCENE6_put_the_white_mug_on_the_plate_and_put_the_chocolate_pudding_to_the_right_of_the_plate_view_0_0_162_0_0_initstate_0,LIVING_ROOM_SCENE6_put_the_white_mug_on_the_plate_and_put_the_chocolate_pudding_to_the_right_of_the_plate,Camera Viewpoints,,initstate_0,,,,,,view_0
LIVING_ROOM_SCENE6_put_the_white_mug_on_the_plate_and_put_the_chocolate_pudding_to_the_right_of_the_plate_view_0_0_163_0_0_initstate_0,LIVING_ROOM_SCENE6_put_the_white_mug_on_the_plate_and_put_the_chocolate_pudding_to_the_right_of_the_plate,Camera Viewpoints,,initstate_0,,,,,,view_0
LIVING_ROOM_SCENE6_put_the_white_mug_on_the_plate_and_put_the_chocolate_pudding_to_the_right_of_the_plate_view_0_0_164_0_0_initstate_0,LIVING_ROOM_SCENE6_put_the_white_mug_on_the_plate_and_put_the_chocolate_pudding_to_the_right_of_the_plate,Camera Viewpoints,,initstate_0,,,,,,view_0
LIVING_ROOM_SCENE6_put_the_white_mug_on_the_plate_and_put_the_chocolate_pudding_to_the_right_of_the_plate_view_0_0_165_0_0_initstate_0,LIVING_ROOM_SCENE6_put_the_white_mug_on_the_plate_and_put_the_chocolate_pudding_to_the_right_of_the_plate,Camera Viewpoints,,initstate_0,,,,,,view_0
LIVING_ROOM_SCENE6_put_the_white_mug_on_the_plate_and_put_the_chocolate_pudding_to_the_right_of_the_plate_view_0_0_166_0_0_initstate_0,LIVING_ROOM_SCENE6_put_the_white_mug_on_the_plate_and_put_the_chocolate_pudding_to_the_right_of_the_plate,Camera Viewpoints,,initstate_0,,,,,,view_0
LIVING_ROOM_SCENE6_put_the_white_mug_on_the_plate_and_put_the_chocolate_pudding_to_the_right_of_the_plate_view_0_0_167_0_0_initstate_0,LIVING_ROOM_SCENE6_put_the_white_mug_on_the_plate_and_put_the_chocolate_pudding_to_the_right_of_the_plate,Camera Viewpoints,,initstate_0,,,,,,view_0
LIVING_ROOM_SCENE6_put_the_white_mug_on_the_plate_and_put_the_chocolate_pudding_to_the_right_of_the_plate_view_0_0_168_0_0_initstate_0,LIVING_ROOM_SCENE6_put_the_white_mug_on_the_plate_and_put_the_chocolate_pudding_to_the_right_of_the_plate,Camera Viewpoints,,initstate_0,,,,,,view_0
LIVING_ROOM_SCENE6_put_the_white_mug_on_the_plate_and_put_the_chocolate_pudding_to_the_right_of_the_plate_view_0_0_170_0_0_initstate_0,LIVING_ROOM_SCENE6_put_the_white_mug_on_the_plate_and_put_the_chocolate_pudding_to_the_right_of_the_plate,Camera Viewpoints,,initstate_0,,,,,,view_0
LIVING_ROOM_SCENE6_put_the_white_mug_on_the_plate_and_put_the_chocolate_pudding_to_the_right_of_the_plate_view_0_0_100_352_4_initstate_0,LIVING_ROOM_SCENE6_put_the_white_mug_on_the_plate_and_put_the_chocolate_pudding_to_the_right_of_the_plate,Camera Viewpoints,,initstate_0,,,,,,view_0
LIVING_ROOM_SCENE6_put_the_white_mug_on_the_plate_and_put_the_chocolate_pudding_to_the_right_of_the_plate_view_0_0_100_352_6_initstate_0,LIVING_ROOM_SCENE6_put_the_white_mug_on_the_plate_and_put_the_chocolate_pudding_to_the_right_of_the_plate,Camera Viewpoints,,initstate_0,,,,,,view_0
LIVING_ROOM_SCENE6_put_the_white_mug_on_the_plate_and_put_the_chocolate_pudding_to_the_right_of_the_plate_view_0_0_100_352_8_initstate_0,LIVING_ROOM_SCENE6_put_the_white_mug_on_the_plate_and_put_the_chocolate_pudding_to_the_right_of_the_plate,Camera Viewpoints,,initstate_0,,,,,,view_0
LIVING_ROOM_SCENE6_put_the_white_mug_on_the_plate_and_put_the_chocolate_pudding_to_the_right_of_the_plate_view_0_0_100_352_350_initstate_0,LIVING_ROOM_SCENE6_put_the_white_mug_on_the_plate_and_put_the_chocolate_pudding_to_the_right_of_the_plate,Camera Viewpoints,,initstate_0,,,,,,view_0
LIVING_ROOM_SCENE6_put_the_white_mug_on_the_plate_and_put_the_chocolate_pudding_to_the_right_of_the_plate_view_0_0_100_352_352_initstate_0,LIVING_ROOM_SCENE6_put_the_white_mug_on_the_plate_and_put_the_chocolate_pudding_to_the_right_of_the_plate,Camera Viewpoints,,initstate_0,,,,,,view_0
LIVING_ROOM_SCENE6_put_the_white_mug_on_the_plate_and_put_the_chocolate_pudding_to_the_right_of_the_plate_view_0_0_100_352_354_initstate_0,LIVING_ROOM_SCENE6_put_the_white_mug_on_the_plate_and_put_the_chocolate_pudding_to_the_right_of_the_plate,Camera Viewpoints,,initstate_0,,,,,,view_0
LIVING_ROOM_SCENE6_put_the_white_mug_on_the_plate_and_put_the_chocolate_pudding_to_the_right_of_the_plate_view_0_0_100_352_356_initstate_0,LIVING_ROOM_SCENE6_put_the_white_mug_on_the_plate_and_put_the_chocolate_pudding_to_the_right_of_the_plate,Camera Viewpoints,,initstate_0,,,,,,view_0
LIVING_ROOM_SCENE6_put_the_white_mug_on_the_plate_and_put_the_chocolate_pudding_to_the_right_of_the_plate_view_300_0_100_0_0_initstate_0,LIVING_ROOM_SCENE6_put_the_white_mug_on_the_plate_and_put_the_chocolate_pudding_to_the_right_of_the_plate,Camera Viewpoints,,initstate_0,,,,,,view_300
LIVING_ROOM_SCENE6_put_the_white_mug_on_the_plate_and_put_the_chocolate_pudding_to_the_right_of_the_plate_view_300_15_100_0_0_initstate_0,LIVING_ROOM_SCENE6_put_the_white_mug_on_the_plate_and_put_the_chocolate_pudding_to_the_right_of_the_plate,Camera Viewpoints,,initstate_0,,,,,,view_300
LIVING_ROOM_SCENE6_put_the_white_mug_on_the_plate_and_put_the_chocolate_pudding_to_the_right_of_the_plate_view_301_0_100_0_0_initstate_0,LIVING_ROOM_SCENE6_put_the_white_mug_on_the_plate_and_put_the_chocolate_pudding_to_the_right_of_the_plate,Camera Viewpoints,,initstate_0,,,,,,view_301
LIVING_ROOM_SCENE6_put_the_white_mug_on_the_plate_and_put_the_chocolate_pudding_to_the_right_of_the_plate_view_301_15_100_0_0_initstate_0,LIVING_ROOM_SCENE6_put_the_white_mug_on_the_plate_and_put_the_chocolate_pudding_to_the_right_of_the_plate,Camera Viewpoints,,initstate_0,,,,,,view_301
LIVING_ROOM_SCENE6_put_the_white_mug_on_the_plate_and_put_the_chocolate_pudding_to_the_right_of_the_plate_view_302_0_100_0_0_initstate_0,LIVING_ROOM_SCENE6_put_the_white_mug_on_the_plate_and_put_the_chocolate_pudding_to_the_right_of_the_plate,Camera Viewpoints,,initstate_0,,,,,,view_302
LIVING_ROOM_SCENE6_put_the_white_mug_on_the_plate_and_put_the_chocolate_pudding_to_the_right_of_the_plate_view_302_15_100_0_0_initstate_0,LIVING_ROOM_SCENE6_put_the_white_mug_on_the_plate_and_put_the_chocolate_pudding_to_the_right_of_the_plate,Camera Viewpoints,,initstate_0,,,,,,view_302
LIVING_ROOM_SCENE6_put_the_white_mug_on_the_plate_and_put_the_chocolate_pudding_to_the_right_of_the_plate_view_303_0_100_0_0_initstate_0,LIVING_ROOM_SCENE6_put_the_white_mug_on_the_plate_and_put_the_chocolate_pudding_to_the_right_of_the_plate,Camera Viewpoints,,initstate_0,,,,,,view_303
LIVING_ROOM_SCENE6_put_the_white_mug_on_the_plate_and_put_the_chocolate_pudding_to_the_right_of_the_plate_view_303_15_100_0_0_initstate_0,LIVING_ROOM_SCENE6_put_the_white_mug_on_the_plate_and_put_the_chocolate_pudding_to_the_right_of_the_plate,Camera Viewpoints,,initstate_0,,,,,,view_303
LIVING_ROOM_SCENE6_put_the_white_mug_on_the_plate_and_put_the_chocolate_pudding_to_the_right_of_the_plate_view_304_0_100_0_0_initstate_0,LIVING_ROOM_SCENE6_put_the_white_mug_on_the_plate_and_put_the_chocolate_pudding_to_the_right_of_the_plate,Camera Viewpoints,,initstate_0,,,,,,view_304
LIVING_ROOM_SCENE6_put_the_white_mug_on_the_plate_and_put_the_chocolate_pudding_to_the_right_of_the_plate_view_304_15_100_0_0_initstate_0,LIVING_ROOM_SCENE6_put_the_white_mug_on_the_plate_and_put_the_chocolate_pudding_to_the_right_of_the_plate,Camera Viewpoints,,initstate_0,,,,,,view_304
LIVING_ROOM_SCENE6_put_the_white_mug_on_the_plate_and_put_the_chocolate_pudding_to_the_right_of_the_plate_view_305_0_100_0_0_initstate_0,LIVING_ROOM_SCENE6_put_the_white_mug_on_the_plate_and_put_the_chocolate_pudding_to_the_right_of_the_plate,Camera Viewpoints,,initstate_0,,,,,,view_305
LIVING_ROOM_SCENE6_put_the_white_mug_on_the_plate_and_put_the_chocolate_pudding_to_the_right_of_the_plate_view_305_15_100_0_0_initstate_0,LIVING_ROOM_SCENE6_put_the_white_mug_on_the_plate_and_put_the_chocolate_pudding_to_the_right_of_the_plate,Camera Viewpoints,,initstate_0,,,,,,view_305
LIVING_ROOM_SCENE6_put_the_white_mug_on_the_plate_and_put_the_chocolate_pudding_to_the_right_of_the_plate_view_306_0_100_0_0_initstate_0,LIVING_ROOM_SCENE6_put_the_white_mug_on_the_plate_and_put_the_chocolate_pudding_to_the_right_of_the_plate,Camera Viewpoints,,initstate_0,,,,,,view_306
LIVING_ROOM_SCENE6_put_the_white_mug_on_the_plate_and_put_the_chocolate_pudding_to_the_right_of_the_plate_view_306_15_100_0_0_initstate_0,LIVING_ROOM_SCENE6_put_the_white_mug_on_the_plate_and_put_the_chocolate_pudding_to_the_right_of_the_plate,Camera Viewpoints,,initstate_0,,,,,,view_306
LIVING_ROOM_SCENE6_put_the_white_mug_on_the_plate_and_put_the_chocolate_pudding_to_the_right_of_the_plate_view_307_0_100_0_0_initstate_0,LIVING_ROOM_SCENE6_put_the_white_mug_on_the_plate_and_put_the_chocolate_pudding_to_the_right_of_the_plate,Camera Viewpoints,,initstate_0,,,,,,view_307
LIVING_ROOM_SCENE6_put_the_white_mug_on_the_plate_and_put_the_chocolate_pudding_to_the_right_of_the_plate_view_307_15_100_0_0_initstate_0,LIVING_ROOM_SCENE6_put_the_white_mug_on_the_plate_and_put_the_chocolate_pudding_to_the_right_of_the_plate,Camera Viewpoints,,initstate_0,,,,,,view_307
LIVING_ROOM_SCENE6_put_the_white_mug_on_the_plate_and_put_the_chocolate_pudding_to_the_right_of_the_plate_view_308_0_100_0_0_initstate_0,LIVING_ROOM_SCENE6_put_the_white_mug_on_the_plate_and_put_the_chocolate_pudding_to_the_right_of_the_plate,Camera Viewpoints,,initstate_0,,,,,,view_308
LIVING_ROOM_SCENE6_put_the_white_mug_on_the_plate_and_put_the_chocolate_pudding_to_the_right_of_the_plate_view_308_15_100_0_0_initstate_0,LIVING_ROOM_SCENE6_put_the_white_mug_on_the_plate_and_put_the_chocolate_pudding_to_the_right_of_the_plate,Camera Viewpoints,,initstate_0,,,,,,view_308
LIVING_ROOM_SCENE6_put_the_white_mug_on_the_plate_and_put_the_chocolate_pudding_to_the_right_of_the_plate_view_309_0_100_0_0_initstate_0,LIVING_ROOM_SCENE6_put_the_white_mug_on_the_plate_and_put_the_chocolate_pudding_to_the_right_of_the_plate,Camera Viewpoints,,initstate_0,,,,,,view_309
LIVING_ROOM_SCENE6_put_the_white_mug_on_the_plate_and_put_the_chocolate_pudding_to_the_right_of_the_plate_view_309_15_100_0_0_initstate_0,LIVING_ROOM_SCENE6_put_the_white_mug_on_the_plate_and_put_the_chocolate_pudding_to_the_right_of_the_plate,Camera Viewpoints,,initstate_0,,,,,,view_309
LIVING_ROOM_SCENE6_put_the_white_mug_on_the_plate_and_put_the_chocolate_pudding_to_the_right_of_the_plate_view_310_0_100_0_0_initstate_0,LIVING_ROOM_SCENE6_put_the_white_mug_on_the_plate_and_put_the_chocolate_pudding_to_the_right_of_the_plate,Camera Viewpoints,,initstate_0,,,,,,view_310
LIVING_ROOM_SCENE6_put_the_white_mug_on_the_plate_and_put_the_chocolate_pudding_to_the_right_of_the_plate_view_310_15_100_0_0_initstate_0,LIVING_ROOM_SCENE6_put_the_white_mug_on_the_plate_and_put_the_chocolate_pudding_to_the_right_of_the_plate,Camera Viewpoints,,initstate_0,,,,,,view_310
LIVING_ROOM_SCENE6_put_the_white_mug_on_the_plate_and_put_the_chocolate_pudding_to_the_right_of_the_plate_view_311_0_100_0_0_initstate_0,LIVING_ROOM_SCENE6_put_the_white_mug_on_the_plate_and_put_the_chocolate_pudding_to_the_right_of_the_plate,Camera Viewpoints,,initstate_0,,,,,,view_311
LIVING_ROOM_SCENE6_put_the_white_mug_on_the_plate_and_put_the_chocolate_pudding_to_the_right_of_the_plate_view_311_15_100_0_0_initstate_0,LIVING_ROOM_SCENE6_put_the_white_mug_on_the_plate_and_put_the_chocolate_pudding_to_the_right_of_the_plate,Camera Viewpoints,,initstate_0,,,,,,view_311
LIVING_ROOM_SCENE6_put_the_white_mug_on_the_plate_and_put_the_chocolate_pudding_to_the_right_of_the_plate_view_312_0_100_0_0_initstate_0,LIVING_ROOM_SCENE6_put_the_white_mug_on_the_plate_and_put_the_chocolate_pudding_to_the_right_of_the_plate,Camera Viewpoints,,initstate_0,,,,,,view_312
LIVING_ROOM_SCENE6_put_the_white_mug_on_the_plate_and_put_the_chocolate_pudding_to_the_right_of_the_plate_view_312_15_100_0_0_initstate_0,LIVING_ROOM_SCENE6_put_the_white_mug_on_the_plate_and_put_the_chocolate_pudding_to_the_right_of_the_plate,Camera Viewpoints,,initstate_0,,,,,,view_312
LIVING_ROOM_SCENE6_put_the_white_mug_on_the_plate_and_put_the_chocolate_pudding_to_the_right_of_the_plate_view_313_0_100_0_0_initstate_0,LIVING_ROOM_SCENE6_put_the_white_mug_on_the_plate_and_put_the_chocolate_pudding_to_the_right_of_the_plate,Camera Viewpoints,,initstate_0,,,,,,view_313
LIVING_ROOM_SCENE6_put_the_white_mug_on_the_plate_and_put_the_chocolate_pudding_to_the_right_of_the_plate_view_313_15_100_0_0_initstate_0,LIVING_ROOM_SCENE6_put_the_white_mug_on_the_plate_and_put_the_chocolate_pudding_to_the_right_of_the_plate,Camera Viewpoints,,initstate_0,,,,,,view_313
LIVING_ROOM_SCENE6_put_the_white_mug_on_the_plate_and_put_the_chocolate_pudding_to_the_right_of_the_plate_view_314_0_100_0_0_initstate_0,LIVING_ROOM_SCENE6_put_the_white_mug_on_the_plate_and_put_the_chocolate_pudding_to_the_right_of_the_plate,Camera Viewpoints,,initstate_0,,,,,,view_314
LIVING_ROOM_SCENE6_put_the_white_mug_on_the_plate_and_put_the_chocolate_pudding_to_the_right_of_the_plate_view_314_15_100_0_0_initstate_0,LIVING_ROOM_SCENE6_put_the_white_mug_on_the_plate_and_put_the_chocolate_pudding_to_the_right_of_the_plate,Camera Viewpoints,,initstate_0,,,,,,view_314
LIVING_ROOM_SCENE6_put_the_white_mug_on_the_plate_and_put_the_chocolate_pudding_to_the_right_of_the_plate_language_1_view_0_0_100_0_0_initstate_0,LIVING_ROOM_SCENE6_put_the_white_mug_on_the_plate_and_put_the_chocolate_pudding_to_the_right_of_the_plate,Language Instructions,,initstate_0,language_1,,,,,view_0
LIVING_ROOM_SCENE6_put_the_white_mug_on_the_plate_and_put_the_chocolate_pudding_to_the_right_of_the_plate_language_2_view_0_0_100_0_0_initstate_0,LIVING_ROOM_SCENE6_put_the_white_mug_on_the_plate_and_put_the_chocolate_pudding_to_the_right_of_the_plate,Language Instructions,,initstate_0,language_2,,,,,view_0
LIVING_ROOM_SCENE6_put_the_white_mug_on_the_plate_and_put_the_chocolate_pudding_to_the_right_of_the_plate_language_4_view_0_0_100_0_0_initstate_0,LIVING_ROOM_SCENE6_put_the_white_mug_on_the_plate_and_put_the_chocolate_pudding_to_the_right_of_the_plate,Language Instructions,,initstate_0,language_4,,,,,view_0
LIVING_ROOM_SCENE6_put_the_white_mug_on_the_plate_and_put_the_chocolate_pudding_to_the_right_of_the_plate_language_5_view_0_0_100_0_0_initstate_0,LIVING_ROOM_SCENE6_put_the_white_mug_on_the_plate_and_put_the_chocolate_pudding_to_the_right_of_the_plate,Language Instructions,,initstate_0,language_5,,,,,view_0
LIVING_ROOM_SCENE6_put_the_white_mug_on_the_plate_and_put_the_chocolate_pudding_to_the_right_of_the_plate_language_6_view_0_0_100_0_0_initstate_0,LIVING_ROOM_SCENE6_put_the_white_mug_on_the_plate_and_put_the_chocolate_pudding_to_the_right_of_the_plate,Language Instructions,,initstate_0,language_6,,,,,view_0
LIVING_ROOM_SCENE6_put_the_white_mug_on_the_plate_and_put_the_chocolate_pudding_to_the_right_of_the_plate_language_7_view_0_0_100_0_0_initstate_0,LIVING_ROOM_SCENE6_put_the_white_mug_on_the_plate_and_put_the_chocolate_pudding_to_the_right_of_the_plate,Language Instructions,,initstate_0,language_7,,,,,view_0
LIVING_ROOM_SCENE6_put_the_white_mug_on_the_plate_and_put_the_chocolate_pudding_to_the_right_of_the_plate_language_8_view_0_0_100_0_0_initstate_0,LIVING_ROOM_SCENE6_put_the_white_mug_on_the_plate_and_put_the_chocolate_pudding_to_the_right_of_the_plate,Language Instructions,,initstate_0,language_8,,,,,view_0
LIVING_ROOM_SCENE6_put_the_white_mug_on_the_plate_and_put_the_chocolate_pudding_to_the_right_of_the_plate_language_9_view_0_0_100_0_0_initstate_0,LIVING_ROOM_SCENE6_put_the_white_mug_on_the_plate_and_put_the_chocolate_pudding_to_the_right_of_the_plate,Language Instructions,,initstate_0,language_9,,,,,view_0
LIVING_ROOM_SCENE6_put_the_white_mug_on_the_plate_and_put_the_chocolate_pudding_to_the_right_of_the_plate_language_11_view_0_0_100_0_0_initstate_0,LIVING_ROOM_SCENE6_put_the_white_mug_on_the_plate_and_put_the_chocolate_pudding_to_the_right_of_the_plate,Language Instructions,,initstate_0,language_11,,,,,view_0
LIVING_ROOM_SCENE6_put_the_white_mug_on_the_plate_and_put_the_chocolate_pudding_to_the_right_of_the_plate_language_12_view_0_0_100_0_0_initstate_0,LIVING_ROOM_SCENE6_put_the_white_mug_on_the_plate_and_put_the_chocolate_pudding_to_the_right_of_the_plate,Language Instructions,,initstate_0,language_12,,,,,view_0
LIVING_ROOM_SCENE6_put_the_white_mug_on_the_plate_and_put_the_chocolate_pudding_to_the_right_of_the_plate_language_13_view_0_0_100_0_0_initstate_0,LIVING_ROOM_SCENE6_put_the_white_mug_on_the_plate_and_put_the_chocolate_pudding_to_the_right_of_the_plate,Language Instructions,,initstate_0,language_13,,,,,view_0
LIVING_ROOM_SCENE6_put_the_white_mug_on_the_plate_and_put_the_chocolate_pudding_to_the_right_of_the_plate_language_14_view_0_0_100_0_0_initstate_0,LIVING_ROOM_SCENE6_put_the_white_mug_on_the_plate_and_put_the_chocolate_pudding_to_the_right_of_the_plate,Language Instructions,,initstate_0,language_14,,,,,view_0
LIVING_ROOM_SCENE6_put_the_white_mug_on_the_plate_and_put_the_chocolate_pudding_to_the_right_of_the_plate_language_15_view_0_0_100_0_0_initstate_0,LIVING_ROOM_SCENE6_put_the_white_mug_on_the_plate_and_put_the_chocolate_pudding_to_the_right_of_the_plate,Language Instructions,,initstate_0,language_15,,,,,view_0
LIVING_ROOM_SCENE6_put_the_white_mug_on_the_plate_and_put_the_chocolate_pudding_to_the_right_of_the_plate_language_16_view_0_0_100_0_0_initstate_0,LIVING_ROOM_SCENE6_put_the_white_mug_on_the_plate_and_put_the_chocolate_pudding_to_the_right_of_the_plate,Language Instructions,,initstate_0,language_16,,,,,view_0
LIVING_ROOM_SCENE6_put_the_white_mug_on_the_plate_and_put_the_chocolate_pudding_to_the_right_of_the_plate_language_17_view_0_0_100_0_0_initstate_0,LIVING_ROOM_SCENE6_put_the_white_mug_on_the_plate_and_put_the_chocolate_pudding_to_the_right_of_the_plate,Language Instructions,,initstate_0,language_17,,,,,view_0
LIVING_ROOM_SCENE6_put_the_white_mug_on_the_plate_and_put_the_chocolate_pudding_to_the_right_of_the_plate_language_18_view_0_0_100_0_0_initstate_0,LIVING_ROOM_SCENE6_put_the_white_mug_on_the_plate_and_put_the_chocolate_pudding_to_the_right_of_the_plate,Language Instructions,,initstate_0,language_18,,,,,view_0
LIVING_ROOM_SCENE6_put_the_white_mug_on_the_plate_and_put_the_chocolate_pudding_to_the_right_of_the_plate_language_19_view_0_0_100_0_0_initstate_0,LIVING_ROOM_SCENE6_put_the_white_mug_on_the_plate_and_put_the_chocolate_pudding_to_the_right_of_the_plate,Language Instructions,,initstate_0,language_19,,,,,view_0
LIVING_ROOM_SCENE6_put_the_white_mug_on_the_plate_and_put_the_chocolate_pudding_to_the_right_of_the_plate_language_20_view_0_0_100_0_0_initstate_0,LIVING_ROOM_SCENE6_put_the_white_mug_on_the_plate_and_put_the_chocolate_pudding_to_the_right_of_the_plate,Language Instructions,,initstate_0,language_20,,,,,view_0
LIVING_ROOM_SCENE6_put_the_white_mug_on_the_plate_and_put_the_chocolate_pudding_to_the_right_of_the_plate_language_21_view_0_0_100_0_0_initstate_0,LIVING_ROOM_SCENE6_put_the_white_mug_on_the_plate_and_put_the_chocolate_pudding_to_the_right_of_the_plate,Language Instructions,,initstate_0,language_21,,,,,view_0
LIVING_ROOM_SCENE6_put_the_white_mug_on_the_plate_and_put_the_chocolate_pudding_to_the_right_of_the_plate_language_22_view_0_0_100_0_0_initstate_0,LIVING_ROOM_SCENE6_put_the_white_mug_on_the_plate_and_put_the_chocolate_pudding_to_the_right_of_the_plate,Language Instructions,,initstate_0,language_22,,,,,view_0
LIVING_ROOM_SCENE6_put_the_white_mug_on_the_plate_and_put_the_chocolate_pudding_to_the_right_of_the_plate_language_23_view_0_0_100_0_0_initstate_0,LIVING_ROOM_SCENE6_put_the_white_mug_on_the_plate_and_put_the_chocolate_pudding_to_the_right_of_the_plate,Language Instructions,,initstate_0,language_23,,,,,view_0
LIVING_ROOM_SCENE6_put_the_white_mug_on_the_plate_and_put_the_chocolate_pudding_to_the_right_of_the_plate_language_24_view_0_0_100_0_0_initstate_0,LIVING_ROOM_SCENE6_put_the_white_mug_on_the_plate_and_put_the_chocolate_pudding_to_the_right_of_the_plate,Language Instructions,,initstate_0,language_24,,,,,view_0
LIVING_ROOM_SCENE6_put_the_white_mug_on_the_plate_and_put_the_chocolate_pudding_to_the_right_of_the_plate_language_25_view_0_0_100_0_0_initstate_0,LIVING_ROOM_SCENE6_put_the_white_mug_on_the_plate_and_put_the_chocolate_pudding_to_the_right_of_the_plate,Language Instructions,,initstate_0,language_25,,,,,view_0
LIVING_ROOM_SCENE6_put_the_white_mug_on_the_plate_and_put_the_chocolate_pudding_to_the_right_of_the_plate_language_26_view_0_0_100_0_0_initstate_0,LIVING_ROOM_SCENE6_put_the_white_mug_on_the_plate_and_put_the_chocolate_pudding_to_the_right_of_the_plate,Language Instructions,,initstate_0,language_26,,,,,view_0
LIVING_ROOM_SCENE6_put_the_white_mug_on_the_plate_and_put_the_chocolate_pudding_to_the_right_of_the_plate_language_27_view_0_0_100_0_0_initstate_0,LIVING_ROOM_SCENE6_put_the_white_mug_on_the_plate_and_put_the_chocolate_pudding_to_the_right_of_the_plate,Language Instructions,,initstate_0,language_27,,,,,view_0
LIVING_ROOM_SCENE6_put_the_white_mug_on_the_plate_and_put_the_chocolate_pudding_to_the_right_of_the_plate_language_28_view_0_0_100_0_0_initstate_0,LIVING_ROOM_SCENE6_put_the_white_mug_on_the_plate_and_put_the_chocolate_pudding_to_the_right_of_the_plate,Language Instructions,,initstate_0,language_28,,,,,view_0
LIVING_ROOM_SCENE6_put_the_white_mug_on_the_plate_and_put_the_chocolate_pudding_to_the_right_of_the_plate_language_29_view_0_0_100_0_0_initstate_0,LIVING_ROOM_SCENE6_put_the_white_mug_on_the_plate_and_put_the_chocolate_pudding_to_the_right_of_the_plate,Language Instructions,,initstate_0,language_29,,,,,view_0
LIVING_ROOM_SCENE6_put_the_white_mug_on_the_plate_and_put_the_chocolate_pudding_to_the_right_of_the_plate_language_30_view_0_0_100_0_0_initstate_0,LIVING_ROOM_SCENE6_put_the_white_mug_on_the_plate_and_put_the_chocolate_pudding_to_the_right_of_the_plate,Language Instructions,,initstate_0,language_30,,,,,view_0
LIVING_ROOM_SCENE6_put_the_white_mug_on_the_plate_and_put_the_chocolate_pudding_to_the_right_of_the_plate_language_31_view_0_0_100_0_0_initstate_0,LIVING_ROOM_SCENE6_put_the_white_mug_on_the_plate_and_put_the_chocolate_pudding_to_the_right_of_the_plate,Language Instructions,,initstate_0,language_31,,,,,view_0
LIVING_ROOM_SCENE6_put_the_white_mug_on_the_plate_and_put_the_chocolate_pudding_to_the_right_of_the_plate_language_32_view_0_0_100_0_0_initstate_0,LIVING_ROOM_SCENE6_put_the_white_mug_on_the_plate_and_put_the_chocolate_pudding_to_the_right_of_the_plate,Language Instructions,,initstate_0,language_32,,,,,view_0
LIVING_ROOM_SCENE6_put_the_white_mug_on_the_plate_and_put_the_chocolate_pudding_to_the_right_of_the_plate_language_33_view_0_0_100_0_0_initstate_0,LIVING_ROOM_SCENE6_put_the_white_mug_on_the_plate_and_put_the_chocolate_pudding_to_the_right_of_the_plate,Language Instructions,,initstate_0,language_33,,,,,view_0
LIVING_ROOM_SCENE6_put_the_white_mug_on_the_plate_and_put_the_chocolate_pudding_to_the_right_of_the_plate_language_34_view_0_0_100_0_0_initstate_0,LIVING_ROOM_SCENE6_put_the_white_mug_on_the_plate_and_put_the_chocolate_pudding_to_the_right_of_the_plate,Language Instructions,,initstate_0,language_34,,,,,view_0
LIVING_ROOM_SCENE6_put_the_white_mug_on_the_plate_and_put_the_chocolate_pudding_to_the_right_of_the_plate_language_36_view_0_0_100_0_0_initstate_0,LIVING_ROOM_SCENE6_put_the_white_mug_on_the_plate_and_put_the_chocolate_pudding_to_the_right_of_the_plate,Language Instructions,,initstate_0,language_36,,,,,view_0
LIVING_ROOM_SCENE6_put_the_white_mug_on_the_plate_and_put_the_chocolate_pudding_to_the_right_of_the_plate_language_37_view_0_0_100_0_0_initstate_0,LIVING_ROOM_SCENE6_put_the_white_mug_on_the_plate_and_put_the_chocolate_pudding_to_the_right_of_the_plate,Language Instructions,,initstate_0,language_37,,,,,view_0
LIVING_ROOM_SCENE6_put_the_white_mug_on_the_plate_and_put_the_chocolate_pudding_to_the_right_of_the_plate_language_38_view_0_0_100_0_0_initstate_0,LIVING_ROOM_SCENE6_put_the_white_mug_on_the_plate_and_put_the_chocolate_pudding_to_the_right_of_the_plate,Language Instructions,,initstate_0,language_38,,,,,view_0
LIVING_ROOM_SCENE6_put_the_white_mug_on_the_plate_and_put_the_chocolate_pudding_to_the_right_of_the_plate_language_39_view_0_0_100_0_0_initstate_0,LIVING_ROOM_SCENE6_put_the_white_mug_on_the_plate_and_put_the_chocolate_pudding_to_the_right_of_the_plate,Language Instructions,,initstate_0,language_39,,,,,view_0
LIVING_ROOM_SCENE6_put_the_white_mug_on_the_plate_and_put_the_chocolate_pudding_to_the_right_of_the_plate_language_40_view_0_0_100_0_0_initstate_0,LIVING_ROOM_SCENE6_put_the_white_mug_on_the_plate_and_put_the_chocolate_pudding_to_the_right_of_the_plate,Language Instructions,,initstate_0,language_40,,,,,view_0
LIVING_ROOM_SCENE6_put_the_white_mug_on_the_plate_and_put_the_chocolate_pudding_to_the_right_of_the_plate_language_41_view_0_0_100_0_0_initstate_0,LIVING_ROOM_SCENE6_put_the_white_mug_on_the_plate_and_put_the_chocolate_pudding_to_the_right_of_the_plate,Language Instructions,,initstate_0,language_41,,,,,view_0
LIVING_ROOM_SCENE6_put_the_white_mug_on_the_plate_and_put_the_chocolate_pudding_to_the_right_of_the_plate_language_42_view_0_0_100_0_0_initstate_0,LIVING_ROOM_SCENE6_put_the_white_mug_on_the_plate_and_put_the_chocolate_pudding_to_the_right_of_the_plate,Language Instructions,,initstate_0,language_42,,,,,view_0
LIVING_ROOM_SCENE6_put_the_white_mug_on_the_plate_and_put_the_chocolate_pudding_to_the_right_of_the_plate_language_43_view_0_0_100_0_0_initstate_0,LIVING_ROOM_SCENE6_put_the_white_mug_on_the_plate_and_put_the_chocolate_pudding_to_the_right_of_the_plate,Language Instructions,,initstate_0,language_43,,,,,view_0
LIVING_ROOM_SCENE6_put_the_white_mug_on_the_plate_and_put_the_chocolate_pudding_to_the_right_of_the_plate_language_44_view_0_0_100_0_0_initstate_0,LIVING_ROOM_SCENE6_put_the_white_mug_on_the_plate_and_put_the_chocolate_pudding_to_the_right_of_the_plate,Language Instructions,,initstate_0,language_44,,,,,view_0
LIVING_ROOM_SCENE6_put_the_white_mug_on_the_plate_and_put_the_chocolate_pudding_to_the_right_of_the_plate_language_45_view_0_0_100_0_0_initstate_0,LIVING_ROOM_SCENE6_put_the_white_mug_on_the_plate_and_put_the_chocolate_pudding_to_the_right_of_the_plate,Language Instructions,,initstate_0,language_45,,,,,view_0
LIVING_ROOM_SCENE6_put_the_white_mug_on_the_plate_and_put_the_chocolate_pudding_to_the_right_of_the_plate_language_46_view_0_0_100_0_0_initstate_0,LIVING_ROOM_SCENE6_put_the_white_mug_on_the_plate_and_put_the_chocolate_pudding_to_the_right_of_the_plate,Language Instructions,,initstate_0,language_46,,,,,view_0
LIVING_ROOM_SCENE6_put_the_white_mug_on_the_plate_and_put_the_chocolate_pudding_to_the_right_of_the_plate_language_47_view_0_0_100_0_0_initstate_0,LIVING_ROOM_SCENE6_put_the_white_mug_on_the_plate_and_put_the_chocolate_pudding_to_the_right_of_the_plate,Language Instructions,,initstate_0,language_47,,,,,view_0
LIVING_ROOM_SCENE6_put_the_white_mug_on_the_plate_and_put_the_chocolate_pudding_to_the_right_of_the_plate_language_48_view_0_0_100_0_0_initstate_0,LIVING_ROOM_SCENE6_put_the_white_mug_on_the_plate_and_put_the_chocolate_pudding_to_the_right_of_the_plate,Language Instructions,,initstate_0,language_48,,,,,view_0
LIVING_ROOM_SCENE6_put_the_white_mug_on_the_plate_and_put_the_chocolate_pudding_to_the_right_of_the_plate_language_49_view_0_0_100_0_0_initstate_0,LIVING_ROOM_SCENE6_put_the_white_mug_on_the_plate_and_put_the_chocolate_pudding_to_the_right_of_the_plate,Language Instructions,,initstate_0,language_49,,,,,view_0
LIVING_ROOM_SCENE6_put_the_white_mug_on_the_plate_and_put_the_chocolate_pudding_to_the_right_of_the_plate_view_0_0_100_0_0_initstate_0_noise_1,LIVING_ROOM_SCENE6_put_the_white_mug_on_the_plate_and_put_the_chocolate_pudding_to_the_right_of_the_plate,Sensor Noise,,initstate_0,,,,noise_1,,view_0
LIVING_ROOM_SCENE6_put_the_white_mug_on_the_plate_and_put_the_chocolate_pudding_to_the_right_of_the_plate_view_0_0_100_0_0_initstate_0_noise_2,LIVING_ROOM_SCENE6_put_the_white_mug_on_the_plate_and_put_the_chocolate_pudding_to_the_right_of_the_plate,Sensor Noise,,initstate_0,,,,noise_2,,view_0
LIVING_ROOM_SCENE6_put_the_white_mug_on_the_plate_and_put_the_chocolate_pudding_to_the_right_of_the_plate_view_0_0_100_0_0_initstate_0_noise_3,LIVING_ROOM_SCENE6_put_the_white_mug_on_the_plate_and_put_the_chocolate_pudding_to_the_right_of_the_plate,Sensor Noise,,initstate_0,,,,noise_3,,view_0
LIVING_ROOM_SCENE6_put_the_white_mug_on_the_plate_and_put_the_chocolate_pudding_to_the_right_of_the_plate_view_0_0_100_0_0_initstate_0_noise_4,LIVING_ROOM_SCENE6_put_the_white_mug_on_the_plate_and_put_the_chocolate_pudding_to_the_right_of_the_plate,Sensor Noise,,initstate_0,,,,noise_4,,view_0
LIVING_ROOM_SCENE6_put_the_white_mug_on_the_plate_and_put_the_chocolate_pudding_to_the_right_of_the_plate_view_0_0_100_0_0_initstate_0_noise_5,LIVING_ROOM_SCENE6_put_the_white_mug_on_the_plate_and_put_the_chocolate_pudding_to_the_right_of_the_plate,Sensor Noise,,initstate_0,,,,noise_5,,view_0
LIVING_ROOM_SCENE6_put_the_white_mug_on_the_plate_and_put_the_chocolate_pudding_to_the_right_of_the_plate_view_0_0_100_0_0_initstate_0_noise_6,LIVING_ROOM_SCENE6_put_the_white_mug_on_the_plate_and_put_the_chocolate_pudding_to_the_right_of_the_plate,Sensor Noise,,initstate_0,,,,noise_6,,view_0
LIVING_ROOM_SCENE6_put_the_white_mug_on_the_plate_and_put_the_chocolate_pudding_to_the_right_of_the_plate_view_0_0_100_0_0_initstate_0_noise_7,LIVING_ROOM_SCENE6_put_the_white_mug_on_the_plate_and_put_the_chocolate_pudding_to_the_right_of_the_plate,Sensor Noise,,initstate_0,,,,noise_7,,view_0
LIVING_ROOM_SCENE6_put_the_white_mug_on_the_plate_and_put_the_chocolate_pudding_to_the_right_of_the_plate_view_0_0_100_0_0_initstate_0_noise_8,LIVING_ROOM_SCENE6_put_the_white_mug_on_the_plate_and_put_the_chocolate_pudding_to_the_right_of_the_plate,Sensor Noise,,initstate_0,,,,noise_8,,view_0
LIVING_ROOM_SCENE6_put_the_white_mug_on_the_plate_and_put_the_chocolate_pudding_to_the_right_of_the_plate_view_0_0_100_0_0_initstate_0_noise_9,LIVING_ROOM_SCENE6_put_the_white_mug_on_the_plate_and_put_the_chocolate_pudding_to_the_right_of_the_plate,Sensor Noise,,initstate_0,,,,noise_9,,view_0
LIVING_ROOM_SCENE6_put_the_white_mug_on_the_plate_and_put_the_chocolate_pudding_to_the_right_of_the_plate_view_0_0_100_0_0_initstate_0_noise_11,LIVING_ROOM_SCENE6_put_the_white_mug_on_the_plate_and_put_the_chocolate_pudding_to_the_right_of_the_plate,Sensor Noise,,initstate_0,,,,noise_11,,view_0
LIVING_ROOM_SCENE6_put_the_white_mug_on_the_plate_and_put_the_chocolate_pudding_to_the_right_of_the_plate_view_0_0_100_0_0_initstate_0_noise_12,LIVING_ROOM_SCENE6_put_the_white_mug_on_the_plate_and_put_the_chocolate_pudding_to_the_right_of_the_plate,Sensor Noise,,initstate_0,,,,noise_12,,view_0
LIVING_ROOM_SCENE6_put_the_white_mug_on_the_plate_and_put_the_chocolate_pudding_to_the_right_of_the_plate_view_0_0_100_0_0_initstate_0_noise_13,LIVING_ROOM_SCENE6_put_the_white_mug_on_the_plate_and_put_the_chocolate_pudding_to_the_right_of_the_plate,Sensor Noise,,initstate_0,,,,noise_13,,view_0
LIVING_ROOM_SCENE6_put_the_white_mug_on_the_plate_and_put_the_chocolate_pudding_to_the_right_of_the_plate_view_0_0_100_0_0_initstate_0_noise_14,LIVING_ROOM_SCENE6_put_the_white_mug_on_the_plate_and_put_the_chocolate_pudding_to_the_right_of_the_plate,Sensor Noise,,initstate_0,,,,noise_14,,view_0
LIVING_ROOM_SCENE6_put_the_white_mug_on_the_plate_and_put_the_chocolate_pudding_to_the_right_of_the_plate_view_0_0_100_0_0_initstate_0_noise_15,LIVING_ROOM_SCENE6_put_the_white_mug_on_the_plate_and_put_the_chocolate_pudding_to_the_right_of_the_plate,Sensor Noise,,initstate_0,,,,noise_15,,view_0
LIVING_ROOM_SCENE6_put_the_white_mug_on_the_plate_and_put_the_chocolate_pudding_to_the_right_of_the_plate_view_0_0_100_0_0_initstate_0_noise_17,LIVING_ROOM_SCENE6_put_the_white_mug_on_the_plate_and_put_the_chocolate_pudding_to_the_right_of_the_plate,Sensor Noise,,initstate_0,,,,noise_17,,view_0
LIVING_ROOM_SCENE6_put_the_white_mug_on_the_plate_and_put_the_chocolate_pudding_to_the_right_of_the_plate_view_0_0_100_0_0_initstate_0_noise_19,LIVING_ROOM_SCENE6_put_the_white_mug_on_the_plate_and_put_the_chocolate_pudding_to_the_right_of_the_plate,Sensor Noise,,initstate_0,,,,noise_19,,view_0
LIVING_ROOM_SCENE6_put_the_white_mug_on_the_plate_and_put_the_chocolate_pudding_to_the_right_of_the_plate_view_0_0_100_0_0_initstate_0_noise_20,LIVING_ROOM_SCENE6_put_the_white_mug_on_the_plate_and_put_the_chocolate_pudding_to_the_right_of_the_plate,Sensor Noise,,initstate_0,,,,noise_20,,view_0
LIVING_ROOM_SCENE6_put_the_white_mug_on_the_plate_and_put_the_chocolate_pudding_to_the_right_of_the_plate_view_0_0_100_0_0_initstate_0_noise_21,LIVING_ROOM_SCENE6_put_the_white_mug_on_the_plate_and_put_the_chocolate_pudding_to_the_right_of_the_plate,Sensor Noise,,initstate_0,,,,noise_21,,view_0
LIVING_ROOM_SCENE6_put_the_white_mug_on_the_plate_and_put_the_chocolate_pudding_to_the_right_of_the_plate_view_0_0_100_0_0_initstate_0_noise_23,LIVING_ROOM_SCENE6_put_the_white_mug_on_the_plate_and_put_the_chocolate_pudding_to_the_right_of_the_plate,Sensor Noise,,initstate_0,,,,noise_23,,view_0
LIVING_ROOM_SCENE6_put_the_white_mug_on_the_plate_and_put_the_chocolate_pudding_to_the_right_of_the_plate_view_0_0_100_0_0_initstate_0_noise_25,LIVING_ROOM_SCENE6_put_the_white_mug_on_the_plate_and_put_the_chocolate_pudding_to_the_right_of_the_plate,Sensor Noise,,initstate_0,,,,noise_25,,view_0
LIVING_ROOM_SCENE6_put_the_white_mug_on_the_plate_and_put_the_chocolate_pudding_to_the_right_of_the_plate_view_0_0_100_0_0_initstate_0_noise_26,LIVING_ROOM_SCENE6_put_the_white_mug_on_the_plate_and_put_the_chocolate_pudding_to_the_right_of_the_plate,Sensor Noise,,initstate_0,,,,noise_26,,view_0
LIVING_ROOM_SCENE6_put_the_white_mug_on_the_plate_and_put_the_chocolate_pudding_to_the_right_of_the_plate_view_0_0_100_0_0_initstate_0_noise_27,LIVING_ROOM_SCENE6_put_the_white_mug_on_the_plate_and_put_the_chocolate_pudding_to_the_right_of_the_plate,Sensor Noise,,initstate_0,,,,noise_27,,view_0
LIVING_ROOM_SCENE6_put_the_white_mug_on_the_plate_and_put_the_chocolate_pudding_to_the_right_of_the_plate_view_0_0_100_0_0_initstate_0_noise_28,LIVING_ROOM_SCENE6_put_the_white_mug_on_the_plate_and_put_the_chocolate_pudding_to_the_right_of_the_plate,Sensor Noise,,initstate_0,,,,noise_28,,view_0
LIVING_ROOM_SCENE6_put_the_white_mug_on_the_plate_and_put_the_chocolate_pudding_to_the_right_of_the_plate_view_0_0_100_0_0_initstate_0_noise_29,LIVING_ROOM_SCENE6_put_the_white_mug_on_the_plate_and_put_the_chocolate_pudding_to_the_right_of_the_plate,Sensor Noise,,initstate_0,,,,noise_29,,view_0
LIVING_ROOM_SCENE6_put_the_white_mug_on_the_plate_and_put_the_chocolate_pudding_to_the_right_of_the_plate_view_0_0_100_0_0_initstate_0_noise_30,LIVING_ROOM_SCENE6_put_the_white_mug_on_the_plate_and_put_the_chocolate_pudding_to_the_right_of_the_plate,Sensor Noise,,initstate_0,,,,noise_30,,view_0
LIVING_ROOM_SCENE6_put_the_white_mug_on_the_plate_and_put_the_chocolate_pudding_to_the_right_of_the_plate_view_0_0_100_0_0_initstate_0_noise_31,LIVING_ROOM_SCENE6_put_the_white_mug_on_the_plate_and_put_the_chocolate_pudding_to_the_right_of_the_plate,Sensor Noise,,initstate_0,,,,noise_31,,view_0
LIVING_ROOM_SCENE6_put_the_white_mug_on_the_plate_and_put_the_chocolate_pudding_to_the_right_of_the_plate_view_0_0_100_0_0_initstate_0_noise_32,LIVING_ROOM_SCENE6_put_the_white_mug_on_the_plate_and_put_the_chocolate_pudding_to_the_right_of_the_plate,Sensor Noise,,initstate_0,,,,noise_32,,view_0
LIVING_ROOM_SCENE6_put_the_white_mug_on_the_plate_and_put_the_chocolate_pudding_to_the_right_of_the_plate_view_0_0_100_0_0_initstate_0_noise_33,LIVING_ROOM_SCENE6_put_the_white_mug_on_the_plate_and_put_the_chocolate_pudding_to_the_right_of_the_plate,Sensor Noise,,initstate_0,,,,noise_33,,view_0
LIVING_ROOM_SCENE6_put_the_white_mug_on_the_plate_and_put_the_chocolate_pudding_to_the_right_of_the_plate_view_0_0_100_0_0_initstate_0_noise_34,LIVING_ROOM_SCENE6_put_the_white_mug_on_the_plate_and_put_the_chocolate_pudding_to_the_right_of_the_plate,Sensor Noise,,initstate_0,,,,noise_34,,view_0
LIVING_ROOM_SCENE6_put_the_white_mug_on_the_plate_and_put_the_chocolate_pudding_to_the_right_of_the_plate_view_0_0_100_0_0_initstate_0_noise_35,LIVING_ROOM_SCENE6_put_the_white_mug_on_the_plate_and_put_the_chocolate_pudding_to_the_right_of_the_plate,Sensor Noise,,initstate_0,,,,noise_35,,view_0
LIVING_ROOM_SCENE6_put_the_white_mug_on_the_plate_and_put_the_chocolate_pudding_to_the_right_of_the_plate_view_0_0_100_0_0_initstate_0_noise_36,LIVING_ROOM_SCENE6_put_the_white_mug_on_the_plate_and_put_the_chocolate_pudding_to_the_right_of_the_plate,Sensor Noise,,initstate_0,,,,noise_36,,view_0
LIVING_ROOM_SCENE6_put_the_white_mug_on_the_plate_and_put_the_chocolate_pudding_to_the_right_of_the_plate_view_0_0_100_0_0_initstate_0_noise_37,LIVING_ROOM_SCENE6_put_the_white_mug_on_the_plate_and_put_the_chocolate_pudding_to_the_right_of_the_plate,Sensor Noise,,initstate_0,,,,noise_37,,view_0
LIVING_ROOM_SCENE6_put_the_white_mug_on_the_plate_and_put_the_chocolate_pudding_to_the_right_of_the_plate_view_0_0_100_0_0_initstate_0_noise_39,LIVING_ROOM_SCENE6_put_the_white_mug_on_the_plate_and_put_the_chocolate_pudding_to_the_right_of_the_plate,Sensor Noise,,initstate_0,,,,noise_39,,view_0
LIVING_ROOM_SCENE6_put_the_white_mug_on_the_plate_and_put_the_chocolate_pudding_to_the_right_of_the_plate_view_0_0_100_0_0_initstate_0_noise_40,LIVING_ROOM_SCENE6_put_the_white_mug_on_the_plate_and_put_the_chocolate_pudding_to_the_right_of_the_plate,Sensor Noise,,initstate_0,,,,noise_40,,view_0
LIVING_ROOM_SCENE6_put_the_white_mug_on_the_plate_and_put_the_chocolate_pudding_to_the_right_of_the_plate_view_0_0_100_0_0_initstate_0_noise_41,LIVING_ROOM_SCENE6_put_the_white_mug_on_the_plate_and_put_the_chocolate_pudding_to_the_right_of_the_plate,Sensor Noise,,initstate_0,,,,noise_41,,view_0
LIVING_ROOM_SCENE6_put_the_white_mug_on_the_plate_and_put_the_chocolate_pudding_to_the_right_of_the_plate_view_0_0_100_0_0_initstate_0_noise_42,LIVING_ROOM_SCENE6_put_the_white_mug_on_the_plate_and_put_the_chocolate_pudding_to_the_right_of_the_plate,Sensor Noise,,initstate_0,,,,noise_42,,view_0
LIVING_ROOM_SCENE6_put_the_white_mug_on_the_plate_and_put_the_chocolate_pudding_to_the_right_of_the_plate_view_0_0_100_0_0_initstate_0_noise_43,LIVING_ROOM_SCENE6_put_the_white_mug_on_the_plate_and_put_the_chocolate_pudding_to_the_right_of_the_plate,Sensor Noise,,initstate_0,,,,noise_43,,view_0
LIVING_ROOM_SCENE6_put_the_white_mug_on_the_plate_and_put_the_chocolate_pudding_to_the_right_of_the_plate_view_0_0_100_0_0_initstate_0_noise_44,LIVING_ROOM_SCENE6_put_the_white_mug_on_the_plate_and_put_the_chocolate_pudding_to_the_right_of_the_plate,Sensor Noise,,initstate_0,,,,noise_44,,view_0
LIVING_ROOM_SCENE6_put_the_white_mug_on_the_plate_and_put_the_chocolate_pudding_to_the_right_of_the_plate_view_0_0_100_0_0_initstate_0_noise_45,LIVING_ROOM_SCENE6_put_the_white_mug_on_the_plate_and_put_the_chocolate_pudding_to_the_right_of_the_plate,Sensor Noise,,initstate_0,,,,noise_45,,view_0
LIVING_ROOM_SCENE6_put_the_white_mug_on_the_plate_and_put_the_chocolate_pudding_to_the_right_of_the_plate_view_0_0_100_0_0_initstate_0_noise_46,LIVING_ROOM_SCENE6_put_the_white_mug_on_the_plate_and_put_the_chocolate_pudding_to_the_right_of_the_plate,Sensor Noise,,initstate_0,,,,noise_46,,view_0
LIVING_ROOM_SCENE6_put_the_white_mug_on_the_plate_and_put_the_chocolate_pudding_to_the_right_of_the_plate_view_0_0_100_0_0_initstate_0_noise_47,LIVING_ROOM_SCENE6_put_the_white_mug_on_the_plate_and_put_the_chocolate_pudding_to_the_right_of_the_plate,Sensor Noise,,initstate_0,,,,noise_47,,view_0
LIVING_ROOM_SCENE6_put_the_white_mug_on_the_plate_and_put_the_chocolate_pudding_to_the_right_of_the_plate_view_0_0_100_0_0_initstate_0_noise_48,LIVING_ROOM_SCENE6_put_the_white_mug_on_the_plate_and_put_the_chocolate_pudding_to_the_right_of_the_plate,Sensor Noise,,initstate_0,,,,noise_48,,view_0
LIVING_ROOM_SCENE6_put_the_white_mug_on_the_plate_and_put_the_chocolate_pudding_to_the_right_of_the_plate_view_0_0_100_0_0_initstate_0_noise_49,LIVING_ROOM_SCENE6_put_the_white_mug_on_the_plate_and_put_the_chocolate_pudding_to_the_right_of_the_plate,Sensor Noise,,initstate_0,,,,noise_49,,view_0
LIVING_ROOM_SCENE6_put_the_white_mug_on_the_plate_and_put_the_chocolate_pudding_to_the_right_of_the_plate_view_0_0_100_0_0_initstate_0_noise_50,LIVING_ROOM_SCENE6_put_the_white_mug_on_the_plate_and_put_the_chocolate_pudding_to_the_right_of_the_plate,Sensor Noise,,initstate_0,,,,noise_50,,view_0
LIVING_ROOM_SCENE6_put_the_white_mug_on_the_plate_and_put_the_chocolate_pudding_to_the_right_of_the_plate_add_12,LIVING_ROOM_SCENE6_put_the_white_mug_on_the_plate_and_put_the_chocolate_pudding_to_the_right_of_the_plate,Objects Layout,add_12,,,,,,,
LIVING_ROOM_SCENE6_put_the_white_mug_on_the_plate_and_put_the_chocolate_pudding_to_the_right_of_the_plate_add_13,LIVING_ROOM_SCENE6_put_the_white_mug_on_the_plate_and_put_the_chocolate_pudding_to_the_right_of_the_plate,Objects Layout,add_13,,,,,,,
LIVING_ROOM_SCENE6_put_the_white_mug_on_the_plate_and_put_the_chocolate_pudding_to_the_right_of_the_plate_add_14,LIVING_ROOM_SCENE6_put_the_white_mug_on_the_plate_and_put_the_chocolate_pudding_to_the_right_of_the_plate,Objects Layout,add_14,,,,,,,
LIVING_ROOM_SCENE6_put_the_white_mug_on_the_plate_and_put_the_chocolate_pudding_to_the_right_of_the_plate_add_15,LIVING_ROOM_SCENE6_put_the_white_mug_on_the_plate_and_put_the_chocolate_pudding_to_the_right_of_the_plate,Objects Layout,add_15,,,,,,,
LIVING_ROOM_SCENE6_put_the_white_mug_on_the_plate_and_put_the_chocolate_pudding_to_the_right_of_the_plate_add_16,LIVING_ROOM_SCENE6_put_the_white_mug_on_the_plate_and_put_the_chocolate_pudding_to_the_right_of_the_plate,Objects Layout,add_16,,,,,,,
LIVING_ROOM_SCENE6_put_the_white_mug_on_the_plate_and_put_the_chocolate_pudding_to_the_right_of_the_plate_add_17,LIVING_ROOM_SCENE6_put_the_white_mug_on_the_plate_and_put_the_chocolate_pudding_to_the_right_of_the_plate,Objects Layout,add_17,,,,,,,
LIVING_ROOM_SCENE6_put_the_white_mug_on_the_plate_and_put_the_chocolate_pudding_to_the_right_of_the_plate_add_19,LIVING_ROOM_SCENE6_put_the_white_mug_on_the_plate_and_put_the_chocolate_pudding_to_the_right_of_the_plate,Objects Layout,add_19,,,,,,,
LIVING_ROOM_SCENE6_put_the_white_mug_on_the_plate_and_put_the_chocolate_pudding_to_the_right_of_the_plate_add_20,LIVING_ROOM_SCENE6_put_the_white_mug_on_the_plate_and_put_the_chocolate_pudding_to_the_right_of_the_plate,Objects Layout,add_20,,,,,,,
LIVING_ROOM_SCENE6_put_the_white_mug_on_the_plate_and_put_the_chocolate_pudding_to_the_right_of_the_plate_add_21,LIVING_ROOM_SCENE6_put_the_white_mug_on_the_plate_and_put_the_chocolate_pudding_to_the_right_of_the_plate,Objects Layout,add_21,,,,,,,
LIVING_ROOM_SCENE6_put_the_white_mug_on_the_plate_and_put_the_chocolate_pudding_to_the_right_of_the_plate_add_22,LIVING_ROOM_SCENE6_put_the_white_mug_on_the_plate_and_put_the_chocolate_pudding_to_the_right_of_the_plate,Objects Layout,add_22,,,,,,,
LIVING_ROOM_SCENE6_put_the_white_mug_on_the_plate_and_put_the_chocolate_pudding_to_the_right_of_the_plate_add_24,LIVING_ROOM_SCENE6_put_the_white_mug_on_the_plate_and_put_the_chocolate_pudding_to_the_right_of_the_plate,Objects Layout,add_24,,,,,,,
LIVING_ROOM_SCENE6_put_the_white_mug_on_the_plate_and_put_the_chocolate_pudding_to_the_right_of_the_plate_add_25,LIVING_ROOM_SCENE6_put_the_white_mug_on_the_plate_and_put_the_chocolate_pudding_to_the_right_of_the_plate,Objects Layout,add_25,,,,,,,
LIVING_ROOM_SCENE6_put_the_white_mug_on_the_plate_and_put_the_chocolate_pudding_to_the_right_of_the_plate_add_27,LIVING_ROOM_SCENE6_put_the_white_mug_on_the_plate_and_put_the_chocolate_pudding_to_the_right_of_the_plate,Objects Layout,add_27,,,,,,,
LIVING_ROOM_SCENE6_put_the_white_mug_on_the_plate_and_put_the_chocolate_pudding_to_the_right_of_the_plate_add_29,LIVING_ROOM_SCENE6_put_the_white_mug_on_the_plate_and_put_the_chocolate_pudding_to_the_right_of_the_plate,Objects Layout,add_29,,,,,,,
LIVING_ROOM_SCENE6_put_the_white_mug_on_the_plate_and_put_the_chocolate_pudding_to_the_right_of_the_plate_add_4,LIVING_ROOM_SCENE6_put_the_white_mug_on_the_plate_and_put_the_chocolate_pudding_to_the_right_of_the_plate,Objects Layout,add_4,,,,,,,
LIVING_ROOM_SCENE6_put_the_white_mug_on_the_plate_and_put_the_chocolate_pudding_to_the_right_of_the_plate_add_5,LIVING_ROOM_SCENE6_put_the_white_mug_on_the_plate_and_put_the_chocolate_pudding_to_the_right_of_the_plate,Objects Layout,add_5,,,,,,,
LIVING_ROOM_SCENE6_put_the_white_mug_on_the_plate_and_put_the_chocolate_pudding_to_the_right_of_the_plate_add_7,LIVING_ROOM_SCENE6_put_the_white_mug_on_the_plate_and_put_the_chocolate_pudding_to_the_right_of_the_plate,Objects Layout,add_7,,,,,,,
LIVING_ROOM_SCENE6_put_the_white_mug_on_the_plate_and_put_the_chocolate_pudding_to_the_right_of_the_plate_add_9,LIVING_ROOM_SCENE6_put_the_white_mug_on_the_plate_and_put_the_chocolate_pudding_to_the_right_of_the_plate,Objects Layout,add_9,,,,,,,
LIVING_ROOM_SCENE6_put_the_white_mug_on_the_plate_and_put_the_chocolate_pudding_to_the_right_of_the_plate_level1_sample2,LIVING_ROOM_SCENE6_put_the_white_mug_on_the_plate_and_put_the_chocolate_pudding_to_the_right_of_the_plate,Objects Layout,,,,level1_sample2,,,,
LIVING_ROOM_SCENE6_put_the_white_mug_on_the_plate_and_put_the_chocolate_pudding_to_the_right_of_the_plate_level1_sample3,LIVING_ROOM_SCENE6_put_the_white_mug_on_the_plate_and_put_the_chocolate_pudding_to_the_right_of_the_plate,Objects Layout,,,,level1_sample3,,,,
LIVING_ROOM_SCENE6_put_the_white_mug_on_the_plate_and_put_the_chocolate_pudding_to_the_right_of_the_plate_level1_sample4,LIVING_ROOM_SCENE6_put_the_white_mug_on_the_plate_and_put_the_chocolate_pudding_to_the_right_of_the_plate,Objects Layout,,,,level1_sample4,,,,
LIVING_ROOM_SCENE6_put_the_white_mug_on_the_plate_and_put_the_chocolate_pudding_to_the_right_of_the_plate_level2_sample2,LIVING_ROOM_SCENE6_put_the_white_mug_on_the_plate_and_put_the_chocolate_pudding_to_the_right_of_the_plate,Objects Layout,,,,level2_sample2,,,,
LIVING_ROOM_SCENE6_put_the_white_mug_on_the_plate_and_put_the_chocolate_pudding_to_the_right_of_the_plate_level2_sample3,LIVING_ROOM_SCENE6_put_the_white_mug_on_the_plate_and_put_the_chocolate_pudding_to_the_right_of_the_plate,Objects Layout,,,,level2_sample3,,,,
LIVING_ROOM_SCENE6_put_the_white_mug_on_the_plate_and_put_the_chocolate_pudding_to_the_right_of_the_plate_level2_sample4,LIVING_ROOM_SCENE6_put_the_white_mug_on_the_plate_and_put_the_chocolate_pudding_to_the_right_of_the_plate,Objects Layout,,,,level2_sample4,,,,
LIVING_ROOM_SCENE6_put_the_white_mug_on_the_plate_and_put_the_chocolate_pudding_to_the_right_of_the_plate_level3_sample1,LIVING_ROOM_SCENE6_put_the_white_mug_on_the_plate_and_put_the_chocolate_pudding_to_the_right_of_the_plate,Objects Layout,,,,level3_sample1,,,,
LIVING_ROOM_SCENE6_put_the_white_mug_on_the_plate_and_put_the_chocolate_pudding_to_the_right_of_the_plate_level3_sample2,LIVING_ROOM_SCENE6_put_the_white_mug_on_the_plate_and_put_the_chocolate_pudding_to_the_right_of_the_plate,Objects Layout,,,,level3_sample2,,,,
LIVING_ROOM_SCENE6_put_the_white_mug_on_the_plate_and_put_the_chocolate_pudding_to_the_right_of_the_plate_level3_sample3,LIVING_ROOM_SCENE6_put_the_white_mug_on_the_plate_and_put_the_chocolate_pudding_to_the_right_of_the_plate,Objects Layout,,,,level3_sample3,,,,
LIVING_ROOM_SCENE6_put_the_white_mug_on_the_plate_and_put_the_chocolate_pudding_to_the_right_of_the_plate_level3_sample4,LIVING_ROOM_SCENE6_put_the_white_mug_on_the_plate_and_put_the_chocolate_pudding_to_the_right_of_the_plate,Objects Layout,,,,level3_sample4,,,,
LIVING_ROOM_SCENE6_put_the_white_mug_on_the_plate_and_put_the_chocolate_pudding_to_the_right_of_the_plate_level4_sample1,LIVING_ROOM_SCENE6_put_the_white_mug_on_the_plate_and_put_the_chocolate_pudding_to_the_right_of_the_plate,Objects Layout,,,,level4_sample1,,,,
LIVING_ROOM_SCENE6_put_the_white_mug_on_the_plate_and_put_the_chocolate_pudding_to_the_right_of_the_plate_level4_sample2,LIVING_ROOM_SCENE6_put_the_white_mug_on_the_plate_and_put_the_chocolate_pudding_to_the_right_of_the_plate,Objects Layout,,,,level4_sample2,,,,
LIVING_ROOM_SCENE6_put_the_white_mug_on_the_plate_and_put_the_chocolate_pudding_to_the_right_of_the_plate_level4_sample3,LIVING_ROOM_SCENE6_put_the_white_mug_on_the_plate_and_put_the_chocolate_pudding_to_the_right_of_the_plate,Objects Layout,,,,level4_sample3,,,,
LIVING_ROOM_SCENE6_put_the_white_mug_on_the_plate_and_put_the_chocolate_pudding_to_the_right_of_the_plate_level4_sample4,LIVING_ROOM_SCENE6_put_the_white_mug_on_the_plate_and_put_the_chocolate_pudding_to_the_right_of_the_plate,Objects Layout,,,,level4_sample4,,,,
LIVING_ROOM_SCENE6_put_the_white_mug_on_the_plate_and_put_the_chocolate_pudding_to_the_right_of_the_plate_level5_sample1,LIVING_ROOM_SCENE6_put_the_white_mug_on_the_plate_and_put_the_chocolate_pudding_to_the_right_of_the_plate,Objects Layout,,,,level5_sample1,,,,
LIVING_ROOM_SCENE6_put_the_white_mug_on_the_plate_and_put_the_chocolate_pudding_to_the_right_of_the_plate_level5_sample2,LIVING_ROOM_SCENE6_put_the_white_mug_on_the_plate_and_put_the_chocolate_pudding_to_the_right_of_the_plate,Objects Layout,,,,level5_sample2,,,,
LIVING_ROOM_SCENE6_put_the_white_mug_on_the_plate_and_put_the_chocolate_pudding_to_the_right_of_the_plate_level5_sample4,LIVING_ROOM_SCENE6_put_the_white_mug_on_the_plate_and_put_the_chocolate_pudding_to_the_right_of_the_plate,Objects Layout,,,,level5_sample4,,,,
LIVING_ROOM_SCENE6_put_the_white_mug_on_the_plate_and_put_the_chocolate_pudding_to_the_right_of_the_plate_light_10,LIVING_ROOM_SCENE6_put_the_white_mug_on_the_plate_and_put_the_chocolate_pudding_to_the_right_of_the_plate,Light Conditions,,,,,light_10,,,
LIVING_ROOM_SCENE6_put_the_white_mug_on_the_plate_and_put_the_chocolate_pudding_to_the_right_of_the_plate_light_11,LIVING_ROOM_SCENE6_put_the_white_mug_on_the_plate_and_put_the_chocolate_pudding_to_the_right_of_the_plate,Light Conditions,,,,,light_11,,,
LIVING_ROOM_SCENE6_put_the_white_mug_on_the_plate_and_put_the_chocolate_pudding_to_the_right_of_the_plate_light_13,LIVING_ROOM_SCENE6_put_the_white_mug_on_the_plate_and_put_the_chocolate_pudding_to_the_right_of_the_plate,Light Conditions,,,,,light_13,,,
LIVING_ROOM_SCENE6_put_the_white_mug_on_the_plate_and_put_the_chocolate_pudding_to_the_right_of_the_plate_light_14,LIVING_ROOM_SCENE6_put_the_white_mug_on_the_plate_and_put_the_chocolate_pudding_to_the_right_of_the_plate,Light Conditions,,,,,light_14,,,
LIVING_ROOM_SCENE6_put_the_white_mug_on_the_plate_and_put_the_chocolate_pudding_to_the_right_of_the_plate_light_15,LIVING_ROOM_SCENE6_put_the_white_mug_on_the_plate_and_put_the_chocolate_pudding_to_the_right_of_the_plate,Light Conditions,,,,,light_15,,,
LIVING_ROOM_SCENE6_put_the_white_mug_on_the_plate_and_put_the_chocolate_pudding_to_the_right_of_the_plate_light_16,LIVING_ROOM_SCENE6_put_the_white_mug_on_the_plate_and_put_the_chocolate_pudding_to_the_right_of_the_plate,Light Conditions,,,,,light_16,,,
LIVING_ROOM_SCENE6_put_the_white_mug_on_the_plate_and_put_the_chocolate_pudding_to_the_right_of_the_plate_light_18,LIVING_ROOM_SCENE6_put_the_white_mug_on_the_plate_and_put_the_chocolate_pudding_to_the_right_of_the_plate,Light Conditions,,,,,light_18,,,
LIVING_ROOM_SCENE6_put_the_white_mug_on_the_plate_and_put_the_chocolate_pudding_to_the_right_of_the_plate_light_19,LIVING_ROOM_SCENE6_put_the_white_mug_on_the_plate_and_put_the_chocolate_pudding_to_the_right_of_the_plate,Light Conditions,,,,,light_19,,,
LIVING_ROOM_SCENE6_put_the_white_mug_on_the_plate_and_put_the_chocolate_pudding_to_the_right_of_the_plate_light_2,LIVING_ROOM_SCENE6_put_the_white_mug_on_the_plate_and_put_the_chocolate_pudding_to_the_right_of_the_plate,Light Conditions,,,,,light_2,,,
LIVING_ROOM_SCENE6_put_the_white_mug_on_the_plate_and_put_the_chocolate_pudding_to_the_right_of_the_plate_light_21,LIVING_ROOM_SCENE6_put_the_white_mug_on_the_plate_and_put_the_chocolate_pudding_to_the_right_of_the_plate,Light Conditions,,,,,light_21,,,
LIVING_ROOM_SCENE6_put_the_white_mug_on_the_plate_and_put_the_chocolate_pudding_to_the_right_of_the_plate_light_22,LIVING_ROOM_SCENE6_put_the_white_mug_on_the_plate_and_put_the_chocolate_pudding_to_the_right_of_the_plate,Light Conditions,,,,,light_22,,,
LIVING_ROOM_SCENE6_put_the_white_mug_on_the_plate_and_put_the_chocolate_pudding_to_the_right_of_the_plate_light_23,LIVING_ROOM_SCENE6_put_the_white_mug_on_the_plate_and_put_the_chocolate_pudding_to_the_right_of_the_plate,Light Conditions,,,,,light_23,,,
LIVING_ROOM_SCENE6_put_the_white_mug_on_the_plate_and_put_the_chocolate_pudding_to_the_right_of_the_plate_light_3,LIVING_ROOM_SCENE6_put_the_white_mug_on_the_plate_and_put_the_chocolate_pudding_to_the_right_of_the_plate,Light Conditions,,,,,light_3,,,
LIVING_ROOM_SCENE6_put_the_white_mug_on_the_plate_and_put_the_chocolate_pudding_to_the_right_of_the_plate_light_30,LIVING_ROOM_SCENE6_put_the_white_mug_on_the_plate_and_put_the_chocolate_pudding_to_the_right_of_the_plate,Light Conditions,,,,,light_30,,,
LIVING_ROOM_SCENE6_put_the_white_mug_on_the_plate_and_put_the_chocolate_pudding_to_the_right_of_the_plate_light_32,LIVING_ROOM_SCENE6_put_the_white_mug_on_the_plate_and_put_the_chocolate_pudding_to_the_right_of_the_plate,Light Conditions,,,,,light_32,,,
LIVING_ROOM_SCENE6_put_the_white_mug_on_the_plate_and_put_the_chocolate_pudding_to_the_right_of_the_plate_light_33,LIVING_ROOM_SCENE6_put_the_white_mug_on_the_plate_and_put_the_chocolate_pudding_to_the_right_of_the_plate,Light Conditions,,,,,light_33,,,
LIVING_ROOM_SCENE6_put_the_white_mug_on_the_plate_and_put_the_chocolate_pudding_to_the_right_of_the_plate_light_34,LIVING_ROOM_SCENE6_put_the_white_mug_on_the_plate_and_put_the_chocolate_pudding_to_the_right_of_the_plate,Light Conditions,,,,,light_34,,,
LIVING_ROOM_SCENE6_put_the_white_mug_on_the_plate_and_put_the_chocolate_pudding_to_the_right_of_the_plate_light_35,LIVING_ROOM_SCENE6_put_the_white_mug_on_the_plate_and_put_the_chocolate_pudding_to_the_right_of_the_plate,Light Conditions,,,,,light_35,,,
LIVING_ROOM_SCENE6_put_the_white_mug_on_the_plate_and_put_the_chocolate_pudding_to_the_right_of_the_plate_light_36,LIVING_ROOM_SCENE6_put_the_white_mug_on_the_plate_and_put_the_chocolate_pudding_to_the_right_of_the_plate,Light Conditions,,,,,light_36,,,
LIVING_ROOM_SCENE6_put_the_white_mug_on_the_plate_and_put_the_chocolate_pudding_to_the_right_of_the_plate_light_37,LIVING_ROOM_SCENE6_put_the_white_mug_on_the_plate_and_put_the_chocolate_pudding_to_the_right_of_the_plate,Light Conditions,,,,,light_37,,,
LIVING_ROOM_SCENE6_put_the_white_mug_on_the_plate_and_put_the_chocolate_pudding_to_the_right_of_the_plate_light_38,LIVING_ROOM_SCENE6_put_the_white_mug_on_the_plate_and_put_the_chocolate_pudding_to_the_right_of_the_plate,Light Conditions,,,,,light_38,,,
LIVING_ROOM_SCENE6_put_the_white_mug_on_the_plate_and_put_the_chocolate_pudding_to_the_right_of_the_plate_light_39,LIVING_ROOM_SCENE6_put_the_white_mug_on_the_plate_and_put_the_chocolate_pudding_to_the_right_of_the_plate,Light Conditions,,,,,light_39,,,
LIVING_ROOM_SCENE6_put_the_white_mug_on_the_plate_and_put_the_chocolate_pudding_to_the_right_of_the_plate_light_4,LIVING_ROOM_SCENE6_put_the_white_mug_on_the_plate_and_put_the_chocolate_pudding_to_the_right_of_the_plate,Light Conditions,,,,,light_4,,,
LIVING_ROOM_SCENE6_put_the_white_mug_on_the_plate_and_put_the_chocolate_pudding_to_the_right_of_the_plate_light_40,LIVING_ROOM_SCENE6_put_the_white_mug_on_the_plate_and_put_the_chocolate_pudding_to_the_right_of_the_plate,Light Conditions,,,,,light_40,,,
LIVING_ROOM_SCENE6_put_the_white_mug_on_the_plate_and_put_the_chocolate_pudding_to_the_right_of_the_plate_light_43,LIVING_ROOM_SCENE6_put_the_white_mug_on_the_plate_and_put_the_chocolate_pudding_to_the_right_of_the_plate,Light Conditions,,,,,light_43,,,
LIVING_ROOM_SCENE6_put_the_white_mug_on_the_plate_and_put_the_chocolate_pudding_to_the_right_of_the_plate_light_44,LIVING_ROOM_SCENE6_put_the_white_mug_on_the_plate_and_put_the_chocolate_pudding_to_the_right_of_the_plate,Light Conditions,,,,,light_44,,,
LIVING_ROOM_SCENE6_put_the_white_mug_on_the_plate_and_put_the_chocolate_pudding_to_the_right_of_the_plate_light_45,LIVING_ROOM_SCENE6_put_the_white_mug_on_the_plate_and_put_the_chocolate_pudding_to_the_right_of_the_plate,Light Conditions,,,,,light_45,,,
LIVING_ROOM_SCENE6_put_the_white_mug_on_the_plate_and_put_the_chocolate_pudding_to_the_right_of_the_plate_light_48,LIVING_ROOM_SCENE6_put_the_white_mug_on_the_plate_and_put_the_chocolate_pudding_to_the_right_of_the_plate,Light Conditions,,,,,light_48,,,
LIVING_ROOM_SCENE6_put_the_white_mug_on_the_plate_and_put_the_chocolate_pudding_to_the_right_of_the_plate_light_49,LIVING_ROOM_SCENE6_put_the_white_mug_on_the_plate_and_put_the_chocolate_pudding_to_the_right_of_the_plate,Light Conditions,,,,,light_49,,,
LIVING_ROOM_SCENE6_put_the_white_mug_on_the_plate_and_put_the_chocolate_pudding_to_the_right_of_the_plate_light_5,LIVING_ROOM_SCENE6_put_the_white_mug_on_the_plate_and_put_the_chocolate_pudding_to_the_right_of_the_plate,Light Conditions,,,,,light_5,,,
LIVING_ROOM_SCENE6_put_the_white_mug_on_the_plate_and_put_the_chocolate_pudding_to_the_right_of_the_plate_light_50,LIVING_ROOM_SCENE6_put_the_white_mug_on_the_plate_and_put_the_chocolate_pudding_to_the_right_of_the_plate,Light Conditions,,,,,light_50,,,
STUDY_SCENE1_pick_up_the_book_and_place_it_in_the_back_compartment_of_the_caddy_table_1,STUDY_SCENE1_pick_up_the_book_and_place_it_in_the_back_compartment_of_the_caddy,Background Textures,,,,,,,table_1,
STUDY_SCENE1_pick_up_the_book_and_place_it_in_the_back_compartment_of_the_caddy_table_14,STUDY_SCENE1_pick_up_the_book_and_place_it_in_the_back_compartment_of_the_caddy,Background Textures,,,,,,,table_14,
STUDY_SCENE1_pick_up_the_book_and_place_it_in_the_back_compartment_of_the_caddy_table_17,STUDY_SCENE1_pick_up_the_book_and_place_it_in_the_back_compartment_of_the_caddy,Background Textures,,,,,,,table_17,
STUDY_SCENE1_pick_up_the_book_and_place_it_in_the_back_compartment_of_the_caddy_table_2,STUDY_SCENE1_pick_up_the_book_and_place_it_in_the_back_compartment_of_the_caddy,Background Textures,,,,,,,table_2,
STUDY_SCENE1_pick_up_the_book_and_place_it_in_the_back_compartment_of_the_caddy_table_23,STUDY_SCENE1_pick_up_the_book_and_place_it_in_the_back_compartment_of_the_caddy,Background Textures,,,,,,,table_23,
STUDY_SCENE1_pick_up_the_book_and_place_it_in_the_back_compartment_of_the_caddy_table_27,STUDY_SCENE1_pick_up_the_book_and_place_it_in_the_back_compartment_of_the_caddy,Background Textures,,,,,,,table_27,
STUDY_SCENE1_pick_up_the_book_and_place_it_in_the_back_compartment_of_the_caddy_table_28,STUDY_SCENE1_pick_up_the_book_and_place_it_in_the_back_compartment_of_the_caddy,Background Textures,,,,,,,table_28,
STUDY_SCENE1_pick_up_the_book_and_place_it_in_the_back_compartment_of_the_caddy_table_3,STUDY_SCENE1_pick_up_the_book_and_place_it_in_the_back_compartment_of_the_caddy,Background Textures,,,,,,,table_3,
STUDY_SCENE1_pick_up_the_book_and_place_it_in_the_back_compartment_of_the_caddy_table_4,STUDY_SCENE1_pick_up_the_book_and_place_it_in_the_back_compartment_of_the_caddy,Background Textures,,,,,,,table_4,
STUDY_SCENE1_pick_up_the_book_and_place_it_in_the_back_compartment_of_the_caddy_tb_1,STUDY_SCENE1_pick_up_the_book_and_place_it_in_the_back_compartment_of_the_caddy,Background Textures,,,,,,,tb_1,
STUDY_SCENE1_pick_up_the_book_and_place_it_in_the_back_compartment_of_the_caddy_tb_12,STUDY_SCENE1_pick_up_the_book_and_place_it_in_the_back_compartment_of_the_caddy,Background Textures,,,,,,,tb_12,
STUDY_SCENE1_pick_up_the_book_and_place_it_in_the_back_compartment_of_the_caddy_tb_17,STUDY_SCENE1_pick_up_the_book_and_place_it_in_the_back_compartment_of_the_caddy,Background Textures,,,,,,,tb_17,
STUDY_SCENE1_pick_up_the_book_and_place_it_in_the_back_compartment_of_the_caddy_tb_2,STUDY_SCENE1_pick_up_the_book_and_place_it_in_the_back_compartment_of_the_caddy,Background Textures,,,,,,,tb_2,
STUDY_SCENE1_pick_up_the_book_and_place_it_in_the_back_compartment_of_the_caddy_view_0_0_100_0_0_initstate_6,STUDY_SCENE1_pick_up_the_book_and_place_it_in_the_back_compartment_of_the_caddy,Robot Initial States,,initstate_6,,,,,,view_0
STUDY_SCENE1_pick_up_the_book_and_place_it_in_the_back_compartment_of_the_caddy_view_0_0_100_0_0_initstate_116,STUDY_SCENE1_pick_up_the_book_and_place_it_in_the_back_compartment_of_the_caddy,Robot Initial States,,initstate_116,,,,,,view_0
STUDY_SCENE1_pick_up_the_book_and_place_it_in_the_back_compartment_of_the_caddy_view_0_0_100_0_0_initstate_126,STUDY_SCENE1_pick_up_the_book_and_place_it_in_the_back_compartment_of_the_caddy,Robot Initial States,,initstate_126,,,,,,view_0
STUDY_SCENE1_pick_up_the_book_and_place_it_in_the_back_compartment_of_the_caddy_view_0_0_100_0_0_initstate_136,STUDY_SCENE1_pick_up_the_book_and_place_it_in_the_back_compartment_of_the_caddy,Robot Initial States,,initstate_136,,,,,,view_0
STUDY_SCENE1_pick_up_the_book_and_place_it_in_the_back_compartment_of_the_caddy_view_0_0_100_0_0_initstate_156,STUDY_SCENE1_pick_up_the_book_and_place_it_in_the_back_compartment_of_the_caddy,Robot Initial States,,initstate_156,,,,,,view_0
STUDY_SCENE1_pick_up_the_book_and_place_it_in_the_back_compartment_of_the_caddy_view_0_0_100_0_0_initstate_186,STUDY_SCENE1_pick_up_the_book_and_place_it_in_the_back_compartment_of_the_caddy,Robot Initial States,,initstate_186,,,,,,view_0
STUDY_SCENE1_pick_up_the_book_and_place_it_in_the_back_compartment_of_the_caddy_view_0_0_100_0_0_initstate_196,STUDY_SCENE1_pick_up_the_book_and_place_it_in_the_back_compartment_of_the_caddy,Robot Initial States,,initstate_196,,,,,,view_0
STUDY_SCENE1_pick_up_the_book_and_place_it_in_the_back_compartment_of_the_caddy_view_0_0_100_0_0_initstate_206,STUDY_SCENE1_pick_up_the_book_and_place_it_in_the_back_compartment_of_the_caddy,Robot Initial States,,initstate_206,,,,,,view_0
STUDY_SCENE1_pick_up_the_book_and_place_it_in_the_back_compartment_of_the_caddy_view_0_0_100_0_0_initstate_226,STUDY_SCENE1_pick_up_the_book_and_place_it_in_the_back_compartment_of_the_caddy,Robot Initial States,,initstate_226,,,,,,view_0
STUDY_SCENE1_pick_up_the_book_and_place_it_in_the_back_compartment_of_the_caddy_view_0_0_100_0_0_initstate_236,STUDY_SCENE1_pick_up_the_book_and_place_it_in_the_back_compartment_of_the_caddy,Robot Initial States,,initstate_236,,,,,,view_0
STUDY_SCENE1_pick_up_the_book_and_place_it_in_the_back_compartment_of_the_caddy_view_0_0_100_0_0_initstate_246,STUDY_SCENE1_pick_up_the_book_and_place_it_in_the_back_compartment_of_the_caddy,Robot Initial States,,initstate_246,,,,,,view_0
STUDY_SCENE1_pick_up_the_book_and_place_it_in_the_back_compartment_of_the_caddy_view_0_0_100_0_0_initstate_256,STUDY_SCENE1_pick_up_the_book_and_place_it_in_the_back_compartment_of_the_caddy,Robot Initial States,,initstate_256,,,,,,view_0
STUDY_SCENE1_pick_up_the_book_and_place_it_in_the_back_compartment_of_the_caddy_view_0_0_100_0_0_initstate_266,STUDY_SCENE1_pick_up_the_book_and_place_it_in_the_back_compartment_of_the_caddy,Robot Initial States,,initstate_266,,,,,,view_0
STUDY_SCENE1_pick_up_the_book_and_place_it_in_the_back_compartment_of_the_caddy_view_0_0_100_0_0_initstate_276,STUDY_SCENE1_pick_up_the_book_and_place_it_in_the_back_compartment_of_the_caddy,Robot Initial States,,initstate_276,,,,,,view_0
STUDY_SCENE1_pick_up_the_book_and_place_it_in_the_back_compartment_of_the_caddy_view_0_0_100_0_0_initstate_286,STUDY_SCENE1_pick_up_the_book_and_place_it_in_the_back_compartment_of_the_caddy,Robot Initial States,,initstate_286,,,,,,view_0
STUDY_SCENE1_pick_up_the_book_and_place_it_in_the_back_compartment_of_the_caddy_view_0_0_100_0_0_initstate_296,STUDY_SCENE1_pick_up_the_book_and_place_it_in_the_back_compartment_of_the_caddy,Robot Initial States,,initstate_296,,,,,,view_0
STUDY_SCENE1_pick_up_the_book_and_place_it_in_the_back_compartment_of_the_caddy_view_0_0_100_0_0_initstate_306,STUDY_SCENE1_pick_up_the_book_and_place_it_in_the_back_compartment_of_the_caddy,Robot Initial States,,initstate_306,,,,,,view_0
STUDY_SCENE1_pick_up_the_book_and_place_it_in_the_back_compartment_of_the_caddy_view_0_0_100_0_0_initstate_316,STUDY_SCENE1_pick_up_the_book_and_place_it_in_the_back_compartment_of_the_caddy,Robot Initial States,,initstate_316,,,,,,view_0
STUDY_SCENE1_pick_up_the_book_and_place_it_in_the_back_compartment_of_the_caddy_view_0_0_100_0_0_initstate_326,STUDY_SCENE1_pick_up_the_book_and_place_it_in_the_back_compartment_of_the_caddy,Robot Initial States,,initstate_326,,,,,,view_0
STUDY_SCENE1_pick_up_the_book_and_place_it_in_the_back_compartment_of_the_caddy_view_0_0_100_0_0_initstate_336,STUDY_SCENE1_pick_up_the_book_and_place_it_in_the_back_compartment_of_the_caddy,Robot Initial States,,initstate_336,,,,,,view_0
STUDY_SCENE1_pick_up_the_book_and_place_it_in_the_back_compartment_of_the_caddy_view_0_0_100_0_0_initstate_346,STUDY_SCENE1_pick_up_the_book_and_place_it_in_the_back_compartment_of_the_caddy,Robot Initial States,,initstate_346,,,,,,view_0
STUDY_SCENE1_pick_up_the_book_and_place_it_in_the_back_compartment_of_the_caddy_view_0_0_100_0_0_initstate_356,STUDY_SCENE1_pick_up_the_book_and_place_it_in_the_back_compartment_of_the_caddy,Robot Initial States,,initstate_356,,,,,,view_0
STUDY_SCENE1_pick_up_the_book_and_place_it_in_the_back_compartment_of_the_caddy_view_0_0_100_0_0_initstate_366,STUDY_SCENE1_pick_up_the_book_and_place_it_in_the_back_compartment_of_the_caddy,Robot Initial States,,initstate_366,,,,,,view_0
STUDY_SCENE1_pick_up_the_book_and_place_it_in_the_back_compartment_of_the_caddy_view_0_0_100_0_0_initstate_376,STUDY_SCENE1_pick_up_the_book_and_place_it_in_the_back_compartment_of_the_caddy,Robot Initial States,,initstate_376,,,,,,view_0
STUDY_SCENE1_pick_up_the_book_and_place_it_in_the_back_compartment_of_the_caddy_view_0_0_100_0_0_initstate_386,STUDY_SCENE1_pick_up_the_book_and_place_it_in_the_back_compartment_of_the_caddy,Robot Initial States,,initstate_386,,,,,,view_0
STUDY_SCENE1_pick_up_the_book_and_place_it_in_the_back_compartment_of_the_caddy_view_0_0_100_0_0_initstate_396,STUDY_SCENE1_pick_up_the_book_and_place_it_in_the_back_compartment_of_the_caddy,Robot Initial States,,initstate_396,,,,,,view_0
STUDY_SCENE1_pick_up_the_book_and_place_it_in_the_back_compartment_of_the_caddy_view_0_0_100_0_0_initstate_416,STUDY_SCENE1_pick_up_the_book_and_place_it_in_the_back_compartment_of_the_caddy,Robot Initial States,,initstate_416,,,,,,view_0
STUDY_SCENE1_pick_up_the_book_and_place_it_in_the_back_compartment_of_the_caddy_view_0_0_100_0_0_initstate_426,STUDY_SCENE1_pick_up_the_book_and_place_it_in_the_back_compartment_of_the_caddy,Robot Initial States,,initstate_426,,,,,,view_0
STUDY_SCENE1_pick_up_the_book_and_place_it_in_the_back_compartment_of_the_caddy_view_0_0_100_0_0_initstate_436,STUDY_SCENE1_pick_up_the_book_and_place_it_in_the_back_compartment_of_the_caddy,Robot Initial States,,initstate_436,,,,,,view_0
STUDY_SCENE1_pick_up_the_book_and_place_it_in_the_back_compartment_of_the_caddy_view_0_0_100_0_0_initstate_446,STUDY_SCENE1_pick_up_the_book_and_place_it_in_the_back_compartment_of_the_caddy,Robot Initial States,,initstate_446,,,,,,view_0
STUDY_SCENE1_pick_up_the_book_and_place_it_in_the_back_compartment_of_the_caddy_view_0_0_100_0_0_initstate_456,STUDY_SCENE1_pick_up_the_book_and_place_it_in_the_back_compartment_of_the_caddy,Robot Initial States,,initstate_456,,,,,,view_0
STUDY_SCENE1_pick_up_the_book_and_place_it_in_the_back_compartment_of_the_caddy_view_0_0_100_0_0_initstate_466,STUDY_SCENE1_pick_up_the_book_and_place_it_in_the_back_compartment_of_the_caddy,Robot Initial States,,initstate_466,,,,,,view_0
STUDY_SCENE1_pick_up_the_book_and_place_it_in_the_back_compartment_of_the_caddy_view_0_0_100_0_0_initstate_486,STUDY_SCENE1_pick_up_the_book_and_place_it_in_the_back_compartment_of_the_caddy,Robot Initial States,,initstate_486,,,,,,view_0
STUDY_SCENE1_pick_up_the_book_and_place_it_in_the_back_compartment_of_the_caddy_view_0_0_100_0_0_initstate_496,STUDY_SCENE1_pick_up_the_book_and_place_it_in_the_back_compartment_of_the_caddy,Robot Initial States,,initstate_496,,,,,,view_0
STUDY_SCENE1_pick_up_the_book_and_place_it_in_the_back_compartment_of_the_caddy_view_0_0_151_0_0_initstate_0,STUDY_SCENE1_pick_up_the_book_and_place_it_in_the_back_compartment_of_the_caddy,Camera Viewpoints,,initstate_0,,,,,,view_0
STUDY_SCENE1_pick_up_the_book_and_place_it_in_the_back_compartment_of_the_caddy_view_0_0_152_0_0_initstate_0,STUDY_SCENE1_pick_up_the_book_and_place_it_in_the_back_compartment_of_the_caddy,Camera Viewpoints,,initstate_0,,,,,,view_0
STUDY_SCENE1_pick_up_the_book_and_place_it_in_the_back_compartment_of_the_caddy_view_0_0_153_0_0_initstate_0,STUDY_SCENE1_pick_up_the_book_and_place_it_in_the_back_compartment_of_the_caddy,Camera Viewpoints,,initstate_0,,,,,,view_0
STUDY_SCENE1_pick_up_the_book_and_place_it_in_the_back_compartment_of_the_caddy_view_0_0_154_0_0_initstate_0,STUDY_SCENE1_pick_up_the_book_and_place_it_in_the_back_compartment_of_the_caddy,Camera Viewpoints,,initstate_0,,,,,,view_0
STUDY_SCENE1_pick_up_the_book_and_place_it_in_the_back_compartment_of_the_caddy_view_0_0_155_0_0_initstate_0,STUDY_SCENE1_pick_up_the_book_and_place_it_in_the_back_compartment_of_the_caddy,Camera Viewpoints,,initstate_0,,,,,,view_0
STUDY_SCENE1_pick_up_the_book_and_place_it_in_the_back_compartment_of_the_caddy_view_0_0_156_0_0_initstate_0,STUDY_SCENE1_pick_up_the_book_and_place_it_in_the_back_compartment_of_the_caddy,Camera Viewpoints,,initstate_0,,,,,,view_0
STUDY_SCENE1_pick_up_the_book_and_place_it_in_the_back_compartment_of_the_caddy_view_0_0_157_0_0_initstate_0,STUDY_SCENE1_pick_up_the_book_and_place_it_in_the_back_compartment_of_the_caddy,Camera Viewpoints,,initstate_0,,,,,,view_0
STUDY_SCENE1_pick_up_the_book_and_place_it_in_the_back_compartment_of_the_caddy_view_0_0_158_0_0_initstate_0,STUDY_SCENE1_pick_up_the_book_and_place_it_in_the_back_compartment_of_the_caddy,Camera Viewpoints,,initstate_0,,,,,,view_0
STUDY_SCENE1_pick_up_the_book_and_place_it_in_the_back_compartment_of_the_caddy_view_0_0_159_0_0_initstate_0,STUDY_SCENE1_pick_up_the_book_and_place_it_in_the_back_compartment_of_the_caddy,Camera Viewpoints,,initstate_0,,,,,,view_0
STUDY_SCENE1_pick_up_the_book_and_place_it_in_the_back_compartment_of_the_caddy_view_0_0_160_0_0_initstate_0,STUDY_SCENE1_pick_up_the_book_and_place_it_in_the_back_compartment_of_the_caddy,Camera Viewpoints,,initstate_0,,,,,,view_0
STUDY_SCENE1_pick_up_the_book_and_place_it_in_the_back_compartment_of_the_caddy_view_0_0_100_350_4_initstate_0,STUDY_SCENE1_pick_up_the_book_and_place_it_in_the_back_compartment_of_the_caddy,Camera Viewpoints,,initstate_0,,,,,,view_0
STUDY_SCENE1_pick_up_the_book_and_place_it_in_the_back_compartment_of_the_caddy_view_0_0_100_350_6_initstate_0,STUDY_SCENE1_pick_up_the_book_and_place_it_in_the_back_compartment_of_the_caddy,Camera Viewpoints,,initstate_0,,,,,,view_0
STUDY_SCENE1_pick_up_the_book_and_place_it_in_the_back_compartment_of_the_caddy_view_0_0_100_350_8_initstate_0,STUDY_SCENE1_pick_up_the_book_and_place_it_in_the_back_compartment_of_the_caddy,Camera Viewpoints,,initstate_0,,,,,,view_0
STUDY_SCENE1_pick_up_the_book_and_place_it_in_the_back_compartment_of_the_caddy_view_0_0_100_350_10_initstate_0,STUDY_SCENE1_pick_up_the_book_and_place_it_in_the_back_compartment_of_the_caddy,Camera Viewpoints,,initstate_0,,,,,,view_0
STUDY_SCENE1_pick_up_the_book_and_place_it_in_the_back_compartment_of_the_caddy_view_0_0_100_350_350_initstate_0,STUDY_SCENE1_pick_up_the_book_and_place_it_in_the_back_compartment_of_the_caddy,Camera Viewpoints,,initstate_0,,,,,,view_0
STUDY_SCENE1_pick_up_the_book_and_place_it_in_the_back_compartment_of_the_caddy_view_0_0_100_350_352_initstate_0,STUDY_SCENE1_pick_up_the_book_and_place_it_in_the_back_compartment_of_the_caddy,Camera Viewpoints,,initstate_0,,,,,,view_0
STUDY_SCENE1_pick_up_the_book_and_place_it_in_the_back_compartment_of_the_caddy_view_0_0_100_350_354_initstate_0,STUDY_SCENE1_pick_up_the_book_and_place_it_in_the_back_compartment_of_the_caddy,Camera Viewpoints,,initstate_0,,,,,,view_0
STUDY_SCENE1_pick_up_the_book_and_place_it_in_the_back_compartment_of_the_caddy_view_0_0_100_350_356_initstate_0,STUDY_SCENE1_pick_up_the_book_and_place_it_in_the_back_compartment_of_the_caddy,Camera Viewpoints,,initstate_0,,,,,,view_0
STUDY_SCENE1_pick_up_the_book_and_place_it_in_the_back_compartment_of_the_caddy_view_0_0_100_350_358_initstate_0,STUDY_SCENE1_pick_up_the_book_and_place_it_in_the_back_compartment_of_the_caddy,Camera Viewpoints,,initstate_0,,,,,,view_0
STUDY_SCENE1_pick_up_the_book_and_place_it_in_the_back_compartment_of_the_caddy_view_285_0_100_0_0_initstate_0,STUDY_SCENE1_pick_up_the_book_and_place_it_in_the_back_compartment_of_the_caddy,Camera Viewpoints,,initstate_0,,,,,,view_285
STUDY_SCENE1_pick_up_the_book_and_place_it_in_the_back_compartment_of_the_caddy_view_285_15_100_0_0_initstate_0,STUDY_SCENE1_pick_up_the_book_and_place_it_in_the_back_compartment_of_the_caddy,Camera Viewpoints,,initstate_0,,,,,,view_285
STUDY_SCENE1_pick_up_the_book_and_place_it_in_the_back_compartment_of_the_caddy_view_286_0_100_0_0_initstate_0,STUDY_SCENE1_pick_up_the_book_and_place_it_in_the_back_compartment_of_the_caddy,Camera Viewpoints,,initstate_0,,,,,,view_286
STUDY_SCENE1_pick_up_the_book_and_place_it_in_the_back_compartment_of_the_caddy_view_286_15_100_0_0_initstate_0,STUDY_SCENE1_pick_up_the_book_and_place_it_in_the_back_compartment_of_the_caddy,Camera Viewpoints,,initstate_0,,,,,,view_286
STUDY_SCENE1_pick_up_the_book_and_place_it_in_the_back_compartment_of_the_caddy_view_287_0_100_0_0_initstate_0,STUDY_SCENE1_pick_up_the_book_and_place_it_in_the_back_compartment_of_the_caddy,Camera Viewpoints,,initstate_0,,,,,,view_287
STUDY_SCENE1_pick_up_the_book_and_place_it_in_the_back_compartment_of_the_caddy_view_287_15_100_0_0_initstate_0,STUDY_SCENE1_pick_up_the_book_and_place_it_in_the_back_compartment_of_the_caddy,Camera Viewpoints,,initstate_0,,,,,,view_287
STUDY_SCENE1_pick_up_the_book_and_place_it_in_the_back_compartment_of_the_caddy_view_288_0_100_0_0_initstate_0,STUDY_SCENE1_pick_up_the_book_and_place_it_in_the_back_compartment_of_the_caddy,Camera Viewpoints,,initstate_0,,,,,,view_288
STUDY_SCENE1_pick_up_the_book_and_place_it_in_the_back_compartment_of_the_caddy_view_288_15_100_0_0_initstate_0,STUDY_SCENE1_pick_up_the_book_and_place_it_in_the_back_compartment_of_the_caddy,Camera Viewpoints,,initstate_0,,,,,,view_288
STUDY_SCENE1_pick_up_the_book_and_place_it_in_the_back_compartment_of_the_caddy_view_289_0_100_0_0_initstate_0,STUDY_SCENE1_pick_up_the_book_and_place_it_in_the_back_compartment_of_the_caddy,Camera Viewpoints,,initstate_0,,,,,,view_289
STUDY_SCENE1_pick_up_the_book_and_place_it_in_the_back_compartment_of_the_caddy_view_289_15_100_0_0_initstate_0,STUDY_SCENE1_pick_up_the_book_and_place_it_in_the_back_compartment_of_the_caddy,Camera Viewpoints,,initstate_0,,,,,,view_289
STUDY_SCENE1_pick_up_the_book_and_place_it_in_the_back_compartment_of_the_caddy_view_290_0_100_0_0_initstate_0,STUDY_SCENE1_pick_up_the_book_and_place_it_in_the_back_compartment_of_the_caddy,Camera Viewpoints,,initstate_0,,,,,,view_290
STUDY_SCENE1_pick_up_the_book_and_place_it_in_the_back_compartment_of_the_caddy_view_290_15_100_0_0_initstate_0,STUDY_SCENE1_pick_up_the_book_and_place_it_in_the_back_compartment_of_the_caddy,Camera Viewpoints,,initstate_0,,,,,,view_290
STUDY_SCENE1_pick_up_the_book_and_place_it_in_the_back_compartment_of_the_caddy_view_291_0_100_0_0_initstate_0,STUDY_SCENE1_pick_up_the_book_and_place_it_in_the_back_compartment_of_the_caddy,Camera Viewpoints,,initstate_0,,,,,,view_291
STUDY_SCENE1_pick_up_the_book_and_place_it_in_the_back_compartment_of_the_caddy_view_292_15_100_0_0_initstate_0,STUDY_SCENE1_pick_up_the_book_and_place_it_in_the_back_compartment_of_the_caddy,Camera Viewpoints,,initstate_0,,,,,,view_292
STUDY_SCENE1_pick_up_the_book_and_place_it_in_the_back_compartment_of_the_caddy_view_293_0_100_0_0_initstate_0,STUDY_SCENE1_pick_up_the_book_and_place_it_in_the_back_compartment_of_the_caddy,Camera Viewpoints,,initstate_0,,,,,,view_293
STUDY_SCENE1_pick_up_the_book_and_place_it_in_the_back_compartment_of_the_caddy_view_293_15_100_0_0_initstate_0,STUDY_SCENE1_pick_up_the_book_and_place_it_in_the_back_compartment_of_the_caddy,Camera Viewpoints,,initstate_0,,,,,,view_293
STUDY_SCENE1_pick_up_the_book_and_place_it_in_the_back_compartment_of_the_caddy_view_294_0_100_0_0_initstate_0,STUDY_SCENE1_pick_up_the_book_and_place_it_in_the_back_compartment_of_the_caddy,Camera Viewpoints,,initstate_0,,,,,,view_294
STUDY_SCENE1_pick_up_the_book_and_place_it_in_the_back_compartment_of_the_caddy_view_294_15_100_0_0_initstate_0,STUDY_SCENE1_pick_up_the_book_and_place_it_in_the_back_compartment_of_the_caddy,Camera Viewpoints,,initstate_0,,,,,,view_294
STUDY_SCENE1_pick_up_the_book_and_place_it_in_the_back_compartment_of_the_caddy_view_295_0_100_0_0_initstate_0,STUDY_SCENE1_pick_up_the_book_and_place_it_in_the_back_compartment_of_the_caddy,Camera Viewpoints,,initstate_0,,,,,,view_295
STUDY_SCENE1_pick_up_the_book_and_place_it_in_the_back_compartment_of_the_caddy_view_295_15_100_0_0_initstate_0,STUDY_SCENE1_pick_up_the_book_and_place_it_in_the_back_compartment_of_the_caddy,Camera Viewpoints,,initstate_0,,,,,,view_295
STUDY_SCENE1_pick_up_the_book_and_place_it_in_the_back_compartment_of_the_caddy_view_296_0_100_0_0_initstate_0,STUDY_SCENE1_pick_up_the_book_and_place_it_in_the_back_compartment_of_the_caddy,Camera Viewpoints,,initstate_0,,,,,,view_296
STUDY_SCENE1_pick_up_the_book_and_place_it_in_the_back_compartment_of_the_caddy_view_296_15_100_0_0_initstate_0,STUDY_SCENE1_pick_up_the_book_and_place_it_in_the_back_compartment_of_the_caddy,Camera Viewpoints,,initstate_0,,,,,,view_296
STUDY_SCENE1_pick_up_the_book_and_place_it_in_the_back_compartment_of_the_caddy_view_297_0_100_0_0_initstate_0,STUDY_SCENE1_pick_up_the_book_and_place_it_in_the_back_compartment_of_the_caddy,Camera Viewpoints,,initstate_0,,,,,,view_297
STUDY_SCENE1_pick_up_the_book_and_place_it_in_the_back_compartment_of_the_caddy_view_297_15_100_0_0_initstate_0,STUDY_SCENE1_pick_up_the_book_and_place_it_in_the_back_compartment_of_the_caddy,Camera Viewpoints,,initstate_0,,,,,,view_297
STUDY_SCENE1_pick_up_the_book_and_place_it_in_the_back_compartment_of_the_caddy_view_298_0_100_0_0_initstate_0,STUDY_SCENE1_pick_up_the_book_and_place_it_in_the_back_compartment_of_the_caddy,Camera Viewpoints,,initstate_0,,,,,,view_298
STUDY_SCENE1_pick_up_the_book_and_place_it_in_the_back_compartment_of_the_caddy_view_298_15_100_0_0_initstate_0,STUDY_SCENE1_pick_up_the_book_and_place_it_in_the_back_compartment_of_the_caddy,Camera Viewpoints,,initstate_0,,,,,,view_298
STUDY_SCENE1_pick_up_the_book_and_place_it_in_the_back_compartment_of_the_caddy_view_299_0_100_0_0_initstate_0,STUDY_SCENE1_pick_up_the_book_and_place_it_in_the_back_compartment_of_the_caddy,Camera Viewpoints,,initstate_0,,,,,,view_299
STUDY_SCENE1_pick_up_the_book_and_place_it_in_the_back_compartment_of_the_caddy_language_1_view_0_0_100_0_0_initstate_0,STUDY_SCENE1_pick_up_the_book_and_place_it_in_the_back_compartment_of_the_caddy,Language Instructions,,initstate_0,language_1,,,,,view_0
STUDY_SCENE1_pick_up_the_book_and_place_it_in_the_back_compartment_of_the_caddy_language_5_view_0_0_100_0_0_initstate_0,STUDY_SCENE1_pick_up_the_book_and_place_it_in_the_back_compartment_of_the_caddy,Language Instructions,,initstate_0,language_5,,,,,view_0
STUDY_SCENE1_pick_up_the_book_and_place_it_in_the_back_compartment_of_the_caddy_language_6_view_0_0_100_0_0_initstate_0,STUDY_SCENE1_pick_up_the_book_and_place_it_in_the_back_compartment_of_the_caddy,Language Instructions,,initstate_0,language_6,,,,,view_0
STUDY_SCENE1_pick_up_the_book_and_place_it_in_the_back_compartment_of_the_caddy_language_8_view_0_0_100_0_0_initstate_0,STUDY_SCENE1_pick_up_the_book_and_place_it_in_the_back_compartment_of_the_caddy,Language Instructions,,initstate_0,language_8,,,,,view_0
STUDY_SCENE1_pick_up_the_book_and_place_it_in_the_back_compartment_of_the_caddy_language_9_view_0_0_100_0_0_initstate_0,STUDY_SCENE1_pick_up_the_book_and_place_it_in_the_back_compartment_of_the_caddy,Language Instructions,,initstate_0,language_9,,,,,view_0
STUDY_SCENE1_pick_up_the_book_and_place_it_in_the_back_compartment_of_the_caddy_language_10_view_0_0_100_0_0_initstate_0,STUDY_SCENE1_pick_up_the_book_and_place_it_in_the_back_compartment_of_the_caddy,Language Instructions,,initstate_0,language_10,,,,,view_0
STUDY_SCENE1_pick_up_the_book_and_place_it_in_the_back_compartment_of_the_caddy_language_11_view_0_0_100_0_0_initstate_0,STUDY_SCENE1_pick_up_the_book_and_place_it_in_the_back_compartment_of_the_caddy,Language Instructions,,initstate_0,language_11,,,,,view_0
STUDY_SCENE1_pick_up_the_book_and_place_it_in_the_back_compartment_of_the_caddy_language_14_view_0_0_100_0_0_initstate_0,STUDY_SCENE1_pick_up_the_book_and_place_it_in_the_back_compartment_of_the_caddy,Language Instructions,,initstate_0,language_14,,,,,view_0
STUDY_SCENE1_pick_up_the_book_and_place_it_in_the_back_compartment_of_the_caddy_language_15_view_0_0_100_0_0_initstate_0,STUDY_SCENE1_pick_up_the_book_and_place_it_in_the_back_compartment_of_the_caddy,Language Instructions,,initstate_0,language_15,,,,,view_0
STUDY_SCENE1_pick_up_the_book_and_place_it_in_the_back_compartment_of_the_caddy_language_16_view_0_0_100_0_0_initstate_0,STUDY_SCENE1_pick_up_the_book_and_place_it_in_the_back_compartment_of_the_caddy,Language Instructions,,initstate_0,language_16,,,,,view_0
STUDY_SCENE1_pick_up_the_book_and_place_it_in_the_back_compartment_of_the_caddy_language_18_view_0_0_100_0_0_initstate_0,STUDY_SCENE1_pick_up_the_book_and_place_it_in_the_back_compartment_of_the_caddy,Language Instructions,,initstate_0,language_18,,,,,view_0
STUDY_SCENE1_pick_up_the_book_and_place_it_in_the_back_compartment_of_the_caddy_language_19_view_0_0_100_0_0_initstate_0,STUDY_SCENE1_pick_up_the_book_and_place_it_in_the_back_compartment_of_the_caddy,Language Instructions,,initstate_0,language_19,,,,,view_0
STUDY_SCENE1_pick_up_the_book_and_place_it_in_the_back_compartment_of_the_caddy_language_20_view_0_0_100_0_0_initstate_0,STUDY_SCENE1_pick_up_the_book_and_place_it_in_the_back_compartment_of_the_caddy,Language Instructions,,initstate_0,language_20,,,,,view_0
STUDY_SCENE1_pick_up_the_book_and_place_it_in_the_back_compartment_of_the_caddy_language_22_view_0_0_100_0_0_initstate_0,STUDY_SCENE1_pick_up_the_book_and_place_it_in_the_back_compartment_of_the_caddy,Language Instructions,,initstate_0,language_22,,,,,view_0
STUDY_SCENE1_pick_up_the_book_and_place_it_in_the_back_compartment_of_the_caddy_language_25_view_0_0_100_0_0_initstate_0,STUDY_SCENE1_pick_up_the_book_and_place_it_in_the_back_compartment_of_the_caddy,Language Instructions,,initstate_0,language_25,,,,,view_0
STUDY_SCENE1_pick_up_the_book_and_place_it_in_the_back_compartment_of_the_caddy_language_27_view_0_0_100_0_0_initstate_0,STUDY_SCENE1_pick_up_the_book_and_place_it_in_the_back_compartment_of_the_caddy,Language Instructions,,initstate_0,language_27,,,,,view_0
STUDY_SCENE1_pick_up_the_book_and_place_it_in_the_back_compartment_of_the_caddy_language_28_view_0_0_100_0_0_initstate_0,STUDY_SCENE1_pick_up_the_book_and_place_it_in_the_back_compartment_of_the_caddy,Language Instructions,,initstate_0,language_28,,,,,view_0
STUDY_SCENE1_pick_up_the_book_and_place_it_in_the_back_compartment_of_the_caddy_language_29_view_0_0_100_0_0_initstate_0,STUDY_SCENE1_pick_up_the_book_and_place_it_in_the_back_compartment_of_the_caddy,Language Instructions,,initstate_0,language_29,,,,,view_0
STUDY_SCENE1_pick_up_the_book_and_place_it_in_the_back_compartment_of_the_caddy_language_30_view_0_0_100_0_0_initstate_0,STUDY_SCENE1_pick_up_the_book_and_place_it_in_the_back_compartment_of_the_caddy,Language Instructions,,initstate_0,language_30,,,,,view_0
STUDY_SCENE1_pick_up_the_book_and_place_it_in_the_back_compartment_of_the_caddy_language_31_view_0_0_100_0_0_initstate_0,STUDY_SCENE1_pick_up_the_book_and_place_it_in_the_back_compartment_of_the_caddy,Language Instructions,,initstate_0,language_31,,,,,view_0
STUDY_SCENE1_pick_up_the_book_and_place_it_in_the_back_compartment_of_the_caddy_language_32_view_0_0_100_0_0_initstate_0,STUDY_SCENE1_pick_up_the_book_and_place_it_in_the_back_compartment_of_the_caddy,Language Instructions,,initstate_0,language_32,,,,,view_0
STUDY_SCENE1_pick_up_the_book_and_place_it_in_the_back_compartment_of_the_caddy_language_34_view_0_0_100_0_0_initstate_0,STUDY_SCENE1_pick_up_the_book_and_place_it_in_the_back_compartment_of_the_caddy,Language Instructions,,initstate_0,language_34,,,,,view_0
STUDY_SCENE1_pick_up_the_book_and_place_it_in_the_back_compartment_of_the_caddy_language_35_view_0_0_100_0_0_initstate_0,STUDY_SCENE1_pick_up_the_book_and_place_it_in_the_back_compartment_of_the_caddy,Language Instructions,,initstate_0,language_35,,,,,view_0
STUDY_SCENE1_pick_up_the_book_and_place_it_in_the_back_compartment_of_the_caddy_language_36_view_0_0_100_0_0_initstate_0,STUDY_SCENE1_pick_up_the_book_and_place_it_in_the_back_compartment_of_the_caddy,Language Instructions,,initstate_0,language_36,,,,,view_0
STUDY_SCENE1_pick_up_the_book_and_place_it_in_the_back_compartment_of_the_caddy_language_43_view_0_0_100_0_0_initstate_0,STUDY_SCENE1_pick_up_the_book_and_place_it_in_the_back_compartment_of_the_caddy,Language Instructions,,initstate_0,language_43,,,,,view_0
STUDY_SCENE1_pick_up_the_book_and_place_it_in_the_back_compartment_of_the_caddy_language_46_view_0_0_100_0_0_initstate_0,STUDY_SCENE1_pick_up_the_book_and_place_it_in_the_back_compartment_of_the_caddy,Language Instructions,,initstate_0,language_46,,,,,view_0
STUDY_SCENE1_pick_up_the_book_and_place_it_in_the_back_compartment_of_the_caddy_language_48_view_0_0_100_0_0_initstate_0,STUDY_SCENE1_pick_up_the_book_and_place_it_in_the_back_compartment_of_the_caddy,Language Instructions,,initstate_0,language_48,,,,,view_0
STUDY_SCENE1_pick_up_the_book_and_place_it_in_the_back_compartment_of_the_caddy_language_50_view_0_0_100_0_0_initstate_0,STUDY_SCENE1_pick_up_the_book_and_place_it_in_the_back_compartment_of_the_caddy,Language Instructions,,initstate_0,language_50,,,,,view_0
STUDY_SCENE1_pick_up_the_book_and_place_it_in_the_back_compartment_of_the_caddy_view_0_0_100_0_0_initstate_0_noise_1,STUDY_SCENE1_pick_up_the_book_and_place_it_in_the_back_compartment_of_the_caddy,Sensor Noise,,initstate_0,,,,noise_1,,view_0
STUDY_SCENE1_pick_up_the_book_and_place_it_in_the_back_compartment_of_the_caddy_view_0_0_100_0_0_initstate_0_noise_2,STUDY_SCENE1_pick_up_the_book_and_place_it_in_the_back_compartment_of_the_caddy,Sensor Noise,,initstate_0,,,,noise_2,,view_0
STUDY_SCENE1_pick_up_the_book_and_place_it_in_the_back_compartment_of_the_caddy_view_0_0_100_0_0_initstate_0_noise_3,STUDY_SCENE1_pick_up_the_book_and_place_it_in_the_back_compartment_of_the_caddy,Sensor Noise,,initstate_0,,,,noise_3,,view_0
STUDY_SCENE1_pick_up_the_book_and_place_it_in_the_back_compartment_of_the_caddy_view_0_0_100_0_0_initstate_0_noise_4,STUDY_SCENE1_pick_up_the_book_and_place_it_in_the_back_compartment_of_the_caddy,Sensor Noise,,initstate_0,,,,noise_4,,view_0
STUDY_SCENE1_pick_up_the_book_and_place_it_in_the_back_compartment_of_the_caddy_view_0_0_100_0_0_initstate_0_noise_5,STUDY_SCENE1_pick_up_the_book_and_place_it_in_the_back_compartment_of_the_caddy,Sensor Noise,,initstate_0,,,,noise_5,,view_0
STUDY_SCENE1_pick_up_the_book_and_place_it_in_the_back_compartment_of_the_caddy_view_0_0_100_0_0_initstate_0_noise_6,STUDY_SCENE1_pick_up_the_book_and_place_it_in_the_back_compartment_of_the_caddy,Sensor Noise,,initstate_0,,,,noise_6,,view_0
STUDY_SCENE1_pick_up_the_book_and_place_it_in_the_back_compartment_of_the_caddy_view_0_0_100_0_0_initstate_0_noise_7,STUDY_SCENE1_pick_up_the_book_and_place_it_in_the_back_compartment_of_the_caddy,Sensor Noise,,initstate_0,,,,noise_7,,view_0
STUDY_SCENE1_pick_up_the_book_and_place_it_in_the_back_compartment_of_the_caddy_view_0_0_100_0_0_initstate_0_noise_8,STUDY_SCENE1_pick_up_the_book_and_place_it_in_the_back_compartment_of_the_caddy,Sensor Noise,,initstate_0,,,,noise_8,,view_0
STUDY_SCENE1_pick_up_the_book_and_place_it_in_the_back_compartment_of_the_caddy_view_0_0_100_0_0_initstate_0_noise_9,STUDY_SCENE1_pick_up_the_book_and_place_it_in_the_back_compartment_of_the_caddy,Sensor Noise,,initstate_0,,,,noise_9,,view_0
STUDY_SCENE1_pick_up_the_book_and_place_it_in_the_back_compartment_of_the_caddy_view_0_0_100_0_0_initstate_0_noise_10,STUDY_SCENE1_pick_up_the_book_and_place_it_in_the_back_compartment_of_the_caddy,Sensor Noise,,initstate_0,,,,noise_10,,view_0
STUDY_SCENE1_pick_up_the_book_and_place_it_in_the_back_compartment_of_the_caddy_view_0_0_100_0_0_initstate_0_noise_12,STUDY_SCENE1_pick_up_the_book_and_place_it_in_the_back_compartment_of_the_caddy,Sensor Noise,,initstate_0,,,,noise_12,,view_0
STUDY_SCENE1_pick_up_the_book_and_place_it_in_the_back_compartment_of_the_caddy_view_0_0_100_0_0_initstate_0_noise_13,STUDY_SCENE1_pick_up_the_book_and_place_it_in_the_back_compartment_of_the_caddy,Sensor Noise,,initstate_0,,,,noise_13,,view_0
STUDY_SCENE1_pick_up_the_book_and_place_it_in_the_back_compartment_of_the_caddy_view_0_0_100_0_0_initstate_0_noise_14,STUDY_SCENE1_pick_up_the_book_and_place_it_in_the_back_compartment_of_the_caddy,Sensor Noise,,initstate_0,,,,noise_14,,view_0
STUDY_SCENE1_pick_up_the_book_and_place_it_in_the_back_compartment_of_the_caddy_view_0_0_100_0_0_initstate_0_noise_15,STUDY_SCENE1_pick_up_the_book_and_place_it_in_the_back_compartment_of_the_caddy,Sensor Noise,,initstate_0,,,,noise_15,,view_0
STUDY_SCENE1_pick_up_the_book_and_place_it_in_the_back_compartment_of_the_caddy_view_0_0_100_0_0_initstate_0_noise_17,STUDY_SCENE1_pick_up_the_book_and_place_it_in_the_back_compartment_of_the_caddy,Sensor Noise,,initstate_0,,,,noise_17,,view_0
STUDY_SCENE1_pick_up_the_book_and_place_it_in_the_back_compartment_of_the_caddy_view_0_0_100_0_0_initstate_0_noise_18,STUDY_SCENE1_pick_up_the_book_and_place_it_in_the_back_compartment_of_the_caddy,Sensor Noise,,initstate_0,,,,noise_18,,view_0
STUDY_SCENE1_pick_up_the_book_and_place_it_in_the_back_compartment_of_the_caddy_view_0_0_100_0_0_initstate_0_noise_19,STUDY_SCENE1_pick_up_the_book_and_place_it_in_the_back_compartment_of_the_caddy,Sensor Noise,,initstate_0,,,,noise_19,,view_0
STUDY_SCENE1_pick_up_the_book_and_place_it_in_the_back_compartment_of_the_caddy_view_0_0_100_0_0_initstate_0_noise_20,STUDY_SCENE1_pick_up_the_book_and_place_it_in_the_back_compartment_of_the_caddy,Sensor Noise,,initstate_0,,,,noise_20,,view_0
STUDY_SCENE1_pick_up_the_book_and_place_it_in_the_back_compartment_of_the_caddy_view_0_0_100_0_0_initstate_0_noise_21,STUDY_SCENE1_pick_up_the_book_and_place_it_in_the_back_compartment_of_the_caddy,Sensor Noise,,initstate_0,,,,noise_21,,view_0
STUDY_SCENE1_pick_up_the_book_and_place_it_in_the_back_compartment_of_the_caddy_view_0_0_100_0_0_initstate_0_noise_22,STUDY_SCENE1_pick_up_the_book_and_place_it_in_the_back_compartment_of_the_caddy,Sensor Noise,,initstate_0,,,,noise_22,,view_0
STUDY_SCENE1_pick_up_the_book_and_place_it_in_the_back_compartment_of_the_caddy_view_0_0_100_0_0_initstate_0_noise_23,STUDY_SCENE1_pick_up_the_book_and_place_it_in_the_back_compartment_of_the_caddy,Sensor Noise,,initstate_0,,,,noise_23,,view_0
STUDY_SCENE1_pick_up_the_book_and_place_it_in_the_back_compartment_of_the_caddy_view_0_0_100_0_0_initstate_0_noise_24,STUDY_SCENE1_pick_up_the_book_and_place_it_in_the_back_compartment_of_the_caddy,Sensor Noise,,initstate_0,,,,noise_24,,view_0
STUDY_SCENE1_pick_up_the_book_and_place_it_in_the_back_compartment_of_the_caddy_view_0_0_100_0_0_initstate_0_noise_25,STUDY_SCENE1_pick_up_the_book_and_place_it_in_the_back_compartment_of_the_caddy,Sensor Noise,,initstate_0,,,,noise_25,,view_0
STUDY_SCENE1_pick_up_the_book_and_place_it_in_the_back_compartment_of_the_caddy_view_0_0_100_0_0_initstate_0_noise_26,STUDY_SCENE1_pick_up_the_book_and_place_it_in_the_back_compartment_of_the_caddy,Sensor Noise,,initstate_0,,,,noise_26,,view_0
STUDY_SCENE1_pick_up_the_book_and_place_it_in_the_back_compartment_of_the_caddy_view_0_0_100_0_0_initstate_0_noise_27,STUDY_SCENE1_pick_up_the_book_and_place_it_in_the_back_compartment_of_the_caddy,Sensor Noise,,initstate_0,,,,noise_27,,view_0
STUDY_SCENE1_pick_up_the_book_and_place_it_in_the_back_compartment_of_the_caddy_view_0_0_100_0_0_initstate_0_noise_28,STUDY_SCENE1_pick_up_the_book_and_place_it_in_the_back_compartment_of_the_caddy,Sensor Noise,,initstate_0,,,,noise_28,,view_0
STUDY_SCENE1_pick_up_the_book_and_place_it_in_the_back_compartment_of_the_caddy_view_0_0_100_0_0_initstate_0_noise_29,STUDY_SCENE1_pick_up_the_book_and_place_it_in_the_back_compartment_of_the_caddy,Sensor Noise,,initstate_0,,,,noise_29,,view_0
STUDY_SCENE1_pick_up_the_book_and_place_it_in_the_back_compartment_of_the_caddy_view_0_0_100_0_0_initstate_0_noise_30,STUDY_SCENE1_pick_up_the_book_and_place_it_in_the_back_compartment_of_the_caddy,Sensor Noise,,initstate_0,,,,noise_30,,view_0
STUDY_SCENE1_pick_up_the_book_and_place_it_in_the_back_compartment_of_the_caddy_view_0_0_100_0_0_initstate_0_noise_32,STUDY_SCENE1_pick_up_the_book_and_place_it_in_the_back_compartment_of_the_caddy,Sensor Noise,,initstate_0,,,,noise_32,,view_0
STUDY_SCENE1_pick_up_the_book_and_place_it_in_the_back_compartment_of_the_caddy_view_0_0_100_0_0_initstate_0_noise_33,STUDY_SCENE1_pick_up_the_book_and_place_it_in_the_back_compartment_of_the_caddy,Sensor Noise,,initstate_0,,,,noise_33,,view_0
STUDY_SCENE1_pick_up_the_book_and_place_it_in_the_back_compartment_of_the_caddy_view_0_0_100_0_0_initstate_0_noise_34,STUDY_SCENE1_pick_up_the_book_and_place_it_in_the_back_compartment_of_the_caddy,Sensor Noise,,initstate_0,,,,noise_34,,view_0
STUDY_SCENE1_pick_up_the_book_and_place_it_in_the_back_compartment_of_the_caddy_view_0_0_100_0_0_initstate_0_noise_35,STUDY_SCENE1_pick_up_the_book_and_place_it_in_the_back_compartment_of_the_caddy,Sensor Noise,,initstate_0,,,,noise_35,,view_0
STUDY_SCENE1_pick_up_the_book_and_place_it_in_the_back_compartment_of_the_caddy_view_0_0_100_0_0_initstate_0_noise_36,STUDY_SCENE1_pick_up_the_book_and_place_it_in_the_back_compartment_of_the_caddy,Sensor Noise,,initstate_0,,,,noise_36,,view_0
STUDY_SCENE1_pick_up_the_book_and_place_it_in_the_back_compartment_of_the_caddy_view_0_0_100_0_0_initstate_0_noise_37,STUDY_SCENE1_pick_up_the_book_and_place_it_in_the_back_compartment_of_the_caddy,Sensor Noise,,initstate_0,,,,noise_37,,view_0
STUDY_SCENE1_pick_up_the_book_and_place_it_in_the_back_compartment_of_the_caddy_view_0_0_100_0_0_initstate_0_noise_38,STUDY_SCENE1_pick_up_the_book_and_place_it_in_the_back_compartment_of_the_caddy,Sensor Noise,,initstate_0,,,,noise_38,,view_0
STUDY_SCENE1_pick_up_the_book_and_place_it_in_the_back_compartment_of_the_caddy_view_0_0_100_0_0_initstate_0_noise_39,STUDY_SCENE1_pick_up_the_book_and_place_it_in_the_back_compartment_of_the_caddy,Sensor Noise,,initstate_0,,,,noise_39,,view_0
STUDY_SCENE1_pick_up_the_book_and_place_it_in_the_back_compartment_of_the_caddy_view_0_0_100_0_0_initstate_0_noise_40,STUDY_SCENE1_pick_up_the_book_and_place_it_in_the_back_compartment_of_the_caddy,Sensor Noise,,initstate_0,,,,noise_40,,view_0
STUDY_SCENE1_pick_up_the_book_and_place_it_in_the_back_compartment_of_the_caddy_view_0_0_100_0_0_initstate_0_noise_41,STUDY_SCENE1_pick_up_the_book_and_place_it_in_the_back_compartment_of_the_caddy,Sensor Noise,,initstate_0,,,,noise_41,,view_0
STUDY_SCENE1_pick_up_the_book_and_place_it_in_the_back_compartment_of_the_caddy_view_0_0_100_0_0_initstate_0_noise_42,STUDY_SCENE1_pick_up_the_book_and_place_it_in_the_back_compartment_of_the_caddy,Sensor Noise,,initstate_0,,,,noise_42,,view_0
STUDY_SCENE1_pick_up_the_book_and_place_it_in_the_back_compartment_of_the_caddy_view_0_0_100_0_0_initstate_0_noise_43,STUDY_SCENE1_pick_up_the_book_and_place_it_in_the_back_compartment_of_the_caddy,Sensor Noise,,initstate_0,,,,noise_43,,view_0
STUDY_SCENE1_pick_up_the_book_and_place_it_in_the_back_compartment_of_the_caddy_view_0_0_100_0_0_initstate_0_noise_44,STUDY_SCENE1_pick_up_the_book_and_place_it_in_the_back_compartment_of_the_caddy,Sensor Noise,,initstate_0,,,,noise_44,,view_0
STUDY_SCENE1_pick_up_the_book_and_place_it_in_the_back_compartment_of_the_caddy_view_0_0_100_0_0_initstate_0_noise_45,STUDY_SCENE1_pick_up_the_book_and_place_it_in_the_back_compartment_of_the_caddy,Sensor Noise,,initstate_0,,,,noise_45,,view_0
STUDY_SCENE1_pick_up_the_book_and_place_it_in_the_back_compartment_of_the_caddy_view_0_0_100_0_0_initstate_0_noise_46,STUDY_SCENE1_pick_up_the_book_and_place_it_in_the_back_compartment_of_the_caddy,Sensor Noise,,initstate_0,,,,noise_46,,view_0
STUDY_SCENE1_pick_up_the_book_and_place_it_in_the_back_compartment_of_the_caddy_view_0_0_100_0_0_initstate_0_noise_47,STUDY_SCENE1_pick_up_the_book_and_place_it_in_the_back_compartment_of_the_caddy,Sensor Noise,,initstate_0,,,,noise_47,,view_0
STUDY_SCENE1_pick_up_the_book_and_place_it_in_the_back_compartment_of_the_caddy_view_0_0_100_0_0_initstate_0_noise_49,STUDY_SCENE1_pick_up_the_book_and_place_it_in_the_back_compartment_of_the_caddy,Sensor Noise,,initstate_0,,,,noise_49,,view_0
STUDY_SCENE1_pick_up_the_book_and_place_it_in_the_back_compartment_of_the_caddy_view_0_0_100_0_0_initstate_0_noise_50,STUDY_SCENE1_pick_up_the_book_and_place_it_in_the_back_compartment_of_the_caddy,Sensor Noise,,initstate_0,,,,noise_50,,view_0
STUDY_SCENE1_pick_up_the_book_and_place_it_in_the_back_compartment_of_the_caddy_add_1,STUDY_SCENE1_pick_up_the_book_and_place_it_in_the_back_compartment_of_the_caddy,Objects Layout,add_1,,,,,,,
STUDY_SCENE1_pick_up_the_book_and_place_it_in_the_back_compartment_of_the_caddy_add_10,STUDY_SCENE1_pick_up_the_book_and_place_it_in_the_back_compartment_of_the_caddy,Objects Layout,add_10,,,,,,,
STUDY_SCENE1_pick_up_the_book_and_place_it_in_the_back_compartment_of_the_caddy_add_11,STUDY_SCENE1_pick_up_the_book_and_place_it_in_the_back_compartment_of_the_caddy,Objects Layout,add_11,,,,,,,
STUDY_SCENE1_pick_up_the_book_and_place_it_in_the_back_compartment_of_the_caddy_add_12,STUDY_SCENE1_pick_up_the_book_and_place_it_in_the_back_compartment_of_the_caddy,Objects Layout,add_12,,,,,,,
STUDY_SCENE1_pick_up_the_book_and_place_it_in_the_back_compartment_of_the_caddy_add_13,STUDY_SCENE1_pick_up_the_book_and_place_it_in_the_back_compartment_of_the_caddy,Objects Layout,add_13,,,,,,,
STUDY_SCENE1_pick_up_the_book_and_place_it_in_the_back_compartment_of_the_caddy_add_14,STUDY_SCENE1_pick_up_the_book_and_place_it_in_the_back_compartment_of_the_caddy,Objects Layout,add_14,,,,,,,
STUDY_SCENE1_pick_up_the_book_and_place_it_in_the_back_compartment_of_the_caddy_add_15,STUDY_SCENE1_pick_up_the_book_and_place_it_in_the_back_compartment_of_the_caddy,Objects Layout,add_15,,,,,,,
STUDY_SCENE1_pick_up_the_book_and_place_it_in_the_back_compartment_of_the_caddy_add_16,STUDY_SCENE1_pick_up_the_book_and_place_it_in_the_back_compartment_of_the_caddy,Objects Layout,add_16,,,,,,,
STUDY_SCENE1_pick_up_the_book_and_place_it_in_the_back_compartment_of_the_caddy_add_17,STUDY_SCENE1_pick_up_the_book_and_place_it_in_the_back_compartment_of_the_caddy,Objects Layout,add_17,,,,,,,
STUDY_SCENE1_pick_up_the_book_and_place_it_in_the_back_compartment_of_the_caddy_add_18,STUDY_SCENE1_pick_up_the_book_and_place_it_in_the_back_compartment_of_the_caddy,Objects Layout,add_18,,,,,,,
STUDY_SCENE1_pick_up_the_book_and_place_it_in_the_back_compartment_of_the_caddy_add_19,STUDY_SCENE1_pick_up_the_book_and_place_it_in_the_back_compartment_of_the_caddy,Objects Layout,add_19,,,,,,,
STUDY_SCENE1_pick_up_the_book_and_place_it_in_the_back_compartment_of_the_caddy_add_2,STUDY_SCENE1_pick_up_the_book_and_place_it_in_the_back_compartment_of_the_caddy,Objects Layout,add_2,,,,,,,
STUDY_SCENE1_pick_up_the_book_and_place_it_in_the_back_compartment_of_the_caddy_add_20,STUDY_SCENE1_pick_up_the_book_and_place_it_in_the_back_compartment_of_the_caddy,Objects Layout,add_20,,,,,,,
STUDY_SCENE1_pick_up_the_book_and_place_it_in_the_back_compartment_of_the_caddy_add_21,STUDY_SCENE1_pick_up_the_book_and_place_it_in_the_back_compartment_of_the_caddy,Objects Layout,add_21,,,,,,,
STUDY_SCENE1_pick_up_the_book_and_place_it_in_the_back_compartment_of_the_caddy_add_22,STUDY_SCENE1_pick_up_the_book_and_place_it_in_the_back_compartment_of_the_caddy,Objects Layout,add_22,,,,,,,
STUDY_SCENE1_pick_up_the_book_and_place_it_in_the_back_compartment_of_the_caddy_add_23,STUDY_SCENE1_pick_up_the_book_and_place_it_in_the_back_compartment_of_the_caddy,Objects Layout,add_23,,,,,,,
STUDY_SCENE1_pick_up_the_book_and_place_it_in_the_back_compartment_of_the_caddy_add_24,STUDY_SCENE1_pick_up_the_book_and_place_it_in_the_back_compartment_of_the_caddy,Objects Layout,add_24,,,,,,,
STUDY_SCENE1_pick_up_the_book_and_place_it_in_the_back_compartment_of_the_caddy_add_25,STUDY_SCENE1_pick_up_the_book_and_place_it_in_the_back_compartment_of_the_caddy,Objects Layout,add_25,,,,,,,
STUDY_SCENE1_pick_up_the_book_and_place_it_in_the_back_compartment_of_the_caddy_add_26,STUDY_SCENE1_pick_up_the_book_and_place_it_in_the_back_compartment_of_the_caddy,Objects Layout,add_26,,,,,,,
STUDY_SCENE1_pick_up_the_book_and_place_it_in_the_back_compartment_of_the_caddy_add_27,STUDY_SCENE1_pick_up_the_book_and_place_it_in_the_back_compartment_of_the_caddy,Objects Layout,add_27,,,,,,,
STUDY_SCENE1_pick_up_the_book_and_place_it_in_the_back_compartment_of_the_caddy_add_28,STUDY_SCENE1_pick_up_the_book_and_place_it_in_the_back_compartment_of_the_caddy,Objects Layout,add_28,,,,,,,
STUDY_SCENE1_pick_up_the_book_and_place_it_in_the_back_compartment_of_the_caddy_add_29,STUDY_SCENE1_pick_up_the_book_and_place_it_in_the_back_compartment_of_the_caddy,Objects Layout,add_29,,,,,,,
STUDY_SCENE1_pick_up_the_book_and_place_it_in_the_back_compartment_of_the_caddy_add_30,STUDY_SCENE1_pick_up_the_book_and_place_it_in_the_back_compartment_of_the_caddy,Objects Layout,add_30,,,,,,,
STUDY_SCENE1_pick_up_the_book_and_place_it_in_the_back_compartment_of_the_caddy_add_4,STUDY_SCENE1_pick_up_the_book_and_place_it_in_the_back_compartment_of_the_caddy,Objects Layout,add_4,,,,,,,
STUDY_SCENE1_pick_up_the_book_and_place_it_in_the_back_compartment_of_the_caddy_add_5,STUDY_SCENE1_pick_up_the_book_and_place_it_in_the_back_compartment_of_the_caddy,Objects Layout,add_5,,,,,,,
STUDY_SCENE1_pick_up_the_book_and_place_it_in_the_back_compartment_of_the_caddy_add_6,STUDY_SCENE1_pick_up_the_book_and_place_it_in_the_back_compartment_of_the_caddy,Objects Layout,add_6,,,,,,,
STUDY_SCENE1_pick_up_the_book_and_place_it_in_the_back_compartment_of_the_caddy_add_7,STUDY_SCENE1_pick_up_the_book_and_place_it_in_the_back_compartment_of_the_caddy,Objects Layout,add_7,,,,,,,
STUDY_SCENE1_pick_up_the_book_and_place_it_in_the_back_compartment_of_the_caddy_add_8,STUDY_SCENE1_pick_up_the_book_and_place_it_in_the_back_compartment_of_the_caddy,Objects Layout,add_8,,,,,,,
STUDY_SCENE1_pick_up_the_book_and_place_it_in_the_back_compartment_of_the_caddy_add_9,STUDY_SCENE1_pick_up_the_book_and_place_it_in_the_back_compartment_of_the_caddy,Objects Layout,add_9,,,,,,,
STUDY_SCENE1_pick_up_the_book_and_place_it_in_the_back_compartment_of_the_caddy_level1_sample1,STUDY_SCENE1_pick_up_the_book_and_place_it_in_the_back_compartment_of_the_caddy,Objects Layout,,,,level1_sample1,,,,
STUDY_SCENE1_pick_up_the_book_and_place_it_in_the_back_compartment_of_the_caddy_level1_sample2,STUDY_SCENE1_pick_up_the_book_and_place_it_in_the_back_compartment_of_the_caddy,Objects Layout,,,,level1_sample2,,,,
STUDY_SCENE1_pick_up_the_book_and_place_it_in_the_back_compartment_of_the_caddy_level1_sample3,STUDY_SCENE1_pick_up_the_book_and_place_it_in_the_back_compartment_of_the_caddy,Objects Layout,,,,level1_sample3,,,,
STUDY_SCENE1_pick_up_the_book_and_place_it_in_the_back_compartment_of_the_caddy_level1_sample4,STUDY_SCENE1_pick_up_the_book_and_place_it_in_the_back_compartment_of_the_caddy,Objects Layout,,,,level1_sample4,,,,
STUDY_SCENE1_pick_up_the_book_and_place_it_in_the_back_compartment_of_the_caddy_level2_sample1,STUDY_SCENE1_pick_up_the_book_and_place_it_in_the_back_compartment_of_the_caddy,Objects Layout,,,,level2_sample1,,,,
STUDY_SCENE1_pick_up_the_book_and_place_it_in_the_back_compartment_of_the_caddy_level2_sample2,STUDY_SCENE1_pick_up_the_book_and_place_it_in_the_back_compartment_of_the_caddy,Objects Layout,,,,level2_sample2,,,,
STUDY_SCENE1_pick_up_the_book_and_place_it_in_the_back_compartment_of_the_caddy_level2_sample3,STUDY_SCENE1_pick_up_the_book_and_place_it_in_the_back_compartment_of_the_caddy,Objects Layout,,,,level2_sample3,,,,
STUDY_SCENE1_pick_up_the_book_and_place_it_in_the_back_compartment_of_the_caddy_level3_sample1,STUDY_SCENE1_pick_up_the_book_and_place_it_in_the_back_compartment_of_the_caddy,Objects Layout,,,,level3_sample1,,,,
STUDY_SCENE1_pick_up_the_book_and_place_it_in_the_back_compartment_of_the_caddy_level3_sample2,STUDY_SCENE1_pick_up_the_book_and_place_it_in_the_back_compartment_of_the_caddy,Objects Layout,,,,level3_sample2,,,,
STUDY_SCENE1_pick_up_the_book_and_place_it_in_the_back_compartment_of_the_caddy_level3_sample3,STUDY_SCENE1_pick_up_the_book_and_place_it_in_the_back_compartment_of_the_caddy,Objects Layout,,,,level3_sample3,,,,
STUDY_SCENE1_pick_up_the_book_and_place_it_in_the_back_compartment_of_the_caddy_level3_sample4,STUDY_SCENE1_pick_up_the_book_and_place_it_in_the_back_compartment_of_the_caddy,Objects Layout,,,,level3_sample4,,,,
STUDY_SCENE1_pick_up_the_book_and_place_it_in_the_back_compartment_of_the_caddy_level4_sample1,STUDY_SCENE1_pick_up_the_book_and_place_it_in_the_back_compartment_of_the_caddy,Objects Layout,,,,level4_sample1,,,,
STUDY_SCENE1_pick_up_the_book_and_place_it_in_the_back_compartment_of_the_caddy_level4_sample2,STUDY_SCENE1_pick_up_the_book_and_place_it_in_the_back_compartment_of_the_caddy,Objects Layout,,,,level4_sample2,,,,
STUDY_SCENE1_pick_up_the_book_and_place_it_in_the_back_compartment_of_the_caddy_level4_sample3,STUDY_SCENE1_pick_up_the_book_and_place_it_in_the_back_compartment_of_the_caddy,Objects Layout,,,,level4_sample3,,,,
STUDY_SCENE1_pick_up_the_book_and_place_it_in_the_back_compartment_of_the_caddy_level4_sample4,STUDY_SCENE1_pick_up_the_book_and_place_it_in_the_back_compartment_of_the_caddy,Objects Layout,,,,level4_sample4,,,,
STUDY_SCENE1_pick_up_the_book_and_place_it_in_the_back_compartment_of_the_caddy_level5_sample1,STUDY_SCENE1_pick_up_the_book_and_place_it_in_the_back_compartment_of_the_caddy,Objects Layout,,,,level5_sample1,,,,
STUDY_SCENE1_pick_up_the_book_and_place_it_in_the_back_compartment_of_the_caddy_level5_sample2,STUDY_SCENE1_pick_up_the_book_and_place_it_in_the_back_compartment_of_the_caddy,Objects Layout,,,,level5_sample2,,,,
STUDY_SCENE1_pick_up_the_book_and_place_it_in_the_back_compartment_of_the_caddy_level5_sample3,STUDY_SCENE1_pick_up_the_book_and_place_it_in_the_back_compartment_of_the_caddy,Objects Layout,,,,level5_sample3,,,,
STUDY_SCENE1_pick_up_the_book_and_place_it_in_the_back_compartment_of_the_caddy_level5_sample4,STUDY_SCENE1_pick_up_the_book_and_place_it_in_the_back_compartment_of_the_caddy,Objects Layout,,,,level5_sample4,,,,
STUDY_SCENE1_pick_up_the_book_and_place_it_in_the_back_compartment_of_the_caddy_light_1,STUDY_SCENE1_pick_up_the_book_and_place_it_in_the_back_compartment_of_the_caddy,Light Conditions,,,,,light_1,,,
STUDY_SCENE1_pick_up_the_book_and_place_it_in_the_back_compartment_of_the_caddy_light_11,STUDY_SCENE1_pick_up_the_book_and_place_it_in_the_back_compartment_of_the_caddy,Light Conditions,,,,,light_11,,,
STUDY_SCENE1_pick_up_the_book_and_place_it_in_the_back_compartment_of_the_caddy_light_12,STUDY_SCENE1_pick_up_the_book_and_place_it_in_the_back_compartment_of_the_caddy,Light Conditions,,,,,light_12,,,
STUDY_SCENE1_pick_up_the_book_and_place_it_in_the_back_compartment_of_the_caddy_light_13,STUDY_SCENE1_pick_up_the_book_and_place_it_in_the_back_compartment_of_the_caddy,Light Conditions,,,,,light_13,,,
STUDY_SCENE1_pick_up_the_book_and_place_it_in_the_back_compartment_of_the_caddy_light_14,STUDY_SCENE1_pick_up_the_book_and_place_it_in_the_back_compartment_of_the_caddy,Light Conditions,,,,,light_14,,,
STUDY_SCENE1_pick_up_the_book_and_place_it_in_the_back_compartment_of_the_caddy_light_19,STUDY_SCENE1_pick_up_the_book_and_place_it_in_the_back_compartment_of_the_caddy,Light Conditions,,,,,light_19,,,
STUDY_SCENE1_pick_up_the_book_and_place_it_in_the_back_compartment_of_the_caddy_light_2,STUDY_SCENE1_pick_up_the_book_and_place_it_in_the_back_compartment_of_the_caddy,Light Conditions,,,,,light_2,,,
STUDY_SCENE1_pick_up_the_book_and_place_it_in_the_back_compartment_of_the_caddy_light_20,STUDY_SCENE1_pick_up_the_book_and_place_it_in_the_back_compartment_of_the_caddy,Light Conditions,,,,,light_20,,,
STUDY_SCENE1_pick_up_the_book_and_place_it_in_the_back_compartment_of_the_caddy_light_22,STUDY_SCENE1_pick_up_the_book_and_place_it_in_the_back_compartment_of_the_caddy,Light Conditions,,,,,light_22,,,
STUDY_SCENE1_pick_up_the_book_and_place_it_in_the_back_compartment_of_the_caddy_light_23,STUDY_SCENE1_pick_up_the_book_and_place_it_in_the_back_compartment_of_the_caddy,Light Conditions,,,,,light_23,,,
STUDY_SCENE1_pick_up_the_book_and_place_it_in_the_back_compartment_of_the_caddy_light_24,STUDY_SCENE1_pick_up_the_book_and_place_it_in_the_back_compartment_of_the_caddy,Light Conditions,,,,,light_24,,,
STUDY_SCENE1_pick_up_the_book_and_place_it_in_the_back_compartment_of_the_caddy_light_25,STUDY_SCENE1_pick_up_the_book_and_place_it_in_the_back_compartment_of_the_caddy,Light Conditions,,,,,light_25,,,
STUDY_SCENE1_pick_up_the_book_and_place_it_in_the_back_compartment_of_the_caddy_light_28,STUDY_SCENE1_pick_up_the_book_and_place_it_in_the_back_compartment_of_the_caddy,Light Conditions,,,,,light_28,,,
STUDY_SCENE1_pick_up_the_book_and_place_it_in_the_back_compartment_of_the_caddy_light_29,STUDY_SCENE1_pick_up_the_book_and_place_it_in_the_back_compartment_of_the_caddy,Light Conditions,,,,,light_29,,,
STUDY_SCENE1_pick_up_the_book_and_place_it_in_the_back_compartment_of_the_caddy_light_30,STUDY_SCENE1_pick_up_the_book_and_place_it_in_the_back_compartment_of_the_caddy,Light Conditions,,,,,light_30,,,
STUDY_SCENE1_pick_up_the_book_and_place_it_in_the_back_compartment_of_the_caddy_light_31,STUDY_SCENE1_pick_up_the_book_and_place_it_in_the_back_compartment_of_the_caddy,Light Conditions,,,,,light_31,,,
STUDY_SCENE1_pick_up_the_book_and_place_it_in_the_back_compartment_of_the_caddy_light_32,STUDY_SCENE1_pick_up_the_book_and_place_it_in_the_back_compartment_of_the_caddy,Light Conditions,,,,,light_32,,,
STUDY_SCENE1_pick_up_the_book_and_place_it_in_the_back_compartment_of_the_caddy_light_38,STUDY_SCENE1_pick_up_the_book_and_place_it_in_the_back_compartment_of_the_caddy,Light Conditions,,,,,light_38,,,
STUDY_SCENE1_pick_up_the_book_and_place_it_in_the_back_compartment_of_the_caddy_light_39,STUDY_SCENE1_pick_up_the_book_and_place_it_in_the_back_compartment_of_the_caddy,Light Conditions,,,,,light_39,,,
STUDY_SCENE1_pick_up_the_book_and_place_it_in_the_back_compartment_of_the_caddy_light_41,STUDY_SCENE1_pick_up_the_book_and_place_it_in_the_back_compartment_of_the_caddy,Light Conditions,,,,,light_41,,,
STUDY_SCENE1_pick_up_the_book_and_place_it_in_the_back_compartment_of_the_caddy_light_5,STUDY_SCENE1_pick_up_the_book_and_place_it_in_the_back_compartment_of_the_caddy,Light Conditions,,,,,light_5,,,
STUDY_SCENE1_pick_up_the_book_and_place_it_in_the_back_compartment_of_the_caddy_light_8,STUDY_SCENE1_pick_up_the_book_and_place_it_in_the_back_compartment_of_the_caddy,Light Conditions,,,,,light_8,,,
